/*APP LANGUAGE: ENGLISH*/

/* ar   Arabic,               */
INSERT INTO "Locales" VALUES('Arabic','ar');
INSERT INTO "Languages" VALUES('Arabic','English','Arabic');
/*Egypt               */INSERT INTO "Flags" VALUES('Arabic', 0, X'89504E470D0A1A0A0000000D4948445200000140000000D50806000000264C29EE00000006624B474400FF00FF00FFA0BDA7930000000774494D4507DB04190A070ACEBF029600001C4349444154789CEDDD69749C579DE7F1EF534FEDAA2A2DA5C5F222CBBBE3381B76481CA03B0B09218110202CA109D06C93666838C34CCFB07433DD0D34F4691ABA0F0C1920343409D33407C29E0448208410B2D87170625BB6E345B22CC992B5944AB53FCBBC28E9519522C98660FB90E7F779E32AABF4D4AD3A3ABF73EF73EFFD5FE389E6F52E22223E1438DB0D1011395B148022E25B0A4011F12D05A088F8960250447C4B012822BEA5001411DF52008A886F290045C4B7148022E25B0A4011F12D05A088F8960250447C4B012822BEA5001411DF52008A886F290045C4B7148022E25B0A4011F12D05A088F8960250447C4B012822BEA5001411DF52008A886F290045C4B7148022E25B0A4011F12D05A088F8960250447C4B012822BEA5001411DF52008A886F290045C4B7148022E25B0A4011F12D05A088F8960250447C4B012822BEA5001411DF52008A886F290045C4B7148022E25B0A4011F12D05A088F8960250447C4B012822BEA5001411DF52008A886F290045C4B7148022E25B0A4011F12D05A088F8960250447C4B012822BEA5001411DF52008A886F290045C4B7148022E25B0A4011F12D05A088F8960250447C4B012822BEA5001411DF52008A886F290045C4B7148022E25B0A4011F12D05A088F8960250447C4B012822BE65B8AEEB9EED4688889C0DEA01CA59911BDB43397FFC6C37437C2E78B61B20CF7F85CC41F6DDF7365CD7C1714A98669CDCE893188130C1581BD18665B4ADBD89CECDB79EEDA68ACFA80728A7DDF0FE6FB0F2E28F92EEBE9E752FFE0CA1780756798AB6B5AFA330DE437664077DDBFF91DD3F79C3D96EAAF88CEE01CA6977F8D1BF61A2FFE738951CA56C2FEBAFF812C1581B83BBBF444BF72B685FF7060CC36460D7E7685DFB3AC2F12567BBC9E2130A4039ED5CC7C20804711D8B27EFBA9CDCE82E2EB8F13E921D2FAC7B9D551A67F4C88FE9D8F0E6B3D452F11B0D81E5B4330241EFDF35DB3E45F3CA6BB1CA9967BD2E1869A6523C71A69B273EA6491039A3124BB6D232F1529A575C3DEFCF1DAB78865B247EA61EA09C6106180BFFD905C3A933D816F13BF500E58C2A65FB88342CA39C1FC2AEE408C55A09981102661400D7B5CF720BC54F14807246E5C6769368BD80E33D771030C3C45BCF27100851CC1CA263E35B3016E91D8AFCA1E9AF4DCEA8E2E461A2A9556018B88E45201002A05C1806C075D403943347012867908BEB5894B27D44132B705D073394A87F897A80720669082CA7A4521C6578DF9D387619236002D0D0B299A615576118E6295D63FCE87D34AF782913C71EA079C54B29EEFB068661E254F298C1188E9527608671AC028160ECA4D7735D9BF1A3F7911F7D7ABA47691330C3B46F7833A168FA397D5EF10705A09C543937C8E8911FB1F4BCFFEAADE90397A913BFE5E813FF84194AB0E49CB73DBB373747F6F8E3746DFD30E3FDF7136E580A80194A605B39126D2F203BB29344DB16A6467692EABC6CC1EBD8952986F67E15BB92A365E5B5B4745D0318D5563916437BBE427AF5ABB4A3444E4AE30D39A9E3FBEEA0F3DC77D6841F8041A2F542BAB67C90F6F56FE4D8AECF31B4F7ABB87679DE6B8C1FFD194DCBAFACF6EECC0895C208E1783B81601CBB9223D17A2153233B49B65DC4D4899DF35EC3B5CB0CEDF90AC7767D9EF6F537D3B5E583245A2F6426FCA0BAD8BAF3DC773172E03FFF80DF803C5FA9072827670470AC0263BDF7D2BAE635CFFA7128DA4AD7960F51CAF671F4C97F26604649755C42B2E3628C4008C72A903DFE185D5B3FC2B15D9FA76DCD4D8C1FBD8FC66597138EB551290C1308C6B02B53D57B8086896B9731CC30AE5D263BBC9DC9A1DFE038153AD6BF8948B26BC1A68EF7FD94C6657F8AE3544EE73722CF130A40599455CE509C3CC463776E20604688A65651298DD1BCFCAA67BD3692ECA26BCB87BCD01A78EA361CBB447E7C372B5EF0218EFCE623143287685D7323270E7E9BE6AEAB29E506C80C3E4CC7C6B790EADCC6330FBE8FA5E7DDCA33BF7A3FD1D46A02C128C9B62D2CBBE07D18D333C6F319EFBF9F50A48503BF7C0F8E5D26DDFD0AAC728660B8F1747E3DF2474E436059543937C8F19E3B284DF51308C629E50678EA87D771BCE7EB0BFE8E618649755EC6B20BDE47BAFB7A6CAB4876F8319A575E8B6106193DF403365E7D277DDB3FC9C0D3FF9773AEB993D143DF676AF809EC4A96ECF01358952C9DE7BE9365E7FF25A9CECB160DBFE33D5FE7A91F5E472937506DE3D4518EEFBB83726EF0747C25F23CA21EA02CCAB10A38D3F7F582E1144E650AD72ED373DFDB8836AEA1B1F3458BFE7EBC65139B5EF64D003203BFA26BEB8789379F03C0AA4B3F06AE4BC08CB264D33B80EACCAE6198A75C112633F86B7AEE7B1BE0E254A6BCAD748E5DC6B10ABFC727163F510F5016655B53B84E3500ABF7E972D33F71712A39460E7E07BB9C3DA56B352E7D89177E95E2098EEDFA1C471EFFFBBA9EDAA92EA9B1CB59460E7E07A79203AA15DDEC4ACE5B3EE33A656C6BEA94AE25FEA5009445D59EDB1108C6B0ADFCECF3509CB1DEBBD9F9ED6D14B3BDA7703597CCC0830C3C7D1B270EFE80707C29F1C6758CF7DFCFE0EE2F911DDE714A6D2A667BD9F9ED6D8CF5DE4D2014F7FEDFB6F275EB0775E6889C8C86C0B228BB385BB7CF0C25AB33B5D382E1469C4A9EDCD86EC67AEF26D9BE95707C0991C472C0C0AE4C519C3CC4D4C893D5E1A861108C34138AB513088449775F8FEB588CF6DD43C08C529838C0D4C80E5CD726186E22D17611D1641781601C5C8752EE18E5FC10D9E1EDE4C676D3903EAF6E92C3AE4C618692F3B65D643E0A4059945D99F41E9BA106ECCAEC70B73A24AE3E0F86528CF5FE84DEC7FE96C6A52FA175CDAB71AC22663049B9344C71E21972A3BBE9BAF823B4AD79AD770DC30CD3BAEA55001C7AF87F9219F815F1964D4493DD54CA13D8E54982C1382307EF2233F02B56BEF06F89A5564DB72D5BD7E3B32B59CC50C3BC6D17998F02501655298D798FEBEF01569F5BD3F7FF8C6014C7CAE1BA360DE9F339BEEF1BE4C77BB0CBF521148E772CF85EC1480B93438F3039F448CDFF35116B5C4B6AC9A54C1C7B00C7CA6104ABA5B3ACF2DC00CCD53DAF6DBBC87C740F5016651527BCC766308E53730FD00C25BCE70133EA85A1EB5430CDD8B3C2EFF77AFFD20466B0C1AB126395B35EED40C7CAD76DBF73AC3C6670F69E606DDB45E6A300944539EEEC8E0A33DC58D7030C8692DEA44830D2886357979DB87699E01FB01841309AC6B6ABA5F21DBB403052BDEF675772046BEFF955729835F7046BDB2E321F05A02CCAB56B023018C39E3ECC286046C00878932201338A53A986A1E39409455BFF606D08C5DA709D52F5DA95BCD703B4AD1C18816A5B00BB9CC1AC1902D7B65D643E0A40599463D72C7BA9590613981E6ACE0C730366D49B10715D8B70BCED0FD68670BC6366A95F75E263260067DE7BA62D7396C1D4B65D643E0A4059546D85663394F086C066B83AF4F486C0E194F7B360384D289AF6EA063E27864928D2ECD5F7B32B396FB7C7CC7B7B6DA9E4EAEE09AABAB49C8C025016E5D65455A99DF4A84E4C585EF9AB4030E66D3D8BA69653298D134D763FE7F78FA6BA2997C7A7D71652572CD5B5CBD5099760C3F4CFF27302504360599C025016E5D825EF7175D94B75D86986E2D57B70333F33A3353DB214C56C1F89D60B9EF3FB275B2FA23479A4AEC73933049E796E4EEF06B1CA937386C0254416A3009445CD0D40677A981B3063D8A59A5D22E124D6F404493094A234D54F43EBF9CFF9FD1BD29B29E78E110C5587BD5639E38521805DCA1030ABA1E7CC5907A80094935100CAE21CCB7B18AC5906138C34CEF6F8423343D0EA1038106AC0300C2AC571A2A935BFF75BC71AD7522E8C00068139EF31F39EB695AB5F16535BFFAFA6ED22F35100CAA26A2B2B07CC08CEF47ABCDA5D21B30B9367C3C9B18A64871EA179D99FFEDEEFDDB4FC4AB2C71FAD6EA99B1BB23333C195D9995FC72E7A4B62E6B65D643E0A4059546D4D3D07C77B1CA8D91532D33B9B591368861258E549F2E33D2497BE68D1ED6F0B09C79790ECB8987CE6005679D29BDCF0D61D7A8198F396C1CC6DA3EA01CAC92800655175BD28D7F51E9AC1869A0991445D95183394C0B18BC41AD7E25A05D2DD37FCCEEF9B5E7D23AE5D269E5A8B6317EB6677AB555FAACFAD72D69B059EDB46F500E5641480B2A8DAA52446CDFF9BE1248E353B04AEDB231C4E5503B06503E9EE1B68683D9F78F3C6537ECF78CB261A9A37D1DC750DB1E60DD5009C5EFB074C9F1F3C3DECAE4CD54D8AD4B651CB60E4641480B2A899757E8619AE9B5535A78FB3F41ED70C37CD500356718274D7CB892457901FDFC3B2CD7FE1CDD62E26108CB36CF3ADE4277A8835AE21BDF2E558C589FA325756C12B7A60CF2980E0D8250C335CD77691852800654176650A67BA1C7E35F06687B9D585CFB33B316A2BBF98A104E1582BE9D53702104BADC6B64BB4AF7FC3A2BD32D7A9D0BEEE666CAB40AC713560905E7D23E1786BFD10B83C59B7FBA3BE24D69417888E53AE6BB3C85C0A4059906315607A3B99194ED5875C38E995BFAA5D046D182601334AB471754D6855AB43279ACF6372F061BC8DBD755CEC7296786A7575A679FA2566284134B58A8019F5CE0BA95D0C6DCF190257C3717AB8ECD89A089145290065418E55F07A6CD51E60CD7DBE60C3EC8C6C30E65582314309CA85611ABC5D202EE347EFA76DED4DA496BD98486239437BBF36E79D5C86F67E8D787A33CDDDD7D2BAFAD54CF4FF9C99146C68BD907261D80B54A766E98B5DA99F04B12BB34362D7A9280065510A40599055CE78F7FDAA43DEDA6AD0716F5748309CAADB0637D1FF73026614D7B5E97DFCE334B49D4F43FA3C921D2F2473FC31026698A13D5F01D7C1756D06F77C05C38C3039F81B126D2FA0217D1EF1F4667A1FFF38AE6B1330A34CF4FFC2EBD9D9567EB6204265CE32182B57B32EB0E4ED4E11998F025016543D13787A7173B0A1FE44B8DAD25866D41B1E9BA10485890304CC30471EFD281D1B6E21965A835DCED2BBFD1374AC7F13A1583B9635C5C0D3B731F8F417B14B59C2B1763A36DC4CEFF66AE8451A96D2B1E1168E3CFA5102669842E6C0EC5AC0F2645D55E8BA7B80567EB638825D500F5016A533416441567912D7AD2E2C36C349AC9ABDBFC14863CD10385AB70B241008915EFD6ACC509C48620591C432C6FAEEC1A9E471ED328D9D2FE2E0AFDE4FE3B22BC07598E8FF255BDEB89D918377110A3572E2D0F708C53B88A6BA59BAF956EC4A9ED14377D5ED06090467EE01CE6E8503B04AB37B855DD7F1D62A8ACC4701280BAA14EB0F44AA5BEB178C7B0550CDF0ECBE6023102492EC22DEBCC17B6D38BE8483BFFE2BCE7FD54FE9DFF9690072E3FB29E506305C974A25C7E4D0A394A6FAE9DAF241F6DCFB7A3ACF7D370091C40A00B289150402D53F57DBCA7BA5EFEDF264FD3298393DC2DACF20329786C0B220AB30EC3D9EEF44B8D97580B19AE5262E2DDDD77374E7A7C98FF700108E77B2F9FAEF631826AEEB32D6FB63706D0C23048130B836637DF77AB3BCEBAFF83289E94A3299C18718DAFB55D2AB5E896D55EF475697BA4C4F82587397C1D43FAFFD0C227329006541B5C3C7602835A707D85077229C5D9922146926D1BE95B1233F269AEC66A2FF7E5CA7C29E9FBC91ECF00E00A2C92E460FFF083008469B09469B018391437791EADC06C078DFBD1CF8E57B0197C9A14730430D648EFD92E6AEABAB0731D594C5772AF9BA5960C7CA7BA5B3E67E0691B91480B2A0BA43D043F1BA3031C3C9BAF2F895FC10EB2EFF024EA54830D244DBDA9BB0CA93F4FFF65FD970E5EDE4C7764F5F338765E508455B08041B30430942D116EC52D61BAE96A6FAE9BEE4EF1878EA0BB84E85B6B5AFC7B10AD8D61417DCF873F2E37B67EF015AB9BA7580567992406876485CFB1944E65200CA82AC72ED99C0B1393B41E2DECCEFF8D1FBE9DCFC171866043392A465E575D5DF2F6588376F24D6B40EBB3245393F4469AABFDA4B8BA6315C171C8750AC15D7A93039F86BAC7206D77588379F432018F7EEEFB5AD7B03AE5DA1521A65C315B733D67BCF741B27EB96C1D40E8FE77E0691B93409220B72EDD982A2819A21EFCC519476254763E78BE9DAFA21628D6BC90C3E4824D6E9FDCEEACB3E5573358381A7FE0F9186E558C5311A5A3651CE57EFCF85E31DE4C7F71149AE6460D7E73102D5BDBC4BCEF9F3BAF64453ABC88DEFA5B9EB65ACBFF2768AD93E0AE33DDE119DB8CEF424C8EC90B8F63388CCA51EA02CC8ADAB065D73087A28895DCE9268BD804D2FFF36B1C6B5D3BF0018B3DBDC8E3CFA37DEE3FEDFFE0B2D2BAF2337BE078070ACBDBACED02A108A55CF102E4CEC23DEB289E103DF9CF71A60604CD77B3143092E7CF50324DAB750CAF67907A4571749CF0E895D558596452800654175E7819831ECE9BDBFC1589ADEED1FE7DCEBBEEB153BAD148609C797108AB652298C70E2F0F729E78729E78728E70648A4CFC30C25284E1EAE5E2F18C7B18BD55257D33DB6E2E46182E126A2C99558A509F2E33D94F3C7C90C3C4861623FF1A6F58462ED94F3C7816A859AF36EB897A19E7F27186D02C02E67EBAACEE85C10598C86C0B220C7297A8F03A1EABA3F33D244D3F22B5975C9C7BCB25300637D3FA5A5EB65D8569E1387BF4F257F9C55DB3EC1898377519AEA67FD555F61ECF00FC94FEC07666691A7174F4FF7D8F213FBC98EEC60FD955FE6D8AECF618612AC7DC9BFD2B7E3538462AD746CB805D7B519EBBD9B8E0DB700D5E20B2B2FFE6B2AC53186F6FE5B7586B86612A4F63388CCA51EA02CACE6FE99194AE2BA0E1DEBDEC486CBBF58177E0056719450AC8D687225BD8FFD1D9D9B6F25146DE5F8BE3B6959F972220DCB983AF114C5CC2100A28DABB02B39EC4ACE3B3FB898394431738850344DB27D6B754F713046E7B9EF6460D7E708469A0845D358C5F1390D3558FB92CFB2F4BCF7E03A16666876088CEE01CA22D403940539EE6CEDBE42E6001DEBDFC4AA6D9F7CF60BDDD97338C67AEF26DEB49150340DC0E6EBBF4730D2E25DC3752A98914642913433D55E42D13466A409BB344161E200002D2B5F4EB2FD62A0BA1BA4217D3EC3FBFF83F6F537577FCF75AA131F35566FFB24C17092DCE853F37E0691B91480B220C7AA0E1F83D1160C0275E197197888F1BE9F608653046369126D5B28E787C88DED61D985EF2737B61BD7A970E081F770D14D0F034C0F4D0D22F14E0291460CA3FAE767865344629DE44B190291D9DE5BCF7D6FA56BCB07AB95A157DD80551AA738798844FBC50CF67C0DAB308A53C9D2D4752D8D9D9701D0B5E5C30CEEB99D60A419AB34EE7D0691F9280065418E53261CEFA47BDB27E8AC599232B4F7AB18811081509CA9912748B45D44263FC2E8911F108CB66297B21CDFF70D702B746C7C0B95E228A1689AA66557108A34B362CB878937ADE578CFD701685B7B130DAD177274C727BD3A828E5DA479C5558CF5DD4BC08C1049ACC0AEE438F6D46D84A2AD1886C9D4F00E1AD29B29660F53CC1CA063E35B01E8DCF44E02C118871EFA2BAFA2B5C87C1480B2A0D2543F1BAEBADD5BD80CD522A356719448B28B726198352FF92C8E55A434759463BB3E4F22DC841949E25A7922A92E2A8513F4EFFC3481500376294343CB664E3CF32DE22D9B39E79A3B013871E887E4469F24DEB289F2547FB5249655C2088408C55A294DF6926CDB4A39374829DB47EBAA57126E5846C7C637D3B7E31F8835AFA7981BC4752C8CE982091DEBFF8C70B48D7DBF78D759F9EEE48F83E1BAEE7CF5C945705DDB2B5050EBD1AFAF61E9E677D3B4FC2A468FFC8052B61FC308108E77D2B4FC0A268F3F4ADBDAD733D6FB6326871E219258CE8A8BFE07CF3CF401CC6003CB2FFAEF1C7BF25F8837AF070C72E33D2CBFF0BFD1BFF39FB1AD1C6B5FFC198EEEFC34A5A963A43A2E21BDEA150C1FF84F92ED5BC90C3C48293700AE4D24D945BAFB06C6FBEE6370CF97B9E42D079FD5D66AE9AC931FC624FEA4009453669533F4FCEC16A6469EE4D2B7F591197890DCD86E3A36DCE29D0D9C1D7A8CB1BE7BE8D8F856FA767C8A48432746308A6B150003C72E52291CE79C977D8B3DF7BC0E5C874DD77D873DF7BC8E60348D69467171080463B856917261889517FF6F06F77E95A6A57F42D3F22BB04AE3E4C7F7D1D8F9222FDC1EBEBD9554E7656CBCFA0E82E1C6C53F88C83405A09C9242E6190E3CF01E3A37BD83B6756F006078FF7F901FDF4BF7257F5FF7DA1307EF62FCE8CF5877F96DF35EAB3879989167BE452018C7304CEC4A96B6756F249A5C39EFEBF73F702B2D5D2FA375F5AB01C80CFE9AC2780F85CC41566DFB07EF75C307BEC9D09E7F63DDE55F98DD9D22B208AD039453F2D81DEB308C80177EAE53A19039801108D3FBF8C7009742E619009ABBAEA17DFDCD94A6FAC98FF7D0FFE46738FAC43F79D78AA656915AB28DB6B5AFA375CD6B482DD94624B19CFCF85E26FA7FF1ACF7EE7AC1FF22D9FE4286F7FF3F001A3B5FC4924DEFC02AD5173A685FF746300C1EBB63DD69FA16E4F9469320724AB6BD7D90BD3FB9D97B9E1FEF61E4996F93EC78E1F4FABD671878FA3692ED176386930CEEFE12C14833CBCE7F2F76254F38DE0E54CB6199C1188D4BFFC4BB5638BE8472FE38B9D1A7C90E6FA769F91575EF1D4D75931FDFCFE1473E024680E6E55731D67B0F8E53E2F0237F4DBC79231D1BDE0C806B97D8F6F6C133F08DC8F38186C072CAF6FFE2DD3876898D2FFD7700C68FFE8CC2C47E1CA7C2D4F013746E7E377D8F7F9CF4EA1B39F8D00768E9BA969695D7562733965C5A5D2738FA34E0126FDE4830D244F38AAB3971F02E9A56BC94E2E41186F77F83687225F1964DE4C77B88265756C3CE2E529C3C52DD3E67181886497AD5AB300221BAB67E08C330D977FFDB0998910587DE2273A90728A76CFD155FE491AF7579CF9B575C4DD3F22B29657B4977BF92A9911D34775D432CB59A8B5EFB6B0E3EF401A64676126FD944AC712DBDDB3F8E631588B76CC20884A8144F30F0D46DD52208D1168EEDFA3CE5FC1095C209924B2E253BBC1DC330991CFA0D9DE7BE8B48C3724E1CFE1EE7BFEA6718469068AA9B4A61C49BA91EEFFB2997FEF9D1B3F5F5C81F21F500E57772E097EFC575CAB4AFFF3392ED5BBD93DAE6933DFE18D9911D2C3DF7BF307AE4C78C1EF911CBCEFF4B6C2B47F6F8E3F43FF959565CF401624D1B48B45D48EEC4539C38F45D5AD7BC9640204466E861D2DDAFA430B18FF4AA1B8099438FEA0F41CA8E3CC1F0BEEAFDC175977FE1F47E01F2BCA20094DF89EBDA9C38F85DC67AEF263BBC03C30890ECB89858E33AA2A96E22C92EA2C99584E34BEA7ECF2E67EB4AD703947383841B3AEBFECFB18B1846D05BD0ECBD363F4431DB4B29DB4771F20885CC336487B7E33A1689D60B48775F4FEB9AD7600442A7E783CBF39202509E13BB9C253BF204C5CC418AD95E8AD92314278F50A93B512E4E30D2841108D6ADD133C3A9E96BCC9E35629533B88E85559AA83B8429146B279AEA269AEC269A5C49B47135C9B61778D710F97D2800E5B473AC7C35D0EC6A6102AB34C1DC3F3BC3300846AA454D03669460A4A96EA82B723A280045C4B70C668AB28988F88C768288886F290045C4B7148022E25B0A4011F12D05A088F8960250447C4B012822BEA5001411DF52008A886F290045C4B7148022E25B0A4011F12D05A088F8960250447C4B012822BEA5001411DF52008A886F290045C4B7148022E25B0A4011F12D05A088F8960250447C4B012822BEA5001411DF52008A886F290045C4B7148022E25B0A4011F12D05A088F8960250447C4B012822BEA5001411DF52008A886F290045C4B7148022E25B0A4011F12D05A088F8960250447C4B012822BEA5001411DF52008A886F290045C4B7148022E25B0A4011F12D05A088F8960250447C4B012822BEA5001411DF52008A886F290045C4B7148022E25B0A4011F12D05A088F8960250447C4B012822BEA5001411DF52008A886F290045C4B7148022E25B0A4011F12D05A088F8960250447C4B012822BEA5001411DF52008A886F290045C4B7148022E25B0A4011F12D05A088F8960250447CEBFF037E0424F03BE3D2770000000049454E44AE426082');
/*Morocco             */INSERT INTO "Flags" VALUES('Arabic', 1, X'89504E470D0A1A0A0000000D4948445200000140000000D50806000000264C29EE00000006624B474400FF00FF00FFA0BDA7930000000774494D4507DA0508132A079D4A76D400001B3D49444154789CEDDD79909CE561E7F1EFDBE774F74C77CFA139353D874660C9485ED91007DBC410B061ED38045C5E3BB539D6C64E2AE54D76B3E54D6AE3AD1C4E1C17A14282CBBBDEB89CD8864A55D66B2E83314612BA1042C6188C40A35B9A4333D268469AE9FB7CDFFDA385D030F3BED3127320BDBF4F95AAD0CCDB3DAFA0F9E97DDEE77D7E8FB1E3DA0D1622222EE459E913101159290A4011712D05A088B8960250445C4B012822AEA5001411D752008A886B290045C4B5148022E25A0A4011712D05A088B8960250445C4B012822AEA5001411D752008A886B290045C4B5148022E25A0A4011712D05A088B8960250445C4B012822AEA5001411D752008A886B290045C4B5148022E25A0A4011712D05A088B8960250445C4B012822AEA5001411D752008A886B290045C4B5148022E25A0A4011712D05A088B8960250445C4B012822AEA5001411D752008A886B290045C4B5148022E25A0A4011712D05A088B8960250445C4B012822AEA5001411D752008A886B290045C4B5148022E25A0A4011712D05A0AC989C6952B0CC953E0D713105A0AC98BD99143FCBA457FA34C4C57C2B7D02E25E7F3F31469D61F0C1FAE84A9F8AB89402505644C5B24896CB2401130D456465E873272BE2D55C9650431D759120AFE7322B7D3AE2520A405911DB33490ABD71CABD71B6A7932B7D3AE2520A405911DB3349CC9E6A006ECBA656FA74C4A51480B2EC8E14F2E4B06055045A23A4CC0A278A85953E2D712105A02CBBE7D249CC440C0CC030A03BC6AEF4CC4A9F96B890025096DDE65C92526FFCC2EF8B7D71366B182C2B400128CB6AA25CE254A1009D0D6F7EB12BCAC97C9EC97269E54E4C5C490128CB6A773A89AF230ADE8B3E7A5E0FBE8E28BBD3BA0A94E5A5009465B5399722DF179FF3F57C5F9CCD393D0E23CB4B0128CB2663563890CE40776CEE37BB630C663264CCCAF29F98B896025096CD0BE914C1960804E7598159E723D01466AFCA116419290065D96CCDA5C8CD33FC7D43AE2FCED6AC86C1B27C1480B22C4A96C5CFD229ACC43CC3DFF3AC9E382FA653942D6B19CF4CDC4C0128CBE2956C064F38000D41FB831A8278C2015ECEAA1C419687025096C5F66C9242BFFDF0F70D85FE38DB350C9665A200942567013B3349CCC4C2016826E2ECCC24D120589683025096DCA17C8E8201B484173EB8254CC1537D8DC8525300CA92DB75BEFAAA566622CE0E7504CA325000CA92DB929D5D7EB090526F9C67B52A449681025096D458A9C864B1041D0D0B1FFC868E06268B25C64AC5A53B31111480B2C476A79378BAA2E0316A7F91C7C0B33AC62E0D836589290065496DCEA52838ACFEB053E88BB3598FC3C8125300CA9249562A1CC96461B5FDEA0F5BABA31CCFE598AE9417FFC444CE5300CA92D99349126CAD8780F7D25FECF7E26FAD678F3A026509290065C96CCDA6C83A0D7FF36528DAD75FE5FAE26CD16CB02C2105A02C89A265F1723A050EE5078CCCC0A8C366488938AFA4D3142C73F14F500405A02C9197B2697C0D751009D81FB4EB04C6CE13F6DF0FFB09C442FC541D81B2441480B2249ECD24E7ADBEBFA052BDAAB34C0B2AF62B7F737D71B669365896880250169D09EC5E68F9DB6892DE4898AE7008C6ED03CEEA89B3279DC2543D822C0105A02CBA03B92C159F079A42B6C7044E4C735BB881DBC25102C7A7EDDF2C5E8715F4B22F975D823315B75300CAA2DB91495276BAFAB32C189DE1A6FA18BF521FC5189EC1E902AFD8AB7204591A0A4059745BB349CA4EE50713191A0C2FBD812003C13AC2860167EC5BA02B3DBA0F284B4301288B6AA45860BA5C86B67ADB63BC27A6B925FC6639C2CDE128DE13E7ECDFB4B59EB46572BC905FCC53155100CAE2DA9549E2E98E39961F044E4CF3E1FAE885DFDF1C891238E1701FD000AB3BC6CE8CAE026571290065516DC9A628380D7FA7F318C50AD785DE6C87DE180E43A102D3F65778A5DE46B664B52C4E1697025016CDB94A9913D91C74D9AFFE3086A6B9B1BE010F6F5E217A30B8B1BE0163C8E12AB0AB81B17C9EC97269314F595C4E01288BE6F9748A407B03F8ED3F56A1E3D3DC128ECEF9FAADE12821A7C761BC1E7C9D519ED36CB02C2205A02C9A2DB92439A7D51FD912C5991CBF14993B417243A49ED24C0EB2F65778F9DE389B350C9645E45BE9139085ED4A27F9D1CC39D25685AE80C3C6E28BAC8245AE525B1141DEAC543734EFEEB53FE8D553C4FC3EEE3F333EEFB7637E1F933F78ADBA81FA3C2CD3E4B55C89BF9E18C5C725344C2F92826552329D57A40C15F23478BC7C32DECC6DD14B2F8295E5A500BC027CB03ECAD6D40C7B9249F6852CE86D5CE9539AEBD014448310F6DB1EE2199A66AACEC3D36BEC568854BFBE50E46EB9BC335C7A47A6A050E0F65823B72AFCAE080AC02B8007F8CB8E6EEE8C35F13F4F0F53481729BDBF1BBCCB7F1564C773780A6B4DB3FD828E5C093357823B3742DD55F6B1AB98F8F78C10CA56F86AA29F8DA1C84A9F91D448F700AF209BC211BED73D40FF4896E0930721FD0ED935AD6262A68B584ECBDF5E3D8DA73174F5855FAA40F0F1035C3396E7C1EE0185DF154601788569F1F9F966571F771226F0D860B55474A51D98C4087A215E677B8867641AABBF69194F6A190C4DE37F6C904FF9A27CA3AB9746DF5516EE2EA0FF625720AF61F0C5967636D545F8AB6DC729AD5B45E5FA4E30566648EC393285D5E7106E6513335304A72BC42B8969E17BF124814353FC455B37BF1CB9843D8FE51D45578057B00FD437F0DDC400DD4793049F3A0CB9957948D84A16B09C567F0C9EC108F9AB932457BA6C89E08F0ED17322C577BB07147E573805E015AEC31FE0DBABFBF9682940E09141185FE6E7E486CE55273E5AEDEF7D798E9D85AB61F83B96C2FFC87E6EAF04F9A7AE7EDAFCF633DE7265D010F82AE0370CBEB4AA937F170C73EFE6A394DFD38EF99EF6A5FDA11650AC60BC76062311C374187E9BD379785F5775BD6FAD1C768BBBC06380EF32FE0EF7188EAB55E6B0C0FBCA38BE7DA7F9B3D62E6E6EB88C7D8EE51D49017815B92D1AE79ABA107FBA7F98A953690A37F742B0C6FFC467B3F0F4E1EA569597C0F27BB136F4DA1F70EC6C75FF8F670E5FD2FBD6C430AAE5AA9722E4873BD642A37D5BF52C853281678FD3325DE4DEEE352496F14174597AC68E6B3768B385AB4CDE34B9F7CC18BB8B190ABFDAEF383C9DA550C6BFE518756773FC6D4782BE80FDAC2EC0D97299CF8E1CA1F25BEF01EFFC57549E9F8FF1AB27F2FCD7968E4BFA33DC3F39CEF60E3FE67B3BE73FA062E2FDFE3EFE25B196E605665F0F15727C796C98525B84F2ADFDE0AF71A3F6890CC1ADC7F85030C29FACEAA4CEA33B46571BEF675BDAFE72A54F421697CF30B8B93E4A0C0F2FBD3A8CE9F7C0AA1A42D0E7C1BCA699B2D760CBA151BA7C01DE1D0A13F478E6FDB5339DE4A59887F2DA66DBB70CED19E59EFA66FA8375B6EF33DFAFB061B06BEA2CE50D6DD561EE5B7FF9BD04CF6449142C368623B6EFF393D4347F3B7192E20D9D9837266C83FAAD8CD727F0EF3CC11F35B5F17BCD6DF85668865D9696FE4ABB8AFD7AAC896FAEEEA7E59509025B8F41A9B67B70E6756D146F1FE0FEE9D37C756294A2CD30F399DC025B5FA68B945279DE1BB66F87B6B3295C4F2553747CD83BDF1BE7199B7284BC69F295D3A37C237986E21D6BB1D6B7D6F6834B15025B8FD1F28B09FE4FF71A3E11BB0A266FC49602F02A3710ACE37BDD6BD874AE42F0D1413897ABED856DF514EF5ECF8EBA0A9F1B3DCA68B130EBDB59D3643093816E870981E169AEAF6FC07F19574F7EC3E07DF50D18C30E1559891883990C197376B08F140B7C76F428BBC2150A77ADABFD16C0B91CC14707D974AEC277BBD7301074BE0520573E05A00B443C5EEEEDE8E19E7013FE270E621C9EAAED85753E0A77AC65EC9A463E3772941DA937579DFC349322D018765CDA163E3ECDADF374FFD5EAB65003A1630E0118F4116C89B03793BEF0A5EDA919EE1939CAE9773551BC7D6DCD9340C6E129FC4F1CE49E7013F776F450EFA9F13EA15CD114802E61009F6E6CE1EB9DBD44F79EC4BFE304946BA8BA32A0F2DE0E0AB7F6F33753633C30394ED9B2D89A4D92EB7718FE162A1427336FEB41E11BEB1B284C66A0603F339DEB8B5577A1B32CFEF1CC385F9D1CA3706B3F954D1DD4D4985531F1EF1CA261EF49EEEFECE1D38D2D2B50B4252B4501E832EB43611E4C0CB06EA248F08707205958F845005D518A77ADE7479E3C5F38798CBDE91456C22100476718088769F05EFE9554C4E3E5DA48D871BDB39588F3D3748ADF3B798CA73C398A77AF87AE1AAF3A93D5228375A70B3C945091811B29005D28EEF5F140672FBFE98FE27F7C108E3B6C4979B1B09FC2C7AF61A82D44A15C81947D78D61D9FE6A3A1CB1FFEBEE123A12875271C0A1F1A8294433E8EF94C0ABF76AD631FE12C43D3F81F1FE453BE061EE8EC21EED523B16EA40074290FF0D9A656EE6D4F107E6E18DF9E1158A0EDB8FA4283CACDBDB0B11DB61CC578696CEEC3C8158BF2D80C1FAA7FFB01F8C1FA28E5B119A8D89F9BD5DF84E1311CB7E2BCC0B4F0BD304A64E7105F6B4BF085E6B6591B3489BB28005DEE7DE17A1E4A0CB0663843F0894BE818BCBE0B6E1F80C1093C4F1D9ABD82643C455B30B8286B65DBFC7EDA834118B3DF0CC9EA8963A50AD8B7B19E972D117CF2203D4329BED33DC00DF3EC4D22EEA20094CBEF186C6FC0FA0FD755D7ED3EFC3A9CAECEC6FA4F4C736B68F15A526E0B2DB0717A4BB8FA80F35187D9ED9349028FECE7E356886FA9C840CED34A1001C06318FC52B89E3E7F90E75F1BC62A9B581DF50B770C7A3D58EB5661648AB07704C330F01D99E20F1ADB68F62D4EC83478BD3C75F234950D6DB633BB9E54014E26E19A96D9DFB0C0FBF23881BDA37C7955179F696CC1A3551D729EAE0065969BEAA3D58EC1C33397D43168DD98809BFBB15E1EA3902FD119987F67B7CBD1EEF7532957E0F0A4ED31666F239CCBCFFE62BE4CF0E9C3741E3AC7BF74AF518B8BCCA1009439DEE818BCB578BE63F0548D1D833D71F8F4467C6DF5FCF6F0110EE66B5C75E2E04821CFEF0C1FA15C31310ED907201D0D5815F3CD3EC4890C8147F67353CECBB7BBFA59AD1617998786C0322FAF61F0A14803ED1E1F3FDD378C6580D556C3A481DF83794D0B799FC14F0E8E10F77AB9B6AEC6EAA9B7F8E1CC59FEFCD40899F775C086768CC133D5D9E7F918069EA92C4C64F0644BF8770DF1DF9ADAB9474506E24001288ED604EBF8707D94178E9F2277F00C6677ACB6E565AB2254BAA2FCFCC0288773397E395CFB9AE0BC69F2D7A747793837535DCED6138748007E710A5A22B6D5FA16C0FE33B49CC9F38F9DBDBC5F75F5B2000D816541894090FB3B7A2827F3F0E87E3872B6B617B68429FCC67AF6442CFED3C811868B0BAF3A193E5F64B0A7DEA278D7BAEA0C2F80C7C0D31DC7D83F61FFE2D5318C8AC9373AFB5464203551004A4D5EC96608754431AEEF82DD2730B61FABED85412FC5DB0798B8AE85CF8F1CE599A4FDE32CCF24A7F9FCC8514EBDBB99C2ED0373AE34CDBE38C664D6FE6705BCD4B536F04A366D7F8CC845148052932DB924B9BE78B557EFE3EF82F1349EFFF75ACDB3C4E6C6760AB70F70DFD953DC3B3146E9A2D52325CBE2BE3363DC77F614858FACC1B4BBCFD715C32C94613A3FFFF7815C5F9C2DB965DE184AAE580A405950C13279259D8637CA0F5AC25877AF878620C60F5E07A7CEBE8BB5D553BC7B1D5B03453E3F7A8CF15291F152F59F37FB8B14EF5E071D0EF7EDFC1E3C6DF5B0EF94FD313D715E49A728583534DD88EB290065412F66D20462A1D94503411FE61D6BABB3B2DB8E61EC1EAEEDCD427E0A1F5BCBC8DA189F397690DF1E3EC2C84094C2C7D656372C5A80D9DF8467CCE10A2FECC71FADE3A58C86C1B23005A02C685B3649AE77FE8788ADF7B4C3AD6BB00E9EC1BFED787507B885542CACF114F8BD946EE9A3727DD7C22B4EA0BA11D2F00C66A6E8D86598EB8DB3CDA62A5FE4620A40716402CFA753583D0EDD7FA6457724C4BAC912C1C717E8189CCA627C7F1F56B90277AD77AED4BFD8F9EEBE774F57E80E87AACBDE6C58BD719E4B27D1205816A2001447AFE7329801AFE33EBAFEA1193E128EF240672F9F71EA187CED34FCE820466F23D627D6417D8DCBE52E74F74579A0B3873B2231E77284C61066C0CBEB39871963111480B2801D9924E55E87AB3F0B8CE1696E8A44F1009F6B6AE56B6D0922CF0DE37B61B4DA316882E7E943F0F331B8A917F30309F05E4E775F2B1E0C6EAA8F561B6B1C36452FF7C6D991B1BF4A140105A02C605B2645B9C761987A2643C4F0D07FD183C73744EA793031C09AA134FE875FC7F8B75F60A58A70E73AE86BACED07674B049E3C48EF508AEF256677F7F50482443D5E389DB17D79B927C6F6AC02509C2900C5D670B140D2AC80C31A60CFD0341F9E67E7B7169F9F3F6C6EC3932F637445B1EE5A0FB11A57679C4CC2C3AF533A97E53F37B5B16A9E5AAD5B220DF8861C86C16DF5CC542A35AD3E11F752008AAD9DE9647592C261863678629A9B237303F007D353FCF1D8098AEF5F8DF9E13EF0D5F051B3C0F8F9186C3902D734C3077AF8EFE3C3FCDF739373CA9E3F1C89E273BA0F6818D01DABFE19446C2800C5D6965C8AA2D3FDBF64012B576243287CE14B19D3E47F9C1AE65B99294ABF762DD65B0B4AEDE4CB787E7C08F64FC06D03F0FE6EACB5CD943E712DFF9C3BC79F8C0F91BE6803F4778722788A15C78DDE8BBD71B6E41480624F0128F33A572E3392CB41A7FDC646C6F03437D4375CA89B3A52C8F3BB2347F859CCA070D73A680ADBBE7696D3698C875F875C09EB53D7CDDED6B23144E137D6F172A37756C7A007F8607D0386D330B82BCA482ECF54D97E5F61713705A0CC6B772689BFBD01FCF61F91D0F1696E3B7FFFEFC733E7F883D1634C6D5C45F1B635E0AF6D3F6063DF6978FA102462989F7CF7FC555B7E0FA55BFB39B7A98D2F9E3CCEC3D3D5BD3F6E0947091D7708409F077F7B037B341B2C36148032AF2DD914B93E87E16FA14C612ACB865084AF9C1EE51F662628DEB116F3BAB6DA7E40B182F79923582F8FC1077AB06EEA5DF025D6FA564A1FBB867F4A4FF267A786595F17A694CC43D6BE9021D71767B35685880D05A0CC91334DF665D2CEAB34866768F2F9F8A3B1E33C17AA5487BCAD91DA7EC0D92CC1C706B93E69F1BE5084E02BA71CEFE5CDD212A670D77A5E8C1A7CE1E4B1EA86E64E650C8938AFA5D3E44CAD0B91B9148032C7CFB26902F190633981F1FC30678A45C6DFD544E18EB55057434B34601C9824F0E4217E3FD2CCDF75F4F0F79DBDDC136AC4FFC4418CC30EDB5A5E2CE0A5F891354C6D5CC59962119E772862A8F311680AB337A3AB40994B0128733C9B4992739AFDAD5858A609B7F453D9D461BB55E52C6513FF8EE3C45E1AE781AE5E3E196F06AA2FFD74630B5FEFEC25BAF724FE1D271C8B0E2E665ED7061F5D0B1E034A15DBE3727D719ED53058E6A10094594C2CF66452584E01982FC1A737D6BEAA63264FF0F1036C3853E6A1EE01D6D7CD9D1D5E1F0AF3606280751345823F5CA050E162ABA3F0998D50B00F402B11636F3A49D961E99CB89302506679359B85A0D779D5462430BB1BD0C9F173F81F3FC07F0C44B9BFA387A8D77E7638EEF5F140672FBFE954A8309F3A9F73B142AC0E23E4679FCA11E42D148032CBCE4CD2F9E1E75A552CFCCF0F53BF7B98FB3A7AF8DDA6D69A46CA1EE0B34DADDCD7DE43E4B961FCCF0F43E5ED5FB9157AE36CCBCCBCEDF791AB8B025066D9964D5271EAFEAB45BA48F08903AC19C9F250F75A36856B9C1DBEC8A67084071303F48F64093E7910D2C5B7754A666F9C1D9A0891B75000CA05C70B79D29609AD356C806E676486C06383DC6944F8DF5D7D34F96A9B1D9E4F8BCFCF37BBFAB8933081C706AB155897FD66117286C59182FD864AE23E0A40B9E0B94C12BAE3B5CDEABE9565E17DF124A1ED27F84AEB6ABED8D28EB7C68DD09D780D832FB6B4F395D6D5D46D3B8EEFC593D58EC14B6554274376A91C412EA200940BB66453146DF6FE70942B117CEA30DD47937CA77B0D37461C7676BB4C37461AF86E6280D54793049F3A5CF3769C17533982BC95025000982C9718C9E7671711D4623C45E091413E5A0AF0EDD5FD74F86BACB9BF0C1DFEEACFF8683940E0914118BFC47B7A1D514EE50B9C2E5D7A78CAD54901284075E3237F4714BCB57F243CBF384560F351FEB4A99D2FADEAC4BF0843DE85F80D832FADEAE4CBCD1D04371FC5FBF23873CA02ED780D7C5D51766B182CE729000580CDB924F95A87BF8532C19F1CA17DFF14FFDCBD86DBA28BF0D8CC25BAB921C6B7BBD7D076E02CC19F1C86426D9557F9BE469ED13058CE53000A39D3647F3A03891A826C324BE0D1416E4C1B7C67F51A1281E0D29FA08D4420C87756AFE143592FC1470661C27E8F900B5647399CCDCE2A5715F752000A7B3329024DE1050B0D8CFD13049E3AC41F4657F157EDDDD47956FEE353E7F1F0E76DABF9E3582B81A70FE379EDB4F30B823E022D115E48EB994051000AF0EC42DD7F2513FFD66334BD7C9A6FAEEEE7D7634DCB777235FAF7B146BEB9BA9FE657CF10D872D4B11C21DB17678B768C131480AE57B62CF6A69358099BFB7FE772041F1B64D3B90A0F26061808D6B8B3DB0A1808D6F1BDEE01AE9FB1083E3A08676DD6FE26E2BC944E51523982EB29005D6E5F2E8B11F2CF5B7E601C9EC2FFC4413E176AE4EF3A7AA8F7D45673BF92221E0F5F6B4FF0FB9166FC4F1EC2383039F7A0FA00BE863A5ECEA697FF04E51D4501E872DB323314DE5A7E5031F13F3744C3DE93DCDFD9C3671A5B2E6B71C84AFA64BC99AF77F6127B691CFFF6E3733A06F3BD319ED55E21AEA70074B99DD914E6C5E507C902C1C70FB06EBCC043890136862EBDC8E09D627D28CC43DD036C982C137CFC00CCBCB90ED8EC89F35C2655F3238472755200BAD8D1429EAC65C1AAF32137348DFFF1413EE58BF240674F75BF8D2B5CD4EBE5FE8E1E7E2710C3FFF8018CA367ABDF680E53F21A0CE6D511E8660A4017DB954E6226626059F85E1825B27388AFB525F842732B9E2B6ED06BCF007EAB6915F775F410797E04FFEE6AC760B937CE4EAD0A713505A08B6DC92529B546083E79909EA114DF4B0C7043E46D5461BDC36D0A477828B196B527B3049F3840B939A4BD425C4E01E85267CA254632397C7B47F8B815E25B5DFDACF2D558737F056BF2F9F85F5D7D7CCAD380EF85114EE7F29C2CBEBDB255B97229005DEAC733D5FD36FEA2B59BFFD2D2816F198A0CDE293C187CA1B995BF694F00F0C3991AB7E394AB8E02D0A5B2A6C9BFF65DC3AF345C62FDD555E4C64803DFEF7FD74A9F86AC2063C7B51BF424800B995857D544C7DBA17F17EEA52B4097D2FFF06FD2BF0BF752008A886B290045C4B5148022E25A0A4011712D05A088B8960250445C4B012822AEA5001411D752008A886B290045C4B5148022E25A0A4011712D05A088B8960250445C4B012822AEA5001411D752008A886B290045C4B5148022E25A0A4011712D05A088B8960250445C4B012822AEA5001411D752008A886B290045C4B5148022E25A0A4011712D05A088B8960250445C4B012822AEA5001411D752008A886B290045C4B5148022E25A0A4011712D05A088B8960250445C4B012822AEA5001411D752008A886B290045C4B5148022E25A0A4011712D05A088B8960250445C4B012822AEA5001411D752008A886B290045C4B5FE3F78A2E1921C0E17370000000049454E44AE426082');
/*Saudi Arabia        */INSERT INTO "Flags" VALUES('Arabic', 2, X'89504E470D0A1A0A0000000D49484452000000C80000008508060000001E9EB72C00000006624B474400FF00FF00FFA0BDA7930000000774494D4507DB021116341B0FACC00F0000200049444154789CED9D656054D7DAB6AF99897B42DC0804094103C19DE0140A14778A95162B50A4452B4069A1A5409152DCA14029C535140B1EDC5D9200719B2493F7C7CEACCC9030A7E77CDF392DD375FD9AED32FBDEEBB1B5B68A21557391482485A2FEAB4F4022F93B2305229198400A442231811488446202291089C4045220128909A4402412134881482426900291484C2005229198400A442231811488446202291089C4045220128909A4402412134881482426900291484C2005229198400A442231811488446202291089C4045220128909A4402412134881482426900291484C2005229198400A442231811488446202291089C4045220128909A440FE0B540E08A15AD1B2852E0BF52E0680BD952DEF56A8FFC67D68D46AECAC6CFE2BE727F9F3989D409A84546769F789B83BB818CDF7707015BF1DACED08F52E4629CF4042BC820872F3315AD7CDCE09954A65F23845EC9DE916DE8C88D2558DE697F529CE86BE5F119BFCAAC036EF94ABC399312B0118D7B437CB7B4CC2C6D20A8020371F36F49DC6F7EF8DC44A63C9C4E6FD889F7980292D07887371B675604E875168D4C67F9BE1B50158692CF177F114D38ED676D42E5EF18DD7D2A972631A97AE66B4BFD5BD3FC7DAC24ACCEB502982AF5A0F2E74FB77CAD5A188BDF31BF7FF36637602F1712A42DF1AAD19DDA8879857D6A73831D376D3B7466B009A845463E3FBD3393C7C210B3A8FA553E5C662DD492DFA1337632F9FB71A64F238BB06CF614DEF2FD83F64BE516B31B25137569FDECDFD57CF0A6C1351AA2A4919A968D46A86D6EB848BAD23ADCAD6016066DB6174AADC98E10DBA30B5D5403C1DDCB0D25832B9C50036BE3F0D3B2B1BBA546ECAB0FA9D19D5A8BBD867874A11C44CDBCDD0FA9DC4BC610D3AF36DBBE162BA5DC506FCDC7D02961A8B42AF25CCBF34BB3E9C43FF5AEF02F051BD0E740F6FCEE0BAEF01E0EFE2C9EADE5319DFA40F61FEA58DB655A954CCEF34861F3A8C3679BFDE56CC4E20AB4EEFE2D8DD8B540BCA7F68BD1CDD50A9540C6FD005805BB18F08F10AC2C7C99DFA252A13FDF4B658774483AEA8556A4635EA5EA01532242CA0341D7F1ECF8B9404A3B767909B2FC31B74A166B1F280F200478E584C909B0F657D8A1379FB3CD6165638DAD80150DE371880529E81621F631AF7C4D5CE514C77A814C181A13F1216500A802FDEF9800A7E2500B8F8E42699D9594C6BFDA130C9FA547F878E61118478050150AB78054A7B166550EDF6855E8BA3B51D166A0D8BBB7C4ADF1AADC57E3E6BDA17675B07025CBDB0B6B042A55231A6714FA36DFD5D3C0974F5A65B78333A8645BCF17EBDAD989D4072737359F8C716EEC43D2EB0ACBC6F30369656F4A8DA82B63F8DA6DF9A2F69BF640CB3DA8DE097FE5FE366E7C493C458006C2DADE957B3CD1B8F3365E76226B7EC4FE49DF3ECBA7A9C6FDB0DC7C9C69EE19B67D163E5244EDCBB44D5A2A1ACEE3D95BAC195685BB1016EF6CE6CBD7898346D06D14F1451FA38B90390ADCB11FBCECAC9E6F8BD6812D293C5BC1A41E5E859B525A09850CB7B4C46AD52732BEE11E3B6CFC3C1DA8E8A7E25B1B6B0A2AC4F71D42A35139ABF9FB7AD22D6492DFAE1629B2FBCD751A954FCD4F5334A7A2862757770616CE35E3C498813EBB4AFD4102F4737C203CB60A5B14445BE29BAB0CBF802E6DEDB8ED90904203D2B930DE7F651DCDD8FBE355A9394910A805AA5E6BD8A8D18DBA417631AF762D9A9DFF0722C42A87731DA576CC8B21E93B811F340ECA77B78F3371E63F5E9DD04BA7AD3BC4C4D7C9D3D78AF5223AA0795E3F2B33BECBC720CB54ACDA22EE3851DEFE5E846CB05C35977760F00DB2F4502E064630FC0F787D6897D877ED599B94736D27FED57625E564E367BAF9F12D361FEA5695FB12100F32237F2323591C4F4143C1DF31FD08E6111B8D83A0A117A38B80AD118F2C7DD8BE2F78BD404F6DF8812D3C31B744197AB233D2B1350C439B8EE7B9CFE6405DFB41B46564EB658D7CDCE89AFDF1DF2C67BF636623602A9E85752FCFEE5C241CE3DBACE91E18B58DA7D22E57D4BA0CBD50150AF44180075832B51252084C48C14B15DEB72758D9CF3F2BE2528EF5BA2C0B1CAF90473ECE32538D9D8337ADB1C9E26C611E4E6438DA072629D772BD42B60AFC726C78BDF979EDE01F205B2F6CC1EAE3DBF0F40FD1295C5752C3EB615004B8D05FBAE9F223737FF9BABDDAB2A02CED1E9B81E739F6B31F7C5CB009487B946B172A46565887943EA75A4844780D1796D38B78FC3B7CE028A90BB853713CBD2B332E954B931D763EE8B79E181A15C8FB94FFF9AEF929C998636270B805769493C498CC39C301B818C69DC8BE2EE7E627A54447711C90976F7170F9F6164A669480D0EDF3A2BCC9B5F2E1EE4F483AB8062AAEDBE7A026FA72246C7695DAE2EC7462EC1CFC583293B7F62C1D15F70B056FC89723EC1623D7D40E04DC4A727014A640A4097ABE39B03AB008C224A23B77CCFCDD88700CC78770819D95AB1ECDECB27E2F7E7BB96909B9B4B627A0AF1698A69F6F389ED1CBF1B2DB60718BE79369906FBD05F6BD7E513789AF770D72A56412C9B75700D3F1EDD2CEE5F8E4EC7F1BBD18CD936173B2B1B2AF896E0E1ABE779E7F394893B169ABCEEB70DB31188A38D1D11A5F243AE1D2AE53B8C6E764E443DB802201E02501CCCE7492FD9786E3F0045EC5D8419A352A9E8B17212FBF2A6D52A35535A0EE0D781DFE26463CFAC836B98BAEB27005232D348D5A68BD6C6C1DA8EA621D5799192C0EC836B0B3D5F2B8D2580D1DB7CF7D51380D282E85BB2546D3A3D564E429B9385A3B51DB696D662FDF567F789DF86E6D7FD574F013878F3344919A95C787C532CDB71E5288FE2630A9CCFF3A497745AFAA9680DF4B8DBBB9091A5E5CAB3BB00A46765306DEF327EBB7C943B2F1E636D61C9BD97CAF14ABED63299036623100BB586AA454301C54C0870F562D0FAE90064666BB911ABF816161A8D78A3BE4A53DEE29F6CFB81C4F414EA14AF484CF24B61C604BBFB038A19B47DD02C26B7507212DF1E58CDB85FE7199963579FDD23C4AB28FE2E9E342A158EB58515DB2F47722DE61E4001E7586F8E7939BA89E3E84D213F170F7A566D41117B677A556B4997CA4D99FCFBE202D71CE0EA85B7531142BC8228E7134CAD6215F075F6E0FE4B25C45CAC882F00E71E5D17DB94F2082CB01F3DC7EE5E64F4D63946F3DCEC9D94EB7BAE08C4C1DA0E373B655E52462A510FAE8A90B6938D3DBECE1E6FDCFFDB88D908449B9D4595801040C9649FBC7F99ABCF95873326F91577E21473A4A25F29E6456E0410A1D6A789716C38B70F4B8D0595FD437894A0BC61F5265BFB8A0D49D366B0326A27BD574DE1FBC3EBB835798B78B001765D3D8E4AA56245CF294C6ED11F80C8DBE749C94C07147F41EFFFD409AEC4B8A6BDC5B6535A0EC0D3D1950FEB7610F356F49CC28B19FB58D1730AF169497C736015476E9F33BAE640576FDA56A8CFDA3E5FE4E574C6D1A06465F146D7B768E71FDF10DB94F62A5AE0DE59692CD9D0771A6BFB7CC1DC231B597D7A9758E697F7C0EBEF2540A84F7100D69FDD4BAA369DBB2FF24DBDD29E6F16E0DB88D90824559B4105BF92B8D939111E588698A4976259427AB278E86B17AF20DEE6C3EA77E6F3568350ABD45C7EA638CD253D0384BDAD7F032F3FB5834E4BC7D37BD5145646EDA44FF5770872F3E171428CC8472C3EBE95CC6C2D8D4A8553392084CC6C2DDB2F450A93CED1DA8E23C317F1E88B1D1C1EB6102B8DA5081CF4A8DA8298697B98D6FA434009F9BEB7642CB1C9F13C4D8C636EE44672743A7AAF9A6A14FA0D74F5E246CC032AFA95A488BD3321DE45B9FAFC9EB856BD4F743BEE312999690022370250DAB3289D2B3721D8C38F4E951BD3B54A33AA152DCBA0F5D3B9F8E41600F54B56A6A25F49EEBC782C7C970A79C29BB95FF1990C93A265F24A69CC05B311C8B3A41758A8354C6939909ED55A92999D6F4B770F6F2EFE547B2B5BA32CF9C4E6FD383F7635036AB5059450A8DE1C2B5EC48FC2D0662BA1CD0BE3D6D032B436004F12E218B36DAE5867D1B1ADC4A72573E6E135A3C892BF8B271AB59AEB31F7099ED28EF64BC614D8FF8F4737B335FA30FB6E9CA2D9FC6124A62B91B607AF9EF1D1C69962BD529E811CBA75968AD3BBD36DF944CA4FEBCA85C73785284B790662A9B14097AB130FBC6142724D9F2F58DFF72BC635E903C0956777F17070214D9B218E63A5B16465CFA96854F9A6A961C410E07E5E8B05C60234070AAF3D780BD13BE1FA928B5FA38F886575822B5127B8D21BB7D5B702FAFD7839BA0110ECE15FE8FA0BFEF805173B079233D29875708D98FFC3910D9C7D749DE2EE7E6C3ABF1F175B47B275397CB2ED0716741E8B5AA5BC8FAE3DBF4FA3B983799EF492FBAF9EF1C5EE9F19DBA41700BF5F3EC6C41D0B51AB54F45831A9C0B1D79ED9C3B826BD29EF5B8216A1B588285D9503374E8B1610202649A903B3D45810E4E6C3ADB847443FB94DEDE2158DDEF02F521200E8554D4940765B314124301F27C41ADD9FA9AD0672E5D9DD4243DF862D485137EFC26FF25B8AD90864C7E53F884D8E1789B2330FAF916CF0E636E4DCA3EBFC7A299261F53B8B32115DAE8E5907D7B0F5E2619187D09B58AF939299C667BF2D2874D9B1BB173976F7222A958AC3C31662A9B1A0C6ACF73971EF128D4A85F33CE925DB2F458AC41BC0A4DF173179E76272737371B3736245CF29B408ADC9D5E7F7F8EED03A5645ED343AC6FD57CF28EF5B02954AC5A22EE3A938BD3BA9DA74B1FC59D20BF13BD0CD9B5B718FB8F44C79F0035DBDB0B1B422234BCBF0CDB338367289B807FAF030205A2D3D9F44F41411BD72BEC146CB9E27BD243D2B135B4B6BF1723117CC462069DA0CDA2C1EC5B4D61F7233F6215B2F1E46AD56F13431AE406465D3F903CCD8B78295A77E6768FDCEA46565B03A6A9730ADF449B100172F2C351646D9E2D729E31DC4CDD887B40CADCDAA5E53897A70858E4BC7E366E744F5BC4855CFAA2D597A723B97F26ABEDCEC9C98DA6A208FE263789C104BA0AB37730EAF0760CB809942A061FEA559D9730AB9B9B9468EB361A83AD8DD9FCF5B0D62D4D6EFC5BC6789F9020970F10294281B28E1EA60777FAE3CBBCB8DD80744CCFD90ED836611E8EA6D640A1AFA3AA094DF370FAD0928FE9487832B7129F989CFFB2F9F51C63BC8ECAA7ACDC607013875FF3211733F64F086196873B2C8C8D2D2F087C1AC3DB3473C9C0056164A0EE2FEAB678CDE3687FDD7A3A8E45F4AD411C524BF223E2D198D5A4D8DA072342859456C5BC63B88918DBA01F059B3BE9C1FBB9A1C9D8E492DFAE36CEB409390EA2CEC3C8E94CC74212CBDF9A4C7C3C195D18D7AF05DFB912CEF315994A297F72D21C461C8B0FA9D8DA60D6BA340A9DE354C522667A691A65542C601AE8A400C4DB0A206E5FD179FDC226C460FBEDAB34CB41A253D0250A95442242F5313C9C8324E2E06BB1BFB6777F392965EAF2556DF76CC4A20857133F621DD574CA4C2F46E1CB8711A008FBC2A5D2B8D255BFBCFE4F0F085ACEFFB15D1E3D70AFB5A9F6C8B1CB198FD43E603CA5B7473BFAF99D56E04ED2A36A045682D5EA42402F9197180CE959BE06463CFEF578E018A635CDDA00CE556DC23369D3F40AA369DF8B424369D5712953E790FD7F64B917CB471A648DABD6EEA190A245B9783855AC30F1D8DCBCDF56696BE0EEB656A22CFF3227BAFFB09AFD29298B06381A8788E1EBF0E1F27772198A789714CD8616C5206BD764EFAE4A3A3B59D51B5C2DB8ED99858AF63A5B1A45FAD36740C6B8C9FB307BF5C38C8C378A524425F3E32BE691FA35E7DDE4E45D835780EB30EAEA16C5EAC1F14614C693980529E81A247E096FE4A94E7585EA15FE4EDF322937CE0E669CA7807B1E4F836DAE6EDBF635804A7EE5F06147FA7F3B24F0B9CB34D5E96BC45682D12D253C8C8D262A5B1146F673DFA8A638065277F6340ADB6342C59858E61116C3A7F00500411ECEE6F24DCCBCFEEE0ED5484A2AEC61DC44049582EEF3199E6A135B91E739FB8947812D253280A68D41ABE3BB48E77CAD511ADE9EBA235EC20E66C6B4F6CB2718BF3B662962D48CD62E5B9F2D97A7EEC34968625AB50CA3390F0C03222F46B67A9F477D0F75F98B06301BF5D3E0A2859ECD9ED478852103D935B0CA06B9566BC8E3EF4F9F12FB385007C9D3DD871F90FF65C3B29DEF675DF1045B3506BA859AC3CC3EA77E6E3865D0125FAD4AB5A4B51C8F8F389ED46DB18FA0A738F6C14C2FFFADDA1E2BCF5AD85A1406EE7750178BD0569115A8BE8F1EB681E5A93A3772E1031F723B272B28589E5606D8B2E57479FD59F8B7C4AE500E342CCB8BC8818808D8535E682D909A44DF97A1C19BE88121E01E4E6E6B2FD52243566BD4FD3F943C51FAE7FF08ABBFB91A3D371F5F93D5EA526FDA9FD9FBC7F59981E2F5212981FB90950ECFEB63F7D4272661AA1DEC5A8E057826C5D8E286FAF1C1062243A2F47372636EFC7C32F7EE3F8C89F99D3619491AFA367F9A91DFC7CE257A379FAECBC1E7D7948B122BE0CACDD0EC87F60F5D70AF96690A10F32BC41177EFFE03B5CED1C99B2F327B6451F169DBD5E8F643D78F54CBC10DEABD88856656B8B65CF0D12B3FA6EC4E6805999588D4A85B3A9DF74D42A356BCFEC61C6BE155C7A7A1BB54A8D46AD167FB8D6202AA551AB85B96488DEB65F746C0B2D436BA3CDC9E2BB43EBF8F1E866EC2C6D08F12ACACDD88724E7BD51417948D69ED9CDA0DAEDA91A184AF493DB44DE3ECFE8881E58A835F8BB7A72F7C513FAD56CC39C0EA3B0B7B22DF43A727373897A70855907D70893C910C310B1938D3D9BCE1FE0E89D0BD40DAEC484E6EFB3ECE46FC2E4311248825E20F92D4844E9AA1CBF17CDE00D5F73E9E96DAE4FDC84B38D035B2F1E2621EF7E19B608FA50B04AA56249B7095498DE8DB894785EA6E6B720D207F91B626D61C5926E1358796A275FEF5FC9EDB84762D967CDFAA2CDC912B982F8BC22457D6E0294DCC6B2933B185ABF132BA376929E95C1A0DAED59737A371FAC9F012862B2D25892AA4DE7AC4101A02189E98AF9A3F7734EE6995D00455DBD19DEA04B81A8949E79911BD975F504E71E5D377A23BF8E61B9BABEBA77D8E66F39F3C94ABC1CDD1815D19DD8BC10ACDAA0A0F2715E0BE2E3E48E855A43B62E87FE6BBF34EAA772F2DE657A576F4545BF92E285626D91DFF2E9CBF4F5D738BFD3183A2D1DCF3383F335A7D158CC46207656D6D4FB7EA05106584FDB0AF5B9FBF2093BAF1C07942812409B45A36853BE1E7656D6ECBD7E8AF0C0320CADDF897DD74F09F3C1C7D95DEC676E874F6855AE3661337A884A60E373B0A14DF9BA00E2ED1B9712CF938438FC5C3C98D0BC1F0D0B31A3F40CA9D78921F53ABD7139283D0BEB7C37404CEBCD990B8F6FB2EAB4522736AA5177911771346841F4F746A552E1EEE0C2F3A49746E2005819F53BBDABB7A284877F815C0840429AB1D9D5312C82B615EA73EAFE1531EF4D8343BC8D988D0F129F965CA838AC2DAC08F32F8DA7839B7030F55D4A53B5E9AC3BBB879F4F6CE769621C231B2AF98D93F72F0B3BDD42AD11FB9A75700DB696D60CA8ADD46D19FA14D61656ACEDFD85A8453A74F38C58A64FA8352A15FE2F8713FA57AC3BBB57D45581B1093565E74F64666B71B2B1C7CF59E92C66D8823C34E807F2A6BEE3876F2915C3A9DA0CB4D9590596EB5B90270971A29FC9FC4E630A0C45642E98E755E5E1EEE04229CF40542A15FE2E9EBC484960E9C9ED1C347878217FE89A3AC19538FBE83A8F1362A8121852607F775E3C66F6C1B594F15242BD0BBA8C059448D18E0F668B90F1A6F3078CCAC30D9DD6515BBFA7D9FCA10CDDF42DDF1E58CD8A53BF8B3AB23FC392E3DB0AF408D4F3E0D53316FEB1E58DDB66666B4504CC30BAE5E1E02A6AD574B93A52B5E9443DB862E4CCEBD1FB2039B9397CB47126B9B9B9F83A7B1875D33527CCA72D2C84757DBEE4725EDFEF62457CB919F7907E6BBE345AC7C7C99D855DC6D1A67C3D007E8CDC4CB3323545EBF0BA09929891C291DBE708F32F4DBDE0304A7A04F0EBC05994F10E02145F66E496EFC4FA7E2E1E460FDA9AD3BB89497E65D403D0CECA86CB9FAE7F63ED979ECC6C2DA71F5E35B9CEB4BDCB78BF661BA35C0928233A5E7D7E8F94CC349C6CECC9C9EB665CC4DE99A84F9613E4E6C3C82DDFF3DDA1B5349937841729099428A458D3B04FFCF17BD14A1F99EAADA81C10425246AA518B660E984D0BE264634FEB7275C5B4855A43BD126114B17726292315954AC5C6F7A753DEB7045E8E6ED40DAEC4DC8EA3B93661A310C7D947D75911B583C1759401D37273738DCC19804337CFB2EEEC1E3A556E8C9BBD33A7462F17E2D0E5EAF860FD0C23536FE6BBC38CBAC93609A96EB4BFF14DFBF0E88B1D858A23335B4BD4832BCC8FDC44879FC7E1F3590B32B2B46F8C7E8122E8EF0EAE15390F7DEEE7D3667D81FC10B13E08B0A4DB0431B2E457AD0753DEB70427EE5DC2526341453F651CAEC27C117DC5F0B8EDF348CA48C5C5D6D1A860D25C309B166444C3AEA2DF3428C93A2B8D252E768EAC3FBB9781B5DB51AB5805A2C717DE473C2E259E2ECB3EA371E96A342B53035004635890074A21A3855A43EB727545D75350C4F1E18699AC39B35BCCEB5AA5195DAB3435DAFEF35683D8167D8494CC34CAFB96109DA4E2D39259757A2737631F722BF621B7E21EF130FE39393A5D8173B5D0E4FB45A9DA8C02CBA7ED5D4E257FE5E1BEF2EC2E0ED6763429AD0833335BCBEDB847DC7BF9941A41E544A61F9488D88E0F66D3EEA731342E5D550C5EF7206F500643BE3DB81A50843665E74F3428995F439694915260FDB715B31148B7F066F45A39454CEB6DEC60777FFAAEFE9CA6656A14188357CFBD974F69BF640C1959992CE93641CC371CAB4A4FAD621558D0799C51294A5C4A3C3D564C32329B6A04956349B7CF50A954E4E874AC3BBB87EEE1CD2956C4973D1FFD40DBC59FE09E57F99A929946D56F7A73E745C1C1EEFE1586E16C3D8E36762CEA321E802D170F51D4CD1B0F07171CF3465FD1FB29E39A28DD7E8FDF8BC6CF593105035DBD399B377EB01EC35035C0AAA89D62A00B80B94736A0CDC9122DF8EB91AEB719B330B15CED1C29ED59D42881A6B7B143BC8AE2686D47F56FFBB02A6AA7D1A81D4F13E3F872CF52C2BEEE41627A0A0786FE28860A3A74EB2C6BF3B2E0A00CBAB0B0CB388E7EBCD8A883D56F978F527E5A572371340FADC9BE21F3443E60F82FB3E8B972B2685DF42DD988BCD212A5E3547EAF3C3D6E764E2CE83CAEC048F1FA07FDD8DD8B46AD26282DE781213F8A6EB2EBCEEC2139230D954A45C352E1ECBA7A82B9473652C22380D6E5EB723BEE11F5BF1F44D56FFA188D7DA5E779D24BA6EF5D2EA6775F3B6134A01D2849554F0757542A15C99969A2F4C51C300B81E86D65271B7BD161EADECBA7E4E874A8556A56F69A4A8E4E47AF5553701CD580E0A9ED0898F80E7E135AF1D59EA5F4AAD692F363578BEEA8B7E31ED179E9A7C221ED1EDE9CEB133731A8767BD12B50CFD213DB8949CEEFC137B1793F7E1B345B8C95B5E0E82FA21C65D0FAE9FC71E702A024D9F4BE4F098F00B6F49F899F4B7EBF15175B478E8C58C40775DA8BC125F4894AB54A4D4CF22B06AC337E502BF997E2D4E86542C0637F9D47B62E87A789716873B21852AF23637F9D8B36278B910DBBA156A95977762FD9BA1CE252E2099FD99B1F8E6C1066DDD13B17A839EB7DD2B419BC5FA30DDDC39B73F9E99D024303350DA9CE67CD94111B8FDF8DFE0FFEC1BF2F2A8654CDFDD7ABFDBD6956A606BB3FFC811F8F6EA67B78736ACDEEC7D5E7F738346C81A86F4A4C4F61E3F9FD9C7D789D576989783B15A14A40195A95AD6D3448F5D947D769B368144F1395E4DEE22E9FD2D2A0E62836399EA377CEF35EA546805256BE2A6A17F65636342859C5C8F4DA706E1FDD574C34F2236C2CADF8A6ED303EACDBA180D832B3B5CCD8B782293B7FC2D9D68176151AF0E53B83D9167D9860777F1A8754635BF4617AAC988C9D95B551D9C70775DAF34DDB61C281DF74FE009D968E17FBDE3AE01BDA56A8CF37075671E1F14D96749B80ADA5352D160C17E371E971B373C2D6CA5A145A162BE2CBF9B1ABB1B2B0C47F422BA32469BD1261EC1A3C47B496DD574C64ED993D980B6621906A45CB726AF43231ED37A1154F13E3A8135C8983437FFC5399DD6C5D0EB30FAE65CACEC5A46765D2AA6C6DD6F4FE02675B0774B93A0EDE3CC34FC7B7F16B74245939D9448F5F6B2486D79917B991915BBE7F636FC4723EC17CDCA82BED2B36341A33EB71422C0113DF11D387872FA47AD1726C38B78F2D170FB1FF4694E80C058AAF33ADCD474619FA1BB10FA83DBB3F2F5313C5BCB23EC5393F76B5D1BDC8CCD6E23A26C2C8347D13BDAAB564528BFE4CDBB39C8DE7F7E3E5E8C6949603E816DE4C08FDF483ABD49B33B040E7AAB719B310888DA515573EDD4071773FF65D3F45D3F943C5B28E61112CEEFAE91B47354FC94C63C3B9FD4CDFBB5C38C9036BB7637EA7315C787C931D97FF60F5E95D051CE8723EC1EC1B32AFC0D0A40FE39F336ACB1C365F2858645818961A0BC203CB50C9BF1481AEDE443DB8C2D68B87C5725F670F32B2320B2D6D99DA722093F2C6E0D273E5D95D9ACC1B62D42F5DCFC70DBB31ABDD7091CDFFF1E866A35152DE448857107B3EFA8140576FCE3CBC46D4832B0CA8D5D6486CA7EE5FE6DDC5A385B9692E98854040895A35295D9DFD37A20AC4ED9D6D1DE852B929558B86E264634FB62E9B47F1B1FC71E702076F9E2910BFAF5DBC22775E3C365930088AB3DCB7466BAA05952547A723F2F6395645ED2A60A3FFB70876F76753BFE954F22BC5B598FB2C3DB19DB947369A3C7EA352E18C6BD29B17A9090CDEF0758192F6C2E81EDE9CE6A135D9786E3F41457CC4C772B272B2897A7085E5A776B0FCE40EA34F38980B6623907F32B696D67FCA4CFAFF81AB9D23B58B57E449421C37621F18997BE6881488446202B308F34A24FF2DA4402412134881482426900291484C2005229198400A442231811488446202291089C4045220128909A4402412134881482426900291484C2005229198400A442231811488446202291089C4045220128909A4402412134881482426900291484C2005229198400A4422318114C83F083B2B1B3EAAD7F1AF3E8DB70A29907F10FD6AB6615EC74F58DCF5D3BFFA54DE1ACCE6033AFF0961FEA5695AA63A4919A9E4E874646465929E95892E37570CC999929946564E36DA9CEC024394EA97FD19B4D905B7FF5FA3FF345C987FE9BFF43CDE26FED1232BDA585AB1F7A379D4CDFBC2EBDF85DCDC5CF19DF53FC3BF23D4A26E3EC4A725F120FE39C919A9646667119712CF8B9404E25212F0707021C0D50B1B4B6B369EDBC7CAA89DFFE9659805FF68818032AEED0F1D46D3AF669BFFE76F989B23AD167ECCCE2BC7FEEAD3F8CBD050CD6FCA5F7DF8FBFAEF000001B849444154127F25D9BA1C7EBB7C942D170F93919D895AA5C2CBD10D8D5ABA67A07CE9CA9C3E88F3EFF28F6F410AC3DAC20A0F07175CED9C70B57314DF4CFF774C99FF2519D9DA3F35BABB9FB30791231673FC5E342B4EFD8EA3B59DF862AEB585157696CA57A206D77D4F7CEF3C3E2D19B7B111FFBD93FF9BF38F76D2DF4466B696C709B146DF3B3707025CBC00C8CEC9E161FC73B27372B0B1B4624483AE5C8BB9C7AFD19164646B79BF666B401188BDB5CD5F78C67F3DB205F907E1E9E8CA932F7762A1D6FCEB95F3B8FCEC0EE5A775FD2F9ED5DF1BD982FC83884D8E67C6BE15002C3BF91B2A54B8E47D4F1E2025339D2C5D3655034359D173324F135F30E297D97FD5E9FE2D902D88A4502C35167F4B7FEB7F8D0CD5480A458A43410A442231811488446202291089C4045220128909A4402412134881482426900291484C2005229198400A442231811488446202291089C4045220128909A4402412134881482426900291484C2005229198400A442231811488446202291089C4045220128909A4402412134881482426900291484C2005229198400A442231811488446202291089C4045220128909A4402412134881482426F83F2041B251E860EC9D0000000049454E44AE426082');
/*United Arab Emirates*/INSERT INTO "Flags" VALUES('Arabic', 3, X'89504E470D0A1A0A0000000D4948445200000140000000A008060000007DA3B59C00000006624B474400FF00FF00FFA0BDA7930000000774494D4507DB040A053B041304E9220000026949444154789CEDD7B16D025114055163115BA207440164AEC43539DEA2C828008AA004DCC377F0B49A732AB8D148F7703F5DDE1F2CBBFE3EA627008B3EA707004C1140204B00812C0104B20410C81240204B00812C0104B20410C81240204B00812C0104B20410C81240204B00812C0104B20410C81240204B00812C0104B20410C81240204B00812C0104B20410C81240204B00812C0104B20410C81240204B00812C0104B20410C81240204B00812C0104B20410C81240204B00812C0104B20410C81240204B00812C0104B20410C81240204B00812C0104B20410C81240204B00812C0104B28ED303F6EEF9F3BC4D6F00D608E03F9DBFCEDFD31B80352E309025804096000259020864092090258040960002590208640920902580409600025902086409209025804096000259020864092090258040960002590208640920902580409600025902086409209025804096000259020864092090258040960002590208640920902580409600025902086409209025804096000259020864092090258040960002590208640920902580409600025902086409209025804096000259C7E9017BB76DDB6D7A03B0E6703F5DDED323F6ECFA7A4C4F0016B9C04096000259020864092090258040960002590208640920902580409600025902086409209025804096000259020864092090258040960002590208640920902580409600025902086409209025804096000259020864092090258040960002590208640920902580409600025902086409209025804096000259020864092090258040960002590208640920902580409600025902086409209025804096000259020864092090F507C46E0EC02B265D480000000049454E44AE426082');

/* bg   Bulgarian,            */
INSERT INTO "Locales" VALUES('Bulgarian','bg');
INSERT INTO "Languages" VALUES('Bulgarian','English','Bulgarian');
/*Bulgaria*/INSERT INTO "Flags" VALUES('Bulgarian', 0, X'89504E470D0A1A0A0000000D4948445200000140000000C008060000007557BAC600000006624B474400FF00FF00FFA0BDA7930000000774494D4507DB0406170207D1FDFD84000002A049444154789CEDD64111C3401003415F200484E1194EA099CE06C63EA61B815E533A33331740D0677B00C0160104B20410C81240204B00812C0104B20410C81240204B00812C0104B20410C81240204B00812C0104B20410C81240204B00812C0104B20410C81240204B00812C0104B20410C81240204B00812C0104B20410C81240204B00812C0104B20410C81240204B00812C0104B20410C81240204B00812C0104B20410C81240204B00812C0104B20410C81240204B00812C0104B20410C81240204B00812C0104B20410C81240204B00812C0104B20410C81240204B00812C0104B20410C81240204B00812C0104B20410C83AD7EF99ED11001B3C40204B00812C0104B20410C81240204B00812C0104B20410C81240204B00812C0104B20410C81240204B00812C0104B20410C81240204B00812C0104B20410C81240204B00812C0104B20410C81240204B00812C0104B20410C81240204B00812C0104B20410C81240204B00812C0104B20410C81240204B00812C0104B20410C81240204B00812C0104B20410C81240204B00812C0104B20410C81240204B00812C0104B20410C81240204B00812C0104B20410C81240204B00812C0104B20410C81240204B00812C0104B2CE7B7F677B04C0060F10C81240204B00812C0104B20410C81240204B00812C0104B20410C81240204B00812C0104B20410C81240204B00812C0104B20410C81240204B00812C0104B20410C81240204B00812C0104B20410C81240204B00812C0104B20410C81240204B00812C0104B20410C81240204B00812C0104B20410C81240204B00812C0104B20410C81240204B00812C0104B20410C81240204B00812C0104B20410C81240204B00812C0104B20410C81240204B00812C0104B20410C81240204B00812C0104B20410C81240204B0081AC3F3895098AE407A0DC0000000049454E44AE426082');

/* ca   Catalan,              */
INSERT INTO "Locales" VALUES('Catalan','ca');
INSERT INTO "Languages" VALUES('Catalan','English','Catalan');
/*Catalonia*/INSERT INTO "Flags" VALUES('Catalan', 0, X'89504E470D0A1A0A0000000D4948445200000140000000D50806000000264C29EE00000006624B474400FF00FF00FFA0BDA7930000000774494D4507DB0403140F134B1119DF0000032649444154789CEDDDB16903411445518F1182C5816071B4F5B806F7A65E54C9C2862E408112B3609731C13DA782892EF3A337CE63F97B03087A9FFD0080590410C81240204B00812C0104B20410C81240204B00812C0104B20410C81240204B00812C0104B20410C81240204B00812C0104B20410C81240204B00812C0104B20410C8BABC1ED7D96F009862ECEB661718487202035902086409209025804096000259020864092090258040960002590208640920902580409600025902086409209025804096000259020864092090258040960002590208648DE7FD661613481AE7B1082090E40406B20410C81240204B00812C0104B20410C81240204B00812C0104B20410C81240204B00812C0104B20410C81240204B00812C0104B20410C81240204B00812C0104B20410C81AFBBA99C50492FC00812C0104B20410C81240204B00812C0104B20410C81240204B00812C0104B20410C81240204B00812C0104B20410C81240204B00812C0104B20410C81240204B00812C0104B22E1F5FBFB3DF0030C5388FC52E3090E40406B20410C81240204B00812C0104B20410C81240204B00812C0104B20410C81240204B00812C0104B20410C81240204B00812C0104B20410C81240204B00812C0104B20410C81A3FDF9F663181A4B1AF9B0002494E60204B00812C0104B20410C81240204B00812C0104B20410C81240204B00812C0104B20410C81240204B00812C0104B20410C81240204B00812C0104B20410C81240204B0081AC711E8B594C20C90F10C81240204B00812C0104B20410C81240204B00812C0104B20410C81240204B00812C0104B20410C81240204B00812C0104B20410C81240204B00812C0104B20410C8124020EBF27A5C67BF01608AB1AF9B5D6020C9090C640920902580409600025902086409209025804096000259020864092090258040960002590208640920902580409600025902086409209025804096000259020864092090359EF79B594C20699CC7228040921318C81240204B00812C0104B20410C81240204B00812C0104B20410C81240204B00812C0104B20410C81240204B00812C0104B20410C81240204B00812C0104B20410C8124020EB1F74A52453D0B070B40000000049454E44AE426082');
INSERT INTO "SpeakLocales" VALUES('Catalan',0,'ca');
INSERT INTO "SpeakLanguages" VALUES('Catalan','English',0,'Catalan');
/*Solo pongo ca, tambin hay ca-es, pero debera ser lo mismo.*/


/* zh-CHS   "Chinese Simplified", */
INSERT INTO "Locales" VALUES('Chinese Simplified','zh-CHS');
INSERT INTO "Languages" VALUES('Chinese Simplified','English','Chinese Simplified');
/*China*/INSERT INTO "Flags" VALUES('Chinese Simplified', 0, X'89504E470D0A1A0A0000000D4948445200000140000000D50806000000264C29EE00000006624B474400FF00FF00FFA0BDA7930000000774494D4507DB03030B190E91D5F88C0000100D49444154789CEDDD7B701DD561C7F1DFEEDEBD8FDD7B654BB6057560425B98F00A6F6CE33A0949EB4E279DF4311366FAE08FD0B4400A342901332D6D98B624051A089929A469681BA66993269326994E6999A49360C664486248F3222E814247B665CB92ACC77DEEAB7F487EC896A52BFB4ADADDF3FDFC675B0C7BAFA4EFDD3DE7EC59EBD58BD626020003D9AB7D0000B05A08200063114000C62280008C450001188B000230160104602C0208C058041080B10820006311C00C2AFD74B4DA8700E40201CC18A72FD1BAF73756FB30805C2080596249837F52576143BCDA4702E40201CC90BE77B555BE24541258AB7D28402E10C094E8FFED966ADB3BB24AF3EF4E56FC994803EF6D4A9292CE4A1E19905F85D53E00CC987CBAA873FF664AEB6E6FA8B9DB557DA7ABC6B75CC50D4B5639D1E08E86ACD9EF5612720608F402014C89E890AD837FE5E9AC0FD5E56D0EE46D0E940452F3BBAEEC4A22F7DCE3667ED9C216E8092E8153A4F1BCABC9AF948EFED97225EFDA40E54BC3395F67392B7D64403E11C09419FBFB8A3AAF2C5C38F7DC483FF5C0B4FADED556611D33C2C0E9B2782648FAB8E7C47AC3C7A76495BBF8D62452E77F1D4D3F53547D97AB703F9F6940B772F9DB527A53B8F817A5583064ABF9BD2E8767ADD919E29B9ADAF8C894FA6F6CE5F4BB0AF45EEE2641ECBE44EB6E696ADF9DB5D53E94D356B92C94774DD0D5D746E396EABB8A6AEC72D5FC6141E22E39A06BB90BA07F5DA0D2F991EC6AA2783A7BCB459CBE441B76D4173C8B4B4269F2DF4A6AEC72D5DA53901806044E4BEE2E96AAEFE8488EE45DD7DD1954AA58D286BBEA72FA171EFB0B861C8D3D5151EB25E2079C895C05D0F613952E9C19FFF3B7662F806BDEDD52E5EA63E3979DD71D1DFEE7F29CA531007A275797C0DEA6E0E8DD1295AB02D95EA2B8918DCBE0F2A5A1FA7FA3AD60BFADE9AF1655DF55543034FBF9644BEE79912A97CFC6311B2F0948BD5C05F0F8B33EAB30B38878FA99E22A1E51F7DC73620DDD5653383CCF49792C8D7CD4D3398F4FC9AE25B25C562E01BD909B4B60BB9CCCB97C9424EFE7B273193CF59FC5F9E3372B1AB335F2B02769E60E1100672E3701AC5C139EB4938A37CFDF6559E3DBAEA6BF5AE40C10E891DC04D0DF76F21E51562991774DB617459FE8D05F7BEABC9AAB910B60D5E42280562951E5DAF94397A5CBE06E24A134F27065B50F03C8855C04B0725528FB14F7CD7A9B82DC8D9945874FFFDB561864E12070442E02B8D09A3FBB92A87255BECE02CFC49A77B7E46FE3FD00A41C04D02A48DEE6857FA1B3B8287AB944E3B636DCD990C3365A40F60358BE2290ED2F3C2BEA6D09D84474563C61C92A263AEB8FEB12EF090C97F90076733967571395AFC8D76CF019B1A4D285D1CCD659A750188CB5EEE6A64A17F0BE21BF32BD9EC2B217BFFC3DC2DFDA517377A65F6E4F24D1B1FBE8D6DED052EB078E9ABB6766899CFE58FE5B02D5B677543C2F5263B7ABF6CBBC67C8AF4CFF7497DF1CCAE9EB6E51B0775D203D2EE3F7CB4BDAC7FDC19236EC6868E20B2579578533CF1E99BD2C8EC66C1D7CC05B956304564AA603E82D6136D35993A87249D8FD4ECB8670AA89066E3AE15238960EDCEF2B69B1EB02F22DBB6380F6CCE6A74B91B745D14B619512F9DB02F5FD6A7BD1AF1DFF6C59ED3DCC9020FF327B3A54BE2894D3BFB4A51CFED640A39FAC18B389A855902A5707F2DF1AC8BF2EE8EABEE8F61E47139F2BAFC0D101AB2FB301F44FE36CCE198855BE3054EB47997DD95D295E30F390A4F2C5E1D2EE8249661ECB9918F201012CEB6331D7DED852E5E250D1B4A5B86EF56E02C292FCEB8353DEFEB690CE6B8EDA2FF5EEF2CE2A4A762D96E54A135F2CABF9623AE2EA9E1DCBBFBE237F4B20F7FC485697C379ED3D8EF6EFA82961F50B0CB0AC01B41C69FD1D0D55B79FBC534B9E246D4B238F7AAAEF4CE74DC7762D91774D206F4B20EFDAC5B7089BFC4A49A37FCB860BC8BF1579307AE58A5083F73464F7E5EFDAAAF583820E3EE8291ACBC67C52E5CDA1CE7E607AD1AF3BF8615FF5E7D21974A05756E4B7B6F9DD82866EADA9F19DFCFC42259134FEE9B2F6FF513533F193668EFB44D3CF14D5F989231DF751B8E1AE860A67E7EF030B38DE8A9C011EFBBF497DBFD2D6C04DCD4C6F5115EEB775F0215FEDFFC9DE5291D285A1363E7CEC0C70F2A992461F9BB9DC2DAC8FE56D0AE4BF2D50F9E250E1215B43BFD7C77820726B650338ABF8B39106EF6EC83D377BB7654C7FA3A8D1C72A9979DADC898AE7457AC3635392A4609FADBDB7D794B44F7E2D762551F5ED1D4553B6EACF66F8D30A58C0AA4C59765E71B4F70355ADBBA5A9DA2F666382246E591A7DBCA2E9FFCAC653E61693C4D2C843FEBCF193A4B86969F2299E478C7C5BB5351B49CBD2A18F7B6ABEE86AFDED8D45B7B45A4DED9F381A79D057B02F3B637D0B8AA4897F29ABFD72F62EE1815E5AF5456BF59DAEDA7B6A1ABCBBA1D245291B6C4AA4892F9534FE642537E36071C35270C0D138777B00AB3306381FCB9E5938BDF686562AEE508E0E5B1A79C4CFDD165A85F5B1ECB5C9CCAC2F60B8D404F088F265A1063FD890B37EF5966034771734F288AFE87036273A00742775019424BB2FD186F737E46D59D9DD5B92501A7FB2A2892F95E6AC8903904FA90CA0A4993583EF6C6BE0775BB28ACB7F88C13E5B230FFA6A7369081823BD019C553C2FD2E0BD0DB91B976FCDE0F4D78A1AFD4445311B80024649C174C3C23AAF399A7A7A1917E226D2F867CAC40F3050EA032849DE96655C836299BD533460B2D407D0591FABFCA6E55D84773A9BAB02C8BED407D0BF2E58F6A32C5F18CA1960E713C034E90FE0D615383B3B8D072C01C8BE5407D05993A87CC9CADC83C63820609E5407D0DB1A1C7D50F772AB5CDAFD43D67383896F182ED501F4B7AEE056598E56FCCE93D5B6E6D75BB22B86451F384E6A03685713952F5FFAE56F5CB7D4FC8E7B5AB7B2F9DBCC0AA07F7DA0EACF9BF59A81E3A53680FE9640D6122F7F5B3F2A68EFED350DDFE7EBC05FF88A2697768D57BE3C48F5BE84BD64B952F18D91AAEFC8C686B4C072486D009734291149873F5BD6F03D558507675E52E379577B6FAFA9F9BDEEB7B3B20AE65C06572E0F6415A4D205A16CD3C63E8159A90CA0ED25AA5CD95D88C243B6F6DF5BD5F867CA4A4E58CA178DDA1ABEB7AAF1274FFEB753316551B4B7797678C136E73503274A6500BD4D41574F8D6B3CE76AEF1D35B5BEBFC0595E2C1DFE7C59FBEFAA291C5EFCE556AE0CF33F316049DEE663D1F3DFCA6530CC94CE002E724692B42D8D3E56D1810FFB8ABB1CE76BEF71B4F78E9AEACF2CFC5023AB98A8726D4EF6BF3F85D2F9919C75C74E892B978672FAB91306E649DD7EEF56399177F5A903D479DDD1C8839E3AAF2F7D8160DCB074F0214FB5170A1A785F537679FE333D7F5B47F59D197E14A423ADBBB9297763A4B86E296959B28E3BAB2D9E77C2D662B6B4F1D1E9A33B60DB5E22BB94C872A524B234FD755763FF5091682472267501F4AE0E6595E60FD3E453258D7DAAACA473662B78A7BE5654EBA5820677D4553CFFE47D068F1CC3A91E19997A9134FE645983F734E4BFA5BBF1BDC2FA5885F573FF2E6E593AF480A7C6B753F76302F444EA2E81E71B908F272D1DB8DFD7E86395338EDF11C15E5BFBEEAACDBBFDFD6267A15910372C0DDFE7EBE0477CC5F5A5BF67AD970A1ABAA546FC906BA90AA0554CE60CCE4B52EBFB336BFB1ADFECFD25691248634F54347C9FAF68626E24F2726F707D97ABA15B6BDD3FDD2E9126BE50D2F08EAAA243A9FAF1007A2E553FE1952B4359B3E37249228DFF6359FBEFAD2A1C5DDEC36CEE76B5F7B69A9A2F1C8B84BFA5BB99E82C88C66C0DDF57D5E8272A0BDF21134907FECCD7D8A72B5D2F1B02B22C5501ACFDC2CC728C68D4D6F0DD551DFE5C595ABE4781CC118DDB1AFE5055637F3733D86F95BB5F8B98098934FDF5E2C26173A4A08BA542405EA4E6A7DD72A4F295A19A2F1434F4BE9A5A2FADC2D853224DFC6B49FBEEAC299AB4D4F76BED953F8665E45DBBF8ED85D52E274D803C484D002B9B024D7EB1A4E13FAD9ED6A07D2FB55F7634F43B7D8A27ADDC5C064B92B769EEC44E5CB7148ECF7DAFFDB7B3281AE648CF63316DA5739D595A8F6B892C477AE3E7278E8EB1B67F5CD0C1073CC5D396066E69AAB6FD58F8F6FE414D9D57783E32F22F356780A98D4C5A8F6B89CA971D9B609AF87249FB7754158ED88A9B960E3DEAE9C0FDBEE2C6CCD9606D7BBE2EFD8153494F00B1AC6ABFD456124807EEF735F6A98A921326971ADF743574734DED1F3BF2DF16B05B348C40000DE1AC4D34746BDF82EB29A3F199C5E153FF5152F9D26C2F0407BA919E31402C9B2313390913BCC01CDCE76400C207CC8F4B6000C6228019D47F636BB50F01C805029831FEB640D5ED2C56067A81006688B33ED6863F6CC862890AD0130430259C8145565C3BD2E0DD0D59E584490DA04798054E89BE7776E45FDFD1F4D3454DEF2C2A3C30F7B369ED0DADA36BF392805340A01708604A8CFF5359E5CB42F5BFA7A5FEF7B4D479D551FD5957F5E78A726AB1FA7FEBD8C4C789777100383D2C844E11BB96E89C4F4EC95933F772388934671BABCE6B8EF6DE565BE1A303F28731C01489A72C1DFC4BEFA40D184EDCC3CFE98F55BA80D340E04C71069842FD37B6B4F637175FEB171EB0557FCE556397ABD69E426E76AE01560A014C2347DAF8C8944AF33CB2F354E2BAA5D60F0BAAEF7435FD8DE2C2CFFE0020894BE054B29C44766969FF4D3C6D293C642BF83F87F8015D6216388506DEDB927BEE22677F89D4DE5350FD3957F5E75C85FBF92C03968A00A68CB72550DF2F2FBC237334666BDF0796FF71A140DEF11B94228575B1367CB0316737E62492E2D6DC85CFD1A445FC801EE00C302D1CE9AC3FAFCBF6122591D47CD155E35957F56FB92A0CC4DAF8B169594506F7805E2280293170535349C7D2C8473D359E778F3EA048923A938EC69E286BDDEF37259DBC2E10C0E921802931FE6465C14D0E26FFBDA4CAD5A1BCCD812C973341A01718484A896E767819F9D8CC737CADE2F21F0F6002029821F194A5831FF1D90E0BE811029831CDFF2E68E2CB4B5C250D605EDC0A07C0589C010230160104602C0208C058041080B108200063114000C62280008C450001188B000230160104602C0208C058041080B108200063114000C62280008C450001188B000230160104602C0208C058041080B108200063114000C62280008C450001188B000230160104602C0208C058041080B108200063114000C62280008C450001188B000230160104602C0208C058041080B108200063114000C62280008C450001188B000230160104602C0208C058041080B108200063114000C62280008C450001188B000230160104602C0208C058041080B108200063114000C62280008C450001188B000230160104602C0208C058041080B108200063114000C62280008C450001188B000230160104602C0208C058041080B108200063114000C62280008C450001188B000230160104602C0208C058041080B108200063114000C62280008C450001188B000230160104602C0208C058041080B108200063114000C62280008C450001188B000230160104602C0208C058041080B108200063114000C62280008C450001188B000230160104602C0208C058041080B108200063114000C62280008C450001188B00023016010460ACFF0735938B37BA4FCA9A0000000049454E44AE426082');
INSERT INTO "SpeakLocales" VALUES('Chinese Simplified',0,'zh-chs');
INSERT INTO "SpeakLanguages" VALUES('Chinese Simplified','English',0,'Chinese Simplified');
/*Solo pongo zh-chs, tambin hay zh-cn, pero debera ser lo mismo.*/


/* zh-CHT   "Chinese Traditional",*/
INSERT INTO "Locales" VALUES('Chinese Traditional','zh-CHT');
INSERT INTO "Languages" VALUES('Chinese Traditional','English','Chinese Traditional');
/*China*/INSERT INTO "Flags" VALUES('Chinese Traditional', 0, X'89504E470D0A1A0A0000000D4948445200000140000000D50806000000264C29EE00000006624B474400FF00FF00FFA0BDA7930000000774494D4507DB03030B190E91D5F88C0000100D49444154789CEDDD7B701DD561C7F1DFEEDEBD8FDD7B654BB6057560425B98F00A6F6CE33A0949EB4E279DF4311366FAE08FD0B4400A342901332D6D98B624051A089929A469681BA66993269326994E6999A49360C664486248F3222E814247B665CB92ACC77DEEAB7F487EC896A52BFB4ADADDF3FDFC675B0C7BAFA4EFDD3DE7EC59EBD58BD626020003D9AB7D0000B05A08200063114000C62280008C450001188B000230160104602C0208C058041080B10820006311C00C2AFD74B4DA8700E40201CC18A72FD1BAF73756FB30805C2080596249837F52576143BCDA4702E40201CC90BE77B555BE24541258AB7D28402E10C094E8FFED966ADB3BB24AF3EF4E56FC994803EF6D4A9292CE4A1E19905F85D53E00CC987CBAA873FF664AEB6E6FA8B9DB557DA7ABC6B75CC50D4B5639D1E08E86ACD9EF5612720608F402014C89E890AD837FE5E9AC0FD5E56D0EE46D0E940452F3BBAEEC4A22F7DCE3667ED9C216E8092E8153A4F1BCABC9AF948EFED97225EFDA40E54BC3395F67392B7D64403E11C09419FBFB8A3AAF2C5C38F7DC483FF5C0B4FADED556611D33C2C0E9B2782648FAB8E7C47AC3C7A76495BBF8D62452E77F1D4D3F53547D97AB703F9F6940B772F9DB527A53B8F817A5583064ABF9BD2E8767ADD919E29B9ADAF8C894FA6F6CE5F4BB0AF45EEE2641ECBE44EB6E696ADF9DB5D53E94D356B92C94774DD0D5D746E396EABB8A6AEC72D5FC6141E22E39A06BB90BA07F5DA0D2F991EC6AA2783A7BCB459CBE441B76D4173C8B4B4269F2DF4A6AEC72D5DA53901806044E4BEE2E96AAEFE8488EE45DD7DD1954AA58D286BBEA72FA171EFB0B861C8D3D5151EB25E2079C895C05D0F613952E9C19FFF3B7662F806BDEDD52E5EA63E3979DD71D1DFEE7F29CA531007A275797C0DEA6E0E8DD1295AB02D95EA2B8918DCBE0F2A5A1FA7FA3AD60BFADE9AF1655DF55543034FBF9644BEE79912A97CFC6311B2F0948BD5C05F0F8B33EAB30B38878FA99E22A1E51F7DC73620DDD5653383CCF49792C8D7CD4D3398F4FC9AE25B25C562E01BD909B4B60BB9CCCB97C9424EFE7B273193CF59FC5F9E3372B1AB335F2B02769E60E1100672E3701AC5C139EB4938A37CFDF6559E3DBAEA6BF5AE40C10E891DC04D0DF76F21E51562991774DB617459FE8D05F7BEABC9AAB910B60D5E42280562951E5DAF94397A5CBE06E24A134F27065B50F03C8855C04B0725528FB14F7CD7A9B82DC8D9945874FFFDB561864E12070442E02B8D09A3FBB92A87255BECE02CFC49A77B7E46FE3FD00A41C04D02A48DEE6857FA1B3B8287AB944E3B636DCD990C3365A40F60358BE2290ED2F3C2BEA6D09D84474563C61C92A263AEB8FEB12EF090C97F90076733967571395AFC8D76CF019B1A4D285D1CCD659A750188CB5EEE6A64A17F0BE21BF32BD9EC2B217BFFC3DC2DFDA517377A65F6E4F24D1B1FBE8D6DED052EB078E9ABB6766899CFE58FE5B02D5B677543C2F5263B7ABF6CBBC67C8AF4CFF7497DF1CCAE9EB6E51B0775D203D2EE3F7CB4BDAC7FDC19236EC6868E20B2579578533CF1E99BD2C8EC66C1D7CC05B956304564AA603E82D6136D35993A87249D8FD4ECB8670AA89066E3AE15238960EDCEF2B69B1EB02F22DBB6380F6CCE6A74B91B745D14B619512F9DB02F5FD6A7BD1AF1DFF6C59ED3DCC9020FF327B3A54BE2894D3BFB4A51CFED640A39FAC18B389A855902A5707F2DF1AC8BF2EE8EABEE8F61E47139F2BAFC0D101AB2FB301F44FE36CCE198855BE3054EB47997DD95D295E30F390A4F2C5E1D2EE8249661ECB9918F201012CEB6331D7DED852E5E250D1B4A5B86EF56E02C292FCEB8353DEFEB690CE6B8EDA2FF5EEF2CE2A4A762D96E54A135F2CABF9623AE2EA9E1DCBBFBE237F4B20F7FC485697C379ED3D8EF6EFA82961F50B0CB0AC01B41C69FD1D0D55B79FBC534B9E246D4B238F7AAAEF4CE74DC7762D91774D206F4B20EFDAC5B7089BFC4A49A37FCB860BC8BF1579307AE58A5083F73464F7E5EFDAAAF583820E3EE8291ACBC67C52E5CDA1CE7E607AD1AF3BF8615FF5E7D21974A05756E4B7B6F9DD82866EADA9F19DFCFC42259134FEE9B2F6FF513533F193668EFB44D3CF14D5F989231DF751B8E1AE860A67E7EF030B38DE8A9C011EFBBF497DBFD2D6C04DCD4C6F5115EEB775F0215FEDFFC9DE5291D285A1363E7CEC0C70F2A992461F9BB9DC2DAC8FE56D0AE4BF2D50F9E250E1215B43BFD7C77820726B650338ABF8B39106EF6EC83D377BB7654C7FA3A8D1C72A9979DADC898AE7457AC3635392A4609FADBDB7D794B44F7E2D762551F5ED1D4553B6EACF66F8D30A58C0AA4C59765E71B4F70355ADBBA5A9DA2F666382246E591A7DBCA2E9FFCAC653E61693C4D2C843FEBCF193A4B86969F2299E478C7C5BB5351B49CBD2A18F7B6ABEE86AFDED8D45B7B45A4DED9F381A79D057B02F3B637D0B8AA4897F29ABFD72F62EE1815E5AF5456BF59DAEDA7B6A1ABCBBA1D245291B6C4AA4892F9534FE642537E36071C35270C0D138777B00AB3306381FCB9E5938BDF686562AEE508E0E5B1A79C4CFDD165A85F5B1ECB5C9CCAC2F60B8D404F088F265A1063FD890B37EF5966034771734F288AFE87036273A00742775019424BB2FD186F737E46D59D9DD5B92501A7FB2A2892F95E6AC8903904FA90CA0A4993583EF6C6BE0775BB28ACB7F88C13E5B230FFA6A7369081823BD019C553C2FD2E0BD0DB91B976FCDE0F4D78A1AFD4445311B80024649C174C3C23AAF399A7A7A1917E226D2F867CAC40F3050EA032849DE96655C836299BD533460B2D407D0591FABFCA6E55D84773A9BAB02C8BED407D0BF2E58F6A32C5F18CA1960E713C034E90FE0D615383B3B8D072C01C8BE5407D05993A87CC9CADC83C63820609E5407D0DB1A1C7D50F772AB5CDAFD43D67383896F182ED501F4B7AEE056598E56FCCE93D5B6E6D75BB22B86451F384E6A03685713952F5FFAE56F5CB7D4FC8E7B5AB7B2F9DBCC0AA07F7DA0EACF9BF59A81E3A53680FE9640D6122F7F5B3F2A68EFED350DDFE7EBC05FF88A2697768D57BE3C48F5BE84BD64B952F18D91AAEFC8C686B4C072486D009734291149873F5BD6F03D558507675E52E379577B6FAFA9F9BDEEB7B3B20AE65C06572E0F6415A4D205A16CD3C63E8159A90CA0ED25AA5CD95D88C243B6F6DF5BD5F867CA4A4E58CA178DDA1ABEB7AAF1274FFEB753316551B4B7797678C136E73503274A6500BD4D41574F8D6B3CE76AEF1D35B5BEBFC0595E2C1DFE7C59FBEFAA291C5EFCE556AE0CF33F316049DEE663D1F3DFCA6530CC94CE002E724692B42D8D3E56D1810FFB8ABB1CE76BEF71B4F78E9AEACF2CFC5023AB98A8726D4EF6BF3F85D2F9919C75C74E892B978672FAB91306E649DD7EEF56399177F5A903D479DDD1C8839E3AAF2F7D8160DCB074F0214FB5170A1A785F537679FE333D7F5B47F59D197E14A423ADBBB9297763A4B86E296959B28E3BAB2D9E77C2D662B6B4F1D1E9A33B60DB5E22BB94C872A524B234FD755763FF5091682472267501F4AE0E6595E60FD3E453258D7DAAACA473662B78A7BE5654EBA5820677D4553CFFE47D068F1CC3A91E19997A9134FE645983F734E4BFA5BBF1BDC2FA5885F573FF2E6E593AF480A7C6B753F76302F444EA2E81E71B908F272D1DB8DFD7E86395338EDF11C15E5BFBEEAACDBBFDFD6267A15910372C0DDFE7EBE0477CC5F5A5BF67AD970A1ABAA546FC906BA90AA0554CE60CCE4B52EBFB336BFB1ADFECFD25691248634F54347C9FAF68626E24F2726F707D97ABA15B6BDD3FDD2E9126BE50D2F08EAAA243A9FAF1007A2E553FE1952B4359B3E37249228DFF6359FBEFAD2A1C5DDEC36CEE76B5F7B69A9A2F1C8B84BFA5BB99E82C88C66C0DDF57D5E8272A0BDF21134907FECCD7D8A72B5D2F1B02B22C5501ACFDC2CC728C68D4D6F0DD551DFE5C595ABE4781CC118DDB1AFE5055637F3733D86F95BB5F8B98098934FDF5E2C26173A4A08BA542405EA4E6A7DD72A4F295A19A2F1434F4BE9A5A2FADC2D853224DFC6B49FBEEAC299AB4D4F76BED953F8665E45DBBF8ED85D52E274D803C484D002B9B024D7EB1A4E13FAD9ED6A07D2FB55F7634F43B7D8A27ADDC5C064B92B769EEC44E5CB7148ECF7DAFFDB7B3281AE648CF63316DA5739D595A8F6B892C477AE3E7278E8EB1B67F5CD0C1073CC5D396066E69AAB6FD58F8F6FE414D9D57783E32F22F356780A98D4C5A8F6B89CA971D9B609AF87249FB7754158ED88A9B960E3DEAE9C0FDBEE2C6CCD9606D7BBE2EFD8153494F00B1AC6ABFD456124807EEF735F6A98A921326971ADF743574734DED1F3BF2DF16B05B348C40000DE1AC4D34746BDF82EB29A3F199C5E153FF5152F9D26C2F0407BA919E31402C9B2313390913BCC01CDCE76400C207CC8F4B6000C6228019D47F636BB50F01C805029831FEB640D5ED2C56067A81006688B33ED6863F6CC862890AD0130430259C8145565C3BD2E0DD0D59E584490DA04798054E89BE7776E45FDFD1F4D3454DEF2C2A3C30F7B369ED0DADA36BF392805340A01708604A8CFF5359E5CB42F5BFA7A5FEF7B4D479D551FD5957F5E78A726AB1FA7FEBD8C4C789777100383D2C844E11BB96E89C4F4EC95933F772388934671BABCE6B8EF6DE565BE1A303F28731C01489A72C1DFC4BEFA40D184EDCC3CFE98F55BA80D340E04C71069842FD37B6B4F637175FEB171EB0557FCE556397ABD69E426E76AE01560A014C2347DAF8C8944AF33CB2F354E2BAA5D60F0BAAEF7435FD8DE2C2CFFE0020894BE054B29C44766969FF4D3C6D293C642BF83F87F8015D6216388506DEDB927BEE22677F89D4DE5350FD3957F5E75C85FBF92C03968A00A68CB72550DF2F2FBC237334666BDF0796FF71A140DEF11B94228575B1367CB0316737E62492E2D6DC85CFD1A445FC801EE00C302D1CE9AC3FAFCBF6122591D47CD155E35957F56FB92A0CC4DAF8B169594506F7805E2280293170535349C7D2C8473D359E778F3EA048923A938EC69E286BDDEF37259DBC2E10C0E921802931FE6465C14D0E26FFBDA4CAD5A1BCCD812C973341A01718484A896E767819F9D8CC737CADE2F21F0F6002029821F194A5831FF1D90E0BE811029831CDFF2E68E2CB4B5C250D605EDC0A07C0589C010230160104602C0208C058041080B108200063114000C62280008C450001188B000230160104602C0208C058041080B108200063114000C62280008C450001188B000230160104602C0208C058041080B108200063114000C62280008C450001188B000230160104602C0208C058041080B108200063114000C62280008C450001188B000230160104602C0208C058041080B108200063114000C62280008C450001188B000230160104602C0208C058041080B108200063114000C62280008C450001188B000230160104602C0208C058041080B108200063114000C62280008C450001188B000230160104602C0208C058041080B108200063114000C62280008C450001188B000230160104602C0208C058041080B108200063114000C62280008C450001188B000230160104602C0208C058041080B108200063114000C62280008C450001188B000230160104602C0208C058041080B108200063114000C62280008C450001188B000230160104602C0208C058041080B108200063114000C62280008C450001188B000230160104602C0208C058041080B108200063114000C62280008C450001188B00023016010460ACFF0735938B37BA4FCA9A0000000049454E44AE426082');
INSERT INTO "SpeakLocales" VALUES('Chinese Traditional',0,'zh-cht');
INSERT INTO "SpeakLanguages" VALUES('Chinese Traditional','English',0,'Chinese Trad.');
INSERT INTO "SpeakLocales" VALUES('Chinese Traditional',1,'zh-hk');
INSERT INTO "SpeakLanguages" VALUES('Chinese Traditional','English',1,'Hong Kong');
INSERT INTO "SpeakLocales" VALUES('Chinese Traditional',2,'zh-tw');
INSERT INTO "SpeakLanguages" VALUES('Chinese Traditional','English',2,'Taiwan');


/* cs   Czech,                */
INSERT INTO "Locales" VALUES('Czech','cs');
INSERT INTO "Languages" VALUES('Czech','English','Czech');
/*Czech Republic*/INSERT INTO "Flags" VALUES('Czech', 0, X'89504E470D0A1A0A0000000D4948445200000140000000D50806000000264C29EE00000006624B474400FF00FF00FFA0BDA79300000E0F49444154789CEDDD7B78D5857DC7F14F12AEE27DABBB498773ED143B592B6A2101DDAAAD8AD5AAC55EB66ABB490015E4229790E8D8BA4B9F76976E9A6041102574736B150121886243422201136E064420C90939B987DC73EE677F1C8E1C86402EE79CDFEDFDFA0FF23CE4FB479E4FDECFEFFC9E87941FFEF8F5F04F9F9EA6CF5D394600E0246935C3C62F7F7DFB3E8DBDE60ADD30EE1AA3EF0180A4491B7DFD1DCB7B3D7EBD5554A9C3D54D4A9F709DC68C1A61F45D009070A9B17FD85854A9F419B9DA5078C8A87B002069D2465F7FC7F2D8BFE8F5466AB0B2BA4919D420001B4B3DDF173615556AF28C17F5263508C0A6CE29C0587D5EBF36466BF0E6711A339A1A04601FE72DC0589B8A2A353933576FFCE660A2EF0180A4B96001C6FAB406AB1AA94100B6D0AF028CB5A9F8B026CDC8D5AFDFA70601585BBF0B30569FD7AF4DC595FAE844A33226508300AC69C005186BF3AE480DFE6AC78178DD03004933A8028C15A9C1C33A74BC4153265C470D02B08C211560ACB74B8EE8AB4FBC480D02B08C2117602C8F2FA04DC58775F07883326EA60601985BDC0A30D69692239A34E345FD2F3508C0C4E25A80B13CBE80369FAEC1F49BC7E9D2D12313F16D0060D0125280B1B6941CD1E419B9FA9FF7F627FA5B01C08024AC0063797C016DDE7558078ED52B63023508C01C125E80B1B6967EAC494FE4EAF577A94100C64BEA004A527B779F66FFF40D7DFFF95FAAB1AD2BD9DF1E003E95F4018C2AF8205283FFBD7D9F5127007038C306508AD4E0933F7B53DF7B6EBD1A5AA94100C965E800466DDB7D54936750830092CB1403289DA9C1EF3EB75EF52D9D469F03C0014C338051EFEC3EAAF4CC3CFD17350820C14C378052A4069FFAD99BFA4E4E3E350820614C398051DBCB3ED1E4CC5CFDF29D0AA34F016043A61E4049EAE8F6E8E97FD9400D02883BD30F60D4F6B24F346946AED66FA30601C487650650923A7B3C9AF3AF1BF46836350860E82C358051EFEE89D660B9D1A700B0304B0EA014ADC1B7343D7B9DDCD4208041B0EC0046BDB7E798269FAEC170386CF439002CC4F203289DA9C14773F255D7DC61F439002CC2160318F5DE9E634ACFCC537E013508E0E26C358052A406E7FEDB5B9A9E4D0D02B830DB0D60D48EBD916783EBB67E480D02F84CB61D4049EAEAF5EA997FDFA8E9D9F93AD9440D02389BAD07306AC7DE634ACFCCD56B5BA8410067386200A5480DCEFBF9467D7BD93A6A108024070D60D4FB1F1E577A66AE5EDDB2971A041CCE710328456A70FECF37E991AC75AA6D6C37FA1C000671E40046FDA6FCB83266E651838043397A00A53335F870D66BD420E0308E1FC0A8C2F2134ACFCCD3DAB7A941C02918C018DD7D5E2DF88F480DBAA841C0F618C0CF50587E421999797A65F31E6A10B03106F03CBAFBBC5AF89F9BF5F0526A10B02B06F0220A2B2235B866133508D80D03D80FDD7D5E3DFBC2663DB4E455D5349C32FA1C0071C2000EC0CE7D559A327385566F2AA306011B600007A8BBCFAB452FBCAD6F2DA60601AB630007A9687F953266E651838085318043D0D3E7D3A217DED6838BD75283800531807150BCBF5AE999797A792335085809031827BD1E9F16BF18A9C1EA7A6A10B0020630CE8AF7572B63669E56BDB59B1A044C8E014C805E8F4F4B72B7E88145D42060660C6002ED3A10A9C1951B762B440D02A6C3002658AFC7A7A5795BF4E0A2B5AA72B7197D0E80180C6092EC3A50AD29B356E8171B3EA0060193600093A8D7E35356DE563DF0EC2BD42060020CA0014A0ED62863661E3508188C0134489FD7AFACBCADFAE6C25774821A040CC1001AACF4508DA6CCCCD34B6F528340B2318026D0E7F56BD98A480D1EAF6B35FA1CC031184013293D54A3A9B35668C51BA5D42090040CA0C9F479FDCA7EA940F72F5C430D0209C6009AD407875C9A420D0209C5009A98E7740D4E5B400D0289C0005AC0EE8F223598F7EB126A10882306D0223C5EBF727EB14DF7CD5FADE327A941201E18408B29ABACD594D9D420100F0CA005456BF0DEF9AB75EC648BD1E70096C5005AD89ECA5A4D9DFD92727F450D0283C1005A9CC7EBD7732B2335F8492D35080C44DAE8EBEF586EF411183A7773A7F2B75568E4F034DD72E3B54A4D4931FA24C0F428401BF178FD7A7ED53BBA6FC11A6A10E8070AD086DCCD9D5A5750AE91C387692235089C170568535E5F407FBBEA1D9E0D02174001DA9CBB2552832386A55183C0FF43013A80D717D0F297B7EB9E79AB75D4D56CF439806950800E521F5383B7DC70AD5253A941381B05E830D11ABC77FE6A7D5C430DC2D9284087AA6FE954FEB6720D4F3BFD6C901A840351800EE6F505F477ABA94138170588480D16946B585AAA26DE38961A84635080902479FD01FDFD9A7775CFBC97A94138060588B3D4B77629BFA05C6969A9BA951A84CD51803887D71FD08FD7BCAB6FCC7B59476A9A8C3E0748180A10E7D5D0DAA5FC820A6A10B64501E2823EADC16756E9703535087BA100D12F0DAD5D5A5F50A1D4D414DD3A9E1A843D5080E837AF3FA07F78E53D7D7D2E35087BA00031600D6D5DCADF5AAE949414DD460DC2C228400C8A2F10D43FAE8DD4606555A3D1E70083420162481ADA22EF0D2A45BA6DFCE7A941580A058821F30582FAA7B53B74F79C95D4202C850244DC34B6752BBFA05C6149B7DF440DC2FC2840C4952F10D43FBFBA4377CD59A98F4E508330370A1009D1D8D6ADF5A76BF0B6F1639596CAEF5A980F3F954898680DDE3D77950E9D6830FA1CE01C1420122E5283150A85C3D4204C859F4424852F10D44F5E7B5F77CD59490DC23428402455D3A96EE5175428140AEBF69BA841182BE5AABB9F0F1B7D049CE991B1A3F5930997197D061C6C98D107C0798685C37ABCA1428FEFAB50F3467EFFC2380C2092EA0B7DADCAA929D417FADA8C3E056000911CC343213DDE58A1C71AF7695898EA8339308048B82FF6B52A9BEA830931804898E1A1907ED858A11F507D3029061009F1C5BE56E55417EA8F3D541FCC8B01445C45ABEFB1C6FD4A0B878C3E07B820061071F327BD2DCAA929D4F59E53469F02F40B0388218B545FB91E6B3C40F5C15218400CC90DBD2DCAA6FA60510C2006657828A41F3594EB074D541FAC8B01C480DDD0DBA21CD74EFD11EFF5C1E21840F4DB8870483FAA2FD75F517DB0090610FD72636FB3B25D45541F6C8501C4058D0887F4D70DE5FA4B3EE1850D318038AF1B7B9B95E3DAA9EBFAF88417F6C400E21C541F9C8201C459C6F744AA6F1CEFF5C1011840488A54DFDFD47FA8EF371DA4FAE0180C20A83E381603E86023C2413D515FAEEF517D702806D0A1A83E8001749C11E1A066D47FA8EF361DA2FAE0780CA08344AAAF50E33CED469F02980203E80067AAEFA0D2F8BF39804F31803677534F93725C3BF587541F700E06D0A6A83EE0E218401BFA524F93B2A93EE0A218401B19190E6A867BAFBED37C88EA03FA8101B409AA0F183806D0E2468683CA3C5D7DA9541F30200CA0857DA9A74939AE427DDED361F429802531801634321CD44CF71E3DDAFC11D5070C010368317FDAD3A89C9A9D1AEBA5FA80A162002D82EA03E28F01B4809B7B1A955D53A8B1DE4EA34F016C850134B191E1A066B9F7683AD5072404036852137A1AB4AC6627D5072410036832234301CD72EFD5F416AA0F483406D04426743768998BEA039285013401AA0F30060368B009DD0DCA76EDD4B5541F90740CA0414686029AEDDEA36FB754527D8041184003FC5977BD96D5ECD4B5BE2EA34F011C8D014CA251A18066517D8069308049F2E5EE7A65517D80A9308009362A14D0ECBA3D7AA495EA03CC86014CA02F77D76B594D91FEC0C727BC8019318009302A14D093EE323DD25CA914A38F01705E0C609C7DA5BB5E59541F60090C609C8C0A05F494BB4C0F537D8065308071F095D3EFF5FD3E9FF00296C2000EC1E8905F4FB9CBF450F361AA0FB0200670906EE9AA57968BEA03AC8C011CA04B827E3D594FF50176C0000EC0C42EB796BA8AA83EC02618C07EB824E8D793EE323DD442F50176C2005EC4C42EB7B25C45FA3DAA0FB01D06F03C2E09FAF5947BB7BED57284EA036C8A01FC0C13BBEA94E52AA6FA009B6300635C12F4EB69F76E3D48F5018EC0009E36B1AB4ECB5C45FA5D5FB7D1A7004812C70FE098A04F4FBBCBF400D507388EA307F0D6CE3A65D5527D8053397200A93E00920307F0B6CE93CAAA2DD6EF507D80E3396600C7047D9A5357A66FB6527D00221C3180B7779DD45217D507E06CB61EC031419FE6D6EDD6FDAD1F537D00CE61DB01BCBDEBA4B25C45BAC6D763F429004CCA76037869D0AFB9751F681AD507E0226C35805FEDAAD5525731D507A05F6C318091EA2BD5B4D6A3541F807EB3FC00527D0006CBB20318ADBEFB5B8F1A7D0A008BB2E4004EEAACD55257913EE7EF35FA14001666A901BC34E8D7DC93A5BABF8DEA033074961940AA0F40BC997E002F0DFAF4CCC9524D6BFBC4E85300D88CA90790EA039048A61CC0CB023E3DE32ED57DAD541F80C431DD004EEEACD512AA0F40129866002F0BF834AFAE44F7B61D33FA14000E618A014CEF7069496DB17E9BEA039044860E20D507C048860D6046874B4B6A8BF45BFE3EA34E00E070491FC0CB023ECDAF2BD53DBCD707C060491DC0291D355A5C5B4CF5013085A40CE0E501AFE6D595EA1E9EF5013091840FE0D48E1A2DA2FA009850C206F0F28057F3EB4AF50DAA0F8049256400A776D468B16B97AE0EF05E1F00F38AEB005E1EF06AC1C9127DFDD4F178FEB3009010711BC0A9EDD55A52BB4B570578D607C01A863C805704BC9A4FF501B0A0210DE01DEDD55A4CF501B0A8410DE015A79FF5DD4DF501B0B0010FE09DED555A545B42F501B0BC7E0FE095418F16D496E8AE532712790F00244DBF06F0CE8E2A2D72517D00ECE582037865D0A385B525FA1AD507C086CE3B80777654E9595789AEA6FA00D8D439037855C0A305B5BBF4B5F62A23EE0180A4396B00FFBCBD4A0B6BA93E00CE304C92AE0EF4697E6D09D507C05186FD457B9516507D001CE8FF0059201AEBB8C84BDC0000000049454E44AE426082');


/* da   Danish,               */
INSERT INTO "Locales" VALUES('Danish','da');
INSERT INTO "Languages" VALUES('Danish','English','Danish');
/*Denmark*/INSERT INTO "Flags" VALUES('Danish', 0, X'89504E470D0A1A0A0000000D4948445200000172000001180806000000414B7D3500000006624B474400FF00FF00FFA0BDA7930000000774494D4507DB04020A1A3070C767A60000042349444154789CEDD6B10DC2400004414C8C6B21C0FD574060D7E2029E0E0840E8B568A6828B56B7ECB7C7B8F0B7EEE773F684B78E759B3D01F2AEB30700F01D21078813728038210788137280382107881372803821078813728038210788137280382107881372803821078813728038210788137280382107881372803821078813728038210788137280382107881372803821078813728038210788137280382107881372803821078813728038210788137280382107881372803821078813728038210788137280382107881372803821078813728038210788137280382107881372803821078813728038210788137280382107881372803821078813728038210788137280382107881372803821078813728038210788137280382107881372803821078813728038210788137280382107881372803821078813728038210788137280382107881372803821078813728038210788137280382107881372803821078813728038210788137280382107881372803821078813728038210788137280382107881372803821078813728038210788137280382107881372803821078813728038210788137280382107881372803821078813728038210788137280382107881372803821078813728038210788137280B8658C31668F00E0731E39409C9003C40939409C9003C40939409C9003C40939409C9003C40939409C9003C40939409C9003C40939409C9003C40939409C9003C40939409C9003C40939409C9003C40939409C9003C40939409C9003C40939409C9003C40939409C9003C40939409C9003C40939409C9003C40939409C9003C40939409C9003C40939409C9003C4093940DCB2DF1E63F6087EE77E3E674F78EB58B7D91320CF23078813728038210788137280382107881372803821078813728038210788137280382107881372803821078813728038210788137280382107881372803821078813728038210788137280382107881372803821078813728038210788137280382107881372803821078813728038210788137280382107881372803821078813728038210788137280382107881372803821078813728038210788137280382107881372803821078813728038210788137280382107881372803821078813728038210788137280382107881372803821078813728038210788137280382107881372803821078813728038210788137280382107881372803821078813728038210788137280382107881372803821078813728038210788137280382107881372803821078813728038210788137280382107881372803821078813728038210788137280382107881372803821078813728038210788137280382107881372803821078813728038210788137280382107881372803821078813728038210788137280382107881372803821078813728038210788137280382107887B01CFE510467019D2EF0000000049454E44AE426082');
INSERT INTO "SpeakLocales" VALUES('Danish',0,'da');
INSERT INTO "SpeakLanguages" VALUES('Danish','English',0,'Danish');
/*Solo pongo da, tambin hay da-dk, pero debera ser lo mismo.*/



/* nl   Dutch,                */
INSERT INTO "Locales" VALUES('Dutch','nl');
INSERT INTO "Languages" VALUES('Dutch','English','Dutch');
/*Netherlands*/INSERT INTO "Flags" VALUES('Dutch', 0, X'89504E470D0A1A0A0000000D4948445200000140000000D50806000000264C29EE00000006624B474400FF00FF00FFA0BDA7930000000774494D4507DA040614160A48F83B90000002E549444154789CEDD6311502511004413E3A482E4309E6CE0B16F7646CD0550A26EA37E7FFF9CE0B20E8BD3D00608B00025902086409209025804096000259020864092090258040960002590208640920902580409600025902086409209025804096000259020864092090258040960002590208640920902580409600025902086409209025804096000259020864092090258040960002590208640920902580409600025902086409209025804096000259020864092090258040960002590208640920902580409600025902086409209025804096000259020864092090258040960002590208640920902580409600025902086409209025804096000259020864092090258040960002596766667B04C0060F10C81240204B00812C0104B20410C81240204B00812C0104B20410C81240204B00812C0104B20410C81240204B00812C0104B20410C81240204B00812C0104B20410C81240204B00812C0104B20410C81240204B00812C0104B20410C81240204B00812C0104B20410C81240204B00812C0104B20410C81240204B00812C0104B20410C81240204B00812C0104B20410C81240204B00812C0104B20410C81240204B00812C0104B20410C81240204B00812C0104B20410C81240204B00812C0104B20410C81240204B00812C0104B20410C81240204B00812C0104B20410C8124020EB5CBF7BB647006CF000812C0104B20410C81240204B00812C0104B20410C81240204B00812C0104B20410C81240204B00812C0104B20410C81240204B00812C0104B20410C81240204B00812C0104B20410C81240204B00812C0104B20410C81240204B00812C0104B20410C81240204B00812C0104B20410C81240204B00812C0104B20410C81240204B00812C0104B20410C81240204B00812C0104B20410C81240204B00812C0104B20410C81240204B00812C0104B20410C81240204B00812C0104B20410C81240204B00812C0104B20410C81240204B00812C0104B20410C81240204B00812C0104B21E455509864447EA2B0000000049454E44AE426082');
INSERT INTO "SpeakLocales" VALUES('Dutch',0,'nl');
INSERT INTO "SpeakLanguages" VALUES('Dutch','English',0,'Dutch');
/*Solo pongo nl, tambin hay nl-nl, pero debera ser lo mismo.*/



/* en   English,              */
INSERT INTO "Locales" VALUES('English','en');
INSERT INTO "Languages" VALUES('English','English','English');
/*UK*/       INSERT INTO "Flags" VALUES('English', 0, X'89504E470D0A1A0A0000000D494844520000007D0000003F0806000000CD10C74200000006624B474400FF00FF00FFA0BDA7930000000774494D4507D90711130D22DDCE292D00000DF749444154789CED9D7B788C67DEC73FCFCC24724222A7215A4224111204F5524B2652BA042DBA0EEDA2BAC8B97D4BE3BDBA45D0F6BAA4ECA522116C2D59C796B4556C1D3693A8C35A67718A43834A4D4E1239104966E6FD634C76C93CF24C244A329FFF92B97FCFEF8E8FC94C9EB9EFEF2D5C193D55AF9C138943FF3E9843DA919F99BF5CCDC1E337CCAA6B6C8A4F7E4CEB9636355F5F099D4CF9D19392EBEDFB05D265674ACDD7774B2B700CFCBC41E7F8B40CECD38105312A82FB7702405F5945E1A66FC95DB69AAA1C8D689D43FF3E28E744A2283B748CABA3A6E2F0BB7EB49D13897DBF40498D83FB7722B87F27F61FBE46DC7235874EDC6C901FC88238AFF67E99B8181521033A0306D977B67C47EEB23554FEF2AB689D7DBF40DACE89C4E177FD0050181F28FBE928577E3A4ACBC1FD51C64660FF4A2F49130919D09990019DD97BF02AF396A571F4CCADA7F9B92C98A05F8FF62CFC2098A103BD00D0576BB9B3F57B7297AEA2F2971CD13AFB577AA18C8DA0E5E0FE8F7C5FF1F8C0D28C2394661CA1A56A00CA8F22B1EFDB43D2C4860EF462E8402F76A75F262E41CDB1B3E293B1208DBE011EC445AB181EE40D1864176DFB01CD92642A6F883FB9ECFBF640F951242D55034C3EAE50B83A539D5F58EB8152F5614AD58769153C10656C0476BD03244D74789037C383BCD9A9CE6241423AC7332DF2CDA58FBF07F3A3830855F9000F656FDF45EED2641E648BBF8CDAF50E40191B41ABE0814FBCBEC2EFC41E0AFEB685BC84B55417DCA935A024ED20256907691532C820BF577749130F55F93022C89B9DEACBC42D4FE3E4F9DB92EA9A3381DDDA1217134CA8CA1B4110D06B7506D97F59C5836BD745EBEC7A7537C80E1924A98F42666B835BC4545CA68EA760ED16F256ACA5BAB0A8D6C092FD0728D97F8056C382681B1B816D805F9D1717048191C13E84AABCD9F1CF2CE296A771FAA2F8BBCBE64ACFAE4AE262821935C4074110406790AD599ACC83ABD745EB6C03FC681B1B41AB614166F5938D9CB191E39939C8EC6C718B7A17BF137B6837F77F51B471325950B2279DAC90F1644F8EE1FEB94B929A0882C0E8105F4E7E1F4E6AE244027CDDCD9A645325C0D79DD4C4899CFC3E9CD121BE087A3D45A9BBB934703437C2FF4F54B86D775F3C5396E3B37FAB59C28F67E63072C64604BCE6EA05412054E54D5C4C3081DDDA02A02BBF47FE9A8DE4AF5C4FF59D62D35711045A0F0F46191B89AD9FB7E4E67ABD9ED4BD175990A026332B57729D145E84BFD3FD7DDC991FAD62CCD0AE35CFECE21D7BD12C594945D635D13A5B3F6F94B191B41E1E0C8220B9DFC9F3B7895B9EC64EF565F47ABD41BAF14141101835C487B898607A765502A02B2B277FCD46F256AE475B74D7F4550501C71121286323B0E9DA45F264743A3DDBF75C60E10A35E72EE749AE7B12CFB3F4EEDE6ECC8B523176981F32D943D93BF7A159924CC5C52BA275365DBBA08C8DC071448859B24F5FD410B73C8D1DFFCC42AFAFD1FCA8F49A6F0A02638676657EB40A7F1FC3AF626D4919F9AB52C85FF577B4774B4D7791C9700C7D0DE5EC30B3E57FF38FF32C5CA1E6C2D57CC975A6781EA5FB79B9322F4AC55BBFEF6690ADD753BC6B3F9AF8A4BA65CF0EC331F43590C924F7CBCCCA6541829AD4BD171F916DC4A474233299C0D8617ECC8B52D1DDDB0D00EDDD52F257FD9DFC5529684BCAC40A711C3514E5EC706C7C3A4B9EAC4EA767EBEE732C4C5073E9E702C975FFCDF324DDB7930BF3A2558C1FDEBD46F6DDDD6968E213B97FE1B2689D8D4F6794B3C3711C35D42CD9E72EE7B170859AED7B2EA0D3896A7DB274233299C05BBFEFC6BC28157E5EAE00688B4BC84F4E217FF506B4A5E2F29DDE781DF7D9E1D874F1943C799D4ECFE69D992C5A914E56B679F29F07E93E9E2ECC8D0A6262A8FF7F64FFA846139FF4C437BF365D3C719F1D8ED31BAF9B25FBC2D57C16AE50F3CD3FCE3F51B61149D28DC86402E38777675EB40ADF4E2E00688BEE92B7723DF96B36A22B2B172BC469CC7094B3C268E1D5516A3BB45A1D9B7EC8E4D3A4742E67D7BE81648ADF52BAB7A7339F44043169A43F72B90CF47A4AF666703B3E89FB672F88D6B5F0EA887256184E63869B25FBD2CF052C4C50B375F73949B28D9825DD884C263031D49FB95141F8781AE457DF2926DF28BFFC9EE96672194E6347E0FEE14C5A74EE28B95FB556C7A61D67599498CED51BB56F20FD37BF8574AF0E6D981B19C4A4510128E40669257B33D07C91C4BDD3E745EB5A74EE88FB8733711A3B02412E5D765676018B56A4B37967A659B28DD44BBA11B95CC6A491FE7C121184B7A73300D5778AC84B5C47C1579BC5E52BE406F9B3C268E1F9B2E47ED55A1D29DF9EE6D3C40CB26FD5BE8104CF56BA677B273E891CCCE4377BFE4776DA41348B13B9773253B4470BCF97719F156690AD904B9EDBE5EC423E4D4A67D30F9968B53AC9758FF354D28D28E432268D0A606E64105E1DDA00505D5844DE8AB514ACDD82EEDE7DD3CD15729CC68D44393B0CEB0EED25F7ABAAD6B23EF5349F2565703DE7D17B08CF427A470F47FE1C319829637A62F5505AA9FA309A2F12293F7646F4DAD61DDAA39C1D86D3B89166C9BE7AE30E8B12D3D9B4E32CD54F21DB48834837A290CB7867740FE64605D1E925C31DBDEA823BE425ACA5E06F5BD0DDAF303D09851CA73F8C42392B0CEB973D24F7ABACD2B26EFB293E4F3EC08D87F21B537A070F473E0E1BC4D4B1BDB0B67A283BE3089AF824CAFF7D4AF49AD62F7B185EB3FF30CA2CD93FFF52C4A215E96CF8FE4C83C836D2A0D28D28E43226BFD9934F2207E3D9FEA1FCFC4272977F45E1BAADE82A1E989E8C958236E347E3FEE14CAC5F6A27B95F659596B5DB4EF2F9CA0364EE8A6C70E9FE2312F9387C10D3C605D6C82EFBE928B717273EF1DAD62FB5C3FDC399B4193F1AC1AAD6A7D8A264DF2AE2D3C40C52BE3DDDA0B28D348A7423560A3953C6F4E4CF1183E9E8E10840555E01795FFE95C2946FC4E55B5BE13CE94DDC3F988195875272BFCA2A2D408D18787AE98F5FB3ECD031348B13293B725CF41A561E4ADC3F9881F3A43711ACAD24F7BE9E53CC674919AC4F3D4D55B556729DB934AA7423D65672A68EEDC5C76183E86094AFC9236FF95714A66C43F7E009F2DF198BFBFBD3B16A57BF0F699E56BA91B223C70DB20F1D13ADB56AE78EFBFBD3717E67AC59B26FE414F379F201D66D3F55F39FAC3111F4A6EED335211A4A7A5342FA1F87169A0C16E9CD108BF466889035E4AD26FD9A7EEF8CF83D6F31EC7AD4BD14EC454638E5D2AD494BB7501BCBAFF76688457A33C422BD196291DE0CB1486F8658A437432CD29B2116E9CD108BF46688457A3344D1D4EF335BEEBDD7C6B288E2312C8B282C34492CD29B2116E9CD1085D0655EA33731B51A560AFACA2A0A376C27F7CB3554FD2A9E58E1F06A5FEA937AD9D054FD9A4BEE976B28DCB01D7D6595C931B2162D709E3C0EB798F7B0521AB67F3FF3D5B0CF7ADDBB14CC8DBD7478B52FF06CD6BD4BA12A4743EEB2D5146EFA565CBE4D0B9C27BF85DBFB7FC2CACDB009F459AD7B6F945FEF0AB98C69E302C9DA17C39ACF464B16AEAFAAA670C3762EFE4F28B73E5A282ADCBE5F205EA95FE1B5631D0EAFF6A5B24A4BF2E663780D59C6FD0AD3FFC8F5E57E45155E439691BCF998E467A1958792F65FCCA3EBBF761AD6C09BD8DDA2AB7840FEEA0D5CEC3D8C9CB9F154E717D2D1C391359F8D266B5F0CD3C605D66C8A6C681A7D2F9B14F4D55A8ABEDE816669329537A5C75E3E0F7BD9A450793307CDD2648ABEDE815EE4192CB3B5C1E5DD09B8454F43E162D804FA5CEF6533B56B550AF58DBD7C1E77AD4AA1F2C62D344B9229DAF683B87C3B5B5CA64DC02D6A1A0A67C313E7B9DAB56A6A7FBA1424C75E06FAA39C1359137BF922EC4F97C283EC9BE42E4DA668FB2E71F9F676B8BC3711B7C8A935997EBFE9FE7453491452901C7BD9B31BCA8F2268357430F062265148E1C1B5EBE4FE659541BE884499BD1DAED3DFC6357C0A8A3686F746CF3489C254E68C24743A8A52774B8FBD1C3A1804E1C5CF9C91C883ABD70DAFF9A9BB412722DFC11ED7E96FE3163E05B9536BA09133674CA54B4942A7A3E8BB1FC95DB2928A2BD9A2C36CBBFBA28C8DA0F5EB2A1084A6972E25918A2BD9E42E5949D1773F8ACA97B774C075C63BB8864D46EED80A68E0742953397292A867EC6593CF91934845D635344B5652BC63AFB8FC560EB8CE9C8CEBCC3F226FDD1278CA1C3953899192A867EC65B34B8C9448C5C52B68962453BC739FB8FCD62D719DF9475C674E46DECA01303331D25436AC24EA197BD9ECB361255271F10A9AF8248A77ED07914FC2E54EAD710B9F82EBF4B79139D8037564C39A4A8196443D632F2D29D08FA5404BE4FE85CB68E213B9BB3B4D54BEA28D23AE46F9F676808914E8D0E91BF4F3A383E8E32F3DD5A9BEB1977ABD9EEFF65D222E218DB3971A56B6911741BA91005F77E2A28379E3355FF3E49FBB84263E89BB3FAA9F20DF09B7C8A9B8BC37B146FEF1CC1C1624A49BBF72A6646F06B717279A157BA9D7EB9FD9C90E2F927423B54E7690C8FDB317B8BD389192BD19A26314CE4EB8454DC365DA046476B68019CBA54AF61F40139FC4BD53E744C73C1E7BA9D7EB9FF9192E2FA274238F9FE122957BA7CEA1894FA264FF01D1310A9736B8454FC3E5DD09754B2F493B68907DE2ACE81853B197BFD5694D2FB274238F9FD624957B27CE1AE4A71D141DA37075AE7D2E9B91FAC65E5ACE657B7A8C67AD3C7E2E5B5DD8F50EA0D3D664CA8F9D41F34522A5EAC3B5C654E7179A3E8CAFCED8CB973C709FF53009F1A16CCB098C0DCFB1B3398C98BEA1D6098C7561DFB7079DBF5E4DF9BF4FA1894FA234E3C8238F3F72ECA6A4D8CB0FA6D366C21B35E17896B3561B9FA3676E31ECDD945A67ADD685FD2BBDE8BC6D0DE5474F727B7122653F1D05301CB05B9FD8CBE7F554E5A6CCA11337796DCAFA5AA72AD78571A59131F5F2FF011B5438A00B32526C0000000049454E44AE426082');
/*USA*/      INSERT INTO "Flags" VALUES('English', 1, X'89504E470D0A1A0A0000000D494844520000007D0000004208060000007AACD95D00000006624B474400FF00FF00FFA0BDA7930000000774494D4507DA0A0513301A3E5BAFDA00000D8649444154789CED9C7B784D57DAC07F3BE7E47E21F743845C883B09266850D7565DEA6B83A286A1465554E954BFCF75B4334CAB7D30F4519DEAF8DA519DA2ADDBB884964134F91A495490884424222757B927E7BABF3F225BB67DD2A2537DEAECDF3F2767BF6BAF77EDF5EEB5D6FBBE6BE50844CC117904385676E5976EC2AF0687BB2F04F87AFEE00D3F55FEB074A8B48C64743F6F0FFA746BCFE61553090BF6C751AB9115747375222CD89F8FDF9E4D78FB005A79BACAE4822010DACE8FE5F3C6327E586F747EAD14CA747EAD183FAC37CBE78D25B49D1F8220C8E4AD3C5D096F1FC0FFBE359BB0607FDC5C9D647247AD86B0607F36AF98469F6EEDF1F3F6F8C91D608F4846D7681CF86CFD5CC60F8F64544C574C668BACA0D16866D18C110C8DEECC7B2BA728E4A228D2332288399307B36DED4C3CDD9D15CA3CDD9DD9B6760673260DA6674410A2285F594C660B9B574C6558FFCE2C9A3902A3D1AC908F8AE9C6F8E1BDD8B97E2E1A8D62A252B907B44D7F149556B1E7E8395C5D9CB898755351D06CB1F2EDF91CAAEB0C94945753576F5494399F71834FF727029075BD5821CFBA5ECCDEE36908B7CBDE4D5DBD91F8848BA45ECE233DAB00B3C5AA287331AB80ADFF3C4583C1445169D57D3DAC4A234273474EA371C062B14A9F00E386F5E2E089EF5B948F1DDA8B7F9D6C591E111208C095DCA207AEE3C7DA00604C5AFF73F4CF2389B6F997A64EB458ACF8FB78B2FCA5B1CC8A8D61DD0787D9F0C97169743775FAFC694359FAE218BE49CCE08F9BF6919D5722ABE7A9213DF8E3CB4F2300AB37EFE7F0A974998EF0F6FEBCB1700223067661EDD6436CD979522677737562F18C91BCFEE268B6EF4960CDD643949457CB7434E1D85A75EEEE951617C592F26AAAEB1A70002E5FD32BA6738BC5CAD76733F0F270C551AB910CDE9CF8844B04EBBC09D6F9109F704921CFCE2BC151ABC1D3DD95AFBFBDAC30645DBD91CBD70A71C0819ADBCB8ACA4F477BF7054F7717AA6B1B00F8E66C061BFE1E4F44A8CEA65CA311E8346A393D22DADA94BB38393269E156E9EFDA7A83A2CCB6DDA759B4E69F324FBCB9FC6671251D86FD37BDBB04DB94ABDC3FB291EEE1E6CCB27963A4EF27923228AFAC23312D47BAF6973F3C2BFD7DE14A018525151C6B368A67C7C6D0A9430000B5F506CEA6667336355B3278A70E01CC8E8D91CA1F4BB84461492517AE14D8D49198964379652D279232A46BCBE68DC1C34D191DA8DC1BD248EF1ADE86F8BF2FC6CFDB03511459F5D77D32EFD9CBC3956D6B66327E782FA27B86F2F44BEFA12FAD94E48220B060FA30DE5E3291375F99C098DF6F2221E5AA4C594C9F8E1CDAB61067472D5651E4BD1D2764619BCEAF15FBDF5F40AF2EED08F0F562CEF28FA9AAA9BFD3588D036F2EFA2F16FD6E24BF9D309051B3D67339BB108084BE53FFF3BDF3882219FD727621074E9C272CD89FAF8EA52AC2A5AA9A7AF61E4FC5C549CB9994AB328343639CBEEB7032CF3ED187F28A5A85C1011252AE72FCEC657CBCDCD975385911A7EB4B2BD9139F82BEB492BDC753650687C6B0F1ABF814FA746B4F4E7E89647080FAEBCA3053C536B290CDDDD599DA7A83F40930302A9C6F53B36572375727C9B11B1019264DFF4DD7DD5C9DA86F30218A22ED74DE00DCD0DF4210045C5D1CA5323F54C78FB5A1B91CD4DCFBFDA0C1B7CFEAA62F4D593693D982BF8F2773270F61D38A299457D67125B7483292C96C41A37160EAB868362E9F825F6B77F20A6F515C562DABE7F1E808DE583881A71EEF89BEB492DC8232998EB0607F16CE18C1AAB8F19457D67229BB50CAC299CC16DC5C9D983E61005BDF988ED52A929D5F4245759D4C471333EACB7EC66E7AB4F8C1902D24C88FD69E6E184D669B215B668E9E609D0FD1BDC3C8C957866CC917AE1313154E4C5438C917AE2BE439F925F48F0C2358E743664EA1CD90CD6034E3EDE54687205F3564FB0FA108D99C1CB5184D8DA3EDF4B92B7CF0F9298202EF6C9E383B6931DC1E8D82203068EADB740DD7D9BC1F60C19B9F2994362FF3E9BE4456ACFF0A07873BEF5F731DC56555F48D5D43B71FD00110FDF5DFEEE3B1ED1BD99AEEECA4E595192359B7ED488B37AC9C3F8E3F6D39D8A2FC85898338723A9D82A20A9BF2A0C0D68C1EDC838FF69C79601DAFCF19CD5F3F392EBD180062E6872D965791230DAF2E613ABE3FB09A9571E358B3F819B477ED6079BABBB0E3DD392C9DF71427FFB144B175DA18B20D67C3F229247FB982C7A2C215CA1E8B0AE7BB2F56B071D9732C983E5CB1B5AAF36BC5C91DAFB174DE183E7D670E9EEE2E32B956E3C09AC5CFB02A6E1CE70FACA64B980E95FB47B26C468E9EC4B46CF20BCBD979304911B255D736B0FFEB3472F24A38723ADD66C8B6637F2237F5B7B8987593B3B7BDEDE69C4DCDE6D2D59B141457B0637FA2CD90EDC8BFD3C9C92B61DF37698AAC9BD96265E7C124F20ACB494ACB212347FF933BC01E914DEF817E5E149755E3EFE32179E25DC3DB48F170A09F1745A555D22734CE104D9DEFEDE5464D9D01EF566E9494D7208AA2945E2DBD55832008F8FB7870ABB20E0F37676E55D529EAB0A5A3791B027C3D2929AF21C0D753B6B5AA4EEFF78ED0D21939DFD61EF4EF1DCABA25B12C5AFB3967CE5DA5C16092E41A8D0343FA45B066F1336CFAC771CE9CBBCA0DFD2D591D915D8399753BE5BAFD8B04D22EE7CBE4ED74DE0CEADB9185BF1DC1F20D7B39957C45E6C1BB383B32A86F47362E9BC2EBEFEC26E97C2E651535361FE4FB416D6D5E5751A2F0DE9B28AFAC65F2987E84B50F202244C7F1B39765728BC58A56EB4064D776C43D3F9C2F8EA628EAD09754316D5C7F0401FEB2F5B0425E545A45DCB4E144760D467BD7FE384083C14444888EF0F6FE4C1E13CDE153175B7C90A27D277FEC59556EA330BA200888A288288AFCFBFFAEB0EB50B2CCA9737010B05A1B2787BA7A23D3977C4450606B2959D25C5E5DDBC0DB1F1E0144D9FADC54C664B6B0EBC8776CF8F818750D469B3A6EE8CB897DF97D02FDBC241FA0A98D2A0F86E2E4CC0B1307F1B7CF4FB578C34B5387F2FE67275B944F1ADD8F6F12335A9C867D5B7B307C4017761F497E601D739F1BC2477BCEC86606350D7BEF4869D82E613A0E7EB080C9A37F839BAB1367CE65616D369A3CDC9CD9BC722AAFCE7A82FEBD43399194496D9D415659DCF3C358B724962963A349B994A758E3074685B3774B1C139FEC4B7D8391EF2EE4CAE4817E5EEC7CF7F7CC7D6E082141BE9C4CCAC468BA936ED56A1C58B5603C4B5F1CC33323A338732E8BD25B8D2F979A86BD77A4E93D2347CFD5BC5242DBF9B3637FA22264ABA93370F4F4459E1E1149E2F91C9B8712B77F99C0CAB8B15454D5491B24CDF936359B8AAA3A7C5ABBB3FDCB0485BCA8B48AC4B46CA27B8772F4743A3577BD54668B951DFB13993F6D18D9F925B290ADEBFAD7EEFFE9ED14D9F4DE3954476E41296D035A73ED4629D098416BCAAE4584049275BD9888904032AFE915F2403F2F1A0C26027DBDC8BA5E8C288A5282A5BAB6014110E8D42180A2B22A5C9C1DA517A7791D9D43755CC92DA2538700E930657379683B3F6E16571012E427B501D490ED7E90EDB29555D460B158A9A8AAC3DFC793EE1DDBF2E19F66F27DE60D6AEA0C1496544AE59C9DB444760966E3B22914965461325B282CAEC460345356510B40F74E6D991D3B888191E19456D4505C564D59452D06A399DA3A03ED74DEF4EB11C25BAFC59291A3A7BCB296A2B2AADB3A6AF17477A16744101FAE99497AD64D4C260B054515582C5685CFB0FAE5A71F5297FDFA697197ADAAA69E5571E3E9DBB3031346F6564CB506A399EE9DDAF2787404EB974EB679664D40E00FB347F1EAAC5108080A79756D03EB973DC7D0E808BA776A2BCBA543E39232614424BFE911C2CAF9E314872A541E8C16E37483D14C7CC2454E266592AF2FB71922E51694F1E7F70FE1A875A0B25A6990ECFC623ED997088864E72BFFF9A1B2BA9EAFE253309B2DE416281D31511449CF2A60F9C6BD984C66C54BA1F260C8D6744110887DA20F7B8E9E03EEC4CBCDE3E249A3FB49E1962DF9E8C13D4848B92AADE177C7D69EEE2EC4F4E9C891D3E9B2EBCD63F3E63A6CC9273ED9972FE253642F62D6F3FD7EBE5E7AC490467AE7501DEFFECF2406F40A2334D88F0DDB8F491EBC288A78B839B37CFE385E993E9C27077767D9FA2FA5FC7C53E7CF993498957163C9BB798B25EB76CB4ED18AA2C880C830DE797D221DDAF8F2E696836CDB7D5ABAD76A1509F0F564EDABCF32755C347D7A7460CD9683D2B262B58A68350E2C9E358A252F8C66E6B331BCF6D62EC999CBDDB4F32174D7A381B4A6675ED3536F30E1ECAC65DFF1349B215BF2856B18CD66726F944A066FCECE0349B4F270C3C5D95166F02612D372707176C2CBD3959D079214F2E2B26AAE159462325948BE70CD66C8B6EF781AAE2E5AEA1B8C32EF5DE5DE914DEF317D3A9291A327C0D75376D2B4897E3D42B8947D93DE5D826DC6E1C16D7C701004DAE9BC399B9AADF0030441E0B1A8706EE86F611545F20BCB15750C8C0AE77C463EDDC2DB929C9EAB90770D6F437159355DC274B213B76A46EEDE697197EDD7866AF47B473BB7DBA371FA24244A75E4EE154154B7ABEC0EF5A71CEC10D5E876886A743B445BF0C9815FBA0D2A0F19E198EF10D591B333D4E9DD0E518D6E87A846B743B4811386FED26D5079C8A819393B449DDEED10D5E876886A743B445B753EF3976E83CA4346CDC8D921EAF46E87A846B74354A3DB215AD70EEACF76D81B6A46CE0E51A7773B4435BA1DA21ADD0ED19A2AD45F56B637D48C9C1DA24EEF76886A743B4435BA1DA21ADD0EF97FB87D811F1AE541FF0000000049454E44AE426082');
/*Australia*/INSERT INTO "Flags" VALUES('English', 2, X'89504E470D0A1A0A0000000D4948445200000140000000A008060000007DA3B59C00000006624B474400FF00FF00FFA0BDA7930000183049444154789CEDDD7B5454E5DE07F0EFCC70919B80CA2DC5A3802699F5723942A532DE32312160658521626AE69B95CB65B6D6A940CFE9AC4E5A5676AC4EC7B2D7F0989E14C124EF9897BC005E1211853847C1B8688A200A32CCFB07310A73BFB167667F3F6BB1D6B8E7D9CFFC0687EF3C7BEF67EF2D51CAE54A64660272394CA5540279791558BAF4308A8B6B4DEE4748A9A9E1C8CE9EA2FE8444625EC74AA5DAA2E9D3BFC7FAF5A5E6F52B90C8C80064663E8AA95343BBFE6A8E1E05962D03B66F37AC23B91CC8CC84646CA135CA243288140505C0D8B11D3F050526752291000909A1282C4CC3D6AD49888C0CB0689124BCC8C8006CDD9A84C2C2342424DC137E478F0253A600B1B186859F5C0EECDBD7F163C6972E912548558F1884A401838F1C99546D098390C0E02371500FC04E0C425162F09198680FC04E0C425160F091184971F428101FAFBF2583D02131F848CCA4183912F8FE7B3008C585C147044855D3D41884A2604BC1A7618A24518F924647AF435E5E0518848ECDD6822F2FAF02D1D1EB4C5A9FC852A4C5C5B54848D802AD4178E40883D08ED96AF025246CB1DBB386C871A88E026B0DC2981806A11D62F011E9A7360D864168DF187C4486D33A0FD02A41B87FBF49453208F5B358F0C5C531F84834F44E84B66810CAE50C420BB378F075FE3F9980C147F646FF9920BF6310DA16ADC177EC18834F2402033D1018E821741976CDE000ECC4201496DEE08B8961F089446262181213C3842EC3AE191D809D18843D8BC147DDA5A40C454ACA50A1CBB06B2607602706A17531F848135FDF5E90CB83219707C3D7B797D0E5D82DB303B01383D0B2187C1411E10F994CF32D19A64E0D85B3B314CECE524C9D1AAAB18D4C26414484BF354BB47B160BC04E0C42F330F8A8D380015EB878F145BCFBEE180C1BD6A7CB73C9C943343E068061C3FAE0DD77C7E0E2C517316080578FD46AAF2C1E809D0C0AC2C993F57724922064F05177797915D8BBF722962C1989D2D259387C381573E73E84FEFD3D3169D22055BB499306A17F7F4FCC9DFB100E1F4E4569E92C2C5932127BF75E445E5E85706FC00E4880E53D724D8EC8C80064653D8A279FD47037B1A54B81FC7CC33A92CB81ACAC8E3F741369BA8B9D507785D37A97B563C73A7E2F86DE652D2EAEE3F762E6DDFDB66DAB405696FDDEDDCFD1F8FAF6C299333371DF7D9EAA650A85526DD3B8FBB2CB979BF0E0836B71EDDAED1EABD51E596D04D89DCE11E1F6EDA21B1172C44786B876ED36E6CDDBD56599A6FD82DD97CD9BB78BE167801E1B0176676B23C213276A3507A1154680C5C5B5888808E0888F0CB66E5D3C9E7FFE0183DA7EF3CD59A4A519F8391239C102B0932D05A1465608C02E187C648051A3FAE3C081E70C6A3B7AF4BF70F060B5952B720C92A79FCEB589EBF20E1EEC8D69D3EE476464807A107EFA29D0DC6C58477239307B36E0E26299C2AC15806D6DC037DF181E7C2E2E1DEFCBCCE02B2EAEC5C68D65A8AC6C30B91F4BDAB4A94CE8126C9AA7A733B2B21EC382051170719119B44E6BAB02AB569D4056D6213435DDB17285F64DA254F2C2E43A597B04287212C90AA14BB0491249C781B9E5CBE5080A32ED7CDF5F7FBD89C58B0BB07E7D293F865A3000F561005A150350DDC30FFB61D5AAF1183D7A8045FA3B70A00A0B16ECC1A953F516E9CF9138095D0011DD2591744C7DF9FCF353D8BCF902FCFDDD1118E8817EFDDCE0E7E78ED8D8209DEB1F39F22BEAEB9B71E5CA2DD4D4DC445D5D33EAEB9BE1EBDB0B1209BF8FBBE308501F8E00AD8A2340C3F9F8B8E2DAB5053ADBF8FAAEC2F5EB2D3D5491FDEBB1798044649EB030DF2EFF6E6951A0A545A1B30DE9E664F6088774E3EF578FE54217603742437D548F5B5B1598362D1700B0695382EA087168A80F0A0B6B04A9CF1E71044864274243BD01749CF6969E9E8FDCDC0AE4E656203D3D1F0A85B24B1B320C0390C84E8486FA40A9045E7C7127366C38A75ABE61C339BCF8E24E28955D4789A41F8F0213D989B0305F2C5CB8176BD6FCACF6DC9A353FC3D3D319C9C9BC42B43118804476E2ABAFCE60EDDA335A9FFFE8A3623434B4F66045F64FA204384F830423E141101210F70112916831008948B4188044245A0C4022122D0620118916039088448B014844A2C5002422D16200129168310089C822ECF1CA6F522895E08F8E1F73095DBFADFF90C3484F7F50E8128CC611201199CDD9598A152BE2E0E7E72E74294661001291D9C68D1B88BE7DDD9090102A74294661001291D93AAF439892625FD723640012915E7E7EEE58B4281AF7DDE7A9F69C4C2641626218808E91A0B7B7AB5A9B3E7D7AE1E597231016665B57AC769A362D4FE81A000083077B63DAB4FB11191960DED1A48202E09FFF045A0DBC30647C3CF0FCF380938D5F1BB6B5B5E37D151418D6DEDD1D78E925202646B548A9048A8B6BB17163192A2B1BAC532739A4FAFA66F4E9E3868B175FC48E1D9558BBB60439391770E74E3B468D1A8080808E7D7FAEAE324C991282F5EB4B2193493069D260CC9C391C090961D8B8B10C9F7C7242E077D29504582EE8A1B8C8C80064653D8A279F0C353FF8B2B280FDFB0D6B1F1F0F6466022347EA6E676BF705DEBFBFE37D1A1A84932777BCCF6E41B86D5B05B2B20EA3B8B8D6B2F591C3727595A1A8280DC387F70300D4D535233BBB14FDFB7B62DAB4FB55EDF6ECB988C2C21AA4A53DA01A315EBEDC84071F5C8B6BD76E0B52BB368205A02D059F52099C38518BC8C800F5F65608C0E2E25A44449839D265109200FEF8C7401C3E9C0A2727E3F69E25246C415E5E8595AA325D8FEF038C8C0C406E6E120A0BD33075AA19E1575000C8E5C0D8B186855F7C3C70F428F0FDF7AAF0532A81DCDC0A4447AFC3FBEF179A5888F1DE7FBF10D1D1EB909B5B61FA00312E0ED8B7EFEEEF419FFC7C2036F6EEEF011DD93E756A280A0BD3909B9BA4F90B80E81EC78FD7E0BDF78E1BB5CE37DF9CB5C9F0037A30006D35F81213B70832FA292EAE4562E2160621D99D65CB0EA3A4E48A416D6B6A6EE2D557F75AB922D3593D00197CBA31086D97ABAB0CAEAE32A1CBB039A1A13E686CBC6350DB6BD76E63E8505F2B57643AAB052083CF388207E194290CC26E1E7F7C101E7F7C90D065D80C2F2F17AC5821C7C993E9888D0D32689DF0F0BE387428156BD64CB2C9B3442C1E800C3EF3081684DBB73308BB494A1A82A4A42142972138890478FEF9075056F602162D8A86B3B371B121954A306BD6089C3FFF02162C8834FA008A3559AC12069F65310885E5E424454242281212426DEA0FB6A70D1CD81B3B773E8D75EBE21114E461565F3E3EAEF8F8E371F8E9A754D5541AA1993D0DC6D6A6B3E4E55560E952E3A775A4A686233B7B8AFA13569806337DFAF758BFBED4A86E2223039099F9A8795F2E80F1D367E2E381B7DF76C8E9334E4E52B4B5B56B7C6EFCF881D8BD7B1A0060C2848DD8B3E7A2D17D38122F2F17040579C0CFCF1D7E7E6E080CF4C0934F8662CA9410ADEB1C3C588D0D1BCEA1A6E626EAEA9A515FDF8CDADA669B9A0B68F2571B477C3D8B2342CB7BF5D548AC5A351E5151EAF5DFBBE9AB6933382A2A00AB568DC7ABAF465AB5465BD1D8D88AF3E7AFE1D0A16AE4E494E3B3CF4EE1DCB9DF74AE73F97213FEFEF713F8EEBBF33870A00AE7CEFD6653E1079810800C3E6131082DE7934F4E60ECD8601416A6E1F4E99958B8300AFEFEEE904A25AA93FB818E13FDA55209FCFDDDB17061144E9F9E89C2C2348C1D1B6C73A776F5A42143BA1EDDCDC929EFF279ECFEBC2D323800050DBE2347441F7CDD3108CDD7D2A24046C60F686B6BC78811FDF0C107635155350F7BF74EEBB2BF2B28C8037BF74E4355D53C7CF0C1588C18D10F6D6DEDC8C8F8012D2D0A01DF81B04242BC558FDF79E708929272F0F2CBBB559FC5D050DBBAF081267A03D02682EFF7FD4F0C3E750C42F3743FB3C1D9598AB8B860B5767171C15D8E7EBEF7DE711C3F5ED32335DA2289E46EC07DFC7131DE7CF3200060F5EA9358B2A4E3EFBB776F17F4EBE726588D86D01A80160DBEB163197C5666F120DCB74F344168CC990D0050527205CB961DB66245B6AF7F7F2FB8B939E1CB2F7FC66BAF753DD363F9F2E3F8F39F7F0260FB9BC16A016895E033E4882383CF222C168472B96882B0A54581D9B37718DC7EF6EC1DA2DEF4053A367FBFFDF61CE6CEDDA9F133F6F6DB87B072655197CD645BA40A40069F63B189203C760C80ED07616C6C1056AD1A6F70FB55ABC61B7C2684A3AAAE6EC28C19F95028B47FB0162DDA87A222DBFEDB9532F81C9BA041181363D341E8EFEF8E356B26E1D0A1544447071ABC5E7474A0EAF42E7F7FDB3BBDAB2754545C476BABEE51B05209BD53658426696F572ACD9EC0BC74A9D9136B4D9DC06C29B63E11DA522C36A1DA94FF770D13D7A5D2156614611A272729E6CFFF1F2C5DFA187C7CD42FDF6E8CEBD75B90997908AB579F14C584684723E5884F5C6C6D44D8D3241260DEBC87316EDC409C3D7B15E5E5D7D1D464D8954DEED5D47407E5E5D771F6EC558C1B3710F3E63D6C973706173B895269E49F80838CF8BA13CB08B03BA1478492981FCD7851CB71737342FFFE9EB87061B6CE764386FC13D5D54DB875ABAD872A236B32FC4C108EF81C92E023421B71EB561B9C9DF55FFBCFD959C6F07320FA0390C1270A8205A10DE93E65E3F3CF4FE1F3CF4FE96C43F64D7B0032F84449CC4178EFA95BD9D9A5983F7F37E6CFDF8DECEC528D6DC8FEA90720838F20CE20ECBC69774E4E39D2D3B7A3BD5D89F67625D2D3B72327A7BC4B1B720C770390C1471A88290843437DB073E77FF0CC33795D26F82A144A3CF34C1E76EEFC0F47800E46CAE02343882108ABAB9B9094B455E304DFD656059292B6A2BABA4980CAC85A04BB313A91AD7177774673B3EE398186B4B1179D67BF14168AF7AA364E421740642B0C093647093FA063423800CC9E2DDE0014EFDD5E8844CCC7C715CF3E3B0CCF3E3BCCECD301ED190390488466CC180E0F0F6778783863C68CE142972318EE032472705E5E2E983BF721F4EDEB867EFDDCD0B7AF1B468DEAAFBA924D5D5D330E1EACC6D5ABB770E5CA2D5CBD7A0BFFF8C7693436B60A5CB9F5711F2091836B6C6CC52FBF3460E9D2C7E0E1E1ACF6BCBFBF3B92933BEE7C77F3E61DA4A56D1745F801DC042612852D5B2E202E6E032E5FD63E8DE7F2E526C4C56DC0962D177AB032617113984844060CF0C2A953E9E8D3A75797E5BFFD761B0F3FFC35AAAA1A05AA4C181C011289C88D1B2DF0F6563FEAEBEDED8A1B375A04A848580C40221119356A0064B28E0B3F565535AA467C329904A3460D10B234413000894464CC9801686B6BC7871F16213CFC4B84877F890F3F2C425B5B3BC68C6100129103737777424C4C36162EDC87A6A63B686ABA83850BF72126261BEEEEE29B14C2832044245A1C0112916831008948B4188044245A0C40338487F74578785FA1CB2022133100CD909C3C44750E2511D91F06A019929286202989014864AFC437F1C742060FF646545480EA71656583C0151191B1380234D1BD233F8E0289EC1303D044292943353E2622FBC100344150900762638354FF8E8D0D42509087801511912918802678EAA921904A25AA7F4BA5123CF514378389EC0D03D0049AA6BE703A0C91FD11650026270FC15B6F3D8281037B1BBD6E9F3EBD101717ACB63C2E2E58ED2ABB861838B037DE7AEB11062891004419805BB79663F2E4C1A8AC9C835DBB9EC6F4E9E17073336C46506262189C9DD57F6DCECE5224268619D4879B9B13A64F0FC7AE5D4FA3B2720E264F1E8CAD5BCB8D7A0F44643ED15E0E6BD8B03E387162067AF5EA08BE8686167CFB6D19D6AE3D839F7EBAAC75BDDCDC244C9D1AAAF1B9BCBC0A24246CD1BAEE238FDC8799331FC433CFDCAFBA2CF9EDDB6D8888F83F9C3BF79B19EF86884C21DA000480D75F1F89BFFD6D8CDAF2D2D2ABF8E28BD3C8CE2E455D5DB36AB997970BEAEBFF17AEAE328DFDB5B428E0E7F7F72EB714F4F777C7F4E9E19833E7218DE70D2F59F223DE7BEF9805DE0D11194BD40128934970F8702A468E0CD2F8FC9D3BEDD8BEFD177CF5D5196CDFFE0B92938762C3862775F6F9ECB3DBB079F379C4C7872023E341C4C78768DC64068063C77EC5A38FAE874221DAFF022241893A000160F8F07E282A4AD33AAAEB5457D78C8686160C19E2ABB3DD850BD7E0EDED0A7F7F779DED5A5A14888A5A8792922B46D74C449621031ECF12BA0821D5D737A3B5B51D1327FE41673B0F0F67F4EDEBA6B7BFBE7DDDE0E1E1ACB7DD9FFE74103939E2B90135912D12FD0810D0BF296C69DCF425B20DA29C06D39D42A1C4AC593BD0D2A2B0FA6BB5B428306BD60E861F910D6000FEAEA4E40A962D3B6CF5D759B6EC30F7FB11D9086E02DFC3C9498A2347A6ABAEF367694545B5888DCD465B5BBB55FA2722E37004788FB6B676A4A7E75B6553B8A54581F4F47C861F910D61007653527205DF7D77DEE2FD7EF7DD796EFA12D91806E03D860EF5457E7E0A5253C32DDE776A6A38F2F3533074A8EE798444D473B80F1080A7A733DE7CF3112C5C18051717DD13A2CDD5DAAAC0CA9545F8CB5F7E4253D31DABBE1611E926FA007CEEB96158BE5C8EFEFD3D7BF475ABAB9BB0787101FEF5AF733DFABA447497680370C4887EF8F8E3F190CBD5AFEDD7930A0A2EE19557F6E0E79FB97F90A8A7896E1FA08F8F2B3EFA681C8A8B67081E7E00209707A3B878063EFA681C7C7C5C852E87EC4844843F2222FC852EC3AE892600251260D6AC11282B7B01AFBC12092727DB79EB4E4E52BCF24A24CACA5EC0AC59232091E85F8728397928929379474273886213382A2A009F7C32A1CB9DDC6CD99123BFE2E59777A3A8A856E852C8869594640000860FFF4AE04AEC9761D781B763BD7BBB202626083B77FE07274FD62130D0037E7E6EF0F37347509007BCBC5C04ADAFB1B115BFFE7A13F5F5CDA8AFBF859A9A9BA8AB6B464C4C102E5CB8861B375AF57742A273FFFD7DF0C0037D558FCBCA78457153387C00DEB8D18AD5AB4F6A7DBE572F27F8F9B92130D003FEFEEEE8D7CF0DFEFEEE080CF440747420C68C1960D6EBFFF863150A0B6B54C176E5CA2DD4D535A3A6E626EAEB6FE1F6ED36B3FA27C79596F600FEFBDF1B3870A00ACA6EDB69292943BA3CFEEB5F8F76795E2201468F1E803FFCA137D6AD3BDB13E5DA25870F407D6EDF6EC3A54B8DB874A951EDB9C58BFF6876006EDB5681E5CB8F9BD50789D3C183D5387D7A266A6B6FE2EBAF4BF0F5D725B878F106002029E96E002625DD0DC081037B233D7D38D2D3872320C0030F3DB45688D2ED86E8035097D0501F9BE883C4A9B2B2018B1717E0D34F2762D9B2C79095F528F6EEBD88DCDC0A444505AADA45450562C1824824248462DCB881904A3B8EA2BDF4D22E5456360855BE5D10C5411053EDDAF534264CD07DA5687D76EFFE2F264EDC64A18A486C241260D7AE69183F7EA051EBEDD9731113276E54DB74A6AE6C672E880D0A0BD33D7A6B68684143438B597D10E9A2540273E6EC30EAB4C9A6A63B98336707C3CF000C402D5C5C64080EEEADF5F9E6E63B484CCC4162620E9A9BB57F3883837B5BFDFC62726C95950D78E38D1F0D6EFFC61B3F72D3D7400C402D060DEA0D994CF38CE4D65605525272B17FFF25ECDF7F092929B9686DD57C0D41994C824183B40729913E2E2E32787B1B3E5DCBDBDB855FBA0662006A1116A6F9B2550A8512CF3DB70D3FFC50A95AF6C30F9578EEB96D5AEFF3A1AD2F227D9E7862304A4A32F0CE3BA30D5EE79D7746A3A424034F3C31D88A95390606A0162121DE6ACB944A2023231F9B37ABDFCE72F3E60BC8C8C8D7B8DF45535F44BA8484782327E729E4E7A798B41F392CCC07F9F929C8C9798A9F3F1D18805A74BF01BA5209CC9FBF4BE7A4D275EBCE62FEFC5D6A21A8EF66EA449D2412E0B5D7A270E64C061213C3CCEE2F31310C67CE64E0B5D7A2788EB9069C07A845F76FCDD75FDF8FCF3E3BA577BDCF3E3B054F4F172C5F1EA7B52F226D944AE0C30F8BB07AF549F8F9DD3D2BC9CFCF1DFEFEEE5D3E579A2C5EBC1F7575CDA8AF6F569D7D545F7F4BEB3E6AB163006A71EF04E665CB7EC28A15869FCDB162C5717879B9E0EDB71F51EB8BC810ADAD0A545737A1BABA49B52C38D84B6F007EFBED398D67359166DC04D6402A95A8426BE5CA2264661E32BA8FCCCC4358B9B20840470076CECE2732554848D72FD2B367AFE2ECD9AB3ADB906E0C400D8283BDE0E222C3175F9CC6A245FB4CEE67D1A27DF8E28BD3BFCF29F4B260852446F71E0C292FBF8E4993FE8D4993FE8DF2F2EB1ADB907E0C400D42427CB07E7D295E7A49FD80863194CA8EF331D7AF2FE5373399AD73ABA4AAAA118F3FBE0955558D5D1EDFDB860CC300D4E0D2A51B484FCFD73AAFCF180A8512E9E9F9B874E986052A23310B09F1467D7D33264CD8D4E54C8FCACA064C98B009F5F5CD3CE0662406A006E5E5D7D1D6D66EB1FEDADADABB6CA61099C2CFCF1D13266CD278F1D3B2B2DF3061C226F8F9B90B5099FDE2D56088ECC4B0617D70EE9CEE2B3F1BD286EE620012916871139888448B014844A2C5002422D1620012916831008948B4188044245A0C4022122D0620118916039088448B014844A2C5002422D1620012916831008948B4188044245A0C402212ADFF072217C9181CF3554C0000000049454E44AE426082');
INSERT INTO "SpeakLocales" VALUES('English',0,'en-gb');
INSERT INTO "SpeakLanguages" VALUES('English','English',0,'U.K.');
INSERT INTO "SpeakLocales" VALUES('English',1,'en-us');
INSERT INTO "SpeakLanguages" VALUES('English','English',1,'U.S.A.');
INSERT INTO "SpeakLocales" VALUES('English',2,'en-au');
INSERT INTO "SpeakLanguages" VALUES('English','English',2,'Australia');
INSERT INTO "SpeakLocales" VALUES('English',3,'en-in');
INSERT INTO "SpeakLanguages" VALUES('English','English',3,'India');
INSERT INTO "SpeakLocales" VALUES('English',4,'en-ca');
INSERT INTO "SpeakLanguages" VALUES('English','English',4,'Canada');


/* et   Estonian,             */
INSERT INTO "Locales" VALUES('Estonian','et');
INSERT INTO "Languages" VALUES('Estonian','English','Estonian');
/*Estonia*/INSERT INTO "Flags" VALUES('Estonian', 0, X'89504E470D0A1A0A0000000D4948445200000140000000CC080600000002957ABD00000006624B474400FF00FF00FFA0BDA7930000000774494D4507DB0415002D19622BB50E000002C449444154789CEDD641110331100431FB2AE0422FF00ECD06C63E5A4230AFAEB9DFDF3B0720E8D91E00B04500812C0104B20410C81240204B00812C0104B20410C81240204B00812C0104B20410C81240204B00812C0104B20410C81240204B00812C0104B20410C81240204B00812C0104B20410C81240204B00812C0104B20410C81240204B00812C0104B20410C81240204B00812C0104B20410C81240204B00812C0104B20410C81240204B00812C0104B20410C81240204B00812C0104B20410C81240204B00812C0104B20410C81240204B00812C0104B20410C81240204B00812C0104B20410C81240204B00812C0104B20410C81240204B00812C0104B2EE3967B647006CF000812C0104B20410C81240204B00812C0104B20410C81240204B00812C0104B20410C81240204B00812C0104B20410C81240204B00812C0104B20410C81240204B00812C0104B20410C81240204B00812C0104B20410C81240204B00812C0104B20410C81240204B00812C0104B20410C81240204B00812C0104B20410C81240204B00812C0104B20410C81240204B00812C0104B20410C81240204B00812C0104B20410C81240204B00812C0104B20410C81240204B00812C0104B20410C81240204B00812C0104B20410C81240204B00812C0104B20410C8FACCCCF60680151E209025804096000259020864092090258040960002590208640920902580409600025902086409209025804096000259020864092090258040960002590208640920902580409600025902086409209025804096000259020864092090258040960002590208640920902580409600025902086409209025804096000259020864092090258040960002590208640920902580409600025902086409209025804096000259020864092090258040960002590208640920902580409600025902086409209025804096000259020864092090258040960002597FA1610846AF1F20360000000049454E44AE426082');


/* fa   Persian (Farsi),             */
INSERT INTO "Locales" VALUES('Persian (Farsi)','fa');
INSERT INTO "Languages" VALUES('Persian (Farsi)','English','Persian (Farsi)');
/*Afghanistan*/INSERT INTO "Flags" VALUES('Persian (Farsi)', 0, X'89504E470D0A1A0A0000000D49484452000001F40000014D0806000000F6139D3700000006624B474400FF00FF00FFA0BDA7930000200049444154789CECDD777814D5FEC7F1F76CDF4DEFBD4128A1243441912220822245C002969F88CA15AEA817ECD850BCEAB5A2282A227245D46B432C20D805E9187A0910427A2F9BCD66DBFCFE585C8801410481F5FB7A1E9F879D9D39736613F3D939E7CC390AA022C419660030ED7457428823786C3C7CDDFD74D74288E634A7BB0242082184F8F324D0851042083F20812E841042F8010974218410C20F48A00B2184107E40025D082184F00312E8420821841F904017420821FC8004BA104208E10724D0851042083F20812E841042F8010974218410C20F48A00B2184107E40025D082184F00312E8420821841F904017420821FC8004BA104208E10724D0851042083F20812E841042F8010974218410C20F48A00B2184107E40025D082184F00312E8420821841F904017420821FC8004BA104208E10724D0851042083F20812E841042F8010974218410C20F48A00B2184107E40025D082184F00312E8420821841F904017420821FC8004BA104208E10724D0851042083F20812E841042F8010974218410C20F48A00B2184107E40025D082184F00312E8420821841F904017420821FC8004BA104208E10724D0851042083F20812E841042F8010974218410C20F48A00B2184107E40025D082184F00312E8420821841F904017420821FC8004BA104208E10724D0851042083F20812E841042F8010974218410C20F48A00B2184107E40025D082184F00312E8420821841F904017420821FC8004BA104208E10724D0851042083F20812E841042F8010974218410C20F48A00B2184107E40025D082184F00312E8420821841F904017420821FC8004BA104208E10724D0851042083F20812E841042F8010974218410C20F48A00B2184107E40025D082184F00312E8420821841F904017420821FC8004BA104208E10724D0851042083F20812E841042F8010974218410C20F48A00B2184107E40025D082184F00312E8420821841F904017420821FC8004BA104208E10724D0851042083F20812E841042F8010974218410C20F48A00B2184107E40025D082184F00312E8420821841F904017420821FC8004BA107ECE989444AB59B34E77358410A79804BA107E46D16888BEEA2A00F4515174FAF65BDC7575A7B9564288534D025D88B3943E3292C0ACAC26DB2C19197459BB96B081030168F1F8E3D4AE5ECDBEFBEF471712725CE52A5AED49AFAB10E2D4934017E22C10DCBD7BB36D7137DC40F4955736D916D0AE1D079E7C929D37DE0880F5975FD871EDB5B4993B975ED5D5B479EDB526FB0766659170EBAD878E6FDF9E0E9F7EDAEC5C8A5E7F322E4308710A49A00B7106D1858612357224BAD050DF368DC14087C58B891C360C1485CE3FFC40EA830F12D4AD9BF7989010EF7B40D9871F52FAFEFB84F4EA0540C1AC59A81E0F7BA64CA178DE3CA20EFB02A00B09A1FD071FE0AAA8F06D6BD8BD9BDC871F6E52A7C4DB6FA7DB860D688CC65375D942889340025D88D348633412377E3C1A930980B41933487FF14532BFFCD2D7F49D74E79D18A2A369F3E69B64CC9F4F48EFDEA43EF20851975F4EFDD6AD448E1841FB0F3E40171C8C3E3C9C760B17D26EE142004CA9A9A43EFC30AD66CE246AF468CADE7FFFD0C955959D37DD44C93BEFF836791C0EEAD6AE25A05D3BDFB688214308E8D081E47BEE6952F7760B1712397CF8A9FA6884107F9004BA107FB1C0AC2C22860C0120A04307DACC9943689F3EDEF73A762467F2641CA5A5A4CD9841AB993349983C99ADA346B167EA544CA9A9EC9A30811F0303599B9949E9BBEF52B96409AACB4568FFFE38ABAAC87FE10536F6EA45E4881174CBCE2676DC389C15156CBFE61A764D98E0AB87ABB696EAEFBEF3BDD64745A1319BD1984C642C5CE86B66DF33650AF6BC3C92EEBA0B435C9C6FFFF08B2F461F11F1177C624288E3A13BDD1510E2EFC6D2AE1D19F3E7F36350100D3939A86EB72F281BF3F369F5F2CB34E6E5F99AD1370D1A44E5575F0150FCE69BBE72EA376F06C0515242E1ABAF12357A34E59F7C42EDAA55445F751519F3E793F7C413EC7FFC713C76FB31EB15FF8F7F103E7020E6366DC0E3F16DB76EDAC4FA6EDDE8F4F5D7A43EF820BB6EB905637C3CBAE0602A972CF11E7BCB2DC48C1D8BA2D773E0C927B1E7E551B77EFDC9F9C08410C74501D4D35D09217E6B0030ED7457E21489B9E61A62AFBF9EEC0B2F0420F38B2F505D2E360F1B86A2D5624E4F471F1949EAF4E9A82E179B060D02C09C9E4EDC4D37B1F7EEBBD1984C84F4EC49CDCA9578EC760C71719CB37933AB5BB5C2989848D775EBD87DCB2D14CD9D7BDCF5D2180C181313F13436E2282D45753A9BBCFF6BB9D9030660888F27FD9967589B990940E4F0E1285A2D55DF7C43FBF7DF47171ECEFA837DFC0096366D701415E1AAADFDB31FDF69F7D878F8BAF91845214E3B697217E21432A5A5D1F1B3CFD0060501A0E87424DC7AAB6F143A40FEF3CF133E6408011D3BA2BADDD876EEC4BA691301EDDB53327F3E00A17DFAD075CD1ADF00B6A42953C8FAFA6BDFA875475111651F7E48E2E4C9448E1881C66020E2D24B899F3081B0010308EADA15737A3A011D3A10DAB72F415DBA34ABABC7E1A061EF5E5C3535CDC21CBCAD077BEFBE9BB66FBD45D4A851542E5D0A803628888ACF3EA3FABBEFF0D8ED84F4EA85A5756BDF7131575F4DF7EDDB89183AF4247DAA428823914017E21430262579FFE1F110DAB72F29F7DD07781FFFCAB9F556ECB9B9BE7D2BBFFA8A9A1F7F24F5C107BDFB68B5B479ED35DCF5F5947DF411011D3BD2E68D37D8356912794F3D0540C14B2F61DBB50B5D78B8AF9CE279F348983C99E2B973D93A6A14B56BD61039722459CB97D375DD3A7AECDECD399B3793B56C19F11327FA8ED30606FAFE6D4E4FA7C3C71F1F7ADDAA5593E7D28BE7CFC7555D4DFC840954FFF003E656ADE8BA762D190B1690FAC82384F4EA85C66CA6E0E597BD07280A29F7DF8FA3B898B28F3E3A391FAE10E28824D08538C902333369B7600100F6FDFBC9B9ED3612EFB8034BDBB6781A1AA85DB3A6D931FBEEBF9FA851A308EAD4893673E610316C18DBC78EC5D3D080C664627DF7EE942E5CE8FB62E0AAA9A16AF972AABEFEDA5746EDCF3FA3280A31D75E4BD9471F61DDB081808C0CF63FFE38BFF4EFCFEAD6AD591111C10F66B3AF852076DC38D29F7FDE5786292D0DD5E5F2BD4E9A3A95CCA54BD1180CDE0DAACAAE7FFCC37BBE152B68C8C9A160E64CEAB76CE1C033CF1076E185341E3840EE430F0110D6AF1F968375F03434F8CA8DBBE106023A763C191FB710E2200974214E324BDBB6ECB9F34EDFEBA2B973A9F8EC33DABEF5168AEEC8E3506B56ACA0FAFBEFC95CBE9C882143D8346810B5AB570350B7762DAEAA2A00C22EBA08F03EAF1EDABB779341728A4E078A42F2BDF712DAA70FEDDE7B8FEDD75ECBBEFBEFA7FADB6F51743A9C9595A86E370086D858D29F7DD6771EF0F6A3BBAD56DFEB92B7DF266CC000C20EF6F70368CC660042FBF70755A5E0E597D9FFD863D87373091B3890B20F3EC0D3D8087807CBD9F3F2287AFD75DFF186E8685ABFFA2A6DE7CD0345F9E31FB010E28824D08538C94ADF7FBF494802EC9E3811737A7AB367B9C11BA24953A610D4AD1BFAF070B68D1943CD4F3F1DB16C8DD98CA2D1D06AD62C0A66CDC2555DED7B2F6DC60C74A1A1E88283E9F0C927EC7FEC31AABFFF1EF0F6C1B7F8F7BF9B94D5F2E9A7D18586D2B073A76F9BDB6A6D3222BE71FF7E009C07BF5000845E7001D6EC6C92EFBDB749201B626309ECD489D2FFFD0F00637C3C912346B0FFD1477D010FDED685BA0D1B08EAD285B07EFD00081F34E8A85F768410C747025D88BF80A3B4943DFFFA17290F3CD064FE75537232E76CDD4AE21D77B063DC38CA172F26F6861B7CEF475F7515A1175CE07BAD3A1C24DF771FFAB030DF5DAFA2D7D36AE64C62C68E65F3D0A1D8B66F4717168675C306DF71610307E2B1D97CAF432FB880E01E3D509D4E5C3535BEEDDAC040D01CFAB3604A4BC36DB5362D6BC000F29F7B0E435414E18307FBB6470E1B86A3B898DA55AB00889B30017B6E2EC5F3E635F92C3C8D8D6C1D3D1AB7CD46F455571176E185642E597268DC8110E28448A00BF127458D1A0540C4D0A1CD164B395CF15B6F51FDDD77B49D3FDFD727EDACAA22EFC92759939141D9071F90FFECB3448D1CE91B155FB7664D9329573D361B4977DCC1B6ABAF46F578081F3488AEAB5713D2BB371BCE3D978ACF3E63C7F5D7A3BADDB47AE515DFB18ED2520CB1B180770299F4679F65C379E761DBBDDB374B1D80213EBE499D033B75A27EF366DF1DB6A2D512DAB72FB5AB5651B27021099326F9F68D1C3992CA2FBE0055456330107FD34DE43EF208AACBD564E63980C60307287AF55542FBF523EDB1C7287DFF7DECFBF6614A4921FC60B78210E28F914017E24FD28586A2319BF1D8EDB4FFF04302DAB73FEABEBB264CC0DCA205290F3C0080BBAE8EA239737CCB9BD6FCF8236EABD5374F7BC3DEBDBEC7C3222EB984E09E3DD1858591B56C193D8B8A68F7EEBB547CF9251B7AF6A4B1A00080DA356BC87FF6592C6DDA789BC581AAE5CB09EED993882143C8FCE20B0A5E7E19677939EEDA5ADF9DB1362080D8FFFBBF4303E080E01E3D68C8C9F1BD0EEADE1DD5E3C1B66B17C573E7123E681086981874212184F6EB47F9A24500445E7619CECA4A4A0F4E2BDBEEFDF789B8E492269F45C12BAF604E4FC7D2A60D39932703907CF7DD244E9972223F0621FEF6A4D34A883FA9E88D37D08584604A49A1E2D34F891A358AFAAD5B312527A38F8EA66EDD3ADFBEF6DC5CF6DC7927E9CF3F4FF1FCF934ECDEDDA42CD5E3A161EF5E144DD3EFDA912346D0EEDD77D9397E3CD5DF7E8B393D1D777D3DF5DBB635193DFEABBDF7DE0B1A0D11975E4AEEC30F63DBBE9DCA2FBFA4E3679F51B37225C507279CB1EFDF4FECF5D7634A4921E19FFF44633412D4B52BC977DF8DA3B494C89123D971DD75BE72C3070EF45E8FAA62DBB993EA6FBF25E69A6B70565682DBED1B759F306912B90F3D847A70C6B94D175F8CFBB0A67D80869C1C3C0D0D947FFC318E92128C0909C4DE7003651F7E084050972E0475EF4EE1ECD927FAA311E26F45EED085F8934C6969C44F9840FC2DB760DBB993FC838F81C5DD78235D56AD22E6DA6B9BEC5FFEC927542E5D4ADAA38F362BEBD7D9DAEAB76EF56D8BB8F452DABFFF3E7BA64EA564C1021A0B0BA9FEE107EAD6AF3F629803A86E377BA64E6D325BDBAE8913297CED35B65F738D2F680B66CE24B46F5F52A74F67FFA38FB2323E9E8DBD7B133D762CE9CF3FCFFE1933283D6C4197B081037D7DE4003977DC812E2C8CB4C71EA3E2CB2FF13434109895853630B0C973E78D070E349B252E72F8703C0D0DBE51F5A9D3A7E32C2F67CFD4A9DED78F3E4AFAF3CF37E91210421C9DDCA10BF107C58E1B87B3BC9C8AC58B016F3F73D8A041E43DFEB8EFEE12A070F66CA22EBF9C8CB7DE4263345234670E8A5E4FC682056CBBE20A52A74F6F5676EAF4E9542D5D8AA3B8D8B72D61D224F6CF9841C14B2FFD6EBD149DAEC933E4BF32C6C7D3585888A3A8A8C9E22C00B5AB56B1322606C568F43D1A57B76E1DEBB2B250341A5FF0FBCEA1D7FB167451F47A4CA9A9C48C1D8B3E3C9CFD07AF27FE965BD8F7C003A0AA283A1D71E3C7A30D0CC45D57E7BDABFFFE7BEF8433D3A651F0CA2B0475ED4A40C78EC48C19C32FFDFAE1282A421F19E9ED4BD7689A4C6C2384383AB94317E20F721415D17AD62C5ABFFA2A00E51F7F4CF68001BE30EFBE6307B1D75D476361211B7BF7A66EC3065ACF9E4D48AF5EA84E27C6C44462AEBD96DD870D2853F47A521F7E98C8CB2E23E78E3B9A9C6FE78D3792FBC823C7AC57EC75D71D7A8CECB0C7C992EFBBEF88DBE3C68F07C06DB3F9C2FC70CDC25CA3C15D5F4FCAB46974FEE9277A5555D1F1B3CF508C46B68C1C89353B1B80BAF5EBA9F8FC73C0BB3CAC3638188FDD8EEA72F9A6948D1A39121485034F3F8D252383964F3D45DE7FFEE37BDC2F6AF468149D8EF24F3EC15D5F7FCC6B1742C8E22CE20C75262FCEA2E8F5B479FD755C5555CDC217A0E533CF90307122EBBA74C1B67D3BFAA828BAAE5943C3DEBD640F1840FCCD37D3EAE597297AED35AC9B37634E4F276AD4289CE5E56C1E3A144751D1EF9E3FB45F3FEAB3B3BDFDD680D662C16DB3917CCF3D684C26721F7E9890DEBDB1EDD881ABA2829EA5A5FCD2B72FF5DBB611396204E51F7F4CE48811448D1ECDF66BAE416332A13A1CA81E0F1A8381B00B2FA472E952DF0434870B68DF9EF0C183D14744A0BA5CD46DDC48E5975FD265D52AB2FBF7F7D509401F1141E4F0E1947DF8619347E3342613DDB76D63E78409542D5BC6F9A5A538CBCB59D7B9B36F347D9755ABD04744B0A1674F9C656527F4733A5564711671A692267721FEA0B81B6FC4D2B62DD9FDFB1FF1FDBD77DD853E22828CB7DE62C3F9E7E32C2B63FFE38FFBFACC0B5F7B0D7B6E2EE14386107AC105380A0BD97BD75D947DF4D1119BCC7FAB76C50ADACE9B47D9C71F53F6BFFF11317C38F55BB650B97429DDD6AFA761F76E5CD5D5A44C9B46C95B6FA18F88206CC0002CEDDA6169DB167B6E2E190B16B07BD2240CB1B1445F7515F9CF3F4F48CF9E24DF771F3BC68D3B629803D46FDDDAA47FFF57EEFA7AD266CC20FF8517D0188D445E761989B7DF0E1E0F019999E4DC7EBB6FDFA43BEFA461CF1EAA962D034541633492F79FFFF8C23C7CD02002B3B258D7A5CB1917E6429CC924D085F82D0DA8410A4ACD911BAF0A67CFA6E4ADB7701F9CA8C5989040D2D4A9EC7BF041DC7575A86E373BC78F276BF97232DE7A8B034F3F4DDCF8F1384A4A7C65547EF5956F8DF3DFA38F8CC41017876DC70E54A7134B46065AB3995DB7DC4297356B88B9FA6AF64C994287458BD87BF7DD38CBCB69F3FAEB1C78FA69E2FFF10FDF2368E18307636ED58ACA254BE8F8E9A7682D161C454574FAFE7BB68E1AE59D98E69A6BD8D8B72FDAC0402C6DDBFA66AB0B68D70E676525CE929266CDF0BFCAB9ED36DABCFE3AE7DC7C33AEAA2AAABFF9865FFAF421F8FCF309E9D5CBB79F252383C45B6F6543CF9E00C48C1983A3A4046779B97707452175FA7472A74FC7B67DFB11CFA5862828752A1CB92A42FC6D4993BB38239DCE267725468BB65F08AE772B8FBD33103164081D3FFB8C92050BD87ECD35BEED7137DE489BD75FC76DB3E1282860EF7DF751F6C1077FBC3E3A1DE1175F8C392D8D9A152B3026271333660CE59F7E4AFAB3CFA2180C58376E24A4776F1CC5C538CBCB69C8C9C1595181A7BE1E8FC381A2D3A10D0A42171C8CB9552B4CC9C9684C261A7272D04544604C4860F7ADB712D4AD1BF67DFB28993F9FF0C18371949450B56C99EFCBCB1F157ED145C48E1BC7B6316330C4C6D2E9DB6F299A338703CF3C83C668A4DBC68D94BEFF3ECED2520A5E7E99F80913489A3285B51D3B36992EF670BAABC2717F538D5A7A7A125D9ADCC5994AEED085F80D43563CFAE018AC1C3DD03B7CF411D5DF7F4FFE0B2F00E0B1DB891A3D9AAAAFBFF62D9812DAA70FB53FFFCCA6C1839B3DB2F547A82E17158B17A368B5448F1943E4B061781C0EDACC9983B3BC9CBA9F7FA66AD932764D9C48C3CE9D47BD8BFE2D73CB9684F6EF4FD8851712DAB72FAD5E78C13B898DAA12317C384573E61CF5B1B8E365DBB993D07EFD489A3A95845B6FA576C50ADF637DF1132752F3D34FD876EE24302B0B737A3A2D9F7E9AADA3461D35CC014C212D716416E1589EFFA7EA2684BF914017E2378C6989E8C2239A6ED481D2D18CBAD11B70B56BD7FA42C7595646D5F2E5E43DF1041D162D42D1E968CCCB237ACC1836F4E8F1A7C2FC70AADB4DC9DB6F53FACE3B445D7105F55BB7523C776E93A6FC5F85F4EC89A3A484863D7B8E5A5EC39E3D34ECD943D1EBAFA30B0921E6BAEB501485C2D75FFFD341FE2B7B5E1EF6BD7B49B9EF3EF29E7882034F3FEDFBC21177E38D6CBBFC728C494918E2E268F7CE3B542C5EDCA42B42E96C46DDDC00870D2D3046C4A2A85A1C48A00B71380974217EC3909884F6E012A1DE0D1072477FDC655558376E0420EFB095CB6CBB76A18F8CA466C50A360D1A44E6D2A5E823222879FB6DEA0E5BD4E464513D1E4ADF7DF788EF295A2DA90F3D44FCC489FCD2A7CF51CB08ECD489E0F3CEA3F0955700EF0A68052FBE78D2EB8AAAFAFACB7F6BEB659761DBB50B67652589B7DD862E2C8C5D132736D927A0735B74178552FDECB7E07DE20D7D44241A8391BA935F5B21CE6AF21CBA10072983BD21AE0F0F471B1CECDDA885D03BFA91F5E867E03AF2DADDAEEA6AF411DE3BFABAF5EB59DBB1233BC68D6B3689CBA9A6B558E8F0F1C7840F1ECC81679EC1989878D47D8D09099892939B1E1F1444FBF7DFF7AD777EB2297A3DDD366C20E581070868D70E57753521E79F4FC6FCF9985AB6247BC08026CBC102E052C87CF47342EEE80707E797D10407A18B8AF4963958669113E25712E842005840D722040C604E48C3101A095AB05C9D49FB07FE87466FF62DA072B8844993881B3F1E634A8A6F44B9A3A888E279F34E7820D989D0984C642D5F4E63410155CB96917CD75D287AFD51F7AF59B18282975FF6BD364447D363D72EEF5AE8EAA91927AB3A9DEC9A38114B9B3674FAEE3B7A9694D076DE3C6A56AE645DA74ED8F3F29A1DE3AEB7A2D19BE9F0C0FB58C676041D18C2A331C526831E742D42E1D47CFF10E2AC234DEE42009A581381499954879612D4B6078D6507D0B432D3E2F6C7D10744D050BA1BC74EEF74ACFA0BA2716BEAF17C534FD4155710DAA70FEEFAFA43CF6E070327A7DBFC9874A1A1B8AD56A2AFBC92C6FC7C764D9C88A22898D2D37DB3B51D89A7B19190F3CFC755554548AF5E542E5D8AB3B292ED872DC4722AD4AE5AE59D0BFE773E234DFF00B49E009CDF95E2D8554C43E96ECCD1AD6871EBA36C5D3B06736C0BF4613110A2787F663195A8B98E535A6F21CE0672872EFEBE8241333C00005D7A24E15D86A269118C392A15634C32C6735388EC3C0480C2CF5FC7BDB30E7DF718020677C4B3BA1E7490DDAF1FEBBB76655D6626AAD143E04DDD305C95F29754DF181FCF395BB7D2E68D3788BBE926F29E780254157D6464F3F9CF158598B163E9969D4DF23DF760888D256AD42842FBF523F5E18751349A234EFF7ACAEA7E550A81377605F36FBA3174E059534FC02559E8CF89C6BDBD96C22FBD2BC3459E331C538F148CD18958A25BA06D114464B7E1E8D3A300D08C08F07E5110E26F4A025DFC7DE9401FE70D037D4418115903D12604A23387A26834BE817175FBB3297DE7432C233368FBCA1B686A4DA02A68C605A17A3CD46DD880D35445E28BB7D365D60F68CB0CBF77D69322F99E7BE8B26A15C573E712DCBD3BFAC848EA0E0ED80BE9D3A7D9C8F7A0CE9DC958B0004771318977DC418B193308ECD489164F3C41C5E79FA37A3CB84FD268FCE3A12933D0E5E51F497CE976746D437CDB951B82C0ADA0D41868FDF21CCC2332285DF03FAC07B6788FB3E8D11A2CE8CC2168E30309CB1A883E2214005D6CA4B4398ABF35F9F5177F5BAA168CF18934928B36241873544BF47161281A2D6E9B95C69C7C7EB97D200D077209BDB80FAD6E791E7B653E75CBD7127055678CD1F154F219FA6EB1A43D3E9DF8813751B367158D1B0F9CF2BA3B4B4BB16EDAC4FEC71FA7E0C517BDFDF507FBBE9DA5A5BEF5CE7F55BF752B9B2FBD94FA6DDBC85ABE9CDA55AB28FBF8631CC5C5DE19E154D5BB42DA5FC49E9D4F5DFE66D26F78164B5206B9F73E80637D0961517D69BCAA00EBF2B5586E798AAEF357B27BD66436DF7E19E6E434EC7B8A71DA6A312B1AF409119823D2D0867ABF1018E3127028FBFFB26B10E24C2377E8E2EF6794010CA0987484B4EF0341A00D0941D1E8D0594271D96BA9CFDD867375391E670319D35F27E35F6FA23387B077F6DDB87655107FE58D2868410F3193AE257EE04D00147E340B4FAEDD5B7E8B5377A75E34772E9B2FBD144F43038ED252DF9AE2806FADF4C3791A1BA9F8FC73ECFBF6B1BA654BF267CEA4EC7FFFA3E6C71F7D5F047E7BCCA9A0A4E9C100EABE060A3EF22E071B3FF026A26FB9DAFBAC3F5AE2AFBA09E7AE4AF6BC7A373A73281953E79331FD353C762BEED5E5D872B7E0B2D7A00B08F3FECC42422004C23AF60793060C787FC642FCCD48A08BBF1D83391A4DA2096D9089C84E43D07788421FE2BDCBD359C2A8DEFA3DD6ED1B88BCE7323ACFFC96D0F6170090FBC1BFA99ABD8C80E199C45FE80D705DBB501287FF13809A9D2BA97CEF2BF4DDA3D04F4C00FB69B9BC6602AEED84F1C2E463EFF817501A15F41313D1778BA2EABD65D4EC5C0940C2887FA26DEBED008FBFF0260286B4A36AF632723FF03EEF1FDABE1F9D5EFA8E88A9C3A8DDBC9AEA2DDFA3B3789BDAB5A1A1E83B44139135184D90194DA2098329EAF45CA010A79134B98BBF1D9D3B18254387A7DC8A39AA25C6F47814A3F779667D6038058B5EC56DABA2CBD32B50B47A3C6E07FBDE7E84C2E9B3001721BDFAA06874688C4654542A372FC19EB79FB2CF3F2468480FE286DFC09EFB6FC75978668CBC0E68DF0E674C398DCB9B3F16F657F3143A30ECD4D1F29599142E7A839DD36F24F292919892924001ADD98CA2D111D2BB2FB6255BC8BFFB493CB67A52AF7E108DD640BB3BDF66FD9DE7D3587A0053423A001AA30943CB78CC112DD0049BD14607A1F5987150709AAF5688BF9604BAF8DBD1E84DE892C2B0DB73D11A03312425A168BC8D559AE0206AEFFD1E7DE728B63E74158A5E8FAD3487C65DFBD08698517A471271DEA500A8AA07F7961A72EEBC8BD0813D69FBF01C825B9DC7C6BB07605F72827DB95A081CDB15635202B59FADC2B9A9F44F5DABAE5530517D4752B7F717AA83BE46AD3BF2B2A8C7CBD02986A04B7AD078A000EB3BEBE1048AB32FC925BFC34C3A3DB19CDA5D2BD9FFF6BF299CF922EE6DB5BE47FF227B5E4AE990F750B2DDE4CF7B9EF2158B3047A7A33A9D38571561FB651301B3B27C659A9292D09A82D0041A3126C6E3B6D6FFA9EB14E26C24812EFE3634C91602867404BB1B4342028E8242B486004CC929B86BBC93C668F4067082FB402D8D070E1090954944FB41E47FF20291FF1A46F586951882BDB3C2394A4B08B8268BB4C98F11D9C51BF2DB67DD44ED2B3F9E5805B51071F708DA4F7F0F8DD640E5E8AFD8F5CF09D857E61E7F1946309C1B8721250E5D542491FD861275EE28A27A8C446BB450B37605CE8A721A771FC0B1BAF00F750B987AA6D2E6E53984650DC0E376B035E94A2A9EFCE48F87BA0AB5B37F6467CA2DB49DF41A998FF5A67CC4A7EC7DF1011CE5DED1F9FAE048B4760B4157F6A0FCF90F09BF7930CEFDC558376DC2955F0BCE833F2BBC0BE3189392D11A03D158F4181313B1EFD943D02D3DA8FF7C339EBCBF6E821F214E270974F1B711707126613D2FA0EA87EF3027A762DDE01D04169C710E459FCE03BC2B9B592E6F47EA944788EE3E0A8FCBCEC60A20F36D00002000494441545BFBA34B0C26F5FA87D9BC7608E53F7F8AA3BA1C0F363ABDB41C7DA0771AD2BC4F9FA1ECD977A1FEC496F5B48CCAA4DD430BD0680FAE61DEF922E2A74C645FF63DA8C7285309D41034A63B11170F2761D0047496B0DFECA09032EA5E18E57DE9B45552B46C2E658BDEA7EE9D75D0F8FBB3C329011AE2A74E222C6B0080B7F9FBA105ACDFD503DB075BFEF0B5AA756ECA9E5B88252583E44BEF20B2DB30425E3A97EC7B2EA66ADBB7546DFA168D4B4FDAFF3D44F57B5F51F3E30A3ACFFC0E8D464FE9EA0FD8F7CC43A82E6F974663453E11BD067BCBD56930A5A4D1B06F2FE13DFBA3B8156A5F5BF587EB27C4D94806C589BF0D636C3CD6ED5B50F47A227A0C41357A6F2D03D3BBD090B30B675D29B6BC9D244FBA93E81EA3A9CBDDC0A6BB4750F7C62A027A77C212D31A5D6804258BDE61F78CC944F6BE147D60248EEA427E79EA62F63DF3109EBDD663D4E2280C1073E518B4064B93CD4923FE45C088CCDF3D54D7269CD439D3693B633EA6A41434C680639E4E6B0CC4989040C6136F93F0FC6D6893027F77FF809159248DF857D3320C16A2AFB8D23BAAFC04B8F758C97DFA41B29FBA04474D11FAA06822FB0C65F7F489942D7E0F7D580401711904F4CEA2EEB59FD97CD750EAF66F24FADCCB499A388586827D386A8BB1EFD94B50ABAEDE42CD1E227A0C416B3463DDBE05436CFC89554E88B390DCA18BBF0DAD2500C7EE42148381E016DDD1C57AEF628DA1095003D95387D0B8A700477121075E7F9EC6A24254B703C698B1B4F40EC032C4C652F7EFD5A08362FD7B94FDB808534A1A1AAD01F5E713EFB7D5B60EC2949A465DDE7A74E610500E7DD7D626451CF5385DCB10D267CFC4101B4D7DE116B4C6001ACA7208886DF7BBE76B28CB416B0CA0BE682BE17D06A10F8A24EFD647F054398F5CBF8470EC15B98736A81E5C0D3598D35AA2490FC0B3EDC4AEDDB3D28A3254C7CE576FC19EB71F778D1DFBC73BC00596FB2F03C092DE8ADAAB5653BB6135D9E307638C8B078B8A635F199BF22F855A0FC6B024EFE711134A708BEEA8A8B8CACA31A5B73CA17A0971369240177E4DDF350653CF16D4BDF833E8B4785C2EF4212168F4260CC11138AD65E80222C0A4C1FAC63A0C17A6600C4DC0D42D9DB06EFDD83DED9F181292D0477A9BD50D7171E001438F3882B3BA917AF5FD9822535837AEBB6F79CF13E1DE53C7F6CBC6A009687E77AD5A8F52B01E62EFBC81900EE761CDDF88D61C021E0FF5855BA8DEFD3D41C9DD084E39A7C921B5FBD75297B70E5D40387A7328A0E06EAC2376F0D5D44D5C43C58C4F8F78AADA053FB1765156B3ED9EFA7A28FB138BB938C1BE711FDDDE5C4B43F93EF62F781CCFBE6A1C2B8A31C6C602A00B0FC79CD812674505AD1F7B99AA35CBB1EFD9834B5383F5CDF5182F4A42670AC651538421241A8DD680C660C4DD6047A3F5FE890B9EDC93869FF6E0DCD07CED7821FC8504BAF06B868C58A2068CA0EED59F51ED8D684D2654BC0164088DA776CF5AC23A5C88AA2884DD3590F6D3DEF3F53F6F7BE25A8C298944741982B3DA3BDA5C633611F07F9DC878743E81491D01D8FEE2F813EA476EA201CC7D5B6308886EF656FD9A2DB80E3436DB6EBEA40D69E31EA378D53C223A5E4ACDDE95A81E17C1C9E750B36F25FADFF6A3037A4B181ABD89A0844E580B37A3AA6E42D2CEA37CF362D26E9A4EED672B706657343B4E1B6521A07B8766DB1DF5A534FC77E7095EB497ED832DECEA3189B6B7BE41BBA9FFC57A45363BA6FD9F6F1957B7AD8EE8AE57505EF51965CB3EA4DDDDFF05BCE300B63C7A05F6EC5DA86E27B5FBD663088D3B58610D1A9309B7DD3BC94F64FFE114572C9040177E4D025DF83557453501291910E89D12D5909488BBD63BA2DD94D882E2C5733184C680C6499BA973D09A43A8DEF10307E63F4DE5AC2F4878E176227B8E64FB63D7D1585D80AD2087D4DB1E2130A923CEFA0AB6CDFC3F6A5FFC1A9AE7ED1F66EAD082F8013737DBBEBBF836D8D07CE19490BEE7A3BA9DE82CA1546CFD82E8AC9154EDFE8E86F23D042576C61C95DEEC1873543AEE462B0D15FB40F510DEAA3FA5D91FA2B784618A4E25A04F26D5D9DF363B4E931C44E28DFF6AB6BDF0EBD768E0CF053A8D50FAC4429CD612326E7F9BC0E42C526E7B98A2CFE7D058954FCDC69F69F7E0025CD515144C7D99CD353524FFDF5D04B7EE49C69D73597FFDB9D4176EA3F8B337096CDBC95B5F8D166D6202CED252D420084CCFC25DF9F2312A22C4D94D025DF83577A915F45A5423384A4B09EADE83DA0D6B0108697F3E07A6FF87FA1DDB716757F3CBF801282A38F24BF0343821D2404CFFAB094CE800354ED60DEB8ABBD48A7DC75EF6E9A6A14B08C25EB01F77D1C99912AEEA3F5F52F5F497CDDF3852F774B042D8791751B9631921693DA9DAF50D15DB9610DDF54A0A57BC4644FB4B8E7A9EC0C44E54FF308BF89E3752BAF17F285ABDB78C9D5F63C9C8A09AE681EEF82A8FAD2B2E6B5ED8495A3ADD53D840DD8E5FD8347D08AEC23A54A78BC60D79AC5BDE0D435234017119445F78358561AF52B96819D5CBBEC390188B8A8A7B63155BEF1B8B634B1E09EF4EF696E7711198DA02DB96ADDEA96671E32AFEEB169F11E2749040177EC732B21DDAD820EA5E5E8D12A0476B0A42D1E9705656638C4EC2E3F80E005344128A131ABEDD83A54F2B8C8989185253D0046929BAFF0D74ADC3B1C4B601C098944CFDC22DA007B5AD93F06183096ED7839D578D3B69F50E9CD095F076839A6D2F7AE74D9C9F1735D9A649082038BD1B15DB9678C70384C4E3A82DC2692DC3149E7ACC7399C29271D557A2BA5D1883E3D018CC38EA4A30C525839E66E301F4FDE2881BDBFC5A2BB72DC53AE3E4CC01EFFAA18A84779FA376CB4A2A167F8E676F3D9E9DF504DFDB1D004B6C1BB4C9A1B8F6561173EFFFA1D6B868CCCD456B3261FB66374A880E534422006E7B1DA698649C1555684C26B48600348146DC40D0C473711754635BB4E3A4D45B88338504BAF03BCEB24A22C78CA46EEE6A74D1C1A82E3734B850EB1DA8B8701E5CF75BD119D06644923EF921E22EB81E140577A3958D93FAA1E637E289B4E1AC2F476B48461B1088F1A214A2AE1C49DAD847D0182C6CBCBD1F9EFD276FD292D0F40B68317646B3EDA5EFBFD76CBC9D36C484CE1482D660A1A17C2F96A8741CB5453454E4628E3AF6C86E73640B6CE57B001573543AF6F27D68F426F40931A801A054FFE67C3ACB11EBE699D788959313E89E5C1B85EFCCA2D3735F9376F523EC5BF010E5EF7D84C6E4ED4B775ACBF154DA50F31BA9FD7E359D677D8BD61000AA4AE13773C89BF584EFE9005775251ED509F54E3C563BA8A08D0AC2692A26BCDF8514BD30E7A4D4598833893C872EFC8E7353316E773D58C098984443410ED8401B1988A7C18E637B11B692DDD4E5AC27A85B17E2FA8D0345A1BE68279BA65C8A75DE3A00DC9BABD9FFF60C548F1BBBA380CC794B48BFE159B4A62076CD9A48ED9C9F4EDB35AA0E371E57238A4687AA7A50740614458BC761436BFCFD67CA01B4A6203C2EBB774E7ABD098FC7058A068FBD1EE5CFCD0EFBA7D4CEF9915DAFFC139D299856E39FA3E39B5FD0E82840F5B8C95BF06FDCDBBDCDE6D637D7B269CA106CC5BB4151881F7013815DB2B0E666535FB403C78E5254BB134D54108A0D1A8AF6624A4A440D00B7C7866373F1E9BB48214E11B943177E4709D6A3283A5417181313B1EEDA0836D08504E3A82AC1BDBE9A5DFF9E805BB5E371D6B3E3859B71141552F7ED3A9C6B0E1B05ED86E2196F795704B3A9D8CBF6D158798082852F52F9D2126838491DC827C05D598FD35689EA71012AAADBE50B76D57DECE7E73C4E3B1A8D1ED5E33EB8BF0AAA077B711E349CF2EA1F956AF35072FF1B388A8B48B86A12AADB85ABB086B5933B61FFDFEE43D3CCBAA1E6A5EFD9B8AE0F417DBB62888BC756B88703FF7D0A8D6AC4BDBE9AC6AA2274C1C1500F753BD6634C4AF21EAF6A50820DA83567C6E239429C2C12E8C2EF98CE6D89A7C28AD208012D33A85EF3EBDCEA0AB6BD3B41038EA212D438958657B653CFA6239773490B4CADD3B07EBA0ED7DE1A367F3E144505B5EC34DEC21EA4963AA8DDB19AB0CCFEE42D7F8A16C31E4755DD58A25B632DC8C61CF9FBCDEE0D6539042575A1A17C0F3A4B1879CBFF43F28577B1EFBB07C1F5175DC451786A9C543CB688CA573F4355805237BA9621048FED45C3CEBD347EB9CFB7AF73553195AB3EF7BDB6DCDE0E8A000DD8F6EC4055BC53E6DAF3F2083DE77C141B78AA6C98BBA7613BF02747E70B7186912677E1774CF109341614A2493413D66D308E03DE6534EB3FDA44D5735F12F2CF7E7499B7D2B7A00A8012A627644A5F9440EFFF12C6DEF164BEB184CCFF7C8EB6AD77DD6DC5A1A06B79F459DBFE5236A8DBBC1A73640B5A5F310BBD25DC3B5B9DDB89B3AEEC98873BADE5789C7614AD1EBD259CD657CCC21CD98286DDBBFF82CA1F070574E911280E05006DEB5032FFF339996F7C89E17CEF84334AA086E0297D50420FDD9744741B469737571032A92F55CF7D89ED43EFFC008DF9F984751D8426D184A3B0084342C25F7F4D429C6212E8C2EFA86E378A418F362A0053683C2EABF7B973B5CE85A645306DEE9B8DCE1C82DB7668409BA1471C998F2DC632DA3B1B5A40CF2C2CB1ADA8DCFC158DEBF2D1C49B88FDF78D647DF80DDA8EC1A7E5BA7EABE68715B81DF5281A2D0031E75C4D5DDE3A2233871FF3D8C8CCE1D41D584FCC395703A068B4546D5E4EFDD77F72829C934497154AA70FBF25F6F1F168E24C34AECFA772F35704C4B521A0A7F76764B93C8BCCC716A33FF7D07CED6EAB159D259436F7CE469B168C6AF5363778EAAC188363D04606825E87EA39FDAD2C429C6C12E8C2EF382B2BD18585A0BA3CA81E37BAA043011C3CB03B9698D6A0AAD46FDEECDBDEB8329F929F16127EE1C56000730BEFA42C556B97A10D30133F63122DAE7994DD2F4DC6BDE3CC789ED9F6E97676BC301E55F5362B2B8A86A84EA3BC73C11F83CE1C4254A751280747857B9C0DE4BE3AFDA48EDAFF335C5BABD9F5E2ADB4B8F631E2674C446B3151B5761900E696E96084C88B8651F2C3DB38561CF01D57BFC9DB7D62896B4BE085DD7CDBB54141A8AA07D5E546171686B3B2F2AFBD2021FE02D2872EFC8A92AAC3F6F9365C5556DC076AA82FDC81EEE03CEC00C6F8045055F62D78849A052B0F1D58EBA166D3CFB4BAE5394A3E994748A7BE008477BD18F34BAD094CEBC8C689FDB1BDB3F98FAFFF7DAAB8A0ECB10FD864AD26A84DD73F5554F5BA1FA87DF5F48DDA6FC609354F7DC3C6FCFEB4BEF7454C2FA5628E6F0D4068E70B281FBE88A4E1B79333EB76A83B3438B176E12AF6F57C98B4B10F614A48F46DD74584535FB01DD7811AAABE588E63E50194541D6AEE691E3020C44924812EFC8AE69220DCAF56D1F8E55E50A062E5624CC9C9BEF76BB257B0EEFA6ED47FB2096A9BFE3177D7D4A23387927EC7B34476F6CEB416D1F562723F7C9CADFFBC02E737A57FE9B51C8B312181B41933D05A0E2DB9FAEB33F67F546CDB6B099ED49582975E42759F21DF58DC60FBEF66B6145C41E2C4DB89E8EC9D7427A2D325F02FD0994371D6356D2D51AB1CE44D9C41C5B2CF702B87A6D833A7A452B1EA0B28F7787F37B4A0B9261C7596DCA90BFF21812EFC8705A2CFB99C922FE6E3C9F54E2662CDFE85B8313753143217A546A5619E7776B0808E1DA9DFB205D44377778AD6DB171DDDF34A003CAE46B63D3316477909C1979E4FC58F1F63BC3005E7A6723C0527BE54EAC910366000ED162E441F157552CB8D1A3D9AEDD75D877DDFBE63EF7C0A691203307488C4FEF57E4286F6A272D5E7587336D06EEA02EF3AEC3D467BF73B387EC04751B0A464607DEBD064374A9886D01E03297A67B66FAA5A4DB289986EA329B2BC0667462F83107F9AF4A18BB35B9B437FD075EDC249197E3FC62E87EEC8AD6B3613909481A1DDA166775D6828DD366C2065DAB426452946A3EFDF6E7B1DD9D306E2AAB7D2F2A627B1FDB015CB880C3A2FF8898021ED4FC9A5546DFD969D332734FBCF6DB51E56498594FBEE2373E9D2931EE60021BD7AD1ED975F88BBE18626DBDD56EB11EB56B5B5F9BCEF2743C090F6745AF00396E16DB17DBF8596373D89CB5A43F6B481B8ED75877634199B1C97326D1ADDD6AF47171AEADBA66B1B41407206F5AB0F8D9930764E2679E83DE8DA1EB6225D9BDF7C3910E22C2377E8E2ECD64B0FBBDCA082BE652CA6B0644C2D5BD0C02E009C5BCAB0EEDB843E210227DEC7B902333351743A52A64DA3EC830FB06DDF0E803EC2FB489AC7ED20FBC14BD10787D1F2E667D83C6538F6E539B458F80CFBDF7E84BAB7D79E924BA97F7A03F56C38EAFBBAD05032FEFB5F222EBDF4A8FB9C0CBAE060DABCF106114387B2F3E69B719695E1FCBA84A2AF5F3BA5E73D5CDD7FD7B2BFFDA3C45D7B137BC64E6567E0CD7478661139B3EF60D3F411643DFA251AAD0143F8A1C70803DAB52365DA3414BD9E808E1DA9F9D13BFF803E21026BCE061CDBCA510EEE6B4E6F8939220D7DCB185C1BAA40C1FBBBB4F30CE96E10E20448A08BB39A456989AB6F358EEF0A30C6789F4F36A7A6F16B4FB26283FABD9BF0341C5A114D1FED5D735C6330D07AF66C7EB9E00230A95892BD0BB16CFFCFB5A80E07EDEE7A874DF75C4CC3826D9847651071CE25E43DF418D8FEFC0C71C1E79D4760C78EC77F80564BF29D77624A4BFBD3E73E5E912346107CDE7914BCF4121EBB1D776DF3D1FD47EAB3AFFEEE3B9C65C77E16FE77D954CAFFBB88CE9F4EA5F0E239D8166C6347F40D643DFE05BFDC73113B9EBB817653DFC692DC1A4C40A342EBD9B3D1180C00180E6BBDF0343AA8DFB705E5B0A67553AAF77334C6C6D1C00E0C1724A25342B0B1F5CFD55B88D348025D9CD53CA50D445D3D9A82D533E1601FF8E1CDAD78A074E1473856E6FB36190F9B5424B44F1FE2C68DA3E4FB858476EC43E1D76F50BDE43B3ACE59C4BE050F53F3EA4FA04260A74CF23F7E11E7C68A9352EF869C1C32E6CFC79CDE7CCDF23389212686B4471F3DEEFD4B172EA4FCA38F4ECAB99DEBCAC85FF41201591D69F8603BB5B37F625F8747489FF40C5B6E1A4E51E7B98476E88326DE444CBFAB09E9DDDB77AC3129C9F7EFC6EFF328757C049E831B34A0FFF5CE5EAB4509D0103D7614E59F2E3E29F516E274913E7471F61A61A071633E91BD2F23E41F7D701415A1AA1E5F9FB37E441CE68BD251767A50ECDE5F7545AF27FCE28B9B14D3E2A9A730776B8B313491FC39CF626AD392C0B42E542EFDDC7B37AE0153722A0DBB761E73FD6F4D9A09A28EFD3DD95956C6A68B2FC6515272CC7DCF16954B96B0E3FAEB8F6F947CB4CEFB59FD1E156CBB77614E49F3FEA5B2A9542CFD82E0B46E185BA571E08D673146A4603E2783164F3ED9E4D0F0C1835174DE9F8362D7A0EC52310F4A473F220E3CE0AAAB45F5B87114161172731F227A0DA771C301186E38C1AB17E2F4934017672D4DAC19B5C441C5CF8B6973F71C3CF53672E6DE4ECDC6B5685203B0F46A43B7C5BF70EEDEBDF4AEAFA7677131BD2A2B091FD474CD717D4404A9FF9846DE074F60FB641B011D3B52BB770D0D3FE678CF936C26A2C7A5C76C460E1E772E9DBFF991F64B3EC2D4FFD84B9836E4E4903D7020AE9A9A13FF10CE10B5AB56B175D4283C8E632F7862EADF92F65F7E44A7AF7F20E8FA737F775F574929113D86A0247A07BFD957E6509BBB9EC08E59D83EDECAFE0F9E20F51FD37CE31F7E153E7830BDAAAAE8595C4C6F9B8D73F7EEA5DBA28D587AB745936CA176DD2A72DEBC03B7DD4EEB7BE650B1EA73D432279A38F3897F08429C66D2E42ECE5A4196CE38475760DBB91DCBF5E924DC3C997DF7DC8FE7808D9887AE06F4380B4AD1A6A5A1E8741862628E5A56649F1194DCFB5F94682331178EA172ED12D41227281034BA0796D8741A730A7EB73EC1BDCE2328B51B41A950D26B1EF66FF61CF31AEA376F66EBC891B478EAA9A3EFA4284DBB11CE308DF9F96C1936ACC954BABF27B05716515D860210D2A72775F3561DBDEC3D0558E25A1374790F6A9FF901B5D041E5DA2F8919389692A8F9D8B7E7D062EC63473C561B188836F0D052B28E8252CC9A16186E8BA76CFA3BD4AFDC4A8B279FC012DD12DBCEED045CDE119D399C1ABEFF03572FC49943025D9CB51C7925B4BAFF39729EBD0347752149432653B6E47F388BCA68FDCFD964DF3188EC4103E9B2E2E7633EE2A56834240EBD8DBAADBF10DAEA7CF2DE7A12DC60BE26838C7BE691F3C6DD38D7FFFE1D7AFDF66D789C0D38EB2B692C3DF0BBFB1EAEEA9B6F587F5E37385B6F0EAD1CEA9F3E0E8D650768AC2E401F108E75EBEFCF1DEF5C57C6DEB9F7D2EEDEF96C2A1A8AED9DCDD464AF22F5F269183AC4923874328AE6D80D8DCEB232360DBE08C34571643EBB04EB4FEB3024C690387822F6AA7C1A0AF6D16ACAB3EC7EECB6E3BF1021CE3012E8E2EC6402FBCF7BD0180CC45D3E815DB36FA5C33D1F12DCED5C6CDBB751B7672D765B1E2E4B259B870E25EB9B6F9ACCA87624A1BD2E2030B23D9B1F1C4ECD821F315D9246C6236F51B97E2915733E85632C335EF5DC52566FCEC0786E1286E464D0AC3DEEA0D39D1B8EB15F2A1A8DF198FB1E0FB7B3166BF556B4A610DA8D9947F5EE6F39F0D34C74C6304CE604B4FAA093721EBB350FE7EC026FA81F0F0D189292D9FADC5534AE3E40E3F2FDBFBFBF13CA5FFB9890F6E7D3F6D137D8563986BA052BD8A40C2530AA2321E7F63AE629DD361B9B870EA5D1528CC7E6C4BA3F1B737A1A011DB34051D83DFB5612AEBC05F45AEC2BF77947CDDB8F59AC10671C0974715652AFD3C23B6E8ABF9C4FDB296F622FDBC7F6E7C7A38DB460B7EE67E7C393083DA73735C53F51BB6435DBC78EA5C3C71F83A2FC6EB969FF7A9C759D3A81462572FA485CD62A729F9A817B5BF5B12BE50677611D21197D508C601DD282C6C57B8FEB7A5CAB2B71ED38CA34A46EE0786628D582E1826442FAF440DF3A9A80AA4C3C950DE4BF351345518808BE0825C2843E3004E7FE2AEA7FFE85C61FF28FEF4B47B8B7FC233A76B7B98F71480B0232DAA0A859147C36F3B8E6C5776DAB66DFBF1FA1EDF36F1079F930F2BF7A8EEA2797D1ED975F8E7DB0AAB27DCC186A57AFC6383889E08C9EEC78F0269408159392CEF667AFC71CDB82C421B7B2ED3FD7A15A3DA8D7E9505E9339DEC5D947025D9C95348B75E8C68553BD62059EC90DB41AF71CD9D32EA6EAA5EFA0B891C09159B49E388B8DEB7AD108942F5AC4FE7FFF9B94FBEE63DD33E7D16DCACF472C37303393A8CB2EA3ECA38FA8FAFA1BCA177E84E3EBBCE3AA93B66520298FDE47D2F029EC5FF61451D78CA6E0BBA751EB8E9D989A56163216BC8D312491FAE22DB8ED759823D23084C4B3F7CDFBA97A782986818918E27E1D07A0622BDC8D67B977D63463FF5422AE1A863E3898AAE5CBA97CFB0BDC39F5CD47E52BA0493261E9DF81A81BAFC635B4948AF7BEC4B9A6D85B8F0B83B0C4B7F2EE08388A4A702CCB276CF2205A8C9B41634D21F6F2BDE8CCA15862DBD15893CFF6ABAFC1B3F5D8FDE74A9086A86B46A30D082165E05DE8B441E4FEEB01DC7B8E7D7BEFF8E600BBA64E401B19041E88BC7C1401477B8E5F5559F76C4FBA4DF999FD336650FEE9A700E842436833E96536DE7C01F5F336D1B0642F61570F24E38E37713B6CD4AE5C856E5C149EF72BFF480F8210670C19E52ECE4A6A5123263505438B78F62E7804148536FF7A0D638B587469A1B4BCEB197496D0267996FBE083942F5B8C25AA15B6921D472D3BE5A1874051A87F7B23F6AF8E6F4E734DA49EB8FBFF41D2F02900245D301955711078FD39C775BCA22A58E2DA51BDE70702133B11D171286875D82B73D1EBBCD3930675EF4AB7B7D6D165EE4AF469B1787EAE47136620F281CB48BEE76E6A7FF889FD37CCA076CE2ADCBB8F10E6002A78F2EC58E7AD23FFA6A7B06ECC26F9A1BB081EDF1334A0AEAA479F1A4397B92BE9F6D63A82BA7B5771D3EBC268A8D88BA2D51391398C80C44C6AF6AD2020BE3D8AFAFBAD1EBF0ABCFE1C54C541D20593BD9FD1B0DB89BDF7463491FAE33ADEFED53EEADFD984A2D190FAC00347DDAFBE640796E8D6942F5D4CEEC30F1F7A43A341670923FD9E67D1A58462488FA7CD6DAF80A2B0F7ED8730B48CC7ACA6E229F9034D0E429C4124D0C559ABFEF36C92AEFC27353B7EC29ABF0D53C4FFB377DED151555D1F7EA69764263DA49040488300815005040505A4630145B1A082820D512C585111F555103B22208AA2880A4813109422BD859A407AEF99DEE77E7F0C06631201C14FD0FBAC356B25F79C7BCACDCAEC7BCED9FBB763D15FDB0B6DEF7604B5BB066BF9291C8E92BAFA82C7C3A9D953881B321D434EE32B74F0ADD243478C38E771488315843D731B09E3FE77E69A424D60F2D5840C1C82ACF5D9F39303584B8E11DCFA5A6CE527A93EB60E7D6C579CA63F647813048EBC720335AFAD4516A1A7C5072FA0080E23FBFE27312FDE7F7E2A763601F3E2FDE44D7E09FFCE5D089B7E0B8253A0E6F5751C7D7554BDC435002E7325FAD8CE541F5D8BAD228BA0A4BE588ACF4D594DD63A80908143084CBE1AA9E24CFC79E2DDB3089D7633D2E07333EA00A137DCD0F4EA1C30E6EC206ED0F39C9C3DB95E4CBCC35A88AD3C8BA076D7A0EDD396807E3D500537C79C7F18D3C95D44DF741F96D587CE791C2222971AA24117B96CF1E6D8A8F87905C9933E24F3FD0998F20EA16B9386D44F8BE1E4AF1C9B7E1BF284FAE15ECA96E16842E270DBFF7C9B37FAC107CF690CB2441D11AF4EA0CD230B1A9485A58EC0E334113461C039FDA709821724525C962AA27B4FA4FCC0377FAC41D6E74F533DE747E4B181C4BFFF3AC643BB2879721E9EEC86B2ACE78AFB642D258FBF8F4CA92574DA28700B54CF5E43D617CFF0C7657EF9816544F79984CB5C0112A96FCC67430A411306E0719A084BFDC38B924442CAE4CF8898712FB2C47373D48B9E34E9CFE7E3B4A2098D47D5B27E98A22C3190632F8DC590B51399BF1FFE299D31E51D22F3C389243F3497AA5F56E1CDB19DD31844442E4544832E7279D2568EF42A1DA61DBBD14625D162D4D31C7B6214A5AB3EC3B47B2FE9370FC23F258DD0C421BEFA513E8F2E4D422200AEB328B405F5EB77565956E9503DAADB1248BAEFBD269DED22AF1C8F7F525B5403631B2D3F1F9C8E724AE77E8AC42910F5F47D54FCB482AAD75782F3C2B5E505AB87D2E71622D3F91338B12F428D9BD28F17E272565E70DBAA81B1F827B525F2CAF18D57904848BAFF0354B7C62319AAFFD3B6B4C9C9045E7DF59FD67195FAFC01344949BE0BA7FFF661AD47E0D7BA1DE9375D8771F75E4A7FF894635347D162D4343461719876EE4176B51EDA8AAE45229727A24117B93C39EE86F672ECDBB328D9349F904E4308193212DB9747F16CAF463FAC37AD277D88B3C4B7E52E19AC0419A8A35B0020B8DC980F1DA274D767F126185F0000200049444154E4AD9FD9B07D8984F031639AEC5E3E20088EB9500735FFD3616AC31291AAFD08BDF306D09EDB597353584E1DC6F56B194113FBE3753AA97967ED59A568CF0BA740C55B5FA1EFD90365F7285C5B4B319FBCC02D68AD84D03B6F40AAF6431B96F8A755D541CD911C7321BBB669119DF05B6E69F4E5296FFD4C4A777D8679FF7E04B76F9B5D15110DD2D37F7B7C0238AD1FF818FDB05E78B655635D7294D0A1D713D26930259BE663DB9E05ED64704CF47017B93C110DBAC8E5891734B696E86EEB41F99AAF01881FFB2AFEB77645D53786368FCD4740C092770254E017DE1E69820EAFC31760ECB1583876C7AD988B0FE317D9787EF3B01B6F6CBC6FBD04C121C19B6DC3517496386A20FACAFB91A9B5E8C677FB6B733D8D77B90559BC3FC1038751FADE42705C4C6B7EBA8F622B95DF7C4FF0ADD781D4D7E785A01BDF0D995A4BF495F79FB5AEAD240F6FB60D894B0A4DECBE875E7F7DA3D7B5116DB0941CE5D8B8DBF19E56ACF3BA5CC892F4F8374B051558738F2320D0E6B14F50F68B4137A60BADC6CE00A06CD512F4B7F7426D6D71715F924444FE1F110DBAC8E589046C3F6710357A226E6B0D05ABDE46229513D4A73FEAD6AD50EA9B91BFEC0DDC1A13821EFC029209BAF51A6AB76FC1692CC5B4770F749413DE691432957FA35DF8A7A6362AB92AEF178267AB2F30DCB6FA24FB67F4C16D6D3A4E5DA6F24717D79590014390B5F26B7A4A1229783D48A44D6FF9FA5D938A71EFAFB88F344C5B7AB1B0AE398E54A745DE29B4E94ABF8D55D2F45788AC951F210386A08BEBDAE43306705B6BD93FA30F8E1F7CDAF9EE6DD5C8AF69D8B7223818FF0E1D1AEF4BA125BCCB2D902AC3B87B274E6329C65FB71178EBB5687409A00797C644C1776FA20C884493DC92E0BE839048E5E4AF7C0BB7C348F4A889D83665C0856DA48888FC6388065DE4B2C3EFF6547413BBE3CDB252BE660929CF2FA1ECC7C564BC3B1E6BD571EC79791C7A6C20250BE711336232527F156EA391D68F7D82BBC6C09EB19DB1EDCD24FED1D7B097E4E0296962152A91343C479701266F9D188BF7A80DE39BDBD835A90DE9EF8CC4EB6E18F2E4F538A9D9F11386BDDB08B8FDEA260D865F545B6A4EFE4C68EAF0BAFE65EAFA4B55557C4B4C3B9AD63EBF2838C07AF018FE3DEA7B92CBD4BABAEDEEB0F6C3A939F50B7E51ED1A6F430201B75F8D61EF366A76FC84D7D3C873713B393C6704BB26B5C1F8E636BCC74E3BA4790093A7C1B79326B1E92D7B6FA9155B4936ADA6CCC4BA3B933DB775C25D6BA0F5948FF1184D48756A62464CA678DE071C7AFC3A1CF9F958CA8F92F1EE78CA367C49DBE94B295BFD05DE5C1BBA8957A01D7B1EB9EA45442E1144EF0F91CB0EE7912222A7DD8779CF618CDB76E0BDD745EB273FE5E8E3A3B12D3F0E0EF0A45A487CF76D746DBA92AD9886DB6840E117428B079E26F38E8904DED98F908E83C8FEFC296A3FF899D05F87367A362BD5D417589776D3E03EF887EC68B502AE45A554AFFD81BDC5697479690F52A54F66B672CF0A723F7E05F3E27D488394347FFB312C7D0FE1D85458AF094F999DC30F0C47224829E1E37A65AEEA33AB71AFC28AE378097F378E8202FCBB74AEFBBD66D3CF980FFACED38BE6BC5377BD58F2219EB2863AA9AABECDF14FE940E1E4B7A8A9DD8071EF4E5A4E7C81D04E4301F0382DEC7BBE1BD68527A0BCA1A7BCE7A01149570DC2AE335EE7D2A6A47B0581FC675E23F0817EB4BAED5502865F8961F1665A7CF6260ABF10DC462328A484A60D45F15428A71E99823BBD02FBFA3CB4D7B7A1ED9BCBF03AAC18B7EF44D2554BD0D57D2999F971E37D89885CC2882B7491CB0ED7812A1CF98568DB26E24A3691BBE079FC9BB723E5F525680625218954D3E2A5A768D6E756CC39E9085E27F6CC6C3C0E331157DD8EDFF00E0476E90D80E9C8014CDE744A3FFDB4D1BEBCB6FA614C92662AA86A42AFB4DC8BF5E3E31C7C630082D7CD89F72770E2F63B307FB217EC02DE1207552B7F2078F4109F5EF8EF903653E32EAEC55552DDE0834340DAC1B765EDF5D8F0D49E5B56B30BC163B1200FF0799C4B3BF8834368746CEEE25AA4CDFE301935048F1E42D5CA1FF096387CF1EE9FECE5F86D6339F1FE0404AF9B836F0CC0FAF1F1468D398050E5411A515FD7FE8F7F8BDF2859B810B33B1DF3E103000476EA85DFF04E34EB7D2B6E9B01DB899378BD0E2C05C788B87A2C2D5F7A1A493315EA21C9A4BCF1357ED129E42C7A0177B2196DDB441CF985B80E545DE0131411F9FF475CA18B5C969877EFC3AF7B67DC076C38AA8B285E3F97A801F7D17CD2A39484CF2766C41400CAD67C86B4BF0E5C52B2E63F41D2A40F504546200F0A21FBF369D88BF2D1A6C493FDD45384DD7413325DFD2D6E4761FD953492B3FCCBD40858B61E61EF333DB0BEBB1FC152DF6059BE398C7F8FAEF88DE98865E1192D7259A83FED172E471B91DCA0497B7501E9F70FC379C88C207891F8030E7CDBFE67491803F8B4D6CFD3D14BE291E1F5380090370F26F5A31F5007C734A8672DCDE0F0B8917839736CE137A6235EB70BCB3787EBD5F59C3050F6E47CCC8507B1EECF809A3F1F945422AF27F5EE286898C1CE633291F3F4D3A807C7632FC8257BF1B3A85BC6A38C0A07206BE134242D144813FD295EB580D04EC3693EE2514A577F41D49889F8C7B4A778DD8738AB4B505963F14BEB8869E7DE737D4C22229714A24117B92CB1AC3D4EC0907E08256642468EA1F4A7C5786C26FCDB74C15956C1E1E76EC055518E2075A3D77442DD2501C3EE1DA43F3714BB291FC3CB4F2394BB889FF516C55F7C84B3BC9CC2B7DFA6C5EF24455D9595384FC734FF8654909C359F8837DB8E25FF00581A597D3AA1FAEB35443E321EDB4F9978F37DAB6DD7D6324E7E3485A08E7D1BDC5273E8679C6B7D7AF29A803822167F8ED76EC5EBFC738952AFC745CD89F5D44C5F07A6B30CFA4F70AECD27E3DD890475B8BAE1D80E6EC6B5F54C4CBF34564BC8906194CC99D768D216C1E2C5BC7C3F12D7B97CF5D43F02711415E1AAAC44117AC661AE60F66C9CE5E5A86471448D1B4FF694C7214289A26D33D29F1D8AA3A288E09ED7613D9681ABA498FDF75F89222C1C5779059AE609E47FFF1A95BB5613DCEB3A4AE72D407E8D3FB6B5C7CFF5D188885C5288065DE4F2C4EDC5B4733781C3FA52BD7513A9AF2CE7F0F41BC99BF33AEE2D9554ADC8433D2881761F7D47CE47CFE02AA8206DD6268EBD763BB64F8F2138BD44BD753F91FDC651B4D077265CF8CE3BC43CFE78DDB979F5FAF50DBAF5A81D671D9A24458DB0D2D064B96B6B29A6DE7B0818DB9B9A577FF45D14C0F4BF1D98685A921640A6D411D173EC59C750371624D438D79D73FD46F182E98D5F31F1EB59AB068CED8D69FF1E5C5B4B9BAE74C28374983F9EAC3F7F968D3DEB9A0D1BEAF4013C663385B3670320389D445E7B0FA689FB287EF443DC7BAB513D1843DAEC4D1C7F7D1C72958E960FCDE6D8C45118E76E07191C35DC885FB776A43EBF82F4A7861338AC1FA69D7B10DC626A1691CB13D1A08B5C9684BF3A166BE609AA16AC42B07BB08C4FA7E38CB51C7E712435DBD6A3EAD382E4373EC23FB63D5E970DF3EE83B826D5D07EFA4AD2BD43B01FCF26E1DEB7103C2E5C162312BD0C576525654B961079F7DD00947FF555837E655A1DF470E3DDD1C439B616849AB327D3362CDE42F49B93B15C7518E72FC50068EE6A8326B8A1A29CCD908F6DFE9955A3BD2A1741F0E27198113C7FBEE7AE8A88417B6B07AC5F1C3AAF34A77F44734F1B34018D8CAD3A1FDBA7BEB129AF8AC2BF63678A1E7FFBACED790D0ED0004D28AD4A7B6891697478A92F695BBE74699D412F5BBC18776D2D12BD0CB7D580E0759370EF5BD4ACDF88BA5D3C1DA6AFC256918D71FB36FCBB7446D7A20389AFBECB71E3385C7B4AD0F5EA42FB1796633CB903CBDA4358B61C4673651261AF8CA162CA92F37B4022229700A2539CC865894CA6A1FD8C95A83AC6E0CD3493F7F55B48151ADABDF03D7E7774A4D9F8DB096A770D82D7833DAF10599760323E9880E07111D6EF0664C13AA40A0DF92B67230904498CCFB1AB72F97200EC393954FFB806EAFB65A155C713F5D0FDA82727211F150CA1F5B785A5297E08FBCFBE8AF7E65BA95EB39AA0D183C027644650B7BEA4BEB5AEC127E4CAC1F5EECD5D3F135B55364E73392E5B0D2E5B0D8D1D92571D5F47F1AEF9C44C984CD4ECFBF0BB3D15690BF539C5597BED36DC8E33DEF521570E6E746C41DD4E1F11282168F420AAD7ACAE3B46F83384FD76A4297F88C90F95201F158C7A7212510F4D44AB6E55BF5C05556B5761CFCDF5CD6FF56A0024B11A04BD40E1AA77902A34C8427484F7BF19AFC749C607F721EB128223B700C1EB21B8E34022EF1F87DF9D69B47F613952859ABCAF67E1C936A3EED492D4577F40AE683A665E44E452465CA18B5C96D84E9E44151849EAAC351C515F8FF1DB6D945FB794F01EA3D177E9823A2216AFCB46D6A7D3B0ADCA20FC855B09EF378A83AF0C049717DBFE93EC1ED316777E2531CF4E23FFD82B78B160DCE98BF13E39E731C2DFBA95AA2F56E1DEF93B1117B98C84316F9130E62D9CC6324E7C3609D3AFDB712DF19D234B4355782DE7A6AE66F9EA10FA1E3DD18E6E8F75F1616A766F26FDD4750DE76AA89F8F5DD7BC23C1C9D79EB57DA7B114411090ABF534BBEE7662464DC598BD9BCAED2B306CF815E7BA864E66BFE14AAFA6BA6243DDEF55DBD6603D7CA4E1D8AA7D63D38E6E8F54AEC4F2D5394AC59A4112A682D3CE748A31CD08E8D18BA43B3F40A9F7255539B0B35FBD5B649D8309BE651059731EA7EDEC65757F2BA9BF8698518F90FFF2AB942C998F23B39092660B29D9B890D8118F53BEFE4B2A7E584AF6C22789BBE3655451B1F877EE8254A1A66CDB128C5FFF8CFFFD5D69FFCA77280322B09ECC3CB73988885C6288065DE4B2C4B2FB28B6AA3C34212D487BE71732DEB98FDCF75FC05A9089C3504AE5B469E4FABD886B6719D8044CBBF6D07ACA3C0252AEE4F08BD7E33968C46128246EF6CB34EB731BF9CAD7009F235CDE9733687ECF83083281B257EA6FBDAA5BB6A8FB59A96F46EA83DF52D5773D27D477E15A5802EAF3D8F4B243D5D73FD0ECBEDBB16FCEC4B9330F87A41123EB3D9B1B5ED348241214BA704A772F262CED46148161F8B7EB8035EB244E9A36E898BC08A633FBE18E6DB938A40DEB4B042FD2681521C3865236F77338FB69C3997B55BE67A51817499BC71611DCB67FBD7275CB16FCDE13C19B6B22BAFF78BC7607795FBE8AABD2973846AA941371D51D084E2FB9939FC7936F867E02A92F2E47AAD49035632A82D54BE1236F53F6E512BC1607BAEBAF2077E9CB94ADF88290F123487EE863644A2DB6CA1C2C3BCF2D25AC88C8A58668D0452E4B5C7B2A285A318784BB672153FA91F2F8620C99DBC9FDEC654CBFEEC7BDB7127E9763C3B63693821FDEA6C50D4FD3F699AFD87BA0339177DD43F3610F63CCDD833BCF27E52A4F0CC03FA50B41EDFB91F9D18350F6BB467410D4A51F7F24A4ED00E2EF799553E553F07ACFEFA0DAB9B910CB9587D0DDDA1D4D9BD628C39BE1B59B70596B5105462395ABB0E56651366951936D54676CC45696894CAD23A2DBED8DD651F887D6ADEAA57235157CFBE703939DFE9C9E4ED823A3D1B48CC7EB76E0A82D42A10D44AAD6E12C2FC376FC0496A387706E2EFCB3161B20082E64C38248B8F7B506C61C20A8F3D594E93EADF3D0174A5C946FFE86A489EFE1753B91C5EBF164197115D460ABCC2566C4A3386A8A29FFF20BDA3FBF0CB95F30B94B5FC6B636C377BFC583735331C8C1A4DD0DBD3CB4797121FAC41E757D162E9F837BDF8567981311F92710CFD0452E4F3C50BB631B0867CE8E03927AD1E1957574FDEE00319F3C41E06303500D6A0111327041E987F33166EC40151885BA6B4BE26E7B0980E2E573110A7D964B7FC39584741C88E07563DAB5BB5E97D2683FF4C9DD1B1D4E44AFBB90B50B42C8394FD117010C8B7F41DFB51752859CF0B451A843E288EC318EE094EB50F887A2D034ADA96EC8D981421B4C749F4904B719D8480E755F27CEDA228AB77F4CF1F68FA94C5F81A071238D5434D9AEAC6B207E8FA6D5FDAED084FA5E0A52AE23B2C738D4217184A78D42AA90A3EFDA0BC3E25FCE3BD6DD9B63419E1244B39E77345AAE4FBE0249D4EFD4E10430EED98DE0F510DA652801D7F7F45DCEB353F4DDFB00C4DFF11AAAB45814BA708C277EA5F4E345BE58FD4839AA412D087AAC3FCD3F994AD7EF0ED0E1E5B5F58C39828061E776CE1A972822728922AED0452E5B2C2B0E523AF67322AEAA6F105481D1C4DFF93AE0931835E51DA07ADF7AEC79D99C5AF014128D0CB7A196A36FDE82BBB20AE3D7DB410138409B940482C0A9794F62FABABEC08837DBC2A90F1FA5DDB4654815F52561018263FB5172F493F39E8727DB42F5867504F6BF0A00894C815C1B84DBD674E81B008280316707C6FC7D04255E852167079AD0F806D5F42DBAE13496E1A829402A57A18D688366643CD6AEC7A83DBA15EB82E30845F51DF9A41219DAE0242C1C68D09E5C1B8444E67B1990A894546F588727FBFCB3B20947DD044FBCA6D132AFCBC6A90F1F45C8AEFF8264F97A1FA7BA4F2571C25B6892938175A080B277BEC05E928B3C341897C1C0C117FB22D805F4FDAF20FCDE5B09EE3C005D8B4EC8944DC8C702C59B17625D7181E9624544FE4144832E72D92254B828FE7A2ECD7ADF86442A6BB48E4CE94760E29504265E59FF5E8F0BA7A90C7B553EB6A159B88C55B80C1578556E4E7D39056B7E268AF6E1B8769F114DC109D5AFAEE1907910A933D634300EB6ECDCBAA42DE78B65E941745777A160D36C9CA60A2CA5C7F1D88DB8AC3568558D272531971C411B9182521F41B32EB7A20A88C669AEC05E938F3AE84C889954AE223CED26004A777D86CB52494C3F9F925EEEBA5728F8F6353C4567F7CCAF3AB60E63EE2E646A3DB6CA1C8C797B9048E558961E3CEBBD8DE205FBA99C06973D0E3387A60DC6F8EED6064A78F2F6A158F33338B5E43124412A62BF988622200C853E044D7402EAE01894BA66752F1CE78AE07553B2741EDECA7391DE1311B934110DBAC86587E00FD2011A84EF6C9816EF22A7F74BB41A33FDBCDA90C814A8029BA30A6C4E407CCF46EB581FC9E2E4AC07A97D7F0382F9F43EAC130C6FFFC261F930525F598B54E68B39F3BA6CD84F64FDF549D9047009C8FCFC91394C48E54ADC805CD574BA55A7A118953E12B7B5BAEE9A3220127B757D83FE7B24B23FFCCB379290A629E42A3F04402A572253AA91A9FDF15A6CBEB1FF456C1959785DB6BA1D0FAFC749FA0B2330BEB3B59E0F84C45F46D083034978F41DB4E10D77212E949C252F625EEC3B6291DCA0C1BBDE86C47CD1BB1111F95B11CFD0452E3B246650E883508F8C47307928797B2E35E91BEAD5B1559CC25C947E41FD68C3E3E930730D612FDE0ADADF193E37D4CEDAC4911937209CF640AF4AFF11FBEEFC265A3A37245E39513DC71394D48F88EE7712D5F35E02E27BFFE93D5ED71F9459CE62A0652A7FCC25C7EACED3DD3623F2B4D006C9621A2320BE37513DEF25A2FB9D0425F523AAE77824DE0B5B133876E55175D8A7C827783D1C7E790486D99BEA1973B412C25E1843EAABAB2ED8989B8BD2B1559CAA77ADEAC05A4AE67C8260F1A21ED90A853E4834E6229725A24117B92C712D2B2560606FFC2774C175A08C1353C753BEFD8CB25BCDC99F9B70103B4F2412DA3CBA90A0C7AEF3797DFF86136A66ADE3F8BBE300285BBF042A2ECC9B4A2A9152B6F74B8C79BB28DE3697EA23AB30E4369DFB5CAAF443388B279AE0AD7F0610DA7E38D13DEFC565AB2528A91F09235FA7DB82A3B4FCEC257413BAD5653813A4E07454D4BBD790BB93EA23AB28DE361763DE2ECAF67E895472615F2142A597F21F7DA181C7DFBB87DAB737D457B49341D0D421B499F2E979ED263445F9C165D49CFAE5CCEFDBBF22F38989B80E96A1BBBF2B01037BE3FCE6EF4F4F2B22F277206EB98B5C9608662FB5CB37D3FE9395E425BE4EF5FB2BC8B8733C25372D246CC0283C520B9A9038DC762372B5FE82FA924865A44CFD94BD077AE058957D660C060F55AF2DE3B8428169CBEE3F69E11CF040F957DF2195A91A143558859F8DDFC7AD376204F57157A06FD99DECD5CFE3755951F887230954A2ED9D82CB5A857D7116EE7D55D49ED854272A57F6E5E748151AFEE8A6E7F5382ED82BDCB86517C703EFA56AE6520443FDC654835A91F2D8FC267D24CE07B7DD8826B8256E8789E29FE651BE7E19A66F7F058F40F8CCB1C48C7A8C23F78E00CB5F3F421011F92791012FFED3831011F923AD803E67A9E3C93260E628ED9FFF0E65BB084C99FB312FDA47D58AD5687B2510D9E71E8ECDBB0D63C16E42DA0EBAA0F1C8547E381CF918D7ECA8E7F82698DD58361EC093517B41EDCB3B06A16ED5029956DBE023F157E0CEA8040FE847F6C4E5AA40E91F86297F2F32953FA5DB17527B722B3527B7A00E88C1527A04C1ED247FE31CAC2527D0C574C0EBB221B8ECC8D4A7D3C34A24388DA548245262AF9D4A60FC9528FC42A9DCBC02F7E16A7083E4B7F70815A8BAC722F70B683036B9BF1EAFC48EB7F43C1465FE80E7542D960D07100CEEFA050A887C621C61DD6FF8CB6DFF46E6378F50B4E93D5A5CF73495BB97937BD70BD8379D42794534AD5E9B49CB5B9EE3D84BB760FDF2F059DBDAD20972A22F78482222171D71852E725963FC601BC723EFA4EDE35FA26FD3838C57C661FA6A2F7E91ED50EA9A613B9A83ABBA92FD3FF544DBA60DC13D0611923AF08C613B0F626F9C4AD9FCC5B8B697D72FB880A427BFA14A8EA6CBA2C6F37097EF5ACAB1E537FB72A0039157DC85E0F51010D7034BE1312A5FFD01C969F115E76D05243F35178FD382E597FDB80E5690A77C9DA881E371D416E1B25411D37732128914C1EBC156955B7734612A6818A2068012E21E7891F0EEA31B2DDE33A63DEE03358D969D338D3C4345F766C4DE38F52F35E7B19BA84AFF91EA1D6BB11E3F8E37DC8DBBC48852178E7FB3B68017DDFD5D69FDECA7F845B5E1E89BB762FC60DB85CD4144E41F4634E8229735920419959FAC2043359EE487E6D171CE668E84DD88E9C41E8CB1ED70675711D8EB6A4A67CDC3A4DF4599E353146991685AB7421DD78A808E3D09ED3602A5AED959FB52EA23F0EBDE9EDAED3FFD3FCCAC69FC9B77ACFBD9569285C4489D9A9A2BA3144D5802724D00BAD65DA9FE6E35C6553B881F3393E0E46B71D41691B76E06B1D74E253C6D14B6AA5C0441401FDB055D4C673CA5B554E499716DFB93F4A7FF4FF8756F8F521F714E759DC6522A76AFC0786807B6EC2CEC99B9B8F617830A04A340D4071329DBF625C6933B3164EC21E89141B47B66193285861373EEA17AFE4A24897284A3EEB37726227289221A7491CB1A21D38D74821EE3A17D1C78A22F7177BF48DBA7BF62EF833DA8DEB919A1CC49CC8087300CDA82535D89B0C58CF3A7229C3F1561602B657E8BC8497D1655722CF29800F4895D08BE6218FA56DDEA42D27E4F40D75ED42A7FBA28ABF2BF03FB8162AAD2D7D3ACFB28827A5E43B57635CE8D059C7CEF2152A7AF4615184DF3AB1F266FC36BC45CFD0871839EA3F09777A93EF6236E8711555C0B82270CA226F4279CCB2FCC6BFF8250424097C6C309BD1E27C6ECDD54ED5889E9D43EDC85061CC7F370A557C2EF7468A4B16A24BDFD5139C388BAE63E4A672EE2E8F4DB902A95747EEF574CA776913DFF053C06135CAB41F8F83C55FE44442E3144832E7279E30261B101BF175208ECD08FFCAF67612B3A897DE529A8F2A0E8198E521F41609F2B31ECD983B4BF02F3FCDF6D6D5BC0B5A302D78E0AD4A35BE1A93693FFEC6CD4A9CDD12427E00CAAA6FDFDDFA20EF12565891E3C91E2AE1F35DC76BFD06958AA39366B6CA3653643569DAC6ACDA9CD647FF94C5D5975EE265443E290B9CFC49D9D587237A6C3BFE2715B918CF543531D8BB9F0083B5F684D50743F645215523F2D855B3F20A2EB583421AD30151DA4E5405FBB55475663FCF1D7330310A060CD6C2AB7AF6C72EC171B45B766440F9954F7BBAD329723736F4259138C2DE314F6F442FC87A7E12AAFC4B134BBD136FC06B4C7637710D0BB1B4A7D04B2000D8E2FB22158C63E594F34D189440CB9939A831BB14E3FDC40C44644E4724334E822973D82C143C5FFBEC1FBB09376CF2DC36DA921BFFB6B542E5F89BBA216C1EB2662E8786C453968E353302FD85B5F773C468234548D735729AD96BE4EA17C16C60F76605F9543D06B03497F76187E2DDB117FEF6BA84362D1744CBAE806DDB9A998F29D5F345E58435D5CB665C67E2CECAF2B525C194EF7F599C8350175D7D29F1E4AE1F8B701087CBC3F1DE7FAE2BC8FCCB89192891F8217247A19A1CFDC44B9F23BBC0E4B036F78AFE777DEE666307DB01393A48910BABF21665BD32111A5AE19F6AA7CB2E73D8939F718AAB8486ADEFA1114A07BA01731B73CCC89D1E39076D2E0ADB043C1EFFEA852D075BB024BD611A2864F44F0BAF17A3DA887C5133A7C18B1A39F42EE17C4B1D7C750F5EE0F084651C05DE4F24734E822FF0A84A150FBE32FA4D70EA6ED334B48B8773631374D25FD898118B3F6A0F00B42151D4368CF6194847F8050F6BB2FF00201062851960752BC642E1DDED8C891A0D1D4BCBE066D780AD1D73EC8C9A90F70F0D76B6831E5399471614853FCF01E3B7FFDF2A6F01B9D4AEB171734B86E293D46C698F108D94D48B37A1A1A2255F3E6753F5BF71EC165AE44E11F4AF2C31F62DE938E7DC52904A387CA19CB109E11D0B64E40A6D191B7C1A77FEF301483B67EFC7AD8F3A3891DF144A34338F6E46DD8BECA38D7A99E15598A1FCAB8304A7E5E44DEEC57F05A9C24BFF12135073752A35D4FF0934369FBD4571C7E62188A8E61B8C26A617EFDD03E49988CB05E23F1D88C783D2E8C2777A1EA144B87D7D7A20A88C465AA20FD99C19877A5E31D0E928F2FDAF04544FE31446119917F079FB950740843A6F3E7E00B83C9F9FA79A472257EED3A9131611C876F1B81362A9180C45EC8AE0B85DF72AB9C5E987A171950768C45A29392B3643AED9FF916FFB15D7057D710DA7928712FBC82FB5425A7EE7F18B7D4847660DB8B3A7C55587374B19D1B7CC23B8D469DDAF2BCDAD2B5ED06A715639D3B4A28DEE04B18A3D0851375F7FD48C37CBE0182D143D58C6FB19E3845EC355369D1FF495AF47F92A49BE690FACA6AF4537A23F1978202FCA33B363A3E5D6C6794A19117F351A01D98825B62E2E47D0FE1C933D0EAF91984741A8CABBA1AFFDBBBD06EDA37E42C7E0E498012556A2CDE45A7A3E37FDB64D0807C503801893D5047C6937EF36032278E47D7B623529982EC25CF70E88521C874FE283B84235924EEB58BFC3B1057E822973F72609C02E7F7D9C807EB489EFA3EC6CCDD647E3409D3DE83B80E572109511098D61799528B323C1C21D18E27DD001D380B96FD0000200049444154E428628271FD508EF9C39D44CC9880362681F4D78662DF9D054E0141F01271D5ED589E3842E1836F4205E8523B63E602C5647E432321A0EB958D1649E52AE2A6BC4C718BB9080E275E1C48542AA4322552E45884931C7DE36614AAB0BA7B9C8E7294E362F05326E3B65BC9D9FC22968CA3BE4241C03B4A46B07A605D7D5779093F4F56D32C7234FC4EF94D1DD21CCBD840BCEB6BD125766A72F8FE296D31487FFECB8969FE882EB52BB6CC0CBCA556A2DF7F90883E6311BC1E2C878F603F9443FACC2134EB750B1EA795B2E7E6831B14C39BE1CAAB82436EE4C94128C242912A340477EC4B5EDEF3788C60D8FE2B998E4904A5F625E9C1F7C87CE3411C6BB311EE562299E7AC2F372B227219221A7491CB1F37C8B6F811F8486FEC07F2383AE9265A4E7D91B68F2FC56D335078FD1C4A577E86A3AA888AAAE5680212F0C49A7C06FD901BCDD06494A1CDB17CBA9FD2CF16113D6112A94FAF262BEA69CA977E43C6DB13881B379D88017752DA791121570C4210DCBE94AB176171A71D9A42CCC8294D9687F71E4578EF518D9695EF5ACAB1FE37D785ADFD46E4BBE3497ED0B78F5CBAF57332AE1F8750E5DB9E9746A808FC7800B1C3CEF469AFCAE3D0E441D8161F6FD0876A402C01C94D6BCA371FF518650BBFC6BDA7B2C93AE78C02D42171A8BBC561DE7994886BEFC0515B48CEFC177096571039F91EE26E7F85ECCF9FA1FCF3C578AB5CF88FEB8434DA0FD70F5B0190C706A1D1B5A272EF4A3C6E1BEA6B5A1171C3389A0F7D08B92680E20DF33832E926146141E81FEA8B71C1763CEE4B346C4144E43C10B7DC45FE15788ED5625E7D88960F4F27E2CE71147DFB21475E1F85E076D2F2E6E7499DFD23798B5EE1E4231308ECD007994E0B7A4000CBF78789BCE52E54FDE390B45551BE722979CB669278F75B745AB4097B590E7B8675E4C0F0DEA862A3693EF461A44AD545F9EF91B5F2A7F9BD0F219537947C3D27A452844654516D39B9753F37EB3506EDE0334704DE5207C51FBF8FBDBAA0EE9A3AA4056DA62F423DB46583B674BDBAFE691E714D681C21B70EF5BDE05C2832902A94C40C7B046554040786F562CFB034EC9579A42DDA44FC5D6F90B7740615ABBE85B64AD4FDE36876CB9D58BE3FEC7374D483D44F4D60C7ABC87CF85EF216CFA4E3BB3FD172D4B3086E274766DE48F1F71F1379D7DDC43D3A03EBDA23788E9F25EFBC88C8658268D045FE1548AE502104BAC89CFA107E2DDBD1E9DDEDE893BB71F8F59B38FAC6AD546C5F8A27DB8C3C369CE8419310A44EE437FACE7E3D476BA9D8B882F031A3F0AE30A2BFBA07D5BB5793BDE47934CD12E8307303E177DC8CB7C04470FF8148A4726C4539486ED19D5396B226D1CB087BF416A206DCF7979B90A974F593C69CC6919D83E0F5ED214BA472027AF4AC57CFBE3A9B8CD913EA0FA75557925EFE0865EF33BAA68A6E61B4B863DA59C79134E93DFCEE48FB6B93F80D35486ED6612FCE45225310746D7FBC8566C26F1F4DC75737A0098F27FBCB67A9DABB0EFD55DD11569808BB7534551B56E239EA93DE55DC14852075123DF801E4CDC3F1E69829DBBA84A36FDEC6D1D747A34FE941E7777F25A0ED959C7CE661BC814E24DDFFE2CB9488C8258668D045FE15083B1D28A2C3D1F5ED48D61B5329DD309FD89153499BBE11B95E4FEEC32F61DF9045C875437C82315A05A13DCEAC2ACD6BF7107AD50D28DA876158B6855677BF86A33A8FE31FDC81D7692569FC7BE8C65E892AD29767DC929E4E40540F14DDCE4DC9EC8F48743242A7DD40F2A48F2ED623A887E360211507BEC756998DAD329BD07EA390F70839534180DAF99BC95FF93FDCD69ABA8F3EA91BB1CF3E8DA24B08D2D67E843D3006B97F605D3B4D7D9CC632E21FFF1FAA7B13CE38A79D278A1E510446F6C092EE4B7BAB898E43775B4F9226BC8FC761E6E8FB63B1D716117FD70C0CDF6C41D6318CD03E2331AED9E56B4009A1570C46E2A7402A5312346000F61FB3C89FFC128A80203ABCB481D8118F53B2713E992FDE87F68A141451E108BB9A88201011B9CC90C059F22F8A88FC035C033C7BBE372921F8A9A1C48C7A84C2151FE095D8481C37074DB37876DFDA0E6F9595AE2B0FE1B69B487F6A301DDF58CFDE216938B7978102E2BE7A95B2F55FE1AA2E47210FA5C3FBEBB0959E22F7FB19A8B53118D6FE8234DC1F4D5202D5F3D792B8E03D8A3E7D17F3E74D68A0FF09F26B42F04B6CC35FB67EA7717B2D58BED80F7F8CA0938134D1AF7E7C79AD036F49FD437F59B20E6968C3ED74B7D50CD50E24DAF3DC829079F1665BEB29B69D2BFE777521EAD6099C1CFF08A1770FC672F214DE72338183FA60B716D2F286675187B5E0D0A441B8A94119144E58FFD1E48E79165CA0E81D41D7D50739F4F835A4BEFE235299923DC3D29045E8E8F6E511AC65A7C85A301989444DF3110F52F0D52CAA5F5B73DECE70AFDC033F753BFFF98988FCDD884E7122FF1E9C503D73155E9B8DF62F7D8FAD2287DCAF5FC47CE208F6552709B8BB0F724D20456B3E442ED7A30C8844DB29C567D05D60CD3E813AAC39B2181DE6F7F772F8A9EBE9F0E66A3A3CB586ACCF9EC65D6BC6B53E0B0B87087CA82F917DEFA264D90224F17284ACF3B30AEE9FAA30FCF4372603F180F7C4D9E3E43D19263C19A626CB85BF4335A61124F172A45A0D51D7DE4BD9B02FA978E15BC097A04519124EF2C3F37CB1E38F0FC3BE251BFF073AA3700661CBC9AC734CF4EBD806A5AE19325900A59B16D3E28627D1B44FC4F8E956F63E988636A92DADEE7C034D684BD29F1B8961CE26D1B35DE45F8568D045FE5DB8A1B6F4570E4EED4FBBE9CB4899FC25A69C7D6478EFC3B2EB3827E6DC83F1C71D68BAB50140DDAA15B019410FAEB272942D5B40B194D0C923A878E11B0E31847633969270D7FF084CBD8ACCA993F0E61988BDF7699048F0188C480668113E349E756812998C566FBC41CC94A63DDAFF2D082E17271F7E98E28FCEED484132408BC760048984D8BB9FE0D8EABDC8E343487AE30342D20663AFCCE5E8B4D19817EF236CFA283CB5165451CDB1E5E620E84162044D622200CAB008CAE62FC256908975E771FCEFE84AD2D40FD0B54CC35155C081C7AFC56C4C178DB9C8BF0EF10C5DE4DF8500B2034A5C9A6A8EBC743D79DFCDC43F369584A9B371E597533A7901D6B5C751848602A08E890339486FD662CFC945151E8169D32E62C74C433FA10716CF090E3F7B23655B9710DA692821370D4673756B8253FB537D7823B6835984A68D80400992BE4D7B82CB838268BF66CD7FC2980348140A923EFC90A4B97391289A767F975EAD854009A11D86633D748ADA239B08491BE47BC6370E22246D30655B9770F8991BB0788EA3BFAF27B163A661DCB40B65B3481C39B948466B41019AE67100284243B1AE394EE9E405B88B2A4898F216FE31EDC8FB7606875FBE1197B61AD97EB578D828F2AF435CA18BFCEBF01C312011A4843D7D031EA78D236FDE842D2F17AACE289F48A53E976F6D74026820B0E555588A0E2251CB71D75829FC7A16494FCEE3F07DD7E137A835054B6751B8E41D5CF9D5B88E1471E0D17E38D2F3D0A425D172F834AA3E588EA66F5B2CFB772318EA2BACF8A5A4D06EC50A340909FF9F8FE192206AC204FCDAB4E1E84D37E12CAFAF7F2F0990A2BDA60356C3515A8E7C16CB96239C983C1E55FB16587F3A8EA7DCC8FE4357E09179D0A626E35E5745F22BF3C95BFC0A82C18E4429C16D3511D4B92F35EAD5A8A35A9D6EF88CDF8050E52563D64434B171F8B54825B06B3F4A66CCC573BCF6FFF3318888FCBF20AED045FE95B88FD650F4F4BB38CB8B6837F55BDABFB49CE61F4F2560521FA489FE384B7DF9BEDD5623B841A90A2378D0106A376EC4EFAAB6980F1DC23F2A054D7C22C61F7691FCF827448EBC13557C148244C0F0F6661CFBF3891A3B0189548E3C3E88769396A0B822BADE3842860D236DC78EFFA431FF8D80DEBDE9B4670FFE69F5C3DA943D63687BDFE7C85B052191C989BCED1EEC7BF331BCBD1964A08C8F22E2C6BB693DF5134C3FEC419B90845F64329643E968FBB4A1FAA78D840E1B81521D061EF0D87CE7FDCE921264ADF5043CD087E673A7D2FEA595B49BBA0C7B5901C54FBF2B1A73917F2DA24117F9D7E22DB0523AE3530E4CE987D76123E1AE37487BFF17DA7FB71C87B990E20D1F51FDEB7AB00112192DC63C8365DF51ECB26CEC27B2B09667A2080FC7BE2E8BE34FDF4E60EA35A4CDD94CBB1F56E03FA91BFA3157103DF03EAAF6FD8836B10DEA9096C8FD4F6FBB4B24B498368D76CB9723D7EBFFC9C77049A08E8D256DDB36C26FB9A5EE9ACC4F83262C1EBFC4D6D4ECDF40F3410FA0BFA51BFA07AEA0FDCA15A4CDD94C60CA559C78F20EEC3F66A1080BC35A9E893D231B9B2C17FBC10C5ADCF2341201B042D5B6B514ADFF10BBAD9876DF2E27EDBD5F48B8EB0DBC3633071EED4BF9AB9FE12D10739E8BFC7B11B7DC45FED5482355581C473974DF75840D194ECBDB5F24A8DD35440DBF9FCC7BEE4728F2B948CB341A34212DF1EFDE919A591B410F358736A108F19DB55B971CE6887524ADA6BD4A68B711F090848CE7EE21F38349D4AEDF863C2E88A28D73B1EF2DF4F5AB5050FED557947FF5D53F36F74B1141107C5BE28280635F21459BE6E1B15A28FAF0434C270F61AF2CA4CDCCCF094AEC43C5CEEFC99EF90CB6953E395A795828350736E0C930C35E33818F0D401D1C8B54E3CBB453F9EAB75445AE2079D17C8252FAE2325790F3E9F354AE5B8D27C68A344285B7DCF667C31311B9AC110DBAC8BF1AEF211B0A850EDD6D9DB1E667B17F524FE4DA10DC65B508D96762B205C177EEED979A468D642318C170683BA17D465212FA2142A507EB8A631C3F3416DDB0AE782C261C9B0AA8AAFE01655C1432B99ACA2DCB09BD6F246EA301774D0DAEF24AEC5B4F21548AB9B6010895A1E99D807E404FE44141C8F501546EFE1699428310E2A0EADB95380F9592FDDA6348FD749857EEC193E7DB469784CA08EC7835159BBFF5E9D64B41DFC1B785FFDBDF0E9B8090ED22FFAD99142F7E1F97AD1A75543CFED774C2F4C50E5CE9A23117F977231A74917F3DAEBDE5185D5B897EE651529EF98CB22D4B301EDC89CC5F8DED40369E0CA32F640AD046B5F2C9B9DAC0B0E217F4EDBAA1EC158B63450E009E1233F69C3CFCAFE84CF4F70F12DA7524724D40A3FD0A5E375507D650F9CB726AB7FF8A7D5506FCD7728028413BAC35FA9E3D08BDFA7A423A0E42226DFC6BC76D3350B96739955B5763DEB1174FE999187855AF589C9505184E2760410DEA689F5F82DB600039C85AEBD1746C85B6756BF49D7AD2ACF72D14ADFE90C257DFC19D5EF5B74F5544E49F46548A13B924F94B4A714D71BD06952C0CD7892A42EE1841EB47E6D5251BB1966552B26E01B5477E21EEAE972859F329154F7D59970A54122C43D25C8550E9C16F680742FA5E47CCC8C790ABCFEF5CDCE33093B5E009CAE77D83FBC045C84AF63BA2264CA07CE952DCB53E67AFD0E1C371565460DAB58B887BEEA164DE3C340909A47CFD35658B1651F8CE3B75F726CC9AC5A9BF29944E9E164AF884D1C4DFFD0632A5DF79DDEBB61B29F8FE4DAA36AFC3B23A1D49A80C6F81036A4EEF764821FC8DB1440CBC839C452F10D4A12F9103C7A109F319798FD342C6DBF752F1F90F28DA84E07457C0F71767852E2AC5895CAA88065DE492E4A21A7429A887B5C2EFDA4E482D321CC64262864F26ACFB4D75550A7F7C8FAC4953108A5D603F73ABBC6310BA815D89BC7E3CE1DD6EAC2FA57A1EB8ACD5283441946EFB82EC17A7E1DC5470F69BCE0589849E4545942D5E4CD6134F00D07AC10222EEBA0B577535659F7DC6A9295348F9EA2BF07A51464773F0AAAB00906A345C5955C58EE6CD7155575F9CF19C46D92F86F8E9AFD1ACD7185CB61A14DAE0BFD6902050BE6B1925CB3FC1B47637EEF4DF79A8AB4112A5207EEE1C9A5F3BB1EE72F98EA514AE7A0775402C5EAD0BF386FDD857655FB47CEDA24117B95491012FFED3831011F923AD803E17AB3101DC1935388EE4A2E99240F2C3F3285AFD3E05DFBE8FBD261797A58292158B70ACCDF6A987A941D5BF0541770F24F9D54F88BD712A7ECD53CED9987B5D360A7EF6AD82D581CD4122C1706A0BC5BF7E42EC8029F8A7B5A3366F2B9E5317277C4A191545F82DB750387B36008EE26222EFB90747511139CF3C83B3AC8CC477DE4122F76D75972E58004050BF7E789D4ED4B1B11877ECB8286301500F8EA3F55BF309ED3282AC154F2195AB7C2B6741A0367B3BE50796A28B4943223B877CAB12097ECDDB1271EDED040D1A80AB592D1EA5194FA1C1F7E255E3C5136A4616E44FF9D6A5E42E9C8ECB5246D2C4F7A9DAB3969A59AB70EDADB8A8CB962D9D2027FAECF54444FEBF11CFD045FE13287B34C3EB7153397B19D60387D174688369D1168C6F6F823090A855A887C4A169974C60D7DEBEF49B4D9C8D9F0DA95C8D442245A6F2A768DB47E89A77C26128C6EB7662CADF4B506A7F92667E44A66B028E8DF9173CB7BC975F266AC20494CD9AE12C2BC3B4670F154B9762DCBD1BF3E9CC65C51F7F4CF0A041C803CECC296AE24432C68FA7D3AE5D947DF1455D6CFE85A0BA3696E49973096A770DA6DCDD085E37F6DA228C39BB3015EC2320A13712890CA9FCFCF3CEEA5A76A2DDD35FE39E6CA068CDFBD4EEDE82ED6826C6E53BA9FDEA17241540901CC523C348BF6F00D69F3390C785A06C11807347D905CF4D44E4524734E822FF09642D826937F353DCA61ACCB94770192A50BFD60299DA0F554814FA949EF845A620955F786E6CB7DD80A5E01831FD1EC53FAA3D879EEE8FE1A79DA47DB78513AFDE8DC76C46DB3C0165F7481C5BF21B3ACA4924F8B56D8BE5C81114212148B55A1C054D6FD1BB6B6BA9FAE107E4C1C138CB7C86ABE8BDF7881837AEAE4EEE8B2F92FBE28B74FCE517027AF7461E1888223414576525C61D3B68BD6001E9830737D9872A2606AFD58AABAA0ABF76EDB01C3D0AC21F96BD2A50768FA460C95B64FC6F22729D8EE4690BD8775D170287F7A3E38CF5209150B8610E6EBB01B926F0BC9F2D805C13408B1BA7D1E2C669785D762CA5C7311EFB154755311E9B19A95A8B3EB517FECFB543E61FC88969E34034E822FF0144832EF29FC0F6F5714E863D4AC7373710DC7EE0DFD287D765E3D482A954AD5C8D2BB79288AEB71298D2174D6C1226D73E14DA60B4CDDB50B9E83BBC2A17CEF94DACCE0501BF9414D4717154FDF0032D1F7A88AA952B31EDDFDF64DFA6FDFB715554D4FD6ED8B183D0EBAF6F50CF7AF428BA2E5D90AA5494CC9B0740E1DB6FD3EAB5D79A6C5BD7B933214387923B7D3AA12347225128B01C39D2B0A2034C3376A1BC3706D7CE32F4E36E44AE0E4026F1471B93041209D5473652FEFAD7D42CFD8990E14348B8FB7F48159A26FB3E1B52851A5D4C1ABA98B406651EA795838FF7C7F6F5F1BFDCBE88C8E58478862E72497251CFD04FE33C5080597A88667DC6FC65E7B6A628DEF831C75FB91BC3965F706FAF40287162AE398CCD9A43CDC60D086E3731E31EC7E5ACA67AD12A82C60EC47E3807C1E86AB43DEBF1E3B4F9F24B8CDBB753BD6E1D6DBFFB0EE38E1DB8FEA087FE1B52B91CEBF1FA86CB6336E3282CACDFEE8913D8323371161652F3D34FE0F5E22C2EC6BC776FBD1782DFF04F4DA5F5820564DC771FDAA4241266CD226BCA9486ABF3DFC6D1424BD04DFDB1AC3A44D4C3F7A34FE846F1B2B938ABCB71D80A28593817C7E63C3C85B558AA8E51B6E52BA47A35BA569DCEE5319F3B82C0E157466098BD192EB20C8078862E72A9224ABF8AFC777041CDAC75647EF2F0456BD290B99D0353AFE1E49D8F60FBEC388AB870A2E74D26EA8349F8774EC551908722220C2F6EBC4E2BAAA008504250525FFC06A636D9AEE0F5523A7F3EAD172EC4633693FBC20B74F8F1471421218DD6AFDDB2A5C1B5C61CDD6C5959D84E9DC2B47F3F82EBCCCB84E5D8B10675152121A4AE5B47CE73CFE1319B69FDE9A794CC9F8FE06DDA5DDCAF7F2A81897D7C8E85A1CDF1382D08120FCA88701C0579F8774E25EA8349447FFC08CA9651D83E3FC1C93B1EE2E0E3FD30646E6FB2DDF32573EE83D4BEBDA12E57BA88C87F0171CB5DE43F8560F050367D3E089034E1DDBFDC8EB5EC24D90B9EA5F6EB8DB80F9D09F9727C964375ED6A62274F23B2EF5D75D7F74DBC828C39F7E3355891F8ABD02777C798B40373E27E6411FEB8B7360C1BABF8F65B12DE7D97B01B6FA462D9326CD9D924CD9DCBD19B6EAA574FAED7133C6408CA88088A4EC798ABA2A3F1DAED0D329C29C3C391AAD5388A8A00887EF8619CA5A554AF5E8DDB583FA77BF2BC79584F9EA46AF56AC26FB905FF8E1DA9FCF6DB469F87BC4F309E1233DAE46474895D902A14142D791F895E83B66D02696F6FAEAB5BF2D302F2DE9E897DD5290084623BB56F6DE6F0C6E104DE7C2DADEE998136FCAF27B3C9FC6812A52F2F4430880A7D22FF2D44832EF29FC35364A3E4F97938CA0A6933653E72BF738B9176DB6A29F9F933AAB7ADC7B47117EE3D950DC3A164605B7D92937B2751367A3101BDAE46D3AC05EEFC1A4C1FED0240353016BFC814E4C141782B9CF88D89C7BCB3BAC16AD259568661DB3622C78FA762D9320ADE7C9376DF7F8F7F6A6A9DF77ADCCB2F1333752A5295CF99CFB87327BACE9D497CD7F7B252B5660D87870C01A0FDEAD5849C767C3BF9D04398F6ED2361D62C00BC0E0705FFFB1F39CF3D07807F870E845E7F3D47468C0020F2EEBB316CDBD6E005010005A8AF6E8579CE5E144141F847B743D13A829AB73600A0199A4CE9B6C5D84B72316CFF19C3D2ED78CBEDBE03BFDFD95CF7A16A2AD3976258B119DD35DD08E97D1DCDAE1A7BCECE736E4B35C7DFBC8BEAF77E44A8FCAF49F2898888065DE43F8A50E6E0FFDABBF3E8A8EABBF1E3EF3B7B269399EC1B090904C29A847D110AA8F080D685AA50DC50B102D556EB5A9EC7BDFA5845ACB6D66AD58A5815F9A994455136D944CABE07C216422021FBCC64B6CC767F7F8C46F3885BB53ADE7E5EE7700E2477E6DEC9E1E43DDF3BDFFBBD4D0F2E62DB96DD38C68C2679E0281CBD47A0E80C287A03216F13BEEA0A5A0F6D27585B8BDBB59D68859FE0F22AF8A21B76E940E966845203D6CE7D88B8BCD4BFF92A2A11745623960BBBD0B6AD06634E666C367D248A12819C31D753BDB981C0F2E39F7BCAC6850B299A3307637A3ACDEFBD47D8E92467C60C0EDF741300A9E3C7B7C71C40D1EBD1DB6CEDFF4E1D3FFE8C7FD7DB6C287AFDA7876E36933A7E7C7BD073A64F27EC74D2FCFEFB18D3D3493EFB6C8EDE71C7195FB6E5DC2EE48CFE05879FDC86AA46D1191330E66612CCA9C73C2817C5ACE3F89F1F4451F518EC2958AFE88BB7BA1C7687500F873A2EF8A242687303CD9BDFA5D9FA2E55139E40576CC1EE1888292787A4E28158F37B604C4C478D8450A3615CE51B716D5F8F73ED3A02EF557EE79F990BF163214117FFB922D0565E4D73D12A02D59554FDED1142B54DA8AD11A2A7BCD01A010F1005C72D63C8BFFB36AA521FA2F5E5AD289725A26C8C123DE947996A45B74147A4D2036312D0ADD711ACAF25F39ACBE972E503EDCB9EAAD108558B1FA565C30A54358AAFA2025DB615478F913495F424B8FD14863E1904D7D5B41F62FD820514CD9943FA451751FBD24B342E5E4CFAC4891CFED5AF405569DDB993A4C183093B9DB8376DC277E040EC12B340009DC542A4B5F5D397DBDA8A213999682040E0F8717C070ED0FCDE7BD8870FC7909C4CEBCE9DB10D1585F48913695CBC98683048D6C489B163F93F778E339F9347684F1DD6929E387A9C852E3301EF8103B1A8A72450F097FB28B8E8B728BAD81B87489B87CA57EFA7FEEF0BD0359850471B502B42E8BBDA888E8CA2BEE2439797803A4287FA9617DB158329FCE57D54BFF204F58FBE169BF1630392F4E8F36C28363D869C54CC699DF0719470F96989B9F88F264117FFD1D46361D4F73D24DEDC9BD2694BF1371EC37D781BBE63FB68AB398977DF3E7C4B2AF0AEDE8D616632FD9EF980F2FCAB6879E97D6C3387E29BBF97C80A2F0933FAE19FB71F564670DC340AF74B1B3939630E4D8B97621F319494E1E370F41886A2E8685DBA8DCD95C5B42D3F8E797C5712B37B62EA9C4BC1730FE2E83B92DDE3C6A156B701C43EDF7EFF7D32AFB882DA975EA2E1EDB7C9BEE61A92FAF7A775C70E2AEFB907E7EAD5342E594234105BB3B67EFE7C1A162C20F9ECB349282A6A7FADC766CDC277E810AE75EBDA27B6ED39FF7C74160BE9175D44CB9AD8E7DC49FDFB63CECDA5E1ADB700C8BAF24A9ADF7BAFFD1A77005D8185DECFCEC7B9770381D39524E6F4C6DCB713AE673F60F3B162DAF6D69036FA7C024D95B82AFE49CBA695B837FE13FFB243188A53705C3F12D7336BD077B16199DA1BDFB33B3194A4629DD48BD617B69176EF447ACFFA3BADC7B6E359B90B2C0AD68B7B62EDDD074BA73CAC5DFBE2E831144B5A21475EBC03CF9F76A11E0B7F2FFF67848857B296BB884BDFE95AEE5F8745C176F920722FFF0539E75EDF3EAA8C86DBD8FBBB9FD1F2D07B386E3B87FE7356A1AA5176FF661C3A878DB41113387EDF83587FD2177BD9204EDDFF0CB68903C9386722275E780C25D34474B797F0C966F42936A2B50154E7A7E171FC7A0CFDFFB48623F36FA7DBE54FE06FAA64FBB84184777E3A49CE565ACAC0EDDBD9565686EFD021861C38C0E9575EA1EAA187FE2D3F8AC2071F24EB8A2BD8D2B327D61E3D18B46B17DB060CE870EDB9A17F2A83566EC79256C8E1376EA3FB943FB0EBE673703EFDE9E43725D9802EDB4CD8E9C598978AAE2C11B53E48C1F4FFA661D55B7816EF24F7C15FE1DEBD05DF86FD143EF4004D1B9611757B297B6A258AA263E7EDE7E27A720D29F74CA0E481C5E8F4262076B6A366E5F3D4BEF1129EF9DBA1EDFBFB35266BB98B782523742100022A9EB95B39F48F1DD45CF01C498307913A7C0209B945E8CCB135C7DDCFAFA3A2F09714DFF467CC5D3AE37C6F0DBDEF7E15DDEC448E3F790F5D6EB80FF50195DAA75F246BFC64BAFEE6F79C78E571D27F7911F61EC3F156EE25E2761372B6106A6CC4FBE11ECC9DF262BB3F769CFD8F5C8E63C030C2873ACE78F7ECD9C389C71EA3F0C107D93F6912550F3F4CE759B3A87AF861744623B6FEFD716FDEDCBEF2DB37F1C963EC4387C62E650B87C9BAE20AAA1E7E183512A1F077BFE3C4ECD99F5B48267CA899C62D8B706DDF0486D868DF949B8B71702689234B31A6A7634C4E41EF709058D817D7C18DB836AC23FFB6BB88F85C7836EC23F7C19B481B349EBA85AFD375F6E3640CBD88AA39BF27E5A7E7022A07FF3403F70BB1CBF17409667CA70FE0AF3942F3A6E5B8B76CC5F7CE5E99C92EC467C8085DC4A5EF7D84FE89423D8A4E8F5A170403280E63EC0E6C6162B3B21315CC630B081F7012A97452B4E071F22FBA83A3AFDD8DEFE85E4AEE5BC291B9B7D3FCC132FA3DB316D7E0A4217E000015C949444154C14D1CF9DFDB30E7E4903D791A39675F87A2C4967FA85DFB12D56F3E4D4ABF51B4BCB292F4D11331F5C8A1F1C5B7706ED8D071F11645A1EFDB6F53FDC413B8366EA4CF9B6F52FBB7BFD1FCFEFB14DE7F3F51BF9FD37FFF3BC5CF3E4BA0AA8A96952B71AD5FFFB94BD10C763B8ED1A349193B164B41018766CE24FBDA6B518C46AA1E7A88D4F3CE2367DA34F64F9A8463E448F26EB985FD9327773816636A2A59575D45C67553305AD3A85FF42AA15417AE1DEBE8F4F35BC8191D5B72568D46A85D3B8FDA05CF13AAADA7E8DE27B1170F65D74D63481B7B01DDAE9DC3BE872EC1DABD2F5DA7FC8EAA45B3A9BCFCB7E8BB2463ECE520B0EA0478D5D8E7E24650B28DB18578C2A0649950A31138FEFD075D46E8225EC9085D88CFAA8F60BEB62B8E7E233025E610F57A630136EAD127D830256762484CA6E69D97703DBA9A86958BC9BBE056D2869C47FD1BAFE06F3846B7EB9E607F7D3507FF7803A5F72EC1F8FB640EDE398D4397CEE0D44FFF8CADB404537636819A13F85EDA85BEAF81FC27EE42D507D11913C89A3D8D42F3C3B42C5C49DDBC79044E9C005565FFA449644C9E0C1F7DC4C1EBAE23EFD65B6959B18213B3673370CB162C85851CBCF65A7A3CFF3C254B97126D6BA3EEB5D738F2EB5F0350FCD7BF923169123AB3998637DFE4E0D4A9747DFC71ECC386B163E850149D0EFB90211CBCEE3A5014CC7979944F99128BB9A2903C6A143937DC8075442F5A4F6DC3E73F80EA57B18E2B25B0E2289E9777D3DC7939BEAA03B4D5D4E0DDB317EF7BFB318F2CA0D7637349EE3D9ABD0F5D8CADFF00BA5D3B077FFD51DC9B37937FC59DA8D1084DAB16430092260E24E7FCEB084F7712743510F17B2014894DB64B4C24E8ADC5B57B2381B9877FE0FF2C42C41719A18BB8F4838DD03FA62BB0623B7F0049FD069076D64FB1771B86C162072012F4523E672A4DF72C44C9D4639F3A9250651DBE8507497FE852FAFECF5B84FD4EB65DDD9FCE33FF87DCB137E02C5FCBFEBBA6A276F663B70F251AF0A3B685B015F7C33AB804479721D83A9501B1916DCBA10F68739E44312660F666D0B26C254D4B97C656745394F6C8EA2C16A27E3FC6B434F2EFBC93AA871F26E2F19032762C199326614C4BA3EED5574151C8BAF24A428D8D34BCF5162DAB56A14F4AA2E0EEBBA99E3D9B507333BA8484D8C4BA8F9F1B3E5EC7FDFCF349FCAFFE04D53A40C5965B82BDCBF0F6330DAD27B611F23B0956D652BBF805148B099DD982CBBD19437522BD1E7B99E4DE63A859F93C27FEF618835EDE89C16267EF433FA3E9FE45582FED85A13083D6791B511B23A43D7219BD6F7BB9FDEA8070C08DFBF0261A3F7A17EFAE9DB4BEB78368D5175D3BF8EF27237411AF24E8222EFDD0416FA7805266C2D4270F43A61D7D5232C6040746732AC68C2C123A75C3684BA6FAD5A770FFE943F4DDEC14FEE13E1C2563D877F545E86C66FA3CB790A4827ED4AE7999CA7B7F4BF285E7527CF35F30242473EAC3E748293E076B66F119771FF6BB683EB88248A015456FC4A464E35DBF87E6E5CB717FF41111AFF73B7DB986E46452C68E2579FC6874DDACA8C6D8296D5B5E3FEC9D077DE11AF88D7B9762B267612F1842D8D742C5D337E25CB28AA2479E207BF4545A8F6D63FF2F27110D042999B794E61D2B3871E7FF1239E6C17ECB4FC8BBE216C25E27FE534708369E261C68211C7011763B09D7B909969F44DD1D8C8BDF56127411AF24E8222EC553D00D97649258DC175BB7526C4565583BF7C492928FDE64251C70D3B2770D27FFFE14917A0FC69C4C22E156427B6A086D8B4D6E4BBCAA943EB3DFC49A53CC9E7B2EA4F9D177C89B7317A6B21C32FB5D8225A5F3D73A14351AC675EC237C75070105456F466956091D6AC4BB730FAD3B76E03F7C98685BDBD77A3E4B4101B6B23212FB9561EC9E8992AEA0D8638BD418ADA924771FCDBE0913F11F3E4CD6D55753F4F8E340EC56AC05F7DD87A2EB782B88865D6F634CCA24505E49C5A5D7913AEB024A7EB7186FCD41F6DF3109DFFCD8C43AC390344C7D72D11B6D846AEBD16527D1F9EADB49EE3B0A83398948D047A0F904BEEA0A3C4777E339BC1BEFE1FD8417D6C7C56F2B09BA885712741197E225E84A573D8AC94CF4A02FB6B08903D4741DA6E24C4C855958B23B63C92D2263C4CF70743F0B4567201A0AB0654A29818587C1AE601ADA0973BF7C52068CC3B96B3D69D6D1282392C81E7235A6A4CC7FF9D862F7022FC75BBB9F682408D128AAAA126DF5A0BA8244FD2194908E88CF175B3DCEA8A258F490A8476FB7A1188DA0AA283A030919DDB0E5F4C1604DE9B08F4337DE48A8B191B4F3CE6BBFBFFAD692122C8585F47EFD75F449491DB66FAE58851A6A23B2DF43CD9E17B1970CA765E72ADA765613DC7C0ADC2A964BBA3364C15E740673EC4DCAA18D346CFC07819AA304EAAA091EAF2374A81E1AA3E002A2A0EB65456D6B433DF6C3CF6A97A08B7825411771295E828E01126EEE4182B508F7CA2D44D4568CFD32B1661763CD29466FB3A33318313A32097B5A68ABAFC5BB6F276D27EB481AD08FD4D13F256BE415E80C66F6DCFB53328A7F46B8939BDC11D3312438BE72F7D160109DC9D4E16BE196160C29295FF00850D528A1D67A22411FE1800BA251D0E962F7263759312665B67FFEFD596D274F52F7DA6B987272489D300153E6A76F368EDE71079E5DBB483EE71C92478FA6E217BF40673251B26C19E64E1DEF25DA7A623BAD277762F117706AFDD3F47D6011D1909FBA0DAFD3B4FE5D3CDB7763CACFC6D6A70C7376270C89C9845CF544C321221E37BEDA43F86A2B08ED6E40AFB363FFAFC1F83C4708FCF1505CAC04274117F14A822EE252DC041DC0AC903C631405373E48E3474BF16CDF826FDB01427B1AC14FEC72B6BE7ACC830AB117F4C73E702439E75CD73E894E55A334EF7E1FD51F2210ACA6D34F66A2E8BEFC0293B0DBCDB159B3A87FED358A9E7C929C69D300685EB1828A69D318B8752BA69C9CF6EDD568F473A7C0BF881A89E0ABA8C0525888AFBC9CA4418300A87DF1452A6EB80180619595580A0BDB1FF3A1C381B5674F82F5F544BC5EBA3DF104F50B16E0D9B387B255ABB016779C0310F23452BB791E29F96308B63593DAF7DCF6371161BF8BDA0FE6E2DABE11CF891D04B655C1BE482CD609602C4DC73AB837F68143483DEB42AA9EB91FE75FD77DAF8BC77C1909BA885772D99A105FA54DC5F9A775B41D9D41EEF499747FFA7182AD75346C7A1BF7EECDF88F1CC15F514970FB693CAE7DB49DAAA579F53200C29E564CF66CB22E99021685BCE1BFFAC2DD845D2EBC7BF7E218391283DD8EB95327F44949046B6B51231114BD9EC6850B89B6B561484BC3B96E1D550F3F4CE6E4C9543FF9248EB3CEA2F8D96763A7D2BFC4E9B973A9B8E106F48989A8E130FDD6ACC13E7C385953A7923A6102C1BABA0E310730E7E5C516B0D9B285C0F1E31CFDED6F297EE6191A172D62F7B9E73270CB960E6F308CB674F2CFFE0DB5FF9C8BC5DA99F25993696BA9693F451FF679093736113C5287D19141C2B42E2474EF8EBD740819C32FC5949445F5A23F5071EB2F082C93CBD384F83A64842EE2525C8DD03F43B11BB04F1D49FE35B7923EE8A2F6AF87BC4D346E5D826BE78778F6EFC1B7BA9CE8711F59575D45F28C3124E6F5C55E38F48CCFE9DDBF9FBAD75E439F9848D6D55763E9FCE924B94F42AE46A3A0AA6C2B2D25EB9A6BE87CD75D9C9E378F934F3D45E759B3685CB890AC6BAE69BF3DEA97716FDE4CF3F2E544DC6EBCFBF61176B918B06913107B53513D670ECE356B08353490585242F173CFE1FAF0432AAEBF9E88CF47A71B6F24FF8E3BD8397A3465CB9753F9F104B99EF3E69D717FCD15AB0836D7D2F8F83F68FCC73FD0155AB19EDB1B5B9F521C037E42FAA00B3126A6B56FDFB0651127E73D85FBD58DA8EEF85B9F5D46E8225E49D0455C8AD7A07F42976B21E9B2E1E45C722D593FB9B27DEDF74FD46F7E8BC8E95622293E324A2FC69C9C77C6E739F5E73F737AEE5C4ADE7D175376F619B7716FD9C2D1DB6E23EBAAAB38F1E8A30CA9A8E870CB54889DA237D8EDDFE835046B6B01D85450C0C0AD5BB1959571F4CE3BA99E33A7C376BDDF7883CC9FFF9C88C743F3F2E5342D5942D3B265841A1B718C1841C9BBEF7270EA54FA2E5EFC85FBF2371EA3E5C87A4207EA48E85D44E6D0CB3A7C5F8D46A85BFF2AA717CEC3FDF626A235816FF45ABE4F127411AF24E8222EC57BD03FA124EB4918DF1BFBF021649E3389E49EA3D01913DABF5FB56A369D46CC38E30438F7A64DEC183182ECA953E9F9F2CB67DE81AAB2DE62C1316A14DEFDFBC9BFFD76F26FBFBDC326279F7A8AE6152B285DB68C683008F0B989749F88B6B5B5BF193870E595E82C16424D4D183332E8F1C20B342E5942EBE6CDB4AC5983FBE3517BF6B5D7123C7D1AE7DAB5ED777433E7E69276C105A45D7821A9E3C77FE569FEA0FB340DBB16D269D48D9F1E4BC88FB37C2D75ABFF1F9E2DDBF02E3F00CE3898F5F61524E8225EC967E8427C0BAA33826FC15E7C0BF652973E17D3C03C0A66DE4DEEC4E900E48DFA150DBB1712F6BBB0170CC65EF06909748989E84C264ECF9B87CE62A1E0BEFB30E7E676787EEF8103E81D0E322EBD949655AB68DDBE9D9655ABB0F6EAD53EBBDCF5D147443E5EB3FDD4D34F63292C24E3D24BDB9F23505545FDEBAF933D6D1ABBCF3D979277DEC1525848EAF9E753316D1A4573E670E4D65BB10F198221399988DF8FFF70EC736B6B8F1ED4BDF20A6A348AB5B8988CCB2E237DE2C4D844BA2F5864A6FD67138DD07C7005FE86A398EC59E48E9CFEF13754F6DF7F39EECD1FD1B6B3061AE23FE242FC1848D085F88EA88D51DA969F804B3EFD9ADE64257BF05500B8ABB6726AFD5FD027D8C928B9185B6929651F7CC0A19933A9F9EB5F393D772EC963C6601F31024B7E3EA196161ADE7A8BD277DF45319B312427533F7F3EF5F3E70360F878E6B91A0AA14B48A0E2FAEB393D6F1E993FFF397A9B0D9DC542B8B9999A175E40673462EDD50B6F7939279F7A0A83C341B0AE0E537636D15088CC2953A8983EBDFDB88D1919747DE4113ACF9A45C4E34131993E779AFF8BF81B8FD252B11A558D92DA731C69BDCFEBB881A2105C5B43DB86EA6FF70317427420A7DC455CFAB19C723F9384A222FA6FD8D061D6F76785036E9AF6BD43C8D74252FE001C85C36859BD9AA677DEC1F5E187F88F1D430D87B10F1E4CB7A79F26B1776F00225E2FCEB56BF11D3C18FB535E8EF7C001C22D2D00E8AD56D22EBEB83DF85F87623090336D1ADDFFF2175A56AF26E27261CACDC53E6C188A5EFFD54FF0C96BF2BB68DCF70ED1A09784F422928BCF3EE3B5EE00CE75EBD83D762C6A38FE26BC7D1D72CA5DC42B09BA884B3FE6A043EC3EE35D1F7984ACA953BF7464EBA9D98BBB7213E8F4D8F30762CBEBF78DF6136E69C1B3670FFAC44412BA77C7E070E0DEB409CFDEBD443C1EF48989587BF5824804D7A64D044F9F26ED820B3077EA843123A3C3E231DF54C8DB4473C52A226D1EF4462B697DCEFFF2C5725495D3AFBCC2919B6FFEDC6D5D7F4C24E8225E49D0455CFAB107FD13A6CC4CB2AEB986CC4993481A3CF88B375455DC27B6E139B51B45D161B0A6E0E83AE25B2D0DFB5D8B045A711EDD40B0B51E00438283D49EE3D09B6D5FFEB8D656EADF788353CF3E8B67E7CEEFE350FFAD24E8225E49D0455CD24AD03FCB525040CAB871249F7D36B6B232128A8AD0592C67DC36EC77E23CFA21A1D67A149D01558D62B2659098D3074B6AC1574E48FB36A2A100016735DE537B8904BDA0AAA86A1483C58EA36804A6A4AC2F7D7C5B7535DEF2725AB76CA165F56ADC9B36B5CFBED70209BA885712741197B418F4CF51147267CEA4EBEF7F4FFD82055FB9B93ED38E2ED74C446D059D1EA21FCF0ED7E9201A4531988886DB201A416F89ADC8A6E80CE82D49A8E12091A097489B17BDC94A24E84567B0A046C31F6FA7478D8441A74367306349E98C25B90BA1EA3ADA6A6ADA67D103284623FAC444C24E27F0F12D57C78D63FFE4C9B4AC5841D8E5FA8E7F50F145822EE295CC7217E287A2AA383FF8804055158766CCF85A0FD199CD74BAE926BA3CF248FB67F3BE8A0A2AEFBE1B88CD4E37381C287A3D4A5202A89F4E3C53742614F48480A8DF4FD8ED8E855A5529B8F7DEF6E55E0395951C9BF5DF342D5D4AC4E7FBCA6332E7E733FCC4099C6BD76A3EE642C43309BA103FA0E43163F0EEDB87B5572FECC38661CECD45979040B0B6166F7939EE7FFE93A8DFDFBE7DB4AD8DEA3FFC01EFBE7D942C5B861A0EB3E7BCF30854567EABE3F01D3C48FF8D1B89783CEC1831A27D15B94FE8121248ECD3075BFFFE983232D059AD845D2E02C78FD3BA752B9E9D3BC99C3C9953CF3CF3AD8E4308F1AF9353EE222EFD279C7237381C0CD8BC19735E5EFB2569C1DA5A746633A6DC5C92060DC2989646EBD6AD342E5A44FDFCF9B4D5D4B43FBE74F9728846D973DE795FB297AFAFDF9A35249696B2B9A888B0D389293393CC2953C8BAEA2A6C0306A086C304EBEA683B7992705313BA8404CC9D3B93505444C4E3A1EDE449B69595A146B4BD508C9C7217F14A46E842FC4072A64FC79896C6A11933A89F3F3F760396FFC3D2B933F661C3489D3081813B76D0BA7D3B4D4B961076B9481A3890DAE79FFFCE8EE7D8AC5994AD5AC5908A0A02C78E91346810A18606EADF7883C3B7DC42EBD6AD67BC76DC989A4AE6942974BEFB6E52C68EA579F9F2EFEC9884105F9F8CD0455CFA4F18A12B06038AD1D8E194FA976EAFD7E3183992D4091330E7E7E33B7080937FFC23118FE73B3B26434A0A490306A0B358683B7912CF9E3DA07EBD5F118AD1180BFED7DCFEC74A46E8225EC9085D881F881A0E7FA3D5D2D44804E7BA7538D7ADFBB71D53B8A58596D5ABFFA5C7AAA1D0777C3442886FE2CC6B330A218410E24745822E8410426880045D082184D00009BA104208A1011274218410420324E8420821840648D0851042080D90A00B2184101A2041174208213440822E8410426880045D082184D00009BA104208A1011274218410420324E8420821840648D0851042080D90A00B2184101A2041174208213440822E8410426880045D082184D00009BA104208A1011274218410420324E8420821840648D0851042080D90A00B2184101A2041174208213440822E8410426880045D082184D00009BA104208A1011274218410420324E8420821840648D0851042080D90A00B2184101A2041174208213440822E8410426880045D082184D00009BA104208A1011274218410420324E8420821840648D0851042080D90A00B2184101A2041174208213440822E8410426880045D082184D00009BA104208A1011274218410420324E8420821840648D0851042080D90A00B2184101A2041174208213440822E8410426880045D082184D00009BA104208A1011274218410420324E8420821840648D0851042080D90A00B2184101A2041174208213440822E8410426880045D082184D00009BA104208A1011274218410420324E8420821840648D0851042080D90A00B2184101A2041174208213440822E8410426880045D082184D00009BA104208A1011274218410420324E8420821840648D0851042080D90A00B2184101A2041174208213440822E8410426880045D082184D00009BA104208A1011274218410420324E8420821840648D0851042080D90A00B2184101A2041174208213440822E8410426880045D082184D00009BA104208A1011274218410420324E8420821840648D0851042080D90A00B2184101AF0FF019EBE7DA34419CA4E0000000049454E44AE426082');
/*Iran*/       INSERT INTO "Flags" VALUES('Persian (Farsi)', 1, X'89504E470D0A1A0A0000000D49484452000001F40000011E0802000000F36B703900000006624B474400FF00FF00FFA0BDA7930000200049444154789CEDDD7B7C14E5BD3FF0EF6CB29BDDDC36572E31446E92BC14B00A1CB9152322686D052FA8F59C7A6F29D4DA23FE7AE454B46AC3A9CA45EB7915A916A3522C60ED01455B1451305C4A884003988006C86573DD2CC966B3F7DDDF1F23D3C9CC646676DD4D96C7CFFBC51F93D9679FDB3EFBD9617677961B535E4A0000C016C36077000000620FE10E00C020843B00008310EE00000C42B803003008E10E00C020843B00008310EE00000C42B803003008E10E00C020843B00008310EE00000C42B803003008E10E00C020843B00008310EE00000C42B803003008E10E00C020843B00008310EE00000C42B803003008E10E00C020843B00008310EE00000C42B803003008E10E00C020843B00008310EE00000C42B803003008E10E00C020843B00008310EE00000C42B803003008E10E00C020843B00008310EE00000C42B803003008E10E00C020843B00008310EE00000C42B803003008E10E00C020843B00008310EE00000C42B803003008E10E00C020843B00008310EE00000C42B803003008E10E00C020843B00008310EE00000C42B803003008E10E00C020843B00008310EE00000C42B803003008E10E00C020843B00008310EE00000C42B803003008E10E00C020843B00008310EE00000C42B803003008E10E00C020843B00008310EE00000C42B803003008E10E00C020843B00008310EE00000C42B803003008E10E00C020843B00008310EE00000C42B803003008E10E00C0A064F9AE3C4B7671F6E898B764EB693DDDDD98614A9B985742447B6D55443431AF24C39476BAABC1E66AE3DBF5067D875AAB8968F2D0092949A698774367BBB58EBA0EB7A3206DC828EB8898F74167BB4E9FEB9F1D354434A36052CCFBA0BFDD7F76D4387DAE51998505E94363DE0D9DED76B81DB58E3A539271CAD08931EF83FE762B5BFFE90BFA8BB347E759B263DE0D9DED4A9E47B1A5BF5DF1F328E6DDD0D9AEF87914F33E5C887925BDF398F252C9BF873E792A1C07EB8F6D19535E7AEBF625FC9F7C5B9FB71D0B87C365077F2FB46BEB69E56FB2F5B4C6A31B3ADB7DE893A7C69497961DFC7D3CFAA0B3DDCFDB8EF137C5A30FFADBBD75FB9231E5A5EB8F6D89473774B6FBFEE94FC69497CED8B2301E7DD0DFEE8C2D0BC79497BE7FFA9378744367BB92E7516CE96F57FC3C8A399DED8A9F47317721E695E49FC291BB3FE4EFF23963FE12E4097A232AEFF4B9528DB1EF46447C415F3CA6C217F445543E1E7D70FA5C1195F704BDF1E8863FE4D75F38140EC5A30F2EBF3BA2F2BD7E773CBA110C07232A1C8F3EF4463815AEF84C45281CD25F1879D51F8570DF59BF77D25B370D7C5724BEB7EDFEC1EE026DACD9B6B166DB60F78212E1E158F3F9FA359FAF1FDC3EB4F5DA13612A96ED7D7ED9DEE707B70FD51DB5893015F77EF8CBC1EE02F2AA5F7843150080410A47EE330A26FD72D24F54EE53EBA87BACE23922DAFA833F486EAAB01D5A55F56AAE396BFD75CF29DED7926CD6D9B33FCE7956FD6DABC72A9EAB75D4DD77D9C2F9A3E7486E7AE0A3C7EC9E73FF6FD28F67164C56BCEF186B919E3EDC34FADAFB2FBB5DA580CA78B7D5ED2C3FFE7671F6E8E7663EA6785FAB29434F1F48699E2554C6BBE0BD4544F4DCCCC7FA7BD329CF92A3A70F8AF32CA632DED78E6F79B7EE6395759567D6F5FEA4CABA12F437DE0EB7E3C19DCB48C7BAD2A4B2AE782AE35D59F5CA5E5B95CABA1A969AAFA70F2AEB8AA7325E95E72FCF68508805452AEB8AA7325E95E72F6F44C6703D7D405EF547E151CC34658CCF1DA7721FE13CA9BC58BDD34644C624A37A0D7A14678F1A9E3644A5003FEFC353F3E56D19938C44549451F00DBB916BC951AF4165BC075B8EF29DFCE653A15983E678475B477CC36E28CEB398CA78732D39A4635D69D2BFAEE4E36D76B5F11B9AEB4A93E6BA52196FA6298374AC2B4D9AEB4A65BC2ACFDF4869AE2B95F1AA3C7F2382BCEA4FBF2FD15D3EE7CA43AF4876CE289874C3C852E1CFE5FB560BDB378C2C957F626F65D52B5DDE3E6F3214660CFFE984BBF4F76FD3C9EDC73A6A253BCBA63F2A6CFFEDCCEEBAAE7A7EDB9A92217F0DDF6BABFADB994F253B174DB84BE771011135389BFF50FD9664A778BC5D5EA7782AEE2CFE81FC411217E08DCF2BBE73DCF775F68188D655BFD5E86C16EF918C77F3C9EDFB6C55FCB6E23CFFEDCCA77BCF1710FC72F24FF4FF1FE298FDE4A6DAF7243BC5E36D70DAC42395CFB39E75A549735DFDA1FACFC2FF0614E759735D69D25C57C7ECB5E2A990CFB3E6BAD243735DADAC7A2535D9C26F2BCEB3E6BAD2A4B9AEF6D9AAC4FD94CFB3E6BAD284BC92EB37DC7BFDEE4D27B74B765A8C16F164890B8CB616C9276B5BDDCE1657BB78CF77F22F8D68B214872A9EACC3EDC70FB71FE7B787A5E5CB27ABD651271FC8AD975CAF7FB23A3C9DF21AC4E375073CE202D30B26C917A5BC861B7C3D1185FBCEFABD47DA4F88F748C62B7E8229CEF3E7ED27E4DDF8D9E53FD21FEEF54E9BBC06F178ED9E73E202F279D6B3AE3469AEAB9DF57B856DC579D65C579A34D75583B37993F35F05E4F3ACB9AEF4D05C57EFD67D2C6C2BCEB3E6BAD2A4B9AE6A1D75B58E3AE126F93C6BAE2B4DC82B39BD27D7C4F2CC39F2678BE2A9B7F9A3E708AF84B58ED3C2A88888AF21CF9C434457E65FEA1EF7FDF179C51175634ED18C92BE8D5A531442AA387BB4B8B7E28913B79B6AB4F0C5528D96FE5AE40BEC6CD82B7C5FA028A3403E15451905FDDD9777B8FD84B0D625EDCE28986435A55F997F697F7DB822FFB2E2EC510D3DCDE22817CF33AF506929F0E3E5B77B036EF1D35EDCAEE2E32B664936F3E70DDF3DFDB1F0E139C93CF3F8C7574C182F6F6F7355C3F9C34649BBFCE31BE9F753E47D505C57FC78F9ED0E8F43FC62206E977F7C15D7950AF13C0BE4EB4A32DE8FEA2BEC9E73FCB6A45DFEF1555C57429FF3CCD98AEB4AD231C5FB0ACF23C575C5B7CB3FBE8AEB8A372263F88CE193DC01CFB6BA9DC24EF13CAB903C8FB6D5ED74073CFCB6A45D716EE8F4ADCDAB68C27D44C6709DC738E2D7A5D78EBF2D9E2C710D378C2C8DE8C08DA7F3157546C124F14BB478B2C4ED5A4D199A83E20BD4BE7F5A08F7F1B9E3744E85B8D88ACAB5C29350D2EE9DE3BE4FAAC17AC3C8ABEFBF6CA1E43FC23A8FB3C4E36D76B589C35DDCAEE6E36B4DF9BACFBB9B0E0AE12E99E77EEFDB77BC3FFFF46921DC25ED4674C424D0F97088C77BB8FDB838DCC5EDEA7F7CC574AE67C9786B1C7542B84BDAD57C7C174DF8E115F997FD4FFFEB4A8578BC1FF4BFAE341FDFF1B9C565D31F6D71B58BC35D733D9FBF6F9FF17EDAF40F21DC25ED46F1707C6BF34A21DC7BFDEE0667739BDB2EBFA9C7D7D3D0F7F49C84DDED20A26028282F76CEDB4D44DEA04FBD06A15D9BAB2D100A2A7EAB42BD06BE037C67FA2BD9DA6B57AF846F971F6F6BAF5DDCAE37E8E387A35E83CA787B7C3D747E9E556A5069974F01C579EEAF2A4949C93CABDCB74FBB7D1F5FCD79E6A98C573CCF2A3528B62BE96444EB4A7C93649E5588C7CB3FBE1211AD2BF91028DA75C5B7EB8C6A5D89A93C7FFBABAAC1D92C7E7CDBDD9DFC4D11AD2BC94D51AC2BE4957C2737A6BC54BD610000B8E0E04B4C00000C52382D33A76886FAF723547C74B662D9DEE787A4E6FE6D41797435B4BA3AF82FF27E30FFB5A16979D15572C3D6FBDA7AEDCFCEF8AFEB2E9E195D0D8F553CB7B37EEFBF97CC5F7AE503D1D5B0B166DB9ACFD74FC82B7E7DEECAE86AA8EEA8E5BFDE5D75D7BBD1D540E72F5DF0FADC9513227CFF4770EF87BFACEEA85D7AE503FF5E323FBA1AD67CBE7E63CD36AC2BC2BA12C1BA12C46A5D49762A84BBD160D4FFD93809FEAD5B036788BA06E1E45186292DEA4A0C9C81EF4CD435180D4622322599A2AEC19C944244495C52D435A49D7F1F3CEA1AC455455D4912974444E6A494A86B30259908EB8A88B0AE44B0AE04B15A5712DCDF4E7F2AD9352C2DFF3BFD7F144F5D8BABFD48FB0973724A69E1D4E86AF004BC9F361E20A2D2C2A9E6E494E82AF9B4F18027E0FD4EFEA5C3D2747D995BEE48FB891657FBC8CCC2929C31D1D570A6BBB1A6F3ABAC94CCA9C3AF88AE8673DEEE03CD8789E8FA915747570311FDFDCC6E229A3AFC8AAC94CCE86A38D07CF89CB7BB2467CCC8CCC2E86AA8E9FCEA4C7723D615615D89605D0962B5AE243BB970381C5D75000090B0F0862A00008310EE00000C42B803003008E10E00C020843B00008310EE00000C42B803003008E10E00C020843B00008310EE00000C42B803003008E10E00C020843BB026D8D23200770148700877604AB0ADADE97BDF0BFBFDFAEF12F6F99A6EB821D8D111BF5E010C3C843B30C5FFE597DEC387DB7EFA53925DCBDAB16A9563F56AE91DC2E1B6458BBC478EF8BFFA6A80BA083020147E8909E0C2953464081175BFF65AD8E71BF2BFFF6BC8CA22A2604747E7534F9DFBFDEF892870E64CCE534F25E5E61251C8E1687BE821E75B6F09770460067EAC0358537FC515DE234788C890966699352BE472790E1D0AF7F60A05B8D454F3E4C986B434F79E3D21978B8852264D2A3A7468D07A0C10070877608DA7B2B269CE9C5077B7647F72410111056C36C97E83D55AB86B57CA95570E50FF000604CEB9036BCC53A6145654982EBB4CBCD33273E6888A8AC23D7BCCD3A78BF79BC68F1F5151816407F6E0C81D18150EBB77EFF6545571269365FA74D3E597B7DC7107110DDBBCD97BF8B0E7C081B0CF679E32C5326BD6607714202E10EE7001F31C3A642A2E366464A8170BFBFD6D0F3ED8FDE69B449479EFBD435E7D954BD6F82841C8E9F4D5D69A274F8E595F0106164ECBC0852768B73B9E7FBE7EE2C45047079FECC1B6B6407DBD62E14063A3EDC61BF96427A2EED75FB77DFFFBC1D656E5C267CF06DBDB89C89091116C6BAB9F38D1B17265D06E8FCF3800E20847EE702109343575AE58D15D5E4E1C57B0756BEADCB944E43D7CD8B172E5B08D1B89E324E57DC78FD74F9E1CF67824FB0DE9E9230E1C909C9727220A875B7EF8C3EC65CB52BEF31D22EADDB1C3B66001715CE67DF7E53CFE38FF962CC0050147EE706108BBDDF65FFDEACCD8B15D2FBF2C4E76F7279F34CE9A95F5F39FCB939D8842DDDDF26427A2504F8FFCE33444441C97F5F0C38DA5A59E7DFB882875DEBC82AD5B291CEE5ABBF6CCD8B1F6279E50AC0D200121DCE102E0DEB3E7EC84099DBFFD6DD8E3218361D89FFEC427BBFFABAF6CB7DE6A9E3AD53C6D5AACDA324F9F6E9E34C976D34DFED3A7892875DEBC611B3610C785DDEECEB2B2B31327BA2B2A62D51640FC20DC21B10583F6279F6C9C3D5BB83C406E5959FA2DB71051C8E56ABEF9E690C391FBF4D3B16D33E7E9A783767BF3CD37F35F7D4ABFED36A109FFA9538DA5A59D4F3F4DA1506C1B05882D843B24AE5077B7EDA69B3A7FF31B0A06F93DE9B7DE9AB36C19BFDDBE6489B7BADA7CD555928FAE7F73969933CD93277B8F1E6D7BE8217E4FCEF2E569F3E77F7D7330687FEA29DB820521A733B6ED02C410C21D1254B0B3B3B1B4D4F5C107C21EE3983143D7AFE7CFADBBF7ECE9DEB08188B2CEE76F6C591F7A8888BA5F7FDDBD772F1111C70D2B2F378E1A251470BDF75ED3ECD9A173E7E2D13AC0378770874414723A9BE6CEF51E3E2CECE19293876DDA64B05A89FFDCFAE2C5140E1BACD6F4850BE3D1818C850B0DE9E9FC3523C381001119B2B387FDF9CF94942494F11C3AD4346F5EA8A7271E1D00F88610EE9070C23E9FED073FF05655897766FFD77F095F29EA7AE515DF8913449476E38D5C4A4A3CFAC0A5A6A67EEF7B44E43B7EBCBBBC9CDF69BEEAAAECA54BC5C53C070F36DF761B9FFE000905E10E09A7F39967DCBB778BF718478FCE79FC717E3BECF3397EFB5B7E3B4E87EDBC8CDB6FFFBA3F2B5608BFFE91F3E493C9175F2C2ED6BB6347675959FCBA01101D843B2416F7EEDD9DE7B35B90BF660D979ACA6F3BFFF4A740531311714663EAB5D7C6AF27A973E6F05729089C3DDBB3650BBFD3909E9EBF6A95A4646759D9D7A7E6011206C21D1248A8A7A7E59E7B249F32B49496FEEB932A445D2FBFCC6F98A74DD3BCAACC3761B05ACD575DC56FF33FF4C14BBFED36E9E77382C1D67BEF0DBBDDF1EB0C40A410EE9040CEFDEE7781B367253B739F7C52D8F67DF185E7FCAF6A584A4BE3DD1FCB35D7F01B9E0307FCA74EFDAB4BCF3C2329E9FFF2CB73BFFB5DBCFB03A01FC21D1245D8ED3EF7D24B929D96193384842522E7E6CDC276CA1557C4BB4BFF6A221C16379D7AEDB5F2EFC43A56ADC227DF217120DC215174AD5F1F6C6B93ECB4F6FD18BB6BDB36613BE5F2CBE3DD257113AE77DFEDD3B19FFE54523868B777AF5F1FEF2E01E8847087C4100ECB4F6B24E5E5A5DF7CB3F067A0B9D97BF428BF6D484F37F6FDD44A3C18478D12DEC8F55455F15703E6652C5C68C8CE96943FB7762DE132AB901810EE90103C5555FE2FBF94ECCCBCFB6EF1C7D83D9F7D26446772511119E2BF7A0D066351D1D7DBA190F892619CC592F91FFF2129EE3F754A78F901185C08774808AEEDDBE53BD36EB945FCA77BFF7E613B293737EE7D9235E411758088D2FB768FA73810808187708784D02BBA860C2F2937D73275AA788FF7FCE7646800C3DD200EF7CA4AF14DE699330D595992F22ED940000605C21D065FC8E9F4F4BDD800115966CF165FC885887CB5B5C2B6FC7C779C2489E2DB2FEA001171C9C9A9A24FF2F03C070FF2170A06185C0877187CFEAFBE925F1E5DF2EDD3A0DD2E7E3F53B80870BC85450D059A9B259781B4C8BF221B0CFAEBEA06A06300EA10EE30F8E46FA51251CA84097DCA9CFFB10E5E48E7D7419393A3B94944F2BD5349704B3AC9F389BEEE04305810EE30F8140F758D2525E23F832D2DE23F75FE96A9212DADDF9BD2D3F5D4206928D0DC2CFED3D4B7933CC9EB10C0A040B8C3E00BDAED923D49F9F94939397DCA747488FF54FE796B19E153EA7286FE6F5269A8CFA921A2A42143E467FFE5C301187808774844C64B2E91EC91A4AA5FDFA90F952377AEFF9BC47C274FF6E986EC3BB4265957011201C21D1291FC938EE1BEEFA0066C363D3F71A772EE45CF6999A0DD2E4D73D91BBF86BEFFC320228EE3346B068837843B2422F9B57CE56751F4BC6FC999CDCA5F644D4AE2CC66CDBBFB6A6AA415CA8EF7152E3B8C708704807087C1973C7CB874972C1FE567CF7DD5D5DA55739CE2B9759D27DC7DFFFCA7E61D39D98B47927C3800030EE10E83CF387AB47497EC63EC49B2B31FAEBFFF5D4FE58AE7D6759E70973761909F2F929DA851180EC08043B8C3E093BF7D1AEAEA92EC917FE8B0F7EF7F0FFB7C9A952BBEA7AAF246AB20EC76F77EF491B41BC5C5923DF2AE1AC78ED5AC1C20DE10EE30F88C23477246A3784FB0B3535AE6924B24572308399DEECF3ED3AC3CEA7077EFDE2DF90613979C6C1C3346524CF2194D2E25C53872A466E500F1867087C1C7592C925F250D34364ACBA4A4C84F77B8DE7B4FBBF2684FCBC8AFEF681C3B963399243B255DB5CC9C292F0330F010EE9010D2AEBF5EFC67A0A949FE35A5D43973247BBA5F7F5DF32A5DD11DB9879CCEEE37DF9476E0BAEB247B829D9D92CF4AA6F61D08C06041B84342B0C882DBD7F7128C44943A7BB6644FA8ABCBB9658B7ACDD11DB93B376D92FF206AAAEC32617ED96725E5AF40008302E10E09C17CE59592F7213D070F4ACAA45E7BADF88799788E679F55BF42641447EEE140C0F1ECB3929D9CC56251BAC0AFF84F5371F100FCB22B801E0877480C068375F162F10ECF3FFE212D929D9DBE608164A7AFB6D6F9D65B6A15471EEECE0D1BE4D7324BBFE5164366A664A7E7C001F19FD6C58BF10D26481008774814D61FFF589C9EBD3B76C8BFEB9FF9939FC8EFD8F1DFFF1D72B9FAAB36D2D332A1EEEE8E65CB14BB27DD150C8A3F2B69C8CCCC7CE081FEAA05186008774814868C8C0CD14F4E07DBDABC870F4BCAA496969A2EBB4CB233D0D4746ECD9A7EAB8DF0C8DDB172A5FCEA602913275A66CD92ECF454568A3FB29979F7DD3A2F230C300010EE9040727FFD6B83D52AFCD9F37FFF272D6130E49695C9EFD8F9CC33921F38154474E4EE3978507EB69D887257AC909F6FE9D9BAF55FFDCACACA79F249C53A010605C21D1248D29021E2ECEE7EFD75F99BA5E937DD9472C515929DE140A0EDC73F0E7BBDF23A958FDC95AE2D13F678DA1E7C301C0848F69BA74C49BBF14669E960D0B96183F057DE8A1549F9F9F23A01060BC21D128B75D122D3A597F2DB81A626F79E3DD21206C390575E915FEBD17BF468FB430FC92B543C55A2B8B36DC912AFFC6264494943D6AD931FB6F77EFC71C066E3B74DE3C72BBE1900308810EE905838A371F85FFF2ABCB3EA78E1057919F3E4C999F7DC23DFDFF5C73F3A376D9256A874902EDFE9DCB8B1BBBC5C5ED27ADF7D29575E29DF2F74CC60B50E7FE71D4EDF2FB2020C18843B241C5371F1D037DEE00F965DDBB7FB8E1F9797C97FE925F935BC88A8F59E7B7A77EE14EFD173E4DEFBD147ADF7DFAFD0939292BC175F94EFF71E39D2CB5F3092E386BDF18669DC3895E1000C0A843B24A2F4050BB27EF63322A270D8B17AB5BC80213D7D6879B9FC7839ECF3B5DC79A7F84736348FDC7D274EB4DC79A7FC02939CD138F48D37144FD93BCE7F3827EBE73F4F9B3F5FCF88000618C21D1254FE4B2F653DFC301175BFF9A6E2C1BB79DAB421AFBE2ADF1FB4DB1BAFBE5A387BAE7EE4EEADAE6E2C2D955F84928886FCF18FE67FFB37F97EEF9123CE8D1B8928EB17BFC8573AAE074804087748541C97FFE28BD94B975230685FBE5CB148E6BDF7F22F0012C1B636DBF5D7F357A7513972F77DF145D3DCB9929FDEE665FDE77F66DE7DB762A3F6279FA4502867F9F2FC175FC4F751216121DC2181715CDEAA55398F3FDEF3DE7BEE8A0AC522F92FBC605DB448BE3F60B335CE9AE5A9ACECEF4B4C9E83071BAFBE3AD8D222BFD5BA78717E3FDF8A72EFDEEDFAE0839C279EC87DE69948460230D010EE90D8382EB7AC6C444585E3B9E7C27EBF42018361C8BA75394F3C21BF25D8D6D6F8DDEFCA2FCB4E44AEEDDB1B67CD523C66CFF9F5AF87AC5DAB78481EF67A3B9F7D76C4DEBDB9CF3C83637648705C381C1EEC3E00680B767404ED76C54FC8F03A1E7BCCF1FCF30A37701CC917B9E24EA29C5FFD2A77C58AFE9AF0D5D424E5E727C97E4615200121DC811DCE4D9BDA1E7C50E522622A0C56EBB037DEC0475F80190877608AB7AACA76EBAD81B36723BA9771D4A8E1EFBC23BFAA01C0850BE7DC81292993265D5C5D6DD57F31008ECB7AF8E18B8F1D43B2036370E40E6CEA7EEDB5B6458BE4570113E3929387BCFA6AE6BDF70E54A700060EC21D98E23F75CABD674FEFC71FF76CDD1A76BB35CB73164BFACD37A75E7BAD65D62CC9EFFC015CD010EE70A109877D5F7C113A772ED4DB1BEAE9219FCF5F5FEFAFADF57DF185AFA62668B7475D71525E9EA9A4C45452622C2E36161591C964484F37A4A61AB2B34D2525F8EC235C5810EE70E109BBDDEE3D7B5C3B76B83FFDD477E284E265DC05A6E2E2405353A8A747D863484F4F2E28F09D3CA9722F2E25C574E9A5A9D75C933A6F9E65D62CCE6C8E59EF010604C21D2E6CE140C07FEA94AFB636D4D919B4DB859F5D4DCACF4F1E312265E2C4A4A1439D9B36B5FCF087C25D866DDA9471C71DC1D656EFD1A38186866047C7D737180C49B9B9869C1C53498971EC585CC5172E680877F856E878F451FE528ED98F3E9AB76AD560770720EE10EEF0AD100E049AAEB98638EEA25DBB70480EDF060877F8B6F09F39C3715CF2C5170F7647000602C21D008041F8862A00008310EE00000C42B803003008E10E00C020843B00008310EE00000C42B803003008E10E00C020843B00008310EE00000C42B803003028B962EDD3925D79632E2D99B730BAEA3ABE3C5EF3E15F52D233A7DCFD487435787BBA2BDF7C8188A6DCFD484A7A66749554BEF982B7A7BB64EE6D79632F8BAE869A1D6F777C75E2A2CBA78E9A312FBA1A9A8EEE3FBDF7C38CA18597DFFA407435385B1A8FFE753D11CD5CF2EBE86A2022FEF1BDFC96073286154657C3D177D63B5B1B47CD987BD1E5D3A2ABE1F4DE1D4D470F605D11D69508D6952056EB4ABAF7A4EC9F6DE1C270B49C9B379F24AA2B2C8CBA067F7D3DDF0D7F7D7DD495D415169E24726EDE1C750DB6850B4F12B53DF248D43574AE5E7D92A87EEAD4A86B70EFDBC74F45D43584C361BE06F7BE7D51D7503F75EA49A2CED5ABA3AEA1ED9147B0AE78585702AC2B41ACD695E49FC285ADC33D3DFEBABAE85E40026D6DC4FF384ED4353437F31BFEFAFAB0DF1F5D25FC6FDE07DADAA2EE46B8A78788425D5D51D710EAEC24A2B0C713FD54D86CFC46D43588AB8A7E2A3C1E220A7576463F155D5D8475C5D78075751ED6952056EB4A8253FB1D490000B830E10D55000006299C96499B3F7F587979CC5B3AB776AD7DF972F3E4C9177DF821117D9593434417EDD8619E32A5E3F1C7BB5E7E996F37D0D47476C20422BAB8BA3AF9A28B62DE0D9DEDB6DC779F6BDB36EBE2C5792B56C4BC0F3ADBF5545636CD9B4744633A3B63DE07FDED36CD9DEB397428B7AC2C6BC99298774367BB3D5BB7B6DE7F7F7241C1C5C78EC5BC0FFADB3D3B7E7CC0661BFADA6BE90B16C4BC1B3ADB953C8F624B7FBBE2E751CCBBA1B35DF1F328E67DB810F34A725F8570E74C26437676CC7BC9592C4444C9C9E2CA0D191986EC6CCE6C16DA359C3F7964B05AE3D10D9DED722613117166735CA6425FBB868C8CAF6F8A431F226837399988388B252E53A1AF5D435A1A1191C11097A9D0DFAEC1404486B4B4B8AC4C7DED2A3E8F6225D276F9E751CCBBA1B35DF1F328E65DB810F34A4221DC3DFBF737DF7E7BCCFBE73F19D9E9FDB6C58BB9D4D498772322BDEFBFDFDCD818F36A7D478F46543E1E0F47B8B737A2F2CE37DFF41C3810F36E78F6EFD75F3868B7C7632A42767B44E51D2FBCE0FCCB5F62DE0DFFA95311158EC754041A1A222A6F5FBEDC909B1BF36E042379449057FD5108F7406363CFDB6F0F7C57245CEFBF3FD85D20DFC993BE081FE378488487C37BF4A837C2D7A4980BBBDD8930159E0307280EAF731109DAED893015BDBB760D76179057FD520877534949DAFCF92AF709D86CCE0D1B8828FBB1C72437F96A6A5CDBB6193232ACFD9C9F351615E9EC9975C912E1FFCB8A9C1B36046CB6D4D9B3536467FDBAD6AE0D399D69F3E79B4A4A14EFABF3EC9879CA14CBECD92A0554C6EBADACECDDB52BB9A020E3473F52BC6FCA84097AFA404AF32CA1325EC773CF1151C68F7E945C50A0785F43A6AE6F5E28CEB398CA78DDBB76792A2B55D69565E64C3D7D50595782FEC61B723ABBD6AE251DEB4A93CABAE2A98CD7B56D9BAFA646655DE93C85ADB2AE782AE35579FEF20C56AB9E3E90EABAE2A98C57E5F9CB33AA4EB20079D51FA5709F3021EFD96755EEE3D9BF9F9F2C79B19E2D5B5CDBB619AC56F51AF4C859B62C79C4089502EEDDBB03365BEA8D37662F5D6D73151D000005B5494441542AB9C9B97163C8E9CCBCEBAEF46FF6FF35F3CC99EA035119AF63CD9ADE5DBB928B8ABEF95468D6A0325E3EECB2162F364F8BF27B803CC579EED350FFE36D5FBAD45359A9B9AE34E95957FD8D37D0D0C0879DE6BAD2A4B9AE54C6EBAFABF3D5D468AE2B4D9AEB4A65BC2ACFDF4869AE2B95F1AA3C7F2382BCEA8F42B8F3C21E8FBBA2425ABAA8C8346E9CF067EFCE9DC2B669DCB864D9AB9CFBB3CFC25EAF788FC16A8DE8ED756F7575B0B555B23375CE1C61DB7FEA94D00D2E25C5F2DDEF4A0A07EAEBE5A756CC53A6E83F3C097575792A2B253BC5E30D7B3CE2A94899302169E850497971015ED2D0A1FA0FDE89C85359C97F6B432019AFB7BADA9093C36F2BCEB3EFE4C9407DBD64A765E64CFE8D1A3D82ADADDEEA6AC94EF178435D5DE291CAE759CFBAD2A4B9AE3C959521978BDF569C67CD75A549735D055B5BC553219F67CD75A587E6BA72575424E5E7F3DB8AF3ACB9AE3469AEAB407DBDB89FF279D65C579A905772FD867BB0BDBDE9BAEB243BB31E79247FCD1AE14F7181BCD5ABE5AF482D77DD15E8FB86A479EAD41191BC87D6F99BDFC84FA85D120E0BDB5DEBD675AD5BC76F2717168E92BD23E4FCCB5F3A1E7D54B273C4BE7DFA8F647D274EC8A7423CDE604787B8C0F0CD9BE5AFC0F21AD2172E1CBE658BCE3E1051FBC30F4BDED2948CB7B3AC8CCACAF86DC579EE5AB7EEDC0B2F48768EAAAFD77F24EBDEBDBBF98E3B243BC5E3F57DF18578A4F279D6B3AE3469AEABF65FFC42D8569C67CD75A549735DB9F7EC118F543ECF9AEB4A0FCD75D572D75DC2B6E23C6BAE2B4D9AEBAAE79D777ADE7947B8493ECF9AEB4A13F24A0E5F6202006050BF47EE2ACCD3A6E93CC611BF2E39D6AC11BF22896BC85FB326A203379ECE57D4ECA54BC52FD1A7384EB1DDE411233407C51768983E5DF8005FFAEDB75FA2EFE0425C79FBD2A5C2918EA45DCD6379FE88A3E7EDB7C51FFFD2799C251E6FA0A1E1B4E8BFA5E276351F5FE188E3745191F0E139C93CF77BDFBEE36DBEFD76E14847D26E44474C029D2B533C5ECFFEFD0DD3A72BB6ABFFF115D3B99E25E36D98364D388296B4ABF9F8F247761D8F3EEA88643D7F7D5FD1787BB66C111F418BDBD57C7CF9FF31041A1B4F8BFE83A2F3FFA692F19E1E3142388296B41BD1FFAE78DFDABCC2913B000083142E1C66C8CE368E1E4D3E9FFC2D8EA4A143930BD52EDF1C7238FC75759CC96492BD85156C6D0D34361AD2D2343EE174BEDD940913C864F2D7D5851C0E4991944993D46A20F25557877D3EE3E8D1F2EF8C79ABAA88C85452C2F15FC6EB07DF2E3FDEB0CBE5ABA911DAF5D7D4845CAEE4C242F5777B54C61B686C0CB6B67E3DCFFD536957659EF58EB7EF3CABD4A0D2AECA3CEB1CAF789E556A506C575C20D27525BE4532CF6A7588C6CB3FBE920211AD2BE94D51AD2BF1E31BDDBA128B6E5DF56937AA7525B9299A7585BC92B58BAB4202003008A765000018847007006010C21D008041087700000621DC010018847007006010C21D008041087700000621DC010018847007006010C21D008041087700000621DC010018847007006010C21D008041087700000621DC010018847007006010C21D008041087700000621DC010018847007006010C21D008041087700000621DC010018847007006010C21D008041087700000621DC010018847007006010C21D008041087700000621DC010018847007006010C21D008041087700000621DC010018847007006010C21D008041087700000621DC010018847007006010C21D008041087700000621DC010018847007006010C21D008041087700000621DC010018847007006010C21D008041087700000621DC010018847007006010C21D008041087700000621DC010018847007006010C21D008041087700000621DC010018847007006010C21D008041087700000621DC010018847007006010C21D008041087700000621DC010018847007006010C21D008041087700000621DC010018847007006010C21D008041087700000621DC0100188470070060D0FF079FD03AA0CEAF6F640000000049454E44AE426082');
/*Tajikistan*/ INSERT INTO "Flags" VALUES('Persian (Farsi)', 2, X'89504E470D0A1A0A0000000D49484452000001F4000000FA080600000057ABB54E00000006624B474400FF00FF00FFA0BDA7930000193149444154789CEDDD79985CD57DE6F1F7DCA57AD5D2DA598476A105D192B1C031496CC80336E0B109191C9BD8831D7B0C99F1C4F19267ECC18F270943929910078F3D0E30183BC60E8341182989318E67B0E201B4021A5B4242BB10424BB796EE566F55F79CF9E3B65ADD56757755775795FAE8FB799E7A5455F7DE737FB7EEA3E7EDBA75CEB96693E4040000C6B4A0D2050000809123D00100F000810E008007087400003C40A00300E001021D00000F10E800007880400700C003043A00001E20D00100F000810E008007087400003C40A00300E001021D00000F10E800007880400700C003043A00001E20D00100F000810E008007087400003C40A00300E001021D00000F10E800007880400700C003043A00001E20D00100F000810E008007087400003C40A00300E001021D00000F10E800007880400700C003043A00001E20D00100F000810E008007087400003C40A00300E001021D00000F10E800007880400700C003043A00001E20D00100F000810E008007087400003C40A00300E001021D00000F10E800007880400700C003043A00001E20D00100F000810E008007087400003C40A00300E001021D00000F10E800007880400700C003043A00001E20D00100F000810E008007087400003C40A00300E001021D00000F10E800007880400700C003043A00001E20D00100F000810E008007087400003C40A00300E001021D00000F98630F3DE42A5D0400001819E39C23D0010018E3B8E40E008007087400003C40A00300E001021DF09EED7900F019810E78CEB6BC24DBF252A5CB00506251A50B00505AB679952429187F6D852B01504A0C5B03BCE6D4BD718E2429B372AF2453D97200940C97DC018FB9B64D725DFBD347DBA64A9703A0840874C06349D3AABCCF01F8874BEEC058673B25DB917751F7966BE43A764A924CCD02651AD7E76F23A89182EA525508A00C0874A09292D3E9BF61DDF0DBC89D5076E727659B9F1ED6E6C1E4DB142F78448A1A865FC3681C078011E1923B5041F6C4B3B2279E1D59235183E2C5AB14CD7F500A6A0BDF2EA85534FF41C58B578D2CCC354AC70160440874A08292A6A794343D352A6D8533EE5266F90699BA6543AE6BEA9629B37C83C219778DCABE47F338000C0F97DC814AB19DEA5A3F4D925475CDD1D1FB0DDB762AB7EB6E2547FF2EEFE270DA9D3DDFE6476F7F25390E0045E11B3A5021F6E44FA4A4554A5AD3E7A325A896A95930E06253B3605443B764C701A028043A5021B6CF30323BCA43CA92E681DB1B6CD97094F23800148EA95F811272D96372A77E967759727C4DBFE741D39379D73313DE2D134F2D7C9F9D7BE4DA5EE9D9385274D97F9624E50EFCA9E472726DAFC875EE91A99E5B789B15380E00C521D0811232F15459DBAEDCEE4F4B49DBC02BE64E2ABBFD83FDDF0BEB15CDFB86822243F0CCB76453354BD1E57FAF60FC3BD3D713AE576EC71D725DFB659B5629BCF48FCFEBE300501C3AC50165E03A762ABBE3C3726D9B0B5ADFD45FA5F8F2C707FD2D7C20D92DEF90AA2E533CFF61299AD87F61EEA4B2BB3E25751D50DCB8AEE8B6CB791C008A43A003E562BB94DB7F8F9237BF2A69A0FF7646E1259F5334EB3E29A82A7A172ED72CDBFC8CC2E99F1874BDE4C8B7144CBE55269A5CF43ECA711C008A47A00365961C7A40B93D9FCDBB2C9AFB370A2FFEA33257343CBE1C07E00B7AB90365E63A760F6BD9F9C697E3007C41A0036565FBCFB96EE2F4716669F3D3926CF9CB2A9A2FC701F8834007CAC8B6AC93EB3E244932D5F395697C4199C61764AAE74B925CF721D996E23BAB959B2FC701F8844007CAC836A7F39D87D33EA2CC8ACD32F52B65EA572AB362B3C2691FE9B7CEF9CC97E3007CC23874A06C9CECC99F2A5AF85D85D33EDA7F51385ED1C2C76426DEA8E4CDBF52DA7BDC54A2C802F8721C805FE8E50E944BEE845CB669C831D9AE63A74C3C65C4B7342D195F8E03F00C810E008007F80D1D180E97AB7405FEE2B30586854007862139F435C925952EC33F2E493F5B004523D08161480E3F247B6A6DA5CBF08E3DB556C9E1872A5D06302611E84091DCE92D721D3BFB4FAC8251619B9F96EBD829777A4BA54B01C61C021D2852D213E4CC8636DACECE3E97F0C7125034021D28926D4A274C71DD6F311BDA284A679F7B2B7DDEC4A43440B1985806C82769CDDBDBDA75EE966BDFD6FBDA1E7B5C41EDE2FC6D84E3251396AAC2C2246D72D9C3922413CF90C2FACAD6E3122969C9BBC81E7BFCEC6AEDDBE4DA36C954CF3B77451349E1B85255088C598C4307F2706D2F2BBBE3C3721DAF17BFB18915CDBA4FE1A55F50256649731D3B94BCF5A0EC8967E53A76F42FAD66918249372B9C71974CCDC2B2D726392507EF576EFF3D92CB16BDB5A959A8F8F2C765EADF5682DA80B18D40070692B429B7E70F951CF976C19B98EAF98A17FDBD4CFDCA12163680DC29E5F67F49C95B0F69E8DFF6038517DDAD68D69F4BD1847254D78F6BDBA8ECF63BE43A7715BC4D38FDE38AE6FEF7CA5F6500CE53043A30047BEC716577DD3DE0A5E233C2691F5534EF1BE9A5F632739DBB95DDFA3EB98EEDBDEF99BA4605136F90A9BA2C5DA76B9FEC89E7E4DAB79E5DA77689E225FF28533DA7EC352B69516EF7A7951C7D6CF0F5C2F18AE73FA860EA87CB5317304611E840015CE75E65B7BD5FAEFD977996068A167EE7DC1B959489CB1E53F6D595725DFB2549A6F60A45F3BEA160C2BBF2AE6F4F3DAFDCEE4FF7F60530D5F31437BE24134F2D5BCD7D25471F53EEF58F29DF5505537B85E2256B2AF3070730C6D0CB1D2880A99E2313D60DB0D42AA86B2C6B3D7DE576DCD11BE6C1A45B9459BE7EC03097A460C275CA2CDFA8A0E12649E9B7FBDC8E8F94A5D6BCF5D4356AA09F084C584798030522D08102B8AE83B2AD1B065C5EA971D3B6E907B2277F2A493275CB152F5A2505B5436F18D42A5EFC944CDDB2B49D933F916DFE61294B1DD0609F9D6DDD20D775B08CD5006317810E14C036AF527A6F6FC96466285EF4848249EF3BBBBC42E3A6FBCE7B1E2F78580AAA0ADF38A85534EF6FCFB6F5E65F8F666905EBFBD90593DEA778D1133299193DEFB89ECF1EC0500874A0006766300B1ADEAB78C51605533EA878C91A45731F90822AB9F6ADE70C112B35D77540B6E54549921977F5B07AD607E3AFEDDDCEB6BC20D7F5C6A8D63814D7B123EDA41754299AFB80E2256BD2CF76C516050DEF4DEB62D638A020043A3004D77D58B675A3A239F72B5EFA2399785ACF12A3F0E2CF28D3B84EA66651D9BFA5BB96177A9F07136F90EB7A432ED75CF8F6D926B9AE830A26FED6D9F75A5F1CD51A87629B9E92A959A44CE33A85177F4667C6ED9B789AE2A53F5234E77ED9D68D72DD87CB5A17301631531C3004D7BE55992B7F2E537F55DEE5A66EB932CB372939FA77E5ADAB6B5FEFF3E48DFB94BC715F5A4F3C5DC194DB145EFAC5DE216BBDDB74EE5372F02F659B9F91CB1E39B7CDCE0325ADF91C518332CB3749793B1C1A85977C5EC18477CBB56FED73191E403E0C5B03C6A8DCFE7B94BCF1E703AF10D42A5EF03F154CBD4392648F7D5FD99D9F946CE7809B8433BFAC68D6BDA35D2A8032E01B3A3046996872CFB34041C37B64C6AD949256D913FF9C8E97B7EDCAEEF8A862134972CAEEF8A87A3BF6D55EA1A0E106291C27D7BA51F6C47392AC4C3C7980BD0138DF11E8C018656A2E97A99AA978F1D332F56F3FBB608E5372E451E576DD2DB95C3ACB9D24C9A5F3CCCF7F48E1F48FF76BCBB56D54F6B5DB646A1695EF00008C2A2EB9036355D222D7B9576680496D9237EF576EEF1FF77B2F9A73BFC24B3E9F777D77FA5599EAB91599BA16C0C811E880AF5CB7BAD6CF907227D2D7D124555D7358327165EB0250120C5B037C6532FDA6A40DEA1A0973C063043AE0B3BEC3C1C202A68405306611E8000078804007066435D05DC050099C0F6030043A3000DBF2926CCB4B952E033D381FC0E018870E0CE0CC5DBE82F1D756B812489C0F60287C4307F272B24D4FCB363DAD33B3ABA192381FC0500874200FD7B649AE6B7FFA68DB54E9722E789C0F6068043A9047D2B42AEF735406E703181ABFA1E3C2653B25DB917F51F3D3FD9F5FFA1FF3B711D448417529AABBF0703E801121D071E1B21DCAEEFC64BFB0C8C775EC54D7BA49E7BC1F4CBE4DF182470890D1C2F90046844BEEB870450D8A17AF5234FF4129286216B5A056D1FC07152F5E25450DA5AB6F34B85CFEE7E7A30BE17C002544A0E38217CEB84B99E51B64EA960DB9AEA95BA6CCF20D0A67DC5586CA46CE751FEAF3FCAD0A5652389FCF07504A043A20C9D42E55A67183C269770EB84E38ED4E651A37C8D42E2D63652390B4495D07CFBEEE3A98BE370678793E801223D08133826A999A05032E36350BC6D4EFB3F6C4B372B993BDAF5DEE84ECC99F54B0A22279763E805223D0813E92E68187440DB6EC7C941CFBBEFA4FC2E2941CFD5EA5CA19169FCE07506A043AD0C375EE916B7B257D612245B3EE5534EB5EC9A483415CDB2B729D7B2A5861E15CFB56D9E635E7BC6F9B57CB756CAF4045C5F3E97C00E540A0033D6CCF8425A66A96E2656B15CEFCB2C2995F56BC6CAD4CD5AC7EEB9CDF9C727B3EA3FC53A45AE5760FB4ECFCE2CFF900CAC338E7CEFFFFD9401964B7BC43AABA4CF1FC87A56862FF85B993CAEEFA94D4754071E3BACA1458A0E4D0D795DBF387BDAF4D50254972B6ABF7BD68DE37155EF40765AFAD18BE9C0FA05C08744092CB35CB363FA370FA27065D2F39F22D05936F95892697A9B2E2D8E36B947DED36C925BDEF05536E577A7393A7CEAE68328A97FE48C1C4DF2A7F9105F0E57C00E544A0031596BCF95505537F572673C988DAB14D3F50F6F53BD32954FB8897AC969C55F6B5DFEEBF4150A378E177154CF9D723DAAFEB7E53F6D8130A2FF9DC88DA013032FC860E5490EBDCA7DCBE2F29FBEA4AD9E3FF30BC4692D3CAEDF9ACB2DB3F744E989BEAF90A1A6E5630E97D32D573FB6F673B94DDFEBBCAEDF9AC949C1ED6AEEDF135CABE729572FBBE24D7F5C6F0EA07302A0874A082727BFF4872DD72DD6F29BBEDFDCA6EBD59F6D4F3856D6CDB951CFABABA5F5EACE4D003CAD7D12D9C794FDA2BDC440A67FEA77C8D2839F480BA5F5EA2E4D0D725DB5EC08E9DECA9E795DDFA5E65B77D402E7B4472DDCAEDFD6C61750328092EB90315921C7954B99DF97F2336D5F31434DC2433EE1A99EA39325183643BE472CD72EDDB654F3D2F7BF2A783CEFC66EAAF52A6715DEF302FB9ACBA5FBD5AEEF4AB031715D62B9878838209EF96A95D94FE361DD4CAE58ECB75EE956B5D9F4E58D3B93BEFE6D1826F2B9CFEB1423F0200A38840072AC09E5AABECD69B7A6F171A4CB95DB6E9C9D1DB81C928B37CD339F3A1BBD3AFAAFBD5AB25971DB55D05537EE7ECF0B1A056F1D267154CF8CD516B1F4061B8E40E94993DF19CB2DB6EE977EFEF68D6BD0AA67E68D4F611CDFB5ADE9B9B98BAE58AE67E6DD4F6134CBD43D1ACFBCEBE61DB95DD768BECC97F1EB57D00280C810E14C1B6AED3B0276571DD4A0EFC691AE67D3AA199CCC532350B15CF7BB0A03B8C0D259C798FC219770FBCFCA23F5078E91747BC1F53B74CF1BC6FCAD42C90C95C747641D2A6ECD69B94BC71EF08AE04B89ECF1A40A10874A008F6C8A3CAFEE23AD9536B8BD94AB6E94975BFB242B9037FD26F8CB8248517DD2DC948D104C54B7E2453BB7898D5058A66FF3745B3FECB906B46B3FF42D1ECBF4CF73B0CA676A9E22BFEB7144D90142898F16FFBAFE012E5F67F45DDAFACE8B91C6F0B6EDB9E5A9B7EC647BE3DACDA800B15BFA10345480E3FA2DCAE34BC4CED150AA7DC2E33F13A05B54BA56852EF7AAEFBB0DCE997654F3E2FDBF403B9AE03F91B8C2628F3B6ED3299197D76D2A2ECEB1F936DFE61C17599AA598A163CAA60E2F5796B36618D82A9BF77CE327BF2FF28B7F3F7E5BAF617BCAF60CAEF285EF06D291CD7FB9EEB3EACEECD0BA5A47580FA2E5330E5830A265E2F53B7A2FFF1E68ECB9EFE85DCA99F29697A52AE7DAB24295AF02D85D37FBFE0BA800B1D810E142377525D1B67E6EF5D1ED4A4B7F3B4ED529F695607132D78A4CF6C68567D2F9AD9133F5672E04F645BD70FB8BDA99EADF0E2CF289CF12929A83D67B96D5DA7EC966B251329B37C834C5DE3B98DD876256F3DA4E4D0D7060DF660DCAF29BCEC2B0A1ADEDB77E3DE9A93C30F29B76BE04BFDFD1BAB4AEBB59DFDFA12F40AEB55B5F28D73A77C053020021D28526EEF1794BCF9D7236E279CFE71450BBEA53397BD737B3F2FB99CA2395F954CD8BB9EEB785DF6D45AB9F65FA6011854A513C68C7FA74CFD551AECB279F6FFFDBA6CCB0B92A460FC6F28BEF25F06A9C8C9B56D926D79311D9666BBD27B92D75EA160C2BB646A16F659B55BB9DDFF5E8A26F75CBA4FB7CFBD7EA792A38F0DEF03E923BCE40B8AE6FCD588DB012E24043A502CDB9E8EE7EEB9343C1CC1D43B142FFC6E6F70BBCEBDEADE345F925578D1BF5334EF7F8CB84CD7B9BBA7CDB3322BB6C8D45D39E2B673AFFF9B34B84D469995FBCE768A7389B23B7E4FB6E98961B76DEA9629D3B83EBDE201A060748A038A15D42A5EF20F32358B86B16DB5A2795F577CF9F7FB7D0BB7C7BEA7331DC792B7BE29DBFCF488CB74A7B79CF39E3DBE5A2EDB34A276EDF17F3AFB2DDC75CB1EFDCED9852654BCE8F19EAB0C99A2DB36B54B152F5E439803C3C0377460B8722794DBF74525471E955C6EF0754DAC70EA1D0A67FD994CD565E72CCEBEF6DBB2CDCF9C5DBDFE6DCA2CDF5C743DC991EFC81E5F2DDBBA71D0695C4D3C55C1E45B15CEBCA7F7DEE285CA6EBD59F6C4B3BDAF83893728BEE227E7ACE73AF72939F01525C7FED7D0C3D74CA470FA2714CDFEAF3D3DE701148B400746C875EE926D7A4AF6C473729D7BE472CD92C9C8C45364EAAF5230E15D0AA6DC3EE82D3EB3AFDD2ADBBCBADF7BA67A8E946B91A20699FAE58AE67D43269E3E681DD92DEF94CB1E2BACF0709C3257BE30F8D8F7A44DB9837F2177FA1772D92332416D3A3EBCCF4D604C5DA3322B069E4ED6659B649B9E4CFB019C7E39BD42E0BA65A2293235F3144CBC51C1940FA6C70B60D80874A0526C979263DF973DF6846CCBDA417BC607E3DEA1B8F1450D356EDCB6AE57F697374A49CBE0FB3619C58B9F5430E9FD439699DDF601D9E36B066FAE669182C9FF4AE145FF41A66AE6906D02187D043A5001B6F525E5B67F68E0F1E97D998C328D2FF6F4681F9AEBD8AEEC6BB7A7BDE2F3367791A2454F2A187F6D61ED75ED57F72B8D52EED4D02B07558A177E6FC4F75807503C3AC5011510D45E29336EE5D02B9A50F1E58F151CE652FA6D39B362B3A285DF5530E13A99789A144D901977B5A2B97FA3CC553B0A0E73299DB4265EF28F79C7B9FFAAA07E65DEC96D00941EDFD0818A714ADEFA5B2507FE2CBDA7F8AF30994B142D78E4572672A91CDBBA5EB99D1F976B7FEDDC85418DC24B3EA768E697D3C97500941D810E545AD2A6A4F987722D3F97CB9D9409AA6426DEA870F207A4707C716DE54ECA25AD677B95F79D89EDCC4C7692646299705CF133B1D92ED9E3AB9534AF96B247D3FBA74FB84EC1E4DB64AA2E2DAE2D00A38A4007CE77B953725DFBE43AF7A68FEE8352F6985CF711B9EC6129DB9C86F8501DE106128E4FC33D9E2C93B928BD441F4F95A99A29533547A67AB64CD56C869301E739021D384FB8CEBD72EDDBD247C776B9F6ADB21D3BA5DCF14A97264932D164999AF932B54B656A16C9D42D4BFFAD9E5DE9D2008840072AC2751F926B7949B66D733A7F7ADBE6F326B88B65A2C932F557A563EEC7BD5D66DCAFF5BF3F3A80B220D08132709DBBD389554EFD8B6CCBFF4D6F7EE231533D5FC1845F9719FF9B694F7BBEC5032547A003A560DB654FFD4CF6F8B3B2277E2CD7B9ABD2155594A959A060E27B144CBA49C184771734040E40710874A0046CF36A655FBBB5B43B31B14C3C558AA7A59DDA7A1EE64CE7B5709C64A2FEDBB89C94B4F63C3D953E4F5AD34E75D9A3E9B4B143CDBB3E42F1E267144CFE4049F7015C88A2A1570150ACA0E1C67498D8992163C311D6A59DCE6A16CA54CD96A99E933E3217A7211E4F19BD82FB70D9A634DCBB0FA573D377EE4B7BD977BC2ED7B15D4A4E0FBFF1A026FD6C008C3A021D2885A046C1C4EB658FFF5341AB9BEAD969A7B2FAB7CBD42DEFE93D3E4B43CDDD5E0A269E22C553646A97E459EAE43AF7CB756C933BBD45B675935CDB66B9AEFD05B51D4CBC9E5BA3022542A003251234DC923FD0832A05F52B65C6FF46DA71ACFEEA927DDB1E7D26FDE3A37AB6D470B3CEDCD1DD659BE45AD7A71DFE5A7E2EDBB629EFCD6682865BCA5A2D7021E13774A0445CD701756F9C252990A95F9E760A6B788F8271D7F83F3DAAED906DDD207BE239D9933F966B7B55925366E5FEBCF783073072043A5042B679B5CCF877A69DD72E602E7B4CAEE5453AC3012544A00300E0016E9F0A008007087400003C40A00300E081E8E19F3F5CE91A0000C008197D4A748A0300608CE3923B00001E20D00100F000810E008007087400003C40A00300E001021D00000F10E800007880400700C003043A00001E20D00100F000810E008007087400003C40A00300E001021D00000F10E800007880400700C003043A00001E20D00100F000810E008007087400003C40A00300E001021D00000F10E800007880400700C003043A00001E20D00100F000810E008007087400003C40A00300E001021D00000F10E800007880400700C003043A00001E20D00100F000810E008007087400003C40A00300E001021D00000F10E800007880400700C003043A00001E20D00100F000810E008007087400003C40A00300E001021D00000F10E800007880400700C003043A00001E20D00100F000810E008007087400003C40A00300E001021D00000F10E800007880400700C003043A00001E20D00100F000810E008007087400003C40A00300E001021D00000F10E800007880400700C003043A00001E20D00100F000810E008007087400003C40A00300E001021D00000FFC7F08C8E5AA5485E91B0000000049454E44AE426082');


/* fi   Finnish,              */
INSERT INTO "Locales" VALUES('Finnish','fi');
INSERT INTO "Languages" VALUES('Finnish','English','Finnish');
/*Finland*/INSERT INTO "Flags" VALUES('Finnish', 0, X'89504E470D0A1A0A0000000D4948445200000140000000C40806000000EEC6F8D000000006624B474400FF00FF00FFA0BDA7930000000774494D4507DB04070730097FAF40E70000032449444154789CEDD7A14D24500045D13F640586048D80641D0E01AB90687A40D30425A091DB0A34400BA3B0384848FE1631B3F9C9DC732A78EA266F33E79C83FF66FBF1392EEE9F57CFD8BBD79787717B75BE7A06ECE468F50080550410C81240204B00812C0104B20410C81240204B00812C0104B20410C81240204B00812C0104B20410C81240204B00812C0104B20410C81240204B00812C0104B20410C81240204B00812C0104B20410C81240204B00812C0104B20410C81240204B00812C0104B20410C81240204B00812C0104B20410C81240204B00812C0104B20410C81240204B00812C0104B20410C81240204B00812C0104B20410C81240204B00812C0104B20410C81240204B00812C0104B20410C81240204B00812C0104B20410C81240204B00812C0104B20410C81240204B00812C0104B20410C8DADC3DFE9DAB471CB2AFEF9FF1F6BE5D3D63EFAE2FCFC6E9C9F1EA19B093CDB879124020C90506B20410C81240204B00812C0104B20410C81240204B00812C0104B20410C81240204B00812C0104B20410C81240204B00812C0104B20410C81240204B00812C0104B20410C81240204B00812C0104B20410C81240204B00812C0104B20410C81240204B00812C0104B20410C81240204B00812C0104B20410C81240204B00812C0104B20410C81240204B00812C0104B20410C81240204B00812C0104B20410C8124020EBD7DD9FDFAB371CB4AFEF9FF1F6BE5D3D63EFAE2FCFC6E9C9F1EA19B093CD9C73AE1E71C8B61F9FE3E2FE79F58CBD7B7D7918B757E7AB67C04E5C60204B00812C0104B20410C81240204B00812C0104B20410C81240204B00812C0104B20410C81240204B00812C0104B20410C81240204B00812C0104B20410C81240204B00812C0104B20410C81240204B00812C0104B20410C81240204B00812C0104B20410C81240204B00812C0104B20410C81240204B00812C0104B20410C81240204B00812C0104B20410C81240204B00812C0104B20410C81240204B00812C0104B20410C81240204B00812C0104B20410C81240204B00812C0104B20410C81240204B00812C0104B20410C81240204B00812C0104B20410C81240204B0081AC7F1425261F629366940000000049454E44AE426082');
INSERT INTO "SpeakLocales" VALUES('Finnish',0,'fi');
INSERT INTO "SpeakLanguages" VALUES('Finnish','English',0,'Finnish');
/*Solo pongo fi, tambin hay fi-fi, pero debera ser lo mismo.*/


/* fr   French,               */
INSERT INTO "Locales" VALUES('French','fr');
INSERT INTO "Languages" VALUES('French','English','French');
/*France */INSERT INTO "Flags" VALUES('French', 0, X'89504E470D0A1A0A0000000D49484452000000C80000008508060000001E9EB72C00000006624B474400FF00FF00FFA0BDA7930000000774494D4507DA0611123828251C33AC0000018F49444154789CEDD3211502410000D1852A3CA260094010F425C01181062872A1CE4083B1BBE2FF0463E6304ECFDF60DCAEE7F17A5C66672CE17BDFC6FEFECCCE58C2717600ACCC20100C02C120100C02C120100C02C120100C02C120100C02C120100C02C120100C02C120100C02C120100C02C120100C02C120100C02C120100C02C120100C02C120100C02C120100C02C120100C02C120100C02C120100C02C120100C02C120100C02C120100C02C120100C02C120100C02C120100C02C120100C02C120100C02C120100C02C120100C02C120100C02C120100C02C120100C02C120100C02C120100C02C120100C02C120100C02C120100C02C120100C02C120100C02C120100C02C120100C02C120100C02C120100C02C120100C02C120100C02C120100C02C120100C02C120100C02C120100C02C120100C02C120100C02C120100C02C120100C02C120100C02C120100C02C120100C02C120100C02C120100C02C120100C02C120100C02C120100C02C120100C02C120100C02C120100C02C120100C02C120100C02C12010FE2A4F095881A188F80000000049454E44AE426082');
/*Belgium*/INSERT INTO "Flags" VALUES('French', 1, X'89504E470D0A1A0A0000000D49484452000000C80000008508060000001E9EB72C00000006624B474400FF00FF00FFA0BDA7930000000774494D4507DB050313241B0B9553B10000018B49444154789CEDD3210102401000C1038D27049A1C48A84505825008470168B0F65FCC2458B38799F90DF3B89DE7F5BCACCED8C2FBFE99EBF7B43A630BC7D501B033834030080483403008048340300804834030080483403008048340300804834030080483403008048340300804834030080483403008048340300804834030080483403008048340300804834030080483403008048340300804834030080483403008048340300804834030080483403008048340300804834030080483403008048340300804834030080483403008048340300804834030080483403008048340300804834030080483403008048340300804834030080483403008048340300804834030080483403008048340300804834030080483403008048340300804834030080483403008048340300804834030080483403008048340300804834030080483403008048340300804834030080483403008048340300804834030080483403008048340300804834030080483403008048340300804834030080483403008048340F803379D0758FE61EA2B0000000049454E44AE426082');
/*Canada */INSERT INTO "Flags" VALUES('French', 2, X'89504E470D0A1A0A0000000D49484452000000C8000000640806000000C3867F0B00000006624B474400FF00FF00FFA0BDA7930000000774494D4507DB04030E302E5A1659540000089549444154789CEDDD6F6855651C07F0EF2E6ABA960ECDCD6C7075CECC7F5B26992112C8D2329005652B5F0531D077BE10620C068232F05544A0D59B4C63D58B2450075959BE482B6B61A0D44C6353D1AB4DB7DBD5DDD5797AF16BEDFED93DBB7FCE39CF739FF3FDC061DBBD77E7F99DC3FDDEF33CE7DFAD5080820D941D8B618D8A0ADD157822A2BB0022933120442E181022170C08910B0684C8050342E482012172C18010B960404C72E58A4C648C0A1E4937485B9BFC7CE71DBD7578C19223E90C88292E5C0056AE94DFCF9D031E7D546F3DA5B22420EC6299A2A303F8FB6F993A3A745743FFE116C40467CE004F3D35BE0C1515C0B7DF024F3EA9B7AE52700B429E79E38DF4802B258F91760C886E3D3DC0C993D98F9F3C29CF9156EC62E9E438C0E38F033FFF3CF1F34D4DC08F3F029132FC1C63178B4AD6DD9D3B1C803CD7DD1D5C3D94855B105D9249D9957BE992FBEB162E945DC0D3A605539757B805A192ECDF3F79380079CDFEFDFED743136240BCD6DB0BECDC09C462B95F333C0CECD993FF3CF7EC91FFC9251693367B7BF39F27E54749E7A4FC2753C4E34A45224A555529D5DEAED4E060F66B3A3B0B5FBECECEECF90C0E4A1B5555D2663CEEF7D2E54FF7FBC1A38901F1C39225E37555572BB57BB752B1983CF7CD374A555616BE7C95954A9D3A25F388C5649ED5D5E3CF2F59A26F7927A2FBFDE0D1C441BA1F5A5B818F3E4A7F6CEA5460EE5CE0EAD5D2E63D7F3E70E3869C9292EAE597CDDAE3C5413AE5B46A55F663A3A3A587039079648623579B543206C40F8F3D168E36438001F10303620D06C40FB5B5C0BC79C1B5376F9EB4499E6340FC12E4273AB71EBE6140FC12E4A0990374DF30207EE116C40A0C885F18102BF04061A13EFE18983E1DD8B2C5FD758E03CC9A05C4E3FED6535505DCB933F935239F7D06DCBB076CDDEA6F3D6378A030A48E1D035E7905387DDAFD759108D0D8E87F3D8D8D9387E3F469A9F9D831FFEBB10C035208C7018E1F071209E0D967E5F63C6E82E8FA4CD6C6B973526B2221B53B8EFF355924BC01B97E5DA642F4F6CA795080746B366F06060672BF5E77400606A4C63B77E4EF1B370A3F25BE98F56491F006A4BF5F0EB045A3C08B2F02FBF6C98D12DCAEBB387A34FDEFCC3760269D01C915E0CC6548353C2CEB60DF3E5927D1A8ACA3FE7ECFCA2D37E11DA43B0E505303DCBA95FE7824022C5D0A3CF104B0668DFC6C6A027EFB0D686E06AE5DCB9ED7860DD27DC9BC2CF6EE5D60E6CC894F2EF4C29429C0D010306346FAE3C924F0DC73C0975F66FFCFFCF9C0E79F038B17CB35EFDF7F0F7CF79DFC3C7F3EBB0B36678E6C790ABD71842583F4705F0FD2DAEA5DFBDBB629E538D96D2C5FEEDF322F5F9EDD9EE3482D5EB5D1DA5ADCBAD5FD7EF0680A6F170B00366EF46E5E870FCB65AF999A9ABC6B239F79EFDC29B578C5CB75548618102FBDF926D0D595FE5834EA6D1BA9EAEBD3FFEEEA921ABCC48084D8C30F032B56783BCFF676E0830FC6FF1EDBEBE587D4BD4B070F4ADB5E5AB142D651884DD15D80761B3702BFFCE2DDFC94025E7B0DF8EA2BE0A187804387BC9B77A64387E432DE6BD724204A793BFF906F3D8030EFC51AD3D3237B7C28DBF1E37290B11896ECC56240EEDE0566CF96F39468DCF4E9C09F7F66EF42CE97250109F718049037C0FAF5BAAB30CFFAF5C587C3220C08003CF38CEE0ACCC375028001111B36E8AEC03CCDCDBA2B3002C720805CB3F1C003DED5628344A2B42E16C72096701CE0DD777557619E0307786A3C80F09E8B954C2AF5FEFB4A2D5BA6BF7653A765CB641D2593A13D172B7C01711CA5DE7A4BA968547FCDE53245A3B2CE263A19D3F28084AF8B555121E7470D0EEAAEA47C0C0ECA3AB3645C5188F00ED2CF9F075A5A805F7FF5A71E5B3CF20870E4885C2353084BC214BE2DC898A54B813367804D9B745762AE4D9B641D151A0E8B84372000505D2D97A0EEDAA5BB12F3ECDA25EBA6BA5A77255A85B78B95E9C30F81D75F9773B3C26CC60CE0BDF780575F2D6D3E9674B118905467CFCAB8C4ED4E2536ABAB93F1C6EAD5A5CFCB928084BB8B9569F56AE0871F8075EB745712BC75EB64D9BD08874518904CB5B5723790B636DD9504A7AD4D9699DF3192850199C8B46972AAC5DB6FCB976FDA6AEA5459C60307B26F594400380699DCD75F032FBD04C462FECC5F97B973814F3E019E7EDA9FF95B32066140F2F1C71FC00B2F003FFDE45F1B415AB50AF8F4537FEFB8624940D8C5CA47340A9C3A15DC5707F869EB5659163FC3611106245FF7DF0F7477037BF7167E1B4E134422527B77B72C0BE5855DAC621C3D0A6CDB96FBA6D5A699354BEEB6F8FCF3C1B56949178B012956B99CEC58ECC986A562400C13744000B933FCDAB5405F5FF06DE763F162F976A9D9B3836FDB9280946167DA2073E600DBB7EBAE22B7EDDBF584C3220C48A94CFEA434B9B632C18094EA8B2F745790DB8913BA2B287B1C8394221E071E7C10181909BEED7CDC771F70F3A67C5574D02CD97AF1EEEEA53871A2B8704422726A797DBD4C7575F2FDEB172EC8F30D0D723DC6C000F0FBEF320D0C147E1B9E9111A9B1A5A5F01A090003529A2347723F5759296FF4458BC68330362D58907D72E08E1DC0C2857213ED9E1EF9BF54C92470F9F27860C6A68B17652F5A2291BB4606A468EC6215CB71E4D8C2CC99F2665EB44802D1D0202128E68B67162C006EDF96A95057AE4860FAFA64BA7851A6A121396613F4D17F4BBA580C88496A6AE42B07FCFA56DC20591210EEC532492201FCF38FEE2A2805B7202619FBD41D1929FF0B98B805214F0D0F8FFF1EF63BAB1884013145EA5E281BB6869660404C911A90A1217D75501A06C414F1B8EE0A68020C88295203F2D75FFAEAA0340C882952BB58361C07B10403628AD4808C8EEAAB83D23020A648DDCD9BEBBC2A0A1C03620A8E3B8CC480982275AB512E774B090106C4143C7A6E2406C414A95B0D8E418CC18098827BB18CC480988201311203628AD480B08B650C5E936E8AFA7AA0B9597EAFABD35B0BFD8F174C913F78C11491FD181022170C08910B0684C8050342E4E25F0F59153E440594DF0000000049454E44AE426082');
INSERT INTO "SpeakLocales" VALUES('French',0,'fr-fr');
INSERT INTO "SpeakLanguages" VALUES('French','English',0,'France');
INSERT INTO "SpeakLocales" VALUES('French',1,'fr-ca');
INSERT INTO "SpeakLanguages" VALUES('French','English',1,'Canada');


/* de   German,               */
INSERT INTO "Locales" VALUES('German','de');
INSERT INTO "Languages" VALUES('German','English','German');
/*Germany*/INSERT INTO "Flags" VALUES('German', 0, X'89504E470D0A1A0A0000000D494844520000007D0000004B08060000005DA3889500000006624B474400FF00FF00FFA0BDA7930000000774494D4507DB04030E0B35ECC17F80000000D549444154789CEDDDC10D80300C044107D17F6974402DD045F2D8990A2CADEEED3533DF90729D3E80FD440F123D48F420D183440F123D48F420D183440F123D48F420D183440F123D48F420D183440F123D48F420D183440F123D48F4A0FB3D7D01DB597A90E841A207891E247A90E841A207891E247A90E841A207891E247A90E841A207891E247A90E841A207891E247A90E841A207891EB4BEC767871A4B0F123D48F420D183440F123D48F420D183440F123D48F420D183440F123D48F420D183440F123D48F420D183440F123D48F420D1837EB6C7053F081088220000000049454E44AE426082');
/*Austria*/INSERT INTO "Flags" VALUES('German', 1, X'89504E470D0A1A0A0000000D494844520000007D000000530806000000B226086300000006624B474400FF00FF00FFA0BDA7930000000774494D4507DB0403121837761C052A000000F949444154789CEDDDB10D83401000411E59EE85129C92B81D726A764401EF2E20D8990A4E5AE9B2D38DDFF6990B29EBD303703FD183440F123D48F420D183440F123D48F420D183440F123D48F420D183440F123D48F420D183440F123D48F420D183440F123D48F420D1835EEFEFFEF40CDC6CCC39DDB2C558EF41A207891E247A90E841A207891E247A90E841A207891E247A90E841A207891E247A90E841A207891E247A90E841A207891E247A90E841A2078DEB389D35C50C7FD97AACF720D183440F123D48F420D183440F123D48F420D183440F123D48F420D183440F123D48F420D183440F123D48F420D183440F123D48F420D183FE96DA0CA9A88BC3730000000049454E44AE426082');
INSERT INTO "SpeakLocales" VALUES('German',0,'de');
INSERT INTO "SpeakLanguages" VALUES('German','English',0,'German');
/*Solo pongo de, tambin hay de-de, pero debera ser lo mismo.*/


/* el   Greek,                */
INSERT INTO "Locales" VALUES('Greek','el');
INSERT INTO "Languages" VALUES('Greek','English','Greek');
/*Greece*/INSERT INTO "Flags" VALUES('Greek', 0, X'89504E470D0A1A0A0000000D4948445200000140000000D50806000000264C29EE00000006624B474400FF00FF00FFA0BDA7930000000774494D4507DB010C001B26B8A09E23000003EB49444154789CEDDD216E156B1C87E139E4385282222184841A44AF8084E42E008D0081A586157405ACA08E05A06F4211355D02DC203088EA438AC1008120C8B0024CC9E43BE57D9E05FCF3536FE653B3DA7972344F17D4E1FE9DE9E9FDDDC5EEEF1D9C4C9B4FDF17BB0F8C7569F40080510410C81240204B00812C0104B20410C81240204B00812C0104B20410C81240204B00812C0104B20410C81240204B00812C0104B20410C81240204B00812C0104B20410C85A8F1EC0326E5FDF99FEB97965F40CD86A02F8977A70EFFAF4ECF1DEE819B0D53C81812C0104B20410C81240204B00812C0104B20410C81240204B00812C0104B20410C81240204B00812C0104B20410C81240204B00812C0104B20410C81240204B00812C0104B2562F5F6FE6D123CEEBEEADABD3EEB5CB8BDD3F79F771FAF6E3E762F797747AF6757ABFF93C7A066CB5D53CCF173680FCDEE1F1E9F4ECBFF7A367C056F30406B20410C81240204B00812C0104B20410C81240204B00812C0104B20410C81240204B00812C0104B20410C81240204B00812C0104B20410C81240204B00812C0104B20410C85A5FD97F357AC3B91DEEDF999EDEDF5DECFEDEC1C9B4F9F47DB1FB4B3A78707BFAFCE2E1E819B0D57C0102590208640920902580409600025902086409209025804096000259020864092090258040960002590208640920902580409600025902086409209025804096000259020864AD470F6019A7675FA6A3371F46CF80AD26807FA9E3B767D3F1DBB3D13360AB790203590208640920902580409600025902086409209025804096000259020864092090258040960002590208640920902580409600025902086409209025804096000259020864AD5EBEDECCA3479CD7DD5B57A7DD6B9717BB7FF2EEE3F4EDC7CFC5EE0363ADE679BEB00104F8139EC040960002590208640920902580409600025902086409209025804096000259020864092090258040960002590208640920902580409600025902086409209025804096000259AB9D27477E8B0924F90204B20410C81240204B00812C0104B20410C81240204B00812C0104B20410C81240204B00812C0104B20410C81240204B00812C0104B20410C81240204B00812C0104B20410C85A3FFAF7C6E80D0043ACE679F65F6020C91318C81240204B00812C0104B20410C81240204B00812C0104B20410C81240204B00812C0104B20410C81240204B00812C0104B20410C81240204B00812C0104B20410C81240206BBDFFFCFFD11B0086581FBDF9307A03C0109EC040960002590208640920902580409600025902086409209025804096000259020864092090258040960002590208640920902580409600025902086409209025804096000259BF00390B4ECA4CC996F20000000049454E44AE426082');


/*    "Haitian Creole",     */
INSERT INTO "Locales" VALUES('Haitian Creole','ht');
INSERT INTO "Languages" VALUES('Haitian Creole','English','Haitian Creole');
/*Haiti*/INSERT INTO "Flags" VALUES('Haitian Creole', 0, X'89504E470D0A1A0A0000000D49484452000001F40000012C080600000035BB41C800000006624B474400FF00FF00FFA0BDA7930000200049444154789CECDD777C1685E1C7F1CF3D337B93C50A1046D820A04C1515A9381095D6556BAB1D8E6A1DB5EB575BBB6C6DD5B6B675EF05880301110419326585405809D993ECE449F2ACBBDF1FA9200514AD8A5EBFEFD72B2F20CFDD3D779757F83CB70DB29EB210111191AF34C7C99E01111111F9EF29E822222236A0A08B8888D880822E222262030ABA8888880D28E822222236A0A08B8888D880822E222262030ABA8888880D28E822222236A0A08B8888D880822E222262030ABA8888880D28E822222236A0A08B8888D880822E222262030ABA8888880D28E822222236A0A08B8888D880822E222262030ABA8888880D28E822222236A0A08B8888D880822E222262030ABA8888880D28E822222236A0A08B8888D880822E222262030ABA8888880D28E822222236A0A08B8888D880822E222262030ABA8888880D28E822222236A0A08B8888D880822E222262030ABA8888880D28E822222236A0A08B8888D880822E222262030ABA8888880D28E822222236A0A08B8888D880822E222262030ABA8888880D28E822222236A0A08B8888D880822E222262030ABA8888880D28E822222236A0A08B8888D880822E222262030ABA8888880D28E822222236A0A08B8888D880822E222262030ABA8888880D28E822222236A0A08B8888D880822E222262030ABA8888880D28E822222236A0A08B8888D880822E222262030ABA8888880D28E822222236A0A08B8888D880822E222262030ABA8888880D28E822222236A0A08B8888D880822E222262030ABA8888880D28E822222236A0A08B8888D880822E222262030ABA8888880D28E822222236A0A08B8888D880822E222262030ABA8888880D28E822222236A0A08B8888D880822E222262030ABA8888880D28E822222236A0A08B8888D880822E222262030ABA8888880D28E822222236A0A08B8888D880822E222262030ABA8888880D28E822222236A0A08B8888D880822E222262030ABA8888880D28E822222236A0A08B8888D880822E222262030ABA8888880D28E822222236A0A08B8888D880822E222262030ABA8888880D28E822222236A0A08B8888D880822E222262030ABA8888880D28E822222236A0A08B8888D880EB64CF80C857C1A923BBF1DB3B469DECD9F89FF48B3F6F63E3F683277B3644BEF4147491139092E4E5EC8999277B363EB15D8575BCBC389F8C94682E3967106929D1277B963EB1079FCC3FD9B320F295A05DEE2236D62B238ED797EFE7CE3FAF64CCECA77969B1E22862570ABA888DD5EC2FC35B5C0C40437327CBD7179FC4B91191CF9376B98BD8D8DE6F7C9F27F6EEA0CA13CFD6D89EB4450C3ED9B324229F13055DE42B64F9C6952CD8F6167995F9943555626010E78D6568C620A60C9CC0CC8933484A480220D4E1A7AA254464949704B3950BEA76B07BFD62E06B00545455F2EABA375953B89E82DA625A3A5B703BDDF44CCCE4945E23B9F4B40B3965B04E0414F9AA50D045BE02D66DDBC0EF9FBB8FDD07F753167590187F041EDCD44637433B6C2DCCE7D9C257F9C5E27BF9D6E8D9DC35FB56E263E3E9FFFA33BCFCD84FE9DDB497310B1A19386108E55515FCF6953F33277F01CD8EB623DEA75B633C350DB52CAF5EC7EB2B1630B4C7207EF7BD5F31A04FFF93B4E42272A2147491AF8061D943F8E78F1EE0FE171F62EAC8C95435D6F0C2EA79788C4ACAADDA43C35553C7BD5BFFC982FCA5FCE5D25F71EEF8737056F5A3B63C48E7D46BD8D6A3915FFEFE6B949B35479D4133D09D454E665FC6659DC2889C61BCFDDE32EEBEE1E7783C9E2F786945E4D330C87ACA3AD93321F26537636A0F163E71F64979EF969616B6EFD941796325354D07898D8EC10C852168110E84097B2C561D58C7C2A2E5F89DC143E3459B11FC72F28F383DAE0633D0CC4B95B1FC6BE773849CE143C3C499D1CC1C702EE37B9D821132089A21BC311198A64947A093D4D814FAA4F566C4A0614446469E8CC5E7FCEFBCC3A215E527E5BD45BE4AB4852EF225140C067974E153BCB265019BAA72E9F004C000B7CF2018F3A1CFE0A6456C208A3E093D392B6D3CFBCB0BD96F964194039FA3939FAEB9977B323209063BF97B7D3D38BB46335A4C8646F5A767460F36166D65DECE37E9F0048FD86AF7B639F0C798605A24846218DFF314AE3C6D36979F732986617CB12B44443E96822EF22553555BCD157FBD9E9DE5BB71C4BA48EE8825E4B43833633C658E0ADADADAD8DEB9A76B600B5AAD5676B4E5B3837C7080C3EFC0F48520D2C08C7152DA56822F04182E680E13E78CA5B5B38DBCD05EF29AF61E9ACE87633E216614DE480F9EA448B697ED243A14C1EAAA4D6C78760B6F6C5AC4B3773E82D7EBFDA2578D887C04055DE44B66CE9257387BF0E99CD56322BD537BE20BB5B3BFB080D12347F1C4DA17C80D1740F4E15F5D23085EBF0B8769D01E17C4B4807AF3D0EB512E680A7328DA7ED38F95EA001C44B4B8C0EDC0EF0A60B90FCFC3A6F06EA6674CE6DA8997B373DF6E827E3FC3870CE740F1019A3D3EE62E7E85AB2FBEF28B5A252272021474912F995BBF79D311FF7E71C95C36B5EEE081379F0607B82C27DDC3DD2831AA18173F9C717123E89698C2B68A3CF6361DA0B2B59AE6500BC474FD7A2F3D08B17E1362811827CE3A48EE8823333A95417DB399D86F1CFB4A0A78A7612DFB3A4BE81D48A324A28685B5EFB2E495D54CCB98CC0FA75DCFB4F127E71C021139310ABAC897D86DFFFC197FCB7B12D3B0486A8D213BB30F7D227A70FDF9DFA2BDAD83F5859B5853BC91F525DB08BB4CF09BD01EC68870E209B8484D4C213F58456C423CBDA312A9AAAAA43322487B6B3DF5EE66F2EA0A78B37A0553324FE51B436632A6CF28929312B9F7A507C8F717D2DCD8C862E74A963FBB963F94FF8C5B2FBBE164AF1211390E055DE44B6AE9BA77F87BEE53247444131D15C5B81EC3F9BF6FFF94F4E434FE38FF415ED8F12AB55643D7C02EC067E2084054421C1924B39F32CACACBA1C3C2EF6CA3C468866E2E723AFB50185F41B0C98F15EBA0D31B6069ED1A96D6AE212BAF3BD78EF93A2FFDFA29566F5BCB93AF3DC35BF5AB71594E7EBDE22F5C78DAD7E8DBB3CF495D2F22726CBA97BBC897D4828D6FF1FDEC2B98D47D0CD3D226F3979BFEC0FA3D9B38F59E693C90FB38B556039E268394A6582E8A3D9348CB4B766C16370EBE9AB069424B18125CE084E888584871416388586F34370EB88A94E824123AA3383FF10C92ABA370773A280E5570F786FB197FF7B974043BF9CB2D7F6056EAB98C8A1DCCCC9ED398B7EAF593BD5A44E438B4852EF22575C9B80B3873E219BCB1640113C74CE0AE67EEE6E98257B00C3002168362B399D86B24461876980574C404C98C4AA3B1BE9183E1AE2DF71E0D499427D763389DF40B74A7D02CA1D857C1E92117C9B149EC0915D119F073D3F86FB3BB682FCBAD4D34069AC9B3F671E59C1F70FB29DFE3A19FDFCFF2F75670D1F40B59BD61CD495E2B22723C4E1266FEEA64CF84C897DD803E715C7151DF2FF43DFBF4CA026050F640EE7DE83E0A9A8A88A871D0A33385A1DEFECC18772E775D731B7B9B0A79A1F8753C9D4EC6268DA0D4AA626FB8043A4C7C317EACAA20A19A4EEAD27CD06ED21E1F243D2E15A3214C095514072AB8EECCABB9F98A1F50555441B7BA5892C271789A9C381D4E5A6B9BB9FAD22B310C83AC9EBDBFD07500F0E28203EC2F6AF9C2DF57E4AB465BE8225F01F7FCF86EDEDBB496FE59D9B85D6EDC6E378661D0DED9C1C3EF3F0740B43F82C66033BB2AF760B8C1322DE2AA22684C0A130C5AF4AB4BA790723C9D4ED6946E6454440E511D11B4BBFDFC65E93FF9FAD44BF8CB8DBFC7322D42A110E5D515444646929DD5EF242FBD889C08055DE42B62D2B889477DEF91454F11117693194CE16B43CF6450B7FEB487DAA9ADDB0C314ED292D2686C2984B0C5C0A10329DC5D8E3F2ACCE4A4B14C1B7626DEF56E56B46CA4C168E2CD556F3173EAF987A69D9898F8452E9E88FC9774529CC84966599FFE710A7565B5ACFCF99B9C91762A67F49F40657D159B2B774087C900A3272DADCDE030C0EABA277CB23F164216EFEC5945301CE2D24917F1B58429BC79CB8B1414177CEAF9304DF3E3071291CF95B6D0454EB27716CF21CAA861FCF49B71383ED967ECDFDDF66B1C0E07375EFC5DC68F398D35BF5C4F474208EAA0882A0667F6A7B2A30970D237338B75755BC167D292E2A7E1603D37FCF0BB64F7CE6668FFC10CEE37E813CFBBDFDFC98A577F4B66CE058C1879EA271E5F443E3BDA421739C9CEFADA6CCCEA79AC7F7116C5FBB77CA2713FF800307ECC69007444F849F1C581059E6607D68E22BE1B97C925CE7436AC588F27E482A045B78E783AA2BA9ECC76DA98538F98D689DA93FB0E5BE74E27D151A8988B7C0928E8222799C3E1C0957131C3923610DA3A9BBCCD4B68696EFA54D3FACE995793189B401CD1E4246673466F989D5ACA14773DD17DE219109D459C19CDF0DE439836E48C4FF51E2DCD4D6C59F50CD105DFA27FFC6E227A5DFAA9A623229F2D055DE44B60D8A4EFF0DE81BE04FC1DE4BD7B2F1B5E3A9FB6D6E68F1CE7FDF7DF3FF477CBB258B9722553C64FC6137671FFECDF107086387DF420C60C743332DBCDED5FBB11C3EDE0EE0BEE24CA13C9E9E3A7B072E5CAE34EF358AA2B0AD8FCE259EC59FF38AD1D06EB2BC632E2B4599F7AB945E4B3A3A08B7C09C4C42670C6B56F53DCD297F387ECA132DFC9C42B9E63C8458FF3F77FAD38E6387BF6EC2118ECDA6D6E1806252525004CEE3F9EE1038672FF75BF67EF9E03BCB70B2A6AFDE46E799FE76F7B8CF4B43426F71D0F70681C8083070F525D5D7DD4FB8403417EFEFBB71878DEA3CCB87121EDE570FEB0FDEC6B1DC779DF7D43CF4617F992D04971229FB38AF252BAF7E8F5B1C3B534D7119390C6BC7B4C46BCBF8F9F263D4B634C0A7DDBD3E0075301A8AEAE263D3D1D8061C386919B9BCB98316380C3679AFFFCF23BA8A8AA60EAD8D389DA9BCDE0A45CC2A6C9E0F4690CC9CEA1BCBC8C59B32E028E3CC37ED3A64D9C7AEAE163E1353535A4A5A5E174BB1837F7117A357592DA5C4DEAC283BC3ABD2FFDAE4AC4D7D64C5C7CD2C72E5B65453999DD7B9CE01A13914F435BE8229FB33DDB97B1FCE94BD9BAFA45C2E1F07187F38513796DDE28FAEF3C4867849B2175454C8EAC67EA53BF3B34CC1B6FBC71E8EF83060D62DFBE7D87FEFDC19672F7F44CC68D1A4BDDC15A76E7EF62E35E279BF73BD9B17E1E00E79E310DAFD74B6363230909094057D8EBEBEB494D4D3D34BDD75E7BED830933EDF15F31215442765305BEC808325737F3E6F2B1F8C311C75D9E8E761F9B573CCA9BFFBC809A8AFC4FB0C644E4D350D0453E67679DFF1D5C1189F46DBD8DCDCF4F226FE3EB5457961E31CC8B8BF2B97BE6DD7CE39D27D9326004E70DBC99BB278EA7FC3B4D5476D61C1AAE67CF9E9496768D1B111141727232E5E5E500646767535070F85A72CB0C317EA8C1A903C39C3A30CCA001D947BC6769692959595900ECDAB58B2143861C7A6DEBD6AD8C1E3DFAD0BF4B9C5594DFE8E7D6B16773C1801FD0D4BB2733E63EC84D97FE997736941C31DDEACA3236AF7894DDAF4CA47FC72F89CF3C8551E3A6FD176B50444E84822EF205187ECE6F39D0D8939C6E45E4ADBA9F8AA5D359B9F831B6ECAA666F7103CBEE7890DBF35FC71CD88FFF632C61C3C1DB1DA7F3CF35D9EC5F723595A57B01983469126BD7AE3D34DDB4B4346A6ABA821F1D1D4D5B5BDBA1D7D6BCFD149D9D610E543B3850EDA060D7AA23E6E9C3BBDB0381001E8F07807038CCB66DDB183B762C0005BB5651B8E287FC66C5383684C76061F023CF441253E3B975F30B3C7ECB43F83A826CC8ADE09DF9F750F2F6F9946D7B94EC946A76368C64FC8C9F7D3E2B55448EA063E8225F80C4E4343A263FC586F7173122E321F6EEEEC12D4F36D0D8FE02BF1C0637DC7D19717F2DE3A5B4615865877F2D97974D25E9BD055CE9B81CCFA56F9292DA9D8C8C0C76EFDE4D4E4E0E9665E172B928293E40381CC2EDF61C1A37B3D700926A4387FF9D38EA88790A0683380C8BFCFC5D242424E0F7FB01D8BE7D3BC3870FEF3AD16EFF668A577C9707970F23B761ECA1719B896273CE68CE1AD8C41DD79ECFCFAF7980C70A9DF48C877F9D0969A98DE47BEEA5FFD9538E982711F9FC28E8225F90CCDE43D9BB7D11BB17A6D1FDF9321EF33E41383A9A9488BE8C7DEA7682174E64FE79F71D35DEBC7DE713E37D1593CB187FC59B242626D2D2D2826559242525111515C9F6F997D01435938C3EA359F6FC779970F1FD18E10E9ADA3EB415EEAD07A0B87027459BFE4167C205385B3762F8F24919F163860D1F85CFE7C3E7F3D1BB776F2A4A7653B4FC5A1E5DD58B753547DF47FE796F16DF997B27598641E827BF606A532B91ADADB8D68669B83185E47E909AF1C53EA14EE47F9976B98B7C811CDDAFA06445376A22E3F0980132429504CE8923140A515A5D4355E3317E250D074FEF9CC996BD7ED6BC389B3E59BD70BBDD6CDEBC198F0BD6AE59852FE0242EBC9D92A27DE478DF60DF8EE538682721C638F4E5A1EB6635F5C5AB896C5D425B6B13D1FE8D54D507696A6EA5B2BC981D3B76101B1B4B84C762DF5B5733675D0C8B8ACE3DE6B294D4FAC03068F7B5129A1A4D0F7F156107B47A23D9B464207159333ECF552922FF414117F9826CCAABE2D9EBFFC8A4E6026EC9BA940B06DFCC79D9DF263FB485779EB880BC1D5B315C51C71CD7C2C59FDE9B494D750D6B5EFE26E17088604713BB175DCE8C0B6692D62D990CE706C69D3A015FD043B02997C6865A8AABC387BEEAEBBA8EB5875B77822B8161397DC88ACA6340BF9E0C1F3288FD8B6791929C405B4B233B175CC9D2AD4E9EDD793170ECEBCC9B7D16F9B96B78EFD9E9ACF43670D6801BB824E706FED0E34C2E28DFC81FBEF70F0E947DBA3BDE89C827A7A08B7C016AEA7DDCFDC327B8A1E41D5A4E1B479D271E80D6700A772CBA82C51BDA8829FD29FD628E7F795790287EF2D605B4D41550BCE1F744C52662065AD9FAEEA3B852A79195D24A63E97B34860760B5ECA25B622423B3DD87BED213BB2E990B37EFC0113B8CA6E24578DD21A27B9ECFBE0DFFA03594426B6B1BADBBEE61E781361EDA7C1118CEE3CECFB0E41D54AFBE862756C4F287B5B3095831006C8DEC87317C10DFCB5FC04D3F7A99FFE2617222F20928E8229F911DDBD75356B2FF98AF4547B8B9ABFA5D3C8DF51C1C3CE488D74CC3CD133B66F2C7B787F297594B392F6B2958C77E1CA9CF4CE18E372F20D1DA49E58E4789CC3803A3FA79FA0CBF8803750984EA56E0881F0E6D797476B41D3972A88DD2E2FD64441CC0881B4AB8EE5DF6350E24B57B0EF16DF349EE3395AAF7EFA1A5A99A7B96CFC434BCC79C0787E5E75B435FE7AE7373B9F3D5C92C3C700EFFB915DF346C1809D565DC5CF60EC7BB915CE1BE5CF6EFDD79EC1745E413D34971229F91ACAC01AC7EF1722A633B316247E04E1AC790D36613F07712131BCFA43573A9FFC793F8527AC3EAB2A3C65F573D911BE66670EF854B19D1FD79FEBA7E06ED66F251C33505D3B861DE749EFFE602CA0E9EC5A8A4720E6C9B8B157B26A9FEC51486C63036B581057BF2097A8387C62BAE6FC05DBC86BE5126B9F51613930B2874DDC8814DFF2432E4A4A17C0B866F2FB7BD7E119D56DC319731C955C1AFCF5D42C834F8F6CBB36909A71E73386BC840321FFA2343BF7D0500F575D52426A5B271D93F7175E4116ECAE560A037E77EEBD94FB3AA45E418147491CF485C4232E32F7B9A82B7AF6290671E95E50B79EBA92564C454F376DDCDECAF72F1F5096712136A068E0E3A4065675FAE9F7B15774C5EC0B397BFC45D0BCEA2B035E7A8E12ADAFB70E793C378E0DB4B59B7BF3B037A3E8F23EB4E929A5FE3405B23CD412789114D8CECE73E344E625C98FA9AADEC6F4B2225A192960E0FDEACD3F014DEC4E6B204B2E33771FD8B536936D28F396FA39237F1DB0BD6F1466E168F6F9D8169B88F391C6688B85347B2785F07CB7EBD8C91BDDB991CFD670A9A077176AF65783D90EB9ACC59973D8EC773ECBD0022F2C9193B12C6E80897C8C7889D3689AC390F9CD0B0359585EC5FF56BEAEA6A189B99C7FC398358B07D30999D4D5CD6234CDADF7EC299D72F01C7477C9EB64C660D7C879BCEC8E38F6F0DE7EDD2B3C0387C84AC67CB7E1E2F7C8DD2012146FED44D49AD83F8A1B761D4CCC774266084DBD85BD448BFE4AA43E334FB2CACA8C124A564E00E146046F4C58AEC4369EE8B0CE961527C7780504D14DFEB7F39BEC8C35177587EAE18FC16D74E2EE2D70BC7B1BAF2E84BD88E5857AE264AD7FC1FAF8F99CDFC96041ABD317CEFAC4D0C9E5045A1EF5462E3131939FD0FC427A49CD0FA2CFEFA8F685DFADE090D2BF2BF4C5BE8229FB1B4CC7EA45DFE2CAF3E7C1525EB1338EDD53D9C19CE0320E1073F236D780EB19E57680D251C7F22868357F74D637F5D2AF75DBC9AE1BB6A7968E3D7E8B0BA1E84D2A7AD9C78CB64D85E075B1F0A30F6871EB66C7E94DEC32EA157E819B6D54F2239AA8491D987B7A2C326ACD9594055534FCEC9AA6273C72C2AB73CC6987E263B7F1F24A7C209F8C968AFA2E0DF414F7257F2CBB39790161FE09AE72EA0BC23FB58737B84DE19D1783C1E464FCC26E7E1670068288EC6DFD78B91D687D3BF71F4B5F622F2DFD34971229F938997FE93B7160EA52C26851DB169940C8E25CFFD28DB56FE8BBEDD8FFF50930FCB6B18C9379EBE84DEDDFC3C73F94BF48BDD0D40A32BF2D03023363B79FFE910A37BB792B7330FD332B0C27E3A3BDAD85E103CF4957720486C4490686733C5F509ECDBB18C89397E76DF1F24677FD77F0526D0F2EF4BE746246DE2E56BE6D1D8E1E5DA972F3FA19803F44EF3B07EE13D14A6BD4669DF38B6C4F5C0E78DE485D7CEE19C6FFCE113AC4111F924B4852EF239B02CF8F1EF96726D6D3ECFF41ACD5CF70800B216ECE1B6D627B96D9C9FBFB70F63F3C15339DE75DE1F680A77E7870BAEE4865317F3D2B717F18BD72A58DD39822AC76A32FEFDC8D4612B0C72A3834C98B9952DA5BD498AADC44A703032FBF0AF78280C8BDF7731A45F217915299C37782F9BFE112427EFF0A569EF79A2A88BEDC9E5396F70FBB905FC65E9105EDA35ED88DDFDC76310626ACFB57C73C02E56AD48E491F5E7519B900509F0137313A715E6F2B307D7F0E73BCFFCE42B54443E96822EF239F8EDC36BC958349F94808F5DE97DA0EBAEAB14FB06F1C385031995B4913BCED941A36F377F5D790AFBDB867FE4F44CC3CB439B6652B7770EF75CB99D57B6D6F0767532DF6A380874ED6AEBBFD0A03829489F896504CC009BCB3C381DFE43D3F075404B2885A6A67AC6F76C61FD330186BC77E47F015BD2BAF1E7F35E64445A133F7D7820CB3AA77FDCE70DC0625CB70DDC3065071D41173F7F731205AD472E4F5DCFDE0CC87D97579E9CC3F339A95C75FE90E34C4B443E2D055DE473B07EF56EEE69CAC3DB2B93ACEC3476D5777CE855836D0DA771F5CBA3B9A0FF1AEE9BF52E7BAA76F0F735E3A8E81C70DC698EAB59C70FB71653B52BCC193FACA1FD768BE27F85C92AEFDAC2765B90FA02D427F989E9E7C5ED368E38865E76D0626F4D07A97190F74690814B5C47B47AE7C030DFFD61157525D0F18B003F6DCBA7A04F5F8A128E1FDF8171DBB9E58C6D748BF5F3977786B2A17AC231B7E6A346E5E078378AEF75EEE489D5850ABAC8E7C0F98388CC5F9DEC9910F9B2F3F6EB45C265D34F78F841919D748F718261604C9FC292F535FCE71D562CC3C9DE86BEBCB9BD1FB367CDE06BFD3733286623F955717498F1474D7346CD3A46FB9B88F53908AD0D51DFCBC5F0EB0CF26AC22497191880C784CEED26E6108B363340640434B55934B5591454C2C0F42007B785C878013C56D7FCF81D16FBCE33187F8B8B1D8BA0D79301E2FC0EDC40BE2B92FDF1FD8F9A971E91FBF8F9D425CC98D48306F7347EF0DC50CA7C7D8F5A46009711E0FF6E9E4C72DE4E52A74D62C425A793DEE3C4CE7007687AE56D0285A51F3FA0C8FF386DA18B7C0E4E993101664C00E03B96C51F1EDF48756BEC3187F5598944270D206DE06FD8BAFBFBBC71FD5CE66CEECB539B27D166763B349C3B294CF90083F4228BB83A83E8C7036C287632E5660FDBB3C324CE0993D0E920A5D341FD4361A2BE0F59E9878F8F57D541A82244ECD3E035BBC25B176F12BADECDA8610ED6DD1762D896101FDEC76EFCC7FEF6144F29DF1FBF81E943CB99B37514975CF83BE62FDA489882E3AE8B917D5D9C3E6124BCB71080EE9F684D8AC889D259EE229F33CBB2E8F0878E3F80C3C59F9F5C437A6A12ABCACFE0EA67CF63507A1B6FDFF002570F5D48042D5DC39DD19B19630D2ABFD60F0C032730E29D309BFF2F448FD3DC387FE9A2A47BD7FDDA935B1D34BF1A3EE22CF73DFBDA093C0471FEAE4817F40F93F40737DE3437FBEFF23374CBD1B7A4288CECBA535DACB3969BC7BDC6A2EFCD23C26D72C9E3B328681B46676707FF98BBEB2397BF3370ECDBD88AC8674B5BE8229F33BFDF8F697EF467E74D052EA65C783B9EB61D94C57E871B170C6242DA5A6E9EBA9B6B263EC3D2D0D54C1E7D35CFCE5947B7EBBE45699F7DF4BAE73900FAEF87DABB3AE9BC398A9C7B61C73F02F4DDE022B3CC41FFEE2EA223BB02DE940B693E03BFC3A2F46C93F1DFF5B06EA587D4C77DF4EA3C3C7FCE0470C61BB4780CE2923D5C3370213F985AC0AE8A04AE79F66CF6348FC030FDEC59FB08675C564F9D35F023972D1852D045BE080ABAC8E7CCE572D12DD14DEBC18F1ACAA0C6184777A38078DF2A9AA3CF605DCD2436BC388E5939EF31FB86741C71315C3CE45402713D090F3A728BDFEC3588CEF649AC5A388701374E605FF626625FE960C5E6203D33BA825E5B132236DE45F3B569A48FEEC5EB4F16903EF22A828973A1EAF0CCB932A1D3B288EC6DF1A7A14B284E8CE1E7AF8E6479E9944327BC756B5F4C8BB33FF51F137380EEDDA2080402783C9E4FBCEE44E4C429E8229FA3C6C60696FD6B2283D3CEE1404D065E878F305E421CE3B9E75698CAC80BE8DBFE186DC18184DD1998868757F64CE5E063DB691FB18C046F243F5FF108E7EE69A137878F99B9679CC525F7DEC3BE7533A9F577609DB599B653F692DAF6C6A16BD18BD78569FBCBB730A3FAD11ED39D197FCCA6D7D0212C2B2E8717DF00C06F5814479A782E75307E78D778F3E624B2BCEC8C4387D6233A77116D555014FD7DB0C2C77CC46A24757498315816F48D2EE0C57B27F0AD5F6EFE8CD7AE887C98822EF2392A2DD84ECFC406FE34E3656E9FE860F35E076E8F45757B4F1ADA23F1F9FC0C4C6F222BC547724C889676270535516CCE7F91376B6FC274743DBC64F2B69DFC32B684B0D9758CFCEE737A521361E25F609155E224307F316D3FBB03ABCDC7CE75CB68DCB793CCAC03B49B26DB0BBA9EB8E6ECE3A03AFF1D5ADB2B884AECCEC09E5994EDDE83FBAD770925F2E1B20000197249444154032539211266B9183CD8CD7B6B43546484E90CC298E4CA43CBE30E377069F69B8C189448AF94BF13E10ED3D8E6A1E06034FB6B13498A739214E52323A20C5FD0CDC49C301DFE204E879BE6E666E2E38F3E7B5F443E1B0ABAC8A75454B80FAF3782CC1EBD8E3B4CD0574E5BA793C41893C41808060258165CDCBB84FD6561FA767752521D261C86BCA21089B106D9A91D7C63928B0B73FFC2DEFA9ED47724D0BDA4805F44F6A6BEB584D640363BEEDC4BD4792E726E0B53996B62BE55C4921B6F27F3CD77E831A499AC2883C8D7A0E1CEC3778BCBDB6C32E6C50A5ABE5E8E6FB945D14BCB691C330C474223E16B1CC4F674B02FDFA0EC9100B1DF84B25AA8DB6E52DBEAE0BBA31790E4ADE5D4AC5AFA6638C93D5047D06F5173D024A777900119ED24C6D651516732B8B78BBC032686E1A75F868B40C8457E29941DD841FCA8C9C75D57FBF6EC2431A91BDD52D33EF39F95C8FF02055DE453E8DCB987CA3FFD85C7F6ADE2E6079FE094D38E1D2A7F5B1998213ED8396E59605A16AB73838CEAEFE29DCD01A68FF3E276753D3C0560585F173B8B82444758CC3AA582B8E84A12639DEC2D2B261482ACF40304CF75F1E6DA00796B0D92B3DD8C7FC0C1AED75FA5CD09A11A8BC82906499D0E2AB684D89ED275F67AEA528BA8B093D64C0BA316DAA2CA88482863D01F5CAC79DFA073A79FF43E26C31F72B3694F90F680C5B4AF7BF0B80C2AEBF289F41AACDF65919E643166808BB60E8B669FC5D03E2E1ADB4C36E4071935C0CDCAED0152E20F9F64E77119F88306415FF971D7E7D237E6F0F26F7FCEEDA7CD24E1173FC69D76ECE7AC8BC8F1E9C6322227E03F6F2C5375EBCFB15E788D9CAA769E58BF805084979C51E38E1AAFA6BC80E6501AC1D42B78BF389525EBAB28AE7672F9992673DF0D326B8A87F7F28274EFE6A0A1D5C2B220CA6B50D3689299E2C4006A9B2CD2921C94D69A380CE891EAC4E534A8A80DD37F809349A39CBCFABCC9C0A95E3267427E45989801062D1BA2D8D26D20054614A50D7134ECEC467CB019FF54133301C6DCE9A6CDED257765888B2E72603AC1C220BBA78BA438076E27B4F8202EDA4165BD49639BC5F07E2E4A6AC2F4C9E8FAD36118C4451BACDB1962FA382F2F2D0F70FA080FCFAF8E6663512AF1FDAEA033E9EBD4F9A248ED3982D4CCA36F52F38F5FDECEDA07EFE7BABC369C9B72311C4E62CE39FDD0EBBAB18CC889D116BAC8A71079CA703A727731F6B97F3226369A7BFFF15B4A7EFF136EFDE91F303E74B7B4B153BF7DE8EFA34F87B7F70E24D37C8CF99BA2B867C36C8ADA97F2BD29FB59B73388D76350DF6C525117A64F86933DA5217C1D16679FE265C5D6002E17C447756DF91656869838C2CDEB7FF413CCB118BAD4A06D712705B313E831CDE0E1E599245C1A4DDCB0DB71D5BC449BE9A2F3C68B29DEF56BDAB639F8D98525BCF38C9BECB7DAE8956CB2D169527820C4E8CBDD74042C92621D94D598D4B784D9571EE2DCB15EE62CEFA0BC36CC90BE4E96BEEFC7E33270392D2AEBC30CEFEBE6866786B2B06002C3063C8BDFD59BDEA36EE29CD997752DFB946F1EB50EFD7E3FF7FCE47BA427A671FF5B6B0914145176E5F7899A78F4072311F978C68E843147DF4D42448E103B6D1271678FA67DFD663AF3F7112C2925EAB453E835F7090C77D7FDD29F7BEC0172B76D64FAF91770F679571E733A8D8D4DEC7E79087F5F31840507CE05E0D713FF46564A0B2E97417D934956BA933E194E52E21DEC2C0CD13BC3C9DA3C3F3E3F541E0C13956F108E830BAF8C60DD5D01C88453B61EBE67FBD39726123FFA06BE7FED65A4A61F795FB685F39FE685855B49DFF32EDFDE507DE8FBB993427414995CF2AF48E6FCAC03479441ECB906FD339DEC2B0B91D9CDC9E02C17911E838A83612AEA4C2AEBC3C4451B6019BC5F92CE835BBF03C08D63E632B64F0B97DE957FC4879B0F98A6C95BAF3FC9A2375EE7A24BAFE1DC0BBAA21FACA8A2FCCAEFE32F3880A76F16DEC1038939FB0C1AE72DA775E97BFFC54F4FE47F83B6D0454E50DC45D3F166F7C188F412396A0486F7C8EBAAAFBEFE47F0B7EB49A8FC2945FB72E83360F451D3686D6EA0674A8859C3B6306B6401077D91987E93C6568BAF9FE9657B4108C380AA7A939A469340D8A2AC36CCCE03016EBA2496088FC1FBD1415CFF72B07D4B90E4048398D39DD4179824B7FCFB1AF1C63A9E7A358FDC9ADE740BADA1BBB990E69E7FE260C55E06F30845FB26E0AC3F1CF3DA5493EC739C14FD09565EEB67609B8BD85F3A1838D249754398AAFA3029090E0ACAC3381C8005079BC39C3BD64BA4D7E05F0B3A498FEFE081F39E2425AA8DE6561F1989C9C78C39C0C69573E9D7FE4BA64DBBF950CC01DCDD33E8B3F20DCCD6363AB7EF04CB2262C4101AE72DFF0C7E7A22F6A7A08B9C20576A375CA9DD3E729849337E44E1CE9194BC7A25F9036E65FC199791949474E8F5A49454F6B778286988634DF1604A9A1369F119CCCC59C32B6BDA29AA7653ED4B62604607BD93DB703B428C1EE0C4EB71F0F882366EBA349631E7BA59B92640CE7617BB278470ECB6683CCF24F165070E206B9FC582996FB22F7229B905106E6CC772FF82FE9DAD747BAF85D76F5FC61B8F04000F8D2E0BFF2C0B7FAE45CC1883AC554E0E9C1566CCC8AE6BCB1F79B58D9C7E1E22BD06C1904565838BA286180E547B28AA692439DE49714B1F16BD7F0AE9099DF44A6C616ABF9DB8FF7DCBD80FABAAAA62E38AA708953D8735EE01C6F61F7BCC75E8888D216AF2699FFAE724F2BF4AF77217F90CF5E93798B32FBA9150FAB518257F63D19CFBD8BA752B454545001C682EA5A03389D894204BCB8611EFF1F1C8952BD8D33098BACE445EDF3791A9C3DA79296F32572C19C25325162E9741114EF20B836CDC15C030A0DBD50E76F60FB1B72E44CF250E22FD0607E93A4D3E9C6AE1DE09A74F0E72B515E092F71CFC24E320D775F73376AF0BFFE2C347D91ABB99380F18385F83BA88305B8686187455D7E7FCD75675D0E20BB3A5D560585F373F7ADFE45B6F8D6745E1484E1FE2E7CD7DA752D492456B2891BFCE5E49D872B3A4A83B7D7AF8D9D9E2A2A8BEEB44B63D7BF6B065CB1696CDFB35EEBA97891CF453264CFD3ADD7BF6FD827F3A22F6A62D7491CFC1C091D3A82CEE46F7EABFB178511E3BBC29E496EEA2C8AA608C1560C17427E5550F73EBB92E6E797E30AB2AA770DD845C7CE1249EDE308C39D72DE1C7CB835C33DCC5933B423CE5F172C7408BA717B631A46F224307B918FAA08B471786D9D437045884DD06694107C15E10586B11AA838E4D1651A71BB4BD6BE188B7881C05EDAB2D8CEE5DBBC39B232C3AD32CAAAE36E933D0C19923BB6E6453561B66D17BEDA40E8FE261CBC3A47D21AECD71929BB0861F8F7771D553E7E27605E891D0CCDF375D436ADCABBC71C3121E5F156070BA8B9B96EDE6E6FC89E444F46554CF118CF2173034D54720E357A4A4F739893F1911FBD2656B2227E0933C0FBDA9A39907173FCCABC56B786A6F1175CD852CAB2DA0DED5828945390E225BC25C3EC2C1036F0778AAB827DECE7A7E735121AFEC30D9E4AC25D8DEC0B7873AA9A80DF3D4C14CA6743F9DD70F96E06A09B07ABB9F9E196E32131C844D884D3570C643EA054E4AB24C5A3D26D9A68BCE75E08886B8590E9A5EB2B0DA207A9A03C250DC12A6E32A83C4A990DCDB494AAA8384180729F10ED61404F9FD0B2D54477B782F3281CB06CCE2D5FD855CD22DC890648B3F6E3159D3162227AA85A9FDAA99971FCB165F0B51ED157CFF2C0F3F591B628DE5246484A90ED7B1A76C074DBE72E63744536B7492101BCFB03E438E5A6F739FFE0D3D7AE71011197DE4FAD4656B22274441173901271AF46736CCE1EA676E60C9819594B455D0E20853E67462B93F74829801EB5B0D3A2B82DC75B69B9E899524A714D23F0A2ACD1AA6F66DE5FAE12EEA02163F2B7162BABA31347120F77DF38FE49B9DECDBB48D7FD53A985B0A83A32C92A20C2CE0B41C37D9039DACDCEF616C06B42C30893DCF41F464838EF516815248BAC181A7176CD8E3E5B2EF38484F72525015C6E335585D1EE6862D1673B60408FBE08C6FDCCAEF2EB99BDC823CB63497B3ADB5934BFB3919DFDD81DBDB405A4C1DC3532C3AE3F672CB983ACECD71F2E39541E684DD1F7EA43A218F8312C3C1C1700B3B6A77B370FF328AEBCB18DB7B14B111318786EB38B815DFAEDF60C68E2536FEF08D6514749113A35DEE22FFA5FCAABD2CDEF50E8B762E63F5FE0D58A64574D0C4E73DFA1495EBDC419A0330A89BC1BD356E362F37B924C3E2AA810E32931DFC689CC1FBD516BF7A3FCCA2801387E9E5927EA3296C2DA5B1BD9967EF7C84D1BBB7E0AD2E648FD7455928CCDF77591C083938A534C8D84483DCDDF11823FAD02BAD98F34E6F0320728C81E935D8D2D08377F74650985843C9EA06DE6F861D4107E7C698C4B99D1C887092D6D141AFA9D3B9FF07BFE799452F501EA86672F771CCAF58C2B47516B3E24DCE4A331895E626CA035739E1BD3A8BDFED8726CBC93D9921F6D49B849C067343872FA7CB0E84B830158A0F06A95AFB0CA7EE5EC9F9C3A73163C8D99C3BF84C127A9D4954EB9F685C7F35A1D013F4EC7BF4550222727C0ABAC82750D55CC382BCB7292CCDC7285F4B744B11CFECF651947EF812B631E11037F737F8E3BE10152E27CDAEAECDD5FEE130A661E1095AE037188FC56AA79B6DB5409545A42F8C6518586E83B943A16877986D4E3F67E79CCE37CFBB028070388C9918457D6C14973B837C73B09BD1C926F7EF3659858B558D3026ECE4894D99CCFBCD4E263E76099EC87886C56FA0C7882AFEFEF8E58C897B83F63898DBEA02075C1419E2D6C10EE2230C6ADF0FF1F6B0581C915D21BE66C6955C33E34A7EF5F4EF995FFD36539C21467AE19B452EA2B78708B90CFC51CEAED36B5D70613840C8EFC00858785C90110A53E5EE3A63BED4E1A4A525C85DA738C9AB34496A2D65CED2277878F5D3F44CEACEA93D4631B5D4CDD8EC3676BCF11B26CCFC13BDFA1C7D6739113936ED72173901AEEC1EFC337A0FD73D7F2BAF2F7F851EC5EF73FB294D2C280DB032A22B7EDE80C97823CC05E970C548373B7704880C5B147B9C38C316D7C5860975C2ED53DC2CDB1F66482C1C688716A7031C06DF4D319995026FF99D5435981C08C2F52916FFDCBE96D2CA5A2AAB2A7974C9332CA95B0D743DB9B4A1D5647F9BC5569F41A3A36B8F4065BA1F2B5C4DDE2E2F6DE10021B309BFBF8EC6F610AD9E7DECEF514179B7F643CBE60E9904C3B0A9DA62BDCFA0D9E1A0A8A51C7F958FA2EA121E5AFC280BB73CC3EC9820EF7638A9F01B94E3E0F91C930E3FECFDF7C532BDDB835C9E0E458D16170E70619890689A6C0F3BC180B0C3C015B6A8AE33D9137270696F83BB863888690D73A0BA85D5B5FB5951D5C9F4243F6FBA879094D99301A9FD68D62E779113A23BC5899C80D72EECC6AF62B600901434B93921CCB3E516C1100C487570460AF4F342B1DF6073135CD3CFE06FDBC2ACF0BAC101DF7087989260D119B6C8AD30B9ED742FF7AF0B30A9B793EB2BBA7694A5044DA2B0A8B2DC380D271E2BC09D99611EAA32A8713B49EE0C735E4498061F444780D9162626DE497D0744782010B4B02C03C3B268B3A0DEE960BBC77DE8E2544FD0621861524326CE808911E9C06D81E13208064CD2A30C1A9B4DCC68277EBF459C17E69B2EFC6E0783C3612E4936F97D9D8B8850047E23489611A0CA70E073776D91AF1C6DF1E8D6203F38C5CDDCBC00211C5C31DCC5CFB68559ED741FB54E1D218B7146988B33E08AA12E16EE0933A7C4E417C31CBC5D69F2E7160F13B3C771CBE678062CDEF385FDAC45BEAA14749113F0DA45A9FC2A7A338669715F46989A1613B7D3200228B61C6C6AB4D8839390A76BF77AAF70980ED3E0A0BBABA6F1418B24CBC463409309BD5C16B9A6138F65D1E6718009A7C68F6062E229DCF4F5EF11B6C25C74DF95E41B4587E6213260728133043E93F878079D1D164127347740720458418BF610785C1005984E782622E2D0F8860537F83B690942AB094E8741940B822E686A87B47803FC1638A1BDC3C2EF76B0C0E306C7E133DC7E31E8467E72DD1D545454F0FA3B6FD21E1DE0DD3D6B5857B78D986080806130D069526F181840A409C586834EF7B1EF1AF7811E9D61CE4FB1F8E6000783339CE45686B97C8D49658C8B5FF9C670F11BB59FD9CF52C4AE740C5DE413E8D719E2EB43DC14D799DCB62AC82E9C8C8F35C977B8305D87A355EA7482F3F078CD6E83E60F7DA306C00966C8C5F4D4097C7BD2555C32F5229E7EE9190E141FC0D7EA63784A0E7B6B4A08BBBA6E18D3E17130170FC40116F041AB3FD8F8FDF09D684356D7301F6219F00FA7B7EBB7DEF51F818DFFF79FDE7FFF197BF4B2BB034E220C2F8B172D263D3D9DDE69BD987DF1A5DCCD4F58BD652D4FAC7C8E37F62E659BDBF7316BF168E5114E1E6E83BCF541FE3ED960F6FB063531FAEF49E493D06F8CC8275010E566ECE230E363E1BCFE2E2E6C09F383A95EDE2F0D73CF1A3FEB93233E7A0226240563C949EDCF94ECF19C37F21C268E1E7FE8E5913923183A74288B162DE24FDFFD0D57E5CF665B711E8D8E560AAB0F50D2544E754B2D07C38D84233E62E7DA7F06FB031FB3A50CE0EA7490EA4A2233219D3EC9BDE89DD88350652713469C46714111FDFBF767C48811E4E5E51D1A67CA29139972CA44AA6B6B787DDD42F22AF229A82BA6B2A98A96CE365A036DB404DB302D13AFCB43843B829015C2E7F11FF1DE650E0737AF0951E33D7A17BD887C34055DE413AA8E70F25A1096ED0F714D82C5839B43BC536BB131D14B664B12E70F9D46F78C4CC286456B7B2BF151B1C446C4121F15479F945E4C1C351E8FC773D4748BCA8BD959B29BA6A626C68D1B476A6A2A3D7AF4A06D6E2B3367CEE4BEFBEE63D688E90C1C3890C6E6464AABCB29A92C25AD4F3AAD7E1F6D411FEDC14E3A3ADBB15C60864DDADA7D582EC0B270590EA2FE7DD31687E520D21B498C3B9284E878426D411AAB1A183D6C24ED8D3EFAF6E9CBAE5DBBF07ABDF8FD7EAEB9E31A001ED8F9008661D0DEDECE93AB5E60D1E3EF70F9C88BB973F62DC444C7909E9AC6F7677EE7A8650B8542B4B6B602E06BF7F1E02BFFE0C5FCD7F17164D04BDD4E4A3FBC6B43444E988EA18B9C800F8EA19F88683382AB065DC2CF2EF9113D7BF4FCC861038100F3DF7D9D377397B2E8C072BC86870969A3E91648E01B336673C6695378EEB9E7888E8EA6A6A6869494140CC3C0E974D2D1D1C1F4E9D379F8E187494B4B2335359599336772FFFDF7336AD428929292282B2BC3E572919696C682050BB8E5965B58BD7A35175E7821858585CC9F3F9F1FFFF8C7CC9B378FB8B838AAAAAAB8F2CA2B993F7F3E7575755896C5B061C3282D2DC5300C6A9A6BC9AFDC4795AB9EF5B55B697176ED5EEFE7EAC1ACA133F8D6995790933DE8B8CBDBD6D6C635775FCF5BAD6BE874074F687DEA18BAC889D116BAC867282D90C8B441677066CE4432D2338E7A3D140AB12D7F3B6BF76E624BE97656176EA0CCA8E97AD109ADB4B3E0E00A009E787E3E3D9E4F6344FA607A4575A7477C06437B65505B5E437C7C3CB5B5B52C5BB60CAFD7CBD0A14359BF7E3D007EBF9F6EDDBAB16AD52A5A5A5AE8DDBB37D3A74F67F7EEDD242424E0F7776D156FDCB891E4E46472737349494961E8D0A11886C1BC79F370381C4427C5128AB198B77501456D656CADC8A3D6D978F82E701FDA902E0C9573DFF647F8EBE6C719993098B17D4633A05B3FFA75CB222BBD1719DDD201B02C8B9F5C7D1B93B64FE0F95573D8E6DA079E8F3F0C20221F4F5BE82227E044B7D03D1D4E7A44A5D32BA907A9D12984C2413CD111F8DA7C54345551DC544683A3E5F8C7B83F8E6991108C2133269D8CB85452635248F0C69396D48D40939F01FDFA535B5143DFDE7D69A8ABC7E97052535EC5844913D9B62397612387B27DDB76EAEAEB884E8821BA5B2C6595E5F89D419A3A9BA86AA9A5B2B986CAB61A5A3D1D9FCDF318831611E1AE4BF17CC176887480F3C4975F5BE82227465BE8229FA140649803560507EA2BA0FE180378E0881B9D7F520E8326AF8FA66021F9F58547BFC707976B6FFF8FEF173DD0F567EE87BE57F111EFF331E7F67D226E834E7708088157C7C7453E2F7A1EBA8888880D680B5DE404241FECE4FC1E234FF66CFC4F4A2EEE3CD9B320F295A063E822222236A05DEE22222236A0A08B8888D880822E222262030ABA8888880D28E822222236A0A08B8888D880822E222262030ABA8888880D28E822222236A0A08B8888D880822E222262030ABA8888880D28E822222236A0A08B8888D880822E222262030ABA8888880D28E822222236A0A08B8888D880822E222262030ABA8888880D28E822222236A0A08B8888D880822E222262030ABA8888880D28E822222236A0A08B8888D880822E222262030ABA8888880D28E822222236A0A08B8888D880822E222262030ABA8888880D28E822222236A0A08B8888D880822E222262030ABA8888880D28E822222236A0A08B8888D880822E222262030ABA8888880D28E822222236A0A08B8888D880822E222262030ABA8888880D28E822222236A0A08B8888D880822E222262030ABA8888880D28E822222236A0A08B8888D880822E222262030ABA8888880D28E822222236A0A08B8888D880822E222262030ABA8888880D28E822222236A0A08B8888D880822E222262030ABA8888880D28E822222236A0A08B8888D880822E222262030ABA8888880D28E822222236A0A08B8888D880822E222262030ABA8888880D28E822222236A0A08B8888D880822E222262030ABA8888880D28E822222236A0A08B8888D880822E222262030ABA8888880D28E822222236A0A08B8888D880822E222262030ABA8888880D28E822222236A0A08B8888D8C0FFB75707320000000083FCADEFF1954442078001A103C080D0016040E8003020740018103A000C081D0006840E000342078001A103C080D0016040E8003020740018103A000C081D0006840E000342078001A103C080D0016040E8003020740018103A000C081D0006840E000342078001A103C080D0016040E800302074001808D782066E17579AA60000000049454E44AE426082');


/* he   Hebrew,               */
INSERT INTO "Locales" VALUES('Hebrew','he');
INSERT INTO "Languages" VALUES('Hebrew','English','Hebrew');
/*Israel*/INSERT INTO "Flags" VALUES('Hebrew', 0, X'89504E470D0A1A0A0000000D4948445200000294000001E008060000001B94FD7600000006624B474400FF00FF00FFA0BDA7930000000774494D4507DA0602091116F2E4050C0000200049444154789CEDDD7B9CD5D5792FFE67AE0C30C228220A8A621818AC1AA2A65E005F31A7B998789A4B45345EEAD1268D4DCA457331691A4F736A4C93A88889369793FA33DE10939AF3D2984B5F9A970C1A1B3544A9CC0041414510D1010718E6FAFB83D6D4883AB8D6CC9EBDF7FBFD9F30FB590B06371F9EFD5DCFAAE8EBEBEB0B0000788B2A0BBD0100008A9B400900401281120080240225000049044A00009208940000241128010048225002009044A004002089400900401281120080240225000049044A00009208940000241128010048225002009044A004002089400900401281120080240225000049044A00009208940000241128010048225002009044A004002089400900401281120080240225000049044A00009208940000241128010048225002009044A004002089400900401281120080240225000049044A00009208940000241128010048225002009044A0040020894009004012811200802402250000492AE2849FF5157A130000142F1D4A00009208940000241128010048225002009044A004002089400900401281120080240225000049044A00009208940000241128010048225002009044A004002089400900401281120080240225000049044A00009208940000241128010048225002009044A004002089400900401281120080240225000049044A00009208940000241128010048225002009044A004002089400900401281120080240225000049044A00009208940000241128010048225002009044A004002089400900401281120080240225000049044A00009208940000241128010048225002009044A004002089400900401281120080240225000049044A00009208940000241128010048225002009044A004002089400900401281120080240225000049044A00009208940000241128010048225002009044A004002089400900401281120080240225000049044A00009208940000241128010048225002009044A004002089400900401281120080240225000049044A0000920894000024A9E8EBEBEB2BF4260000285E3A940000241128010048225002009044A004002089400900401281120080240225000049044A00009208940000241128010048225002009044A004002089400900401281120080240225000049044A803770FFF297E2FEE52F157A1B00435A455F5F5F5FA137013014F5F4F6C571E73F1811110FDF70625455561478470043930E25C0EBF897BB9E8DE5AB5F8EE5AB5F8E7FB9EBD9426F0760C8D2A104D883B6F6EE98327B696C6EEB8C8888B10DB5B16AC9AC68A8AF2EF0CE00861E1D4A803DF8C77FF9FD2B61322262735B67FCE3BFFCBE803B0218BA742801FE48EBFAED71D4D9CBA2ABFBD56F8F35D515F1F8CD3362EAC49105DA19C0D0A44309F0472E59D4FA9A301911D1D5DD17972C6A2DC08E0086368112E0BFF9D9AF5F88BB976D7EDD9FBF7BD9E6F8D9AF5F18C41D010C7D0225C07FEAEAEE8B050B5BDEF4EB162C6CD9630713A05C099400FFE9DB3F5A1F2DEBB6BFE9D7B5ACDB1EDFFED1FA41D811407170280720769FE29E327B69B4B577F7EBEB1BEAAB63D5925931B6A17680770630F4E9500244C497BFBBA6DF613262F79CCA2F7F77CD00EE08A078089440D9FBDDEA97E37B3F7966AF5FF7BD9F3C13BF5BFDF200EC08A0B8089440D95B704D4BF4F4EEFDD33F3DBD7DB1E09A373FC40350EA044AA0ACDD71EFA6B8EF9117DFF2EBEF7BE4C5B8E3DE4D197704507C1CCA01CA5647676F1C7156733CB96167529D49E387C713B7CE8CBA5AFF4607CA93773FA06C5D79CB53C9613222E2C90D3BE3CA5B9E4ADF104091D2A104CAD2B39B3BA2694E73B4EFECC952AF7E7855B42C9E1913C6D665A907504C742881B2F4C5EB57670B931111ED3B7BE28BD7AFCE560FA098089440D9F9F58AB6F8E1CF3664AFFBC39F6D885FAF68CB5E1760A8132881B2D2D717317F614B0CC4C33E03591B6028132881B272E33D1BE2A1FFD83A60F51FFA8FAD71E33DF9BB9F004399433940D968DFD9134D739AE3D9CD1D03BACE84B175D1B27866D40FAF1AD07500860A1D4AA06C7CF586B5031E2623769F20FFEA0D6B077C1D80A1428712280B4F6ED819479CD51C1D9DBD83B25E5D6D653C71EBCC98347EF8A0AC0750483A944059F8CCB5AD8316262376DFC2F3996B5B076D3D80421228819277DF232FC68F7F35F8F76DFFF85769F78403140B811228693DBD7D317F614BC1D69FBFB0257A7A3D5904943681122869DFBDF399786CCDCB055BFFB1352FC777EF7CA660EB030C0687728092D5D6DE1D8DB397C60B6D9D05DDC7FE0DB5B17AC9AC68A8AF2EE83E00068A0E2550B22EFBDE9A8287C9888817DA3AE3B2EFAD29F43600068C0E2550925AD66D8FA3CF59165DDD43E32DAEA6BA221EBB6946341D3AB2D05B01C84E87122849F3AF6E1932613222A2ABBB2FE65F5DB8C341000349A0044ACEDDCB36C7CF1F7A214BAD93A7EF1B274FDF374BAD9F3FF442DCBD6C73965A0043898FBC8192D2D5DD177FF2B1E658FDF48EE45A559515F1F00D274644C471E73F9865FC4FE32123E23F6E991935D515C9B500860A1D4AA0A42CBA7D5D9630191171C1FF9C10D31BF789E98DFBC405FF7342969AAB9FDE118B6E5F97A516C050A14309948CCD6D9D31F9F4A5B16D7B7772AD86FAEA58B564568C6DA87DA5F694D94BA3AD3DBDF6A891D5B1E68E3FD40628763A9440C9F8E2F5ABB384C988882FFDAFB7BD2AF08D6DA88D2FFDAFB765A9BD6D7B777CF1FAD5596A010C053A94404958BEFAE538F6FC07A337C3738E53278E8CC76F9EF19AE71CBBBAFBE2A8B39745EBFAEDC96B545656C423379C18D31BF749AE0550683A9440D1EBEB8B987BD5CA2C613222E2CAB953F77868A6A6BA22AE9C3B35CB1ABDBD7D31F7AA95E19FF44029102881A277C77D1B63E9F297B2D43AF5C4FDE38333C6BEEECF7F70C6D838F5C4FDB3ACB574F94B71C77D1BB3D40228241F7903456DE7AE9E689AD31CEB377524D7EAEF6D36396FE19938AE2E5A16CF8CE1C3AA926B01148A0E2550D4BE79F35359C26444C4A7FE6262BFAE466C3A74647CEA2F26665973FDA68EF8E6CD4F65A90550283A9440D17AE6F98E983AA7397674F424D71ADB501BAB96CC8A86FAEA7E7D7D5B7B774C99BD3436B77526AF3DA2AE2A5A17CF8C830FA84BAE0550083A9440D1FAFCB75765099311115FF9C4E47E87C988DD732ABFF289C959D6DED1D1139FFFF6AA2CB5000A41A0048AD2038FB7C5ADBF7C2E4BADE98DFBC4C73F74F05EBFEEE31F3A38DBD89F5B7FF95C3CF0785B965A00834DA0048A4E6F6F5FCCBB3ADFC89DABE6354555E5DEDFAD5D55591157CD6BCAB287BEBE887957E71B7D043098044AA0E8DC78CF867878E5B62CB54E7FF7B838E5D8FDDEF2EB4F3976BF38FDDDE3B2ECE5E195DBE2C67B3664A90530981CCA018ACAB6EDDD31754E736CDCB22BB9565D6D653C71EBCC98347E78529D2737EC8C23CE6A8E8ECEDEE43D1D386658B42E9E19A346F6FF794E8042D3A1048ACA1537AECD122623222EF9D861C961322262D2F8E171C9C70E4BDF50446CDCB22BAEB8716D965A0083458712281A6B9ED911477E6C59ECEA4AEF044E18BB7BA078FDF03C03C5DB77EE1EB0FEECE6F49998C36A2A63C52D3362F2C12332EC0C60E0E9500245E3B3D7B66609931111575CD4982D4C4644D40FAF8A2B2E6ACC526B57576F7CF6DAD62CB50006830E2514B133FEEE77F16FBFD952E86D0C8AAEEEBE68DFD99DA556755545EC3362609E517C79477774F7E4795BAD1F5E1D35D57B7FFABC18FDD93BC7C4ED97BFBDD0DB00DE2281128AD88AB5EDF18EF31EC81660A010AAAB2AE2B7379E14471E5E5FE8AD006F918FBCA1881D79787DFCF5470E29F43620C95F7FE41061128A9C0E2514B92D5BBB62EA9CA5B1656B57A1B7027B6DCCE89A685D3C2BC68CAE29F45680043A9450E4C68CAE89CB2ECC73A7340CB6CB2E9C2C4C4209D0A18412D0DDD317EF38EF8158B1B6BDD05B817E3BF2F0FAF8ED8D27457555791C3C8252A6430925A0BAAA22AE9C9BE74E69182C57CE6D1226A14408945022DE7BFC98F8D0C907147A1BD02F1F3AF98078EFF1630ABD0D201381124AC8373E3D3586D5F8DF9AA16D584D657CE3D3530BBD0D20237FF34009693C6444CC9B7368A1B7016F68DE9C43A3F110D74A42297128074ACCB6EDDD31754E736CDCB2ABD05B81D73870CCB0685D3C33468D1C989B8A80C2D0A18412336A64755CFEC93C774A436E977FB251988412245042093AFF03E3E3B869A30ABD0D7895E3A68D8AF33F30BED0DB000680400925A8B2B222AE9ED7141526B230445454445C3DAF292A2BFDA18452245042899AF9F67DE3ACF71C54E86D4044449CF59E8362E6DBF72DF4368001E2500E94B0F59B3A62DA99CDB1A3A3A7D05BA18C8DA8AB8A95B7CD8C89E3EA0ABD15608078321A4AD8C47175F1F97327C565DF5B93ADE6E7CF9D94ADD67F69FEDD4BB1ECB1B62CB5FEF488D171CAB1FB65A93550EE7BE4C5F8F727B666A935E3E88601E9FCFDD30F9FCC56EBF3E74E1226A1C4E9504289DBD1D113D3CE6C8EF59B3A926BD55457C46337CD88A6434766D8D96E39BBA8631B6A63CD1DB386FC29E26DDBBB63F2E94B63735B6772AD81E8FEB5ACDB1E479FB32CBABAD3FF7A9838AE2E56DE363346D45565D81930547986124ADC88BAAAF87AA65B49BABAFBE233D7B666A9F55F3E7B6D6BB68FE4BF7A51718CA41935B23ABE7A519ED14E3B3A7AE2B399BF279FB9B6354B988C88F8FAA7A70A935006044A280367FC8F0363D6F43C1F8BDEBD6C73FCF481CD596A2D5DFE522CB97763965AEF98322A2E386D42965A83E182D326C43BA6E419EDB4E4DE8DB174F94B596AFDF481CD71F7B23CDFDF59D3F78D33FEC781596A01439B400965A0A22262E1FC7C235B2E5994DEC1EAEDED8BF90B5B22C74337151511D72C28AE913495951571CD823CA39DFAFA22E62F6C89DEDEB4DFCCAEEEBEB864519E6E676565452C9C6F7415940B8112CAC43153F375F05AD66D8F6FDDB13EA9C60FEE7A361E6DDD96653FA79F92AF033B98664DDF374E3F254F07EFD1D66DF183BB9E4DAAF1AD3BD647CBBAED59F673C16913E298A986EB43B9702807CAC8A6173B63CA194B63DBF6EEE45A0DF5D5B16AC9AC18DB50BBD7AFDDB6BD3BA69CB13436BD987E2865F8B0AA68595CBC2369D66FEA88A639CDB17357FA73A4E3F6AB8D55B7BFB543499BDB3A63CAECA5D1D69EFE6763D4C8EA5875FBAC18B7DFDEFFD9008A930E25949171FBD5C6972F785B965A6DEDDDF1A5EFAC7E4BAFFDCA0F7E9F254C46447CE6ECC38A364C46EC3E05FD99B30FCB526BD38B9DF1951FFCFE2DBDF64BDF599D254C46447CF982B7099350667428A1CC7476F5C691672F8BD54FEF48AE555559110FDF70624C6FDCA7DFAF59FDF48E38F2EC65D1D9D59BBCFE21E3EAA2A50446D2ECE8E889A6339BE3E90CA39D6A6B2A63C5CD33A2F19011FD7ECDF2D52FC771E73F183D89CF604644341E322256DC3C236A6BF42BA09CF83F1ECA4C6D4D655C35AF294BAD9EDEBE58B0B065AF5E73F1352D59C26444C4D7FE664AD187C988DDA39DBEF63753B2D4EAECEA8D8BAFD9BBEFC982852D59C26444C455F39A84492843FEAF873274DA8CB1F1DEE3C764A9F5AB475FECF7E89F5F3CB425EECA3492E6A4A31A4AEAAEF2B3DE73509C745443965A772DDB1CBF78684BBFBE76C9BD1BE3578FBE9865DDF71E3F264E9B31364B2DA0B8089450A616CE9F16D5557966BA7CFEDBABA2A3F38DBB8EDD3D7D317FE1CA2CEBED1EB933ADA446D2EC1E7D342DDBE8A3F90B574677CF1B771D3B3A7BE3F3DF5E9565BDEAAA8A58387F5A965A40F11128A14C4D3B6C64FCCD5F4CCC52EBC90D3BE31B37BDF1DDCFD7FD687DAC7C2ACF489AF34E1D1FC74D2BBD9134C74D1B15E79D3A3E4BAD954F6D8FEB7EF4C6A39DBE71D393F1E4869D59D6FB9BBF9818D30ECB772527505C1CCA8132D6D6DE1D934FBF3FB66CED4AAE553F7CF7F89E09635F7BE27ACBD6AE987CFAFDD946D2B42E9E19078E19965C6B28DAB865574C9DD39C6DB4D39A3B4E8E31A36B5EF373CF6EDE3DAEA87D67FAB8A231A36B62CD1D274743FDD0BFF61218183A9450C61AEAABE3FF7C22CF9DD2ED3B7BE2D2EBF63C46E8EFBF9B6F24CD17FFF2F0920D931111078E19165FFCCBC3B3D46A6BEF8EBFFFEE9EBF27975EB73A4B988C88F83F9F681426A1CCE9504299EBE9ED8BE9E73E102BD6B627D7AAA88878E0BBC7C70947FEE170C98AB5ED31FDDC07B29C229E7CF0885871CB8C1856E2A7887775F5C6911F5B166B9EC933DA69F90F4F8A230FAF7FE5C77EBDA22D4EFAC44359AEBD3CF2F0FA58FEC393A2AA88AEBD04F22BED7765E04D555556C4A28BF31CA6E8EB8B9877F5ABEFE79E7BD5CA6C2369BEF1B7534B3E4C46440CABA98C6FFCEDD42CB57A7AFB62EE557F380CB5A7EF518A45174F13260181128838E5D8FDE2C3271F90A5D6BF3FB1356EBC67434444DC79FFF371DF237946D2FCD93BC764DB6331F8F0C907C49FBD33CF68A7FB1E7931EEBCFFF98888B8F19E0DF1EF4F6CCD52F7C3271F10A71CBB5F965A4071F391371011BB4F6A1F7156F39B8EFFE98F83F61F168FDD3423FEF48207B39C22AEAEAA88DFDEF8EA8F6DCBC18AB5EDF18EF31E78D3F13FFD3169FCF0F8F71F9C18479FB32C9E7B615772BDBADACA78E2D6993169FCF0E45A40F1D3A104226277E0987FE6A1596A3DF7C2AE98FDC5DF661B49F3C98F1C5276613262F7F3899FFCC821596A3DB96167CCFEE26FB384C98888F9671E2A4C02AFD0A1045ED1BEB327A69CB1345BE8C861CCE89A685D3C6B8FA36FCAC196AD5D3175CED22CA39D723968FF61B1EAF659513FBCF8AFBD04F2D0A1045E513FBC2AAEB828CF9DD2B95C76E1E4B20D9311BB03F565174E2EF4365EE58A8BA60893C0AB0894C0AB9C77EAF878E7B4D185DE4644ECFEC8F7A28FE6F9C8B7985DF4D1A1F391FF3BA78DCE769B0F503A044AE0552A2A22165DDC3424EEC9BE726E53B6FBC68B597555455C39B7A9D0DB18527F3680A145A0045EE384231BE2ECF715B60BF5E1930F88F71E9F676C4E2978EFF1851F9B74F6FBC6BF6A683DC07F712807D8A39C773DEFAD613595F1F8CD33A2F1901183BEF650B6FAE91D71D4D9CB625757FA68A7BDF54677B503E850027B34616C5D7CEE9C4905597BDE9C4385C93D683C6444CC9B9367B4D3DEFADC39938449E075E95002AFABA3B337A69DD91C4F3D97679E647F1C386658B42E9E19A346560FDA9AC564DBF6EE983AA739366E19BCD14E871D343C56DE3633EA6AF520803DF3EE00BCAEBADACAF8FAA707778CD0E59F6C1426DFC0A891D571F9271B0775CDAF7F7A8A3009BC21EF10C01B9AFDEE03E35DC70CCE7DCDC74D1B15E77FC0489A3773FE07C6C771D3460DCA5AEF3A66BF98FDEE0307652DA0780994C09BBA7A7E5354550EECAC988A8A8885F3A745E500AF530A2A2B2B62E1FC69033EBEA7AAB222AE9E5FF87145C0D02750026F6A7AE33E71E19F4F18D035CE7ACF4131E3682369FA6BC6D10D71D67B0E1AD0352EFCF30931BD719F015D03280D0EE500FDB2B9AD33A6CC5E1A6DEDDDD96B8FA8AB8A95B7CD8C89E39C22DE1BEB3775C4B4339B634747FED14E0DF5D5B16AC9AC18DB509BBD36507A7428817E19DB501B7F7FC1DB06A4F6A5E74E1226DF8289E3EAE2D2730766B4D3DF5FF0366112E8371D4AA0DFBABAFBE2E8739645CBBAEDD96A4E1C57172B6F9B1923EAAAB2D52C273B3A7A62DA99CDB17E5347B69A4D878E8CC76E9A1135D59E6705FA478712E8B79AEA8AB872EED4AC35BFFEE9A9C26482117555F1F54FE7FD9E5C3977AA3009EC1581120080240225D06F5DDD7D71C9A2D6AC353FF7ADD6013954522E7674F4C4E7BE95F77B72C9A2D6E8EAF63414D07F0225D06FD72E5997F5F9C988DD2795AFBCE5A9AC35CBC995B73C95F5F9C988889675DBE3DA25EBB2D6044A9B433940BF181B34F4181B040C153A9440BF7CE93BAB07244C46ECFED8F60BD7AD1A90DAA5EC0BD7AD1AB0C705DADABBE34BDF593D20B581D22350026F6AF9EA97E3FFFEBF6707748D5B7FF95C2C7BAC6D40D72825CB1E6B8B5B7FF9DC80AEF17FFFDFB3B17CF5CB03BA06501A044AE04D2D58D8123DBD03FB744C5F5FC4FC852BA37780D72905BDBD7D317FE1CA18E807967A7AFB62C1C296815D0428090225F08696DCBB317EF5E88B83B2D6C32BB7C50D3FDD30286B15B31B7EBA211E5EB96D50D6FAD5A32FC6927B370ECA5A40F1722807785D1D9DBD31EDCCE678EAB99D83B6E681638645EBE299316A64F5A0AD594CB66DEF8EA9739A63E3965D83B6E661070D8F95B7CD8CBA5A3D0860CFBC3B00AFEB1B373D39A861322262E3965D71F90D6B0775CD6272F90D6B07354C46443CF5DCCEF8C64D4F0EEA9A4071D1A104F6E8D9CD1DD134A739DA770EFED0F1613595F1F8CD33A2F1901183BEF650B6FAE91D71D4D9CB625757EFA0AF5D3FBC2A5A16CF8C09638D76025E4B8712D8A34BAF5B5D90301911B1ABAB37FBED2FA5E073DF6A2D48988C8868DFD913975E678C10B0670225F01ABF5ED11637FFBCB08763EEBCFFF9F8C5435B0ABA87A1E4170F6D893BEF7FBEA07BB8F9E71BE2D72B8C76025E4BA0045EA5AF2F62EE552D033E92A63F2E59D412DD3D43602305D6DDD317972C2AFCF89EA1F46703185A044AE0556EBC6743FC66E5D6426F23222256AC6D8FEB7FFC74A1B75170D7FFF8E958B1B6BDD0DB888888DFACDC1A37DE63B413F06A0EE500AF68DFD91353CE581ACFBD30B8A788DFC898D135D1BA78568C195D53E8AD14C496AD5D3175CED2D8B2B5ABD05B79C541FB0F8B55B7CF8AFAE15585DE0A3044E85002AFB8FC86DF670B93EF7AC77E59EA6CD9DA15FFFBFB6BB2D42A46FFFBFB6BB285C95CDF93E75ED81597DFF0FB2CB580D22050021111F1E4869DB1F0B675596A1DB4FFB05872C5F498347E78967AFFFCAF43E723DFC1B4626D7BFCF3BFE6F9C87FD2F8E1B1E48AE971D0FEC3B2D45B78DBBA7872C3E0CE2805862E81128888888BAF69898ECE3C2369AEB8684AEC3FBA26AE9AD794A55E774F79DE29BD6061BE434957CD6B8AFD47D7C415174DC952AFA3B3372EBEA6FCBE27C09E099440DCF7C88BD946D2FCE911A3E3BC53C74744C4874F3E204E3936CFC7ACFFF69BC28FCD194C77DEFF7CFCDB6FF28C4D3AE5D8FDE2C3271F101111E79D3A3EFEF488D159EADE79FFF371DF238373CF3B30B4099450E67A7AFB62EE552BB3D4AAA888B86641535454FCE1C7165D3C2DAA2A2B5EFF457BE1B3D7166EB0F760DAD5D51B9FBD36CF60F7AACA8A5874F1B457FE7B4FDFA31473AF5A193DBDCE7642B91328A1CC7DF7CE67B23D9F78F6FBC6C7094736BCEAC78E3CBC3E3EF1E183B3D45FF3CC8E6CCF790E650B6F5B176B9ED991A5D6273E7C701C7978FDAB7EEC84231BE2ECF78DCF527FC5DAF6F8EE9DCF64A905142F6383A08CB5B577C7E4D3EFCF728AF88DEE7ADEB2B52B269F7E7FB4B57727AF336A6475B42E9E19078EC973B864A8D9B865574C9DD31CDBB6A7FF5E35D457C79A3B4EDEE3C8A59C77B58F195D136BEE38391AEAAB936B01C5498712CAD865DFCB3792E673E74CDA63988CD81D38FEE1E393B3ACB36D7B777CE1FAD2BD53FA0BD7AFCE12262322FEE1E3935F777EE784B175F1B97326655967CBD6AEB8EC7BE53BDA09D0A184B2B5F2A9ED71F439CBB29C229E347E783C71EBCCA8AB7DFD7FA376F7F4C5D1E72C8B954F6D4F5EAFB2B2221EFAFE0971DCB451C9B5869287576E8BE3FFEAD7D19BE199C469878D8CC76E9A11D555AFFFB06447676F1C71567396F13FD55515F1D84D3362DA6123936B01C5478712CAD4FC852BB38DA4F9A74F4D79C33019B13B702C9C3FED0DBFA6BF7A7BFB62DED52B4BEA4EE9BEBE887957AFCC1226232216CE9FF686613222A2AEB632FEE95379C60875F7F4C5FC85790E7701C547A0843274D7B2CDF18B87F28CA479D731FBC5EC771FD8AFAF7DEFF163E2B41963B3ACFBC0E36D71EB2F9FCB526B28B8F597CFC5038FB765A975DA8CB1F1DEE3C7F4EB6B67BFFBC078D73179463BFDE2A12D71D7B2CD596A01C545A08432D3D9956F20755565455C3D7FEF86975F35AF296A6BF2BCF55C7ADDAAD8D1917EA8A4D07674F4C4A5D7ADCA52ABB6A672AF07CA5F3DBF29DB68A78BAF6989CE3218ED04BC9A400965E6DA25EB63F5D37946D25CF8E713627AE33E7BF59AC64346C4DFCE9E9865FDA73775C4D77EF864965A85F4B51F3E194F6FEAC852EB6F674F8CC64346ECD56BA637EE1317FEF9842CEBAF7E7A475CBB647D965A40F1702807CAC8A6173B63CA194BB38DA459B564568C6DA8DDEBD76EDBDE1D53CE581A9B5EEC4CDEC7F061BBC7154D1CB7E713E643DDFA4DBBC7F7ECDC95DE691DB75F6DACBA7D568C1AB9F7E37B36B775C694D94BB38D765A75FBAC18B7DFDEFFD9008A930E2594912F7D27DF489A2F5F38F92D85C988DD81E31FFFBA31CB3E76EEEA89CF2CCA73AB4C217C66516B96301911F18F7FDDF896C26444C4D886DAF8F285F9463B7DE93BA53BDA09782D8112CAC4A3ADDBE207773D9BA556D3A123E3D3A7A77D6C7DC16913E298A979C6FEDC71DFC658BAFCA52CB506D3D2E52FC51DF76DCC52EB98A9A3E282D3D23EB6FEF4E913A3E9D03C637F7E70D7B3F168EBB62CB580A14FA08432D0D717317F614BB6913457CE9D1A35D56987382A2B2B62E1FC3C774AEF1EB993EFD73718768F3E6AC932FAA8A22262E1FCA6A84C3C5853535D1157CE9D9ABEA1D8FDEB9BBF30CFAF0F18FA044A28034BEECDD7C1FBC04963E30327E519FD336BFABEFD1E39F4667EBB2A5F077630FCE0AE67E3B7ABF274F066BFFBC098357DDF2CB5727E7F972E7F2996DC9BA7030B0C6D0EE54089DBD1D113D3CE6C8EF5194E11D754EFBE0D25D7C7A211BB0FA54C3BB339CBF89FB10DB5B1E68EB7762865306DDBDE1D934F5F1A9BDBD20F258DA8AB8A95B7E53D94D4B26EF72D4A5DDDE97F3D4C1C57172B6F9B1923EAAA32EC0C18AA86F6BB2E90EC9BB73C95254C46447475F7C50D77E7EF02BE63CA3EB1ECB1F4A1DE9BDB3AE33D731F8E538ECD33A87BA0DCF7C88B59C264C4EEDFBBEB7E947F4C4F8E3019B1FB1F0CDFBCE5A9F8F2056FCB520F189A7428A184E5ECFEC15B35105D546068F10C2594B02F94C84D3214B71D1D3DF1854C3701014393400925AAF9772F95D45DD714B75B7FF95C34FFAEF8463B01FD23504209EAEDED8B05D718D9C2D0D1D717B1E09AE21AED04F49F400925E8869F6E8887571A2ACDD0F2F0CA6D71C34F37147A1BC0007028074ACCB6EDDD31754E736CDCB2ABD05B81D73870CCB0685D3C73C88F7602F68E0E259498CB6F582B4C32646DDCB22B2EBF616DA1B70164A643092564F5D33BE2A8B397C5AEAEDE426F055ED7B09ACA78FCE619D178C888426F05C84487124AC867BFD52A4C32E4EDEAEA8DCF7EABB5D0DB00321228A144FCE2A12DF193FB9F2FF436A05F5F8948EF00000AA3494441547E72FFF3F18B87B6147A1B402602259480EE9EBEB864514BA1B7017BE592452DD1DDE3A92B280502259480EB7FFC74AC58DB5EE86DC05E59B1B63DAEFFF1D385DE069081433950E4B66CED8AA97396C696AD5D85DE0AECB531A36BA275F1AC1833BAA6D05B0112E8504291BBECFB6B84498AD696AD5D71D9F7D7147A1B40221D4A28622BD6B6C73BCE7BC0736814B5EAAA8AF8ED8D27C59187D7177A2BC05B245042113BE3EF7E17FFF69BF23829DBD5D317ED3BBAB3D4AAAEAA8C7D465465A9F5C75EDED113DD3D794637D58FA88E9AAA8A2CB586BA3F7BE798B8FDF2B7177A1BC05B24500245E3239FFF6DDC996934D28D5F3E2ACE3D757C965AFFE587F76C88F3BEF278965A1F3EF980F8D77F7A47965A00034DA0048AC69A6776C4911FCB7313D084B175D1B27866D40FCFD3A96CDFD9134D739AE3D9CD1DC9B586D554C68A5B66C4E483DD24031407877280A231F9E011B1E0AC43B3D47A7673477CEDC67C774A7FEDC6B559C26444C482B30E152681A2A2430914956DDBBB63EA9CE6D8B8655772ADBADACA78E2D6993169FCF0A43A4F6ED819479CD51C1D9DE99DD303C70C8BD6C53363D4C8EAE45A0083458712282AA34656C715173566A9D5D1D91B9FFB76FA9DD29FFB766B9630191171C5458DC2245074044AA0E89C77EAF8386EDAA82CB5EEB87753DCF7C88B6FF9F5F73DF262DC71EFA62C7B396EDAA8382FF3412180C120500245A7B2B222AE59302D2A324DD4B9F89A96E8E9DDFBA77F7A7AFBE2E26BF2DCA15E511171CD82695159591E638280D222500245E9A4A31AE2ACF71C94A5D6F2D52FC7F77EF2CC5EBFEE7B3F792696AF7E39CB1ECE7ACF4171D2510D596A010C36877280A2F5CCF31D31754E73ECE8E849AE35B6A136562D99150DF5FD7B7EB1ADBD3BA6CC5E1A9BDB3A93D71E515715AD8B67C6C107D425D70228041D4AA0681D7C405D5C7AEEA42CB536B775C63FECC59DD2FFF0FD3559C26444C4A5E74E122681A2A6430914B59DBB760F145FBF297D06644D75453C76D38C683A74E41B7E5DCBBAED71F439CBA2AB3BFDED73E2B8DD03D6870F1B98AB200106830E2550D4860FAB8A6FCE9D9AA5565777FF0ED95C7C4D4B96301911F1CDB9538549A0E8099440D13BFD940363D6F47DB3D4BAE7C117E2EE659B5FF7E7EF5EB639EE79F0852C6BCD9ABE6F9C7ECA81596A011492400914BD8A8A884517E71BB973C9A2D63D7620BBBAFBE29245E983D023768F3E5A7471BED147008524500225617AE33E71C16913B2D46A5DBF3D16DDBEEE353FBEE8F675D1BA7E7B96352E386D424C6FDC274B2D804273280728199BDB3A63F2E94B63DBF6EEE45A0DF5D5B16AC9AC18DB50FB4AED29B397465B7B7AED5123AB63CD1D7FA80D50EC7428819231B6A136BE7CC1DBB2D46A6BEF8EBFFBE7D5AFFCF7DFFDF3EA2C613222E2CB17BC4D98044A8A0E255052BABAFBE24F3ED61CAB9FDE915CABAAB2221EBEE1C4888838EEFC07DFD2F58C7FACF19011F11FB7CC8C9A6A0F4F02A543A0044ACEDDCB36C7699F79344BAD93FFF3F4F8FDCB5FCA52EFAE6F1E131F9C31364B2D80A142A0044AD2FBE73F123F7F28CF789F5CDE77FCFEF1B385C7167A1B00D979861228490B17340DA98F956BAA2B62E182A6426F036040089440496A3A74645CF4D18985DEC62B2EFAE8C437BDD211A058F9C81B28596DEDDDD1387B69BCD0D659D07DECDF501BAB97CC8A86FAEA82EE0360A0E8500225ABA1BE3ABEF2F1C985DE467CE5E3938549A0A4E9500225ADA7B72F8EF9CB07E3B1352F1764FDA327EF138FFE7F274655A66B210186221D4AA0A4555556C4C2F9853B0CB3707E933009943C81122879A71CBB5F7CF45DE3067DDD8FBE6B5C9C72EC7E83BE2EC060F3913750169EDCB0338E38AB393A3A7B0765BDBADACA78E2D6993169FCF041590FA090742881B23069FCF05870E66183B6DE82330F132681B2A14309948DF69D3DD134A7399EDDDC31A0EB4C185B172D8B6746FDF0AA015D0760A8D0A104CA46FDF0AAB8FC938D03BECEE59F6C142681B222500265E5BC53C7C7F17F327AC0EA1FFF27A3E3BC53C70F587D80A148A004CA4A45C5EE513E150330C967206B030C65022550764E38B221CE7D7FFE2EE2B9EF1F1F271CD990BD2EC050E7500E50969EDDDC114D739AA37D674F967AF5C3ABA265F1CC9830B62E4B3D8062A2430994A50963EBE2D2F30ECF56EFD2F30E172681B2A5430994AD8ECEDE38E2ACE67872C3CEA43A93C60F8F276E9D1975B5FE8D0E9427EF7E40D9AAABAD8CAF7F6A6A729DAF7F6AAA30099435EF8040593BFDDD69F76D9F72EC7E71FABB07FF9E7080A144A004CADED5F39AA2AA72EF67FD545556C4D5F39A06604700C545A004CADEDB1BF7898F7FE8E0BD7EDDC73F7470BCBD719F01D8114071712807202236B775C694D94BA3ADBDBB5F5FDF505F1DAB96CC8AB10DB503BC3380A14F87122022C636D4C6657F35B9DF5F7FD95F4D162601FE930E25C07FEAEAEE8BA3CF59162DEBB6BFE1D7351D3A321EBB6946D454BB631120428712E01535D51571F5FC373F6473F5FC266112E0BF112801FE9BF79FB07F7C70C6D8D7FDF90FCE181BEF3F61FF41DC11C0D0275002FC912BE74EDD6307B2A6BA22AE9C9B3E081DA0D40894007F64EAC49131F78C435FF3E373CF3834A64E1C59801D010C6D0EE500EC415B7B774C99BD3436B77546C4EE53E0AB96CC8A86FAEA02EF0C60E8D1A104D88386FAEAF8EA458DAFFCF7572F6A1426015E870E25C0EBE8E9ED8BE3CE7F3022221EBEE1C4B7743D234039102801DEC0FDCB5F8A888893A7EF5BE09D000C5D02250000493C430900401281120080240225000049044A00009208940000241128010048225002009044A004002089400900401281120080240225000049044A000092089400002411280100482250020090A4224EF8595FA137010040F1D2A104002089400900401281120080240225000049044A00009208940000241128010048225002009044A004002089400900401281120080240225000049044A00009208940000241128010048225002009044A004002089400900401281120080240225000049044A00009208940000241128010048225002009044A004002089400900401281120080240225000049044A00009208940000241128010048225002009044A004002089400900401281120080240225000049044A00009208940000241128010048225002009044A004002089400900401281120080240225000049044A00009208940000241128010048225002009044A004002089400900401281120080240225000049044A00009208940000241128010048225002009044A004002089400900401281120080240225000049044A00009208940000241128010048225002009044A004002089400900401281120080240225000049044A00009208940000241128010048225002009044A00400208940090040928ABEBEBEBE426F020080E2A5430900401281120080240225000049044A00009208940000241128010048225002009044A004002089400900401281120080240225000049044A00009208940000241128010048225002009044A004002089400900401281120080240225000049044A00009208940000241128010048225002009044A004002089400900401281120080240225000049044A00009208940000241128010048225002009044A004002089400900401281120080240225000049044A00009208940000241128010048225002009044A004002089400900401281120080240225000049044A000092FCFFF34CE6E22D96E6410000000049454E44AE426082');

/* hi   Hindi,            */
INSERT INTO "Locales" VALUES('Hindi','hi');
INSERT INTO "Languages" VALUES('Hindi','English','Hindi');
/*India*/INSERT INTO "Flags" VALUES('Hindi', 0, X'89504E470D0A1A0A0000000D49484452000001F40000014D0806000000F6139D3700000006624B474400FF00FF00FFA0BDA7930000200049444154789CEDDD7954D575FEC7F117FB2A20B88B808AE29E26A899BB69B9A6A2255369A96996D5AF1ACD9CA9AC4E663633D5944D6A5ADA629AB8E09AA6489AA9689ABB880A88BB20A0A0ECBF3FEE8FABB77B2F205236DFDFF3718E47F82E9F7B2FE7E88BCFF27D7F1C8A67B52D160000F8AFE678A7DF000000B87D043A00000640A003006000043A00000640A003006000043A00000640A003006000043A00000640A003006000043A00000640A003006000043A00000640A003006000043A00000640A003006000043A00000640A003006000043A00000640A003006000043A00000640A003006000043A00000640A003006000043A00000640A003006000043A00000640A003006000043A00000640A003006000043A00000640A003006000043A00000640A003006000043A00000640A003006000043A00000640A003006000043A00000640A003006000043A00000640A003006000043A00000640A003006000043A00000640A003006000043A00000640A003006000043A00000640A003006000043A00000640A003006000043A00000640A003006000043A00000640A003006000043A00000640A003006000043A00000640A003006000043A00000640A003006000043A00000640A003006000043A00000640A003006000043A00000640A003006000043A00000640A003006000043A00000640A003006000043A00000640A003006000043A00000640A003006000043A00000640A003006000043A00000640A003006000043A00000640A003006000043A00000640A003006000043A00000640A003006000043A00000640A003006000043A00000640A003006000043A00000640A003006000043A00000640A003006000043A00000640A003006000043A00000640A003006000043A00000640A003006000043A00000640A003006000043A00000640A003006000043A00000640A003006000043A00000640A003006000043A00000640A003006000043A000006E0505C5C5C7CA7DF040000B83DF4D001003000021D00000320D001003000021D00000320D001003000021D00000320D001003000021D00000320D001003000021D00000370BED36F00C0ED494FBFAE8484741D3E9CA68484749D3C99A9B4B46BBA7A354FD9D9F9CACECE97247979B9C8CBCB45DEDEAE0A08F050FDFABE0A0BF3579326010A0BF357D5AAEE77F89300B81D043AF05FE6DCB96CC5C6262B3636459B3625EBF8F18C4A693734B4AA7AF40856B76EF5D4A347B06AD6F4AA947601FC31D89C05F82F70E1428EBEFEFAA0BEF9E69076ED3AF787BC6678782D3DFA6873454535538D1A9E7FC86B02A838021DF8932A2A2AD6CA95899A3DFB576DD87052F9F94577E47DB8B838EAFEFBEB6BCC98BB347060233938DC91B701A00C043AF027535050A4458B8EE89D777ED6C18397EEF4DBB1D0B265754D9EDC410F3FDC544E4E243BF06742A0037F12C5C5D2C28587F4DA6B5B6E7B5EDCDBDB45AD5AD59097978BFCFC4C8BDD3232AE2B3B3B5FBFFE7AC1BC50AEA21A35AAAA37DFECACE1C39BDE563B002A0F810EFC091C3A7449CF3CB3419B37A7DCD27D250BD9DAB7AFAD4993629596765D92D4AD5B906263A3244957AEE44992AA5471952475EFBED0FC3A01011E9A31A39BB66F3F53A105763D7A046BE6CC5E6AD224E096EE0350F90874E00EBA7EBD40AFBFBE551F7CB04B797985655EEFE020F5EC19A2BFFCA5997AF60C968F8F9BFCFCDC2449EBD69DD0CB2F6F969B9BB3E6CEEDA3962DAB4B924E9FBE2249AA5BB78A2469DFBE8B1A3366AD72730B34634677DD7F7F7D49524646AE323373F5C30F49FAF6DBC3DAB83149E5F9DFC1D5D5492FBD14A1D75FEF243737A78AFC18005402021DB8438E1DBBAC871E5AAEBD7B2F94FB1E474707E5E6FE55CECEA69A50BFFE7A4177DD55A3D47B0E1D32CDC3376B56ADD4EB6E6E2B3FBF48EEEEFF505151F9FF7B68DBB696162E1CA8468DAA96FB1E0095874A71C01DB070E1218587CF2F33CC5BB4A8AEBE7D1B98BF0F0FAF650E73494A4ACA2CF3B5B2B2F294959557E67537B7E5E2E2A8F0F05AE6EFFBF56BA8E6CD4BFF8560F7EE730A0F9FAFEFBE3B52E66B01A87C149601FE40C5C5D24B2F6DD2FBEFC7977A5D4888AFFEF18FEE1A32244C858545FAFCF3FD4A4FBFA6279F6C6D715D6161B14E9FBE621E4EB7253333B7CCF775FAF41515165AF6C6D7AE7D4873E6EC554080871E7FBCA51C1D1DB47469825E7A69935252B26CB6939595AB871E5AA18913CFE9DD77BBF1881BF00762C81DF883E4E515EA8927D6E89B6F0ED9BDC6D5D5497FFD6B3BBDF862845C5C1CE5E3E3566A9B4949998A8949D473CFB5B57B4D498F79D8B02676AFF9F7BF776BE0C0508584F896FA7A5959B9CACD2DD4BFFE15AF7FFD2BBED479FFC71E6BAEB973FBCAC5858140E08FC0BF34E00F70F56A9E060C882E35CCBDBC5CB467CFE37AFBED2E0A08F0D02FBF9C2FB3DD90105FC5C595BE323E3333B7CC5E7A5C5C4A99612E49BFFC725ED5AB7BEA9D77BA6AF7EE91F2F272B17BED975F1ED4830F46DFF6237200CA8740077E673939F9EADF7F89D6AF3F59EA75D9D9F91673DDC1C1BEFAE187A432DBCFCB2BD4D9B357ED9E2F6B0EFDECD9ABE55A61FFC30F490A0EBE11FA57AFE69719D66BD79ED0C081D1CAC921D481DF1B810EFC8E0A0B8B151515A3B8B85336CFBBBADEF827E8EBEBA6D0D01B2BC4EBD7F7D5B66DA7CBEC5DB76D5B4BD1D10976CF97D5438F8E4E50DBB6B5EC9E2F6963DBB6D3AA5FFF46A0376CE8275FDF1B5302F686D6376D4A5654548CD51C3D80CA45A003BF93E26269DCB8758A8949B479BE6A55776DDC18A52FBEE8A7E79F0FD7E6CD7F51B56A1E16D78C18D14253A6C495FA3A1111B5B56489FD95E56505FA922547141151BBD4D79832254E2346B4B03856BDBAA7366FFE8B9E7BAEADBEF8A29F366C186E7E26FEB7626212F5ECB31B4A7D0D00B78755EEC0EFE4EDB7B769EEDC7D36CFD5AEEDADF5EB1F528B16D5D5A953A0468E6C61F3BA90105F1515491B3726AB67CF609BD74444D4D6962DA93A772E5BB56A596F799A95653FCCCF9DCBD6962DA95ABC7890DD6B366E4C5651916CCEB1B76E5D431F7E789FF9FBB8B847F4C0038B6D4E01FCE73F7B1414E4A3C9933BD87D2D0015470F1DF81DC4C59DD2D4A95B6D9EAB5EDD53B1B1C355BBB677B9DA7AE5950E7AE699F5BA7AD5F63C788D1A9EAA57AF8A962EB53DEC5E5A0F7DE9D204D5AB57C5EEF6A857AFE6E99967D6EB9557CA17C275EB7A2B3676B8AA57B7DDDEDFFFFEA3B66E4D2D575B006E0D810E54B20B1772ECCE19FBFABA69D5AAA10A0B0B507AFAF57255890B0AF2518F1EC19A3CD9FED07B69C3EEA52D8A2B6BB87DF2E438F5E811ACA0209F32DFE7DEBD17949E7E5D6161015AB932529E9ED62BE00B0B8B357C788C2E5DBA56667B006E0D810E54A2E26269C4885576579D47453555BB76A6006DD4A8AA2E5ECCD1AA55C7CB6C77CA947B346FDE3EBBBDDB76ED6AEBC71F4FE9FCF96CAB73F67AE8E7CF67EBC71F4F99DFCF6F6DDD9AAA79F3F669CA947BCA7C7FAB561DD7C58B39E6B2AFEDDBD7B1BB13DBE9D3573472E4EA32DB04706B0874A0127DF5D5417DFFBDFDC7D3E6CDDBAFEBD70BCCDFF7EA15A23367AEE8D34FF794DA6E6060158D1AD54AA346ADD1B56B0556E7C3C36BABB0B058CB971FB33A9795956B731E7DF9F2632A2C2C5678B875A05FBB56A051A3D668D4A8560A0CB45F854E923EFD748FCE9CB9A25EBD42CCC7AE5F2FD0975F1EB07BCF9A35C74B7D261FC0AD23D0814A929191AB8913634BBDA66A55778B5AEC9234766C6B252767E9D557B794BABBD92BAF74D0A95357F4EAAB5BACCE8587D792A3A383962C396A75CE5E0F7DC992A3727474B0A8D95EE2D557B7E8D4A92BA5CE9D17179BAE4B4ECED2D8B19625699D9C1C55B5AABBFD0F235309DCD216EC01B835043A5049FEF6B7389B43DE8181551415D54C0306846AF9F22156812E49D3A675D5A54BD7346AD41AE5E717D96CBF6EDD2A7AF2C9BBF4C107F1DAB9F3ACC5B92A555C1516E6AFCD9B53ACE6A76DCDA15FBA744D9B37A7282CCCDFBC4F7A899D3BCFEA830FE2F5E49377D9AD119F9F5FA451A3D6E8D2A56B9A36ADABD5791717472D5F3E440306842A2AAA99EAD4B15E0078EE5CB6CD5F4E00540C810E548203072E6AD6ACBD36CF7DF2496F7DF3CD00C5C444AA43873A36AF7170903EFEB897D2D3AF69E0C068BB2BDA274FEE205757278D1AB546B9B996D5DDDAB5ABAD8282222D5F7E63B57B7E7E917272F29593936FF18BC2F2E5092A2828B29A3FCFCD2DD4A8516BE4EAEA64F7F1B2AB57F3347060B4D2D3AFE9E38F7BD9DD80E59E7BEA2A262652DF7C33403367F6B679CDCC99BFE8F0E134DB0D00B825043A5009A64DDB6E7355FB8001A11A3020B45C6D38393968E1C281BA7CF9BABA775F68B3B75FA78EB7C68E6DAD83072FE9ADB77EB238573217FEDD773786DD6F1E6ABFF9EB926B7E3B7FFED65B3FE9E0C14B1A3BB6B5CD5EF5F9F3D9EADE7DA12E5FBEAE850B07CAC9A97CDBA90D1AD448FDFA35B43A5E5858AC69D37E2E571B004A47A003B7E9D8B1CB5ABCF8B0D5714F4F17CD98D15D478EA4A9A8A87C654F3D3D5DB47265A4323272D5B1E3573A76ECB2D535932777908787B366CCD861F1D85B496F3B3636596969A661F79BE7A84BBE4E4BBBA6D8D8648B7B24D363673366EC908787B3CDDEF9B16397D5B1E357CAC8C8B5FB589A2D4545C53A72244D33667497BBBB752DAB6FBF3DAC132732CAD51600FB0874E0364D9F6EBB77FEF4D36DD4A489BF1A34F0D3B265095AB932B1D4456F25AA57F7D4DAB5C374E54A9EEEBDF72BEDD871C6E27CAD5A5E1A3FBE8DF2F38BF4C413ABCD43E9AD5A5597ABAB93F2F38BB4628569B5BBAD1EFA8A15C7949F5F24575727B56A555D922CDA1A3FBE8D55C5B91D3BCEE8DE7BBFD2952B795ABB7698DDC231372B2E9656AE4CD4B265096AD0C04FCD9A0568FCF83656D715141469FAF4ED65FF6000948A40076EC3C58B39FAEAAB8356C7DDDC9CF4E28B11924C7B9C4746862938D857A347AFD1B2650965067B686855AD5C19A9DCDC42F5ECF9ADD5B3EA9326B597A7A78BF6EEBD600E43777767B56C690AE89221F59B17C3957C5D72AE65CBEAE61EF3F4E9DBB577EF05797ABA68D2A4F616AFB56AD571F5ECF9AD72730BB57265A4C50632B614174BCB962568F4E8350A0EF6556464985C5D9D24497FFD6B3B9B9BB8CC9F7FC03CAA00A0620874E0367CFBED619B5B8FE6E6165ACD0DB76A555DB3673FA0A347D3D5B1E3975AB1E258A9C1DEBE7D1D2D5B3658F9F9451A3428DAA22E7CCD9A5E7AFA69536FF7EDB7B7E9E0C14B9264AEFAB67163922E5FBE6ED543BF7CF9BA366E4CB2B8F6E0C14B7AFBED6D924CA30A356BDEE89DCF9DBB4F8306452B3FBF48CB960D56FBF6B617F549A6205FB1E2983A76FC52478FA66BF6EC07CC230025A64DFBD9E62AFEBCBC427DFBADF5B40580F223D081DBB06081FDE2299F7FBEDFEA98B3B3A3264FEEA02FBEE8A7193376283CFC8B5287E27BF408D6BC797D555454AC3163D6EA8D376E2C849B38D1D44B2F59995E5858ACF6ED4D219D9F5FA41F7F3C254FCF1B73D69E9ECEFAF1C753E6406DDFDE548CA664C5BCA7A78B264EBCD13B7FE38D9F3466CC5A1515156BDEBCBEEAD1C3F6E6302543EBE1E15F68C68C1DFAE28B7E9A3CB983CDC7F3E6CDB3BD598D247DF9A5F5480780F223D0810A3A74E89276ED3A67F77C6935D2C3C2FCB565CB231A31A285A2A262141131DF6EB03FF24833F3B3DE53A76ED5934FAE536161B16AD4F034F7D277EE3CAB59B3F6AA7FFF50B9B99986B71312D22D6AB00705F92821215D92694AA07FFF50CD9AB5D7FC4CFBD34FB7518D1A9E2A2C2CD6934FAE336F2E336D5A573DF24833ABF75512E41111F3151515A311235A68CB96471416E66FF773DB2B332B99E6E98F1E4DB77B1E40E90874A082162FB6BD194A54942980972E1D5CEAFD8E8E0E7AFEF970EDDB374A3E3EAE1A38305AEDDACDB759DB7DF2E40EE605659F7DF6AB060D8A567676BE264E6C2F1F1FD31EE4EFBF1FAF80000F4546864992121333141C7C63CBD3E0605F25269A56934746862920C043EFBF1F2F49F2F171D3C489ED959D9DAF4183A2F5D967BF4A92C68F6F6373C5FBAA55C7D5AEDD7C0D1C182D1F1F57EDDB374ACF3F1F2E47C7D21F635BBA7488DE7EBB8B860F6F62F3BCBD9F2980B211E840056DDC986C75CCD3D345B366DDAF575EE95066E9D3120D1AF869E3C628CD9A75BF12122E6BC080256AD76E81D6ACB10CF68F3EEAA581034DCFB4972C54F3F070D6ECD9F74B9212132F6BFDFA931A37CE5486F5D8B174B9B939A9562D2FD5AAE5253737271D3B66EA018F1BD75AEBD79F5462A2E9B1B8D9B3EF978787B3C502BC810343F5D147BD2CDEC39A35C7D5AEDD020D18B044090997356BD6FDDAB8314A0D1AF895EBB3FAFBBB6BCA947B346BD603361F61FBE187A472B503C01A810E54407676BE55F95549EADE3DC8AA946A793838E8FF0AC68C569F3E0D141F7F56FDFA2D51870E5F6ADDBA13926E149EE9DE3D489269887AD4A8357AE8A1A6E6DEFBFBEFC7AB4B977A6ADA34C0DC1B0F0AF2310FBD272666A869D30075E952CFDC3B1F3FBE8D1E7AA8A9468D5A637E44AE7BF7208BC231EBD69D50870E5FAA5FBF258A8F3FAB3E7D1AE8E0C1D11A3BB6B5DD4A71A5F1F17153B76E4156C777EC386373F319006523D0810AD8BA35D5E6EAF62E5DEAE9E4C94C25256556A8DDC0C02A5AB36698E6CFEF277F7F77EDD871467DFA7CA78E1DBFD2FAF527E5E9E9A265CB86E89E7BEA4A326DB0F2DE7B3BF4AF7FF5509B3635B561439212132F6BECD8D64A4DCD524E4EBE82837D151CECAB9C9C7CA5A69A3652494CBCAC0D1B92D4A64D4DFDEB5F3DF4DE7B3BCC1BBBDC734F5D2D5B36449E9E2E5ABFFEA43A76FC4A7DFA7CA71D3BCEC8DFDF5DF3E7F7D39A35C3CADC85CD9EA4A44C9D3C99A92E5DEA599DCBCD2DB4BB452C80D211E84005C4C5A5D83CDEAB5788EAD737CD5B7FFEF97EBDF9E64F7AE38D9FB46AD5719BA55CED1931A2850E1E1CA321431A4B927EFEF9B4EEBF7FB13A75FA5A478EA469F3E628F382B82953E2F4D34FA7B568D183F2F676D5BFFFBD5B2346B490BBBBB34E9CC85070B08F82837D74E24486DCDD9D3562440BFDFBDFBBE5EDEDAA458B1ED44F3F9DD6942971924C0BE3366F8ED2912369EAD4E96BDD7FFF62FDFCF36949D290218D75F0E0188D18D1A2DC9FE3FCF96CAD5A755C6FBCF193DE7CF327F3CAFFFAF57DD5BB7788CD7B7EFCF154B9DB077083437171796A5701B8D9830F462B2626D1E2989F9F9BD2D29EB75A18969292A5254B8E2A3AFAA85253AF2822A2B622226A2922A2B6DAB6AD255F5FB7525FEBBBEF8E68C2840DBA702147926927B377DFEDA6FFF99F087DF9E5013DF5D4F7F2F676D5EEDD23B56DDB693DF9E43A9D39F38CC68F5FAF6EDD82CCCFA8376F5E4D9B37A7E83FFFE9AD3A75666ACE9C07D4B1635DB56D3B5F57AFE6E9D34FEFD7638FB5D0071FC4EBE597379B1F6FAB51C3531F7FDC4BC386D95EC85622333357BB779F537CFC59C5C79BFE0E0CACA2C8C8300D1D1A66B1E25E32D5710F08F8D06A6BD741831A69D9B221A5BE16006B043A50014D9ACCB17AC42A24C4572B5746AA458BEA76EE925253AF283AFAA8962C39AA6DDB4EABB8B8586161018A88A8A5F07053D0B76E5D531E1E960BC6D2D2AEE9B9E77ED0C28587CC8FB60D1AD4489F7DD647A74E5DD190214B1510E0A1AD5B1FD5F3CFFFA0CB97AF2B3EFEAC4E9EB41CFA6FD0C04FE1E1B554B5AABB3EFCF03E75EAF495D2D2AE69E9D221AA57AF8AC68C59ABE5CB4D65631D1C4C2BF6FFFDEFFB1410E061D1CEB56B05DABBF7BCE2E3CF69D72E53801F3D9A2607070775EC5857438786293232ACD461F903072EAA7FFF254A4ECEB238DEAC59351D3C38DAEE7D006C23D0815B949F5F242FAF7FDAAC78E6E1E1AC4387C62824C4D7C69D96CE9CB9AAA54B13B464C9116DD9926ADEC0C5D9D9512D5B5637F7E4C3C36BAB458B6A727676D4912369FAF8E35F347FFE015DBD9AA7A0201F2D5AF4A01A37F6D7A38FAE949F9F9B12122E6BF76EFBCFC74BA667E44343FD949191ABAFBE1AA08484743DFCF00AA5A464C9DBDB552347B6D0840977AB499300151414E9C0814BE6E08E8F3FABFDFB2FAAA0C0F4F91D1D1DD4B973A0860E6DA221431ADBDCA5EDB74E9CC8508B16736D2E80737171544ECE4B360BD300B08F40076ED1D1A3E96AD2648EDDF3DF7E3B500F3FDCF496DA3C772E5B4B9726283AFAA8E2E252AC367BF1F47451A74E811A3DBA95060D6AA46BD70AF4F9E7FBF5C927BF28292953EFBEDB4D2347B654A346B3949E7EBD5CAF1910E0AE8484719A3F7FBF5E7E79B342427CF5F4D377EB89275ACAC3C359CB971FD3DCB9FBB4756BAA7272F22DEE75727250D7AE418A8C0CD390218DAD367329CBA24587357C788CDDF3090963D5A851E935E3015822D0815B1417774ADDBA7D63F35CF5EA9E3A7060B46AD4287B37327B2E5CC8D1B265095AB2E4A8366F4E31F7844BD4A8E1A9279E68A5279FBC4BF5EBFB6AEDDA13FAE8A3DD3A70E0A24E9FBE7A4BAF15185845CD9B57D3B3CFB6559F3E0D74F264A6E6CCF9559F7FBECF3C675FC2D9D951DDBA0569E8D0300D1EDCF8B63EE3F9F3D96AD9729E2E5ECCB179FEC71F1F51E7CE81156E1FF8FF8840076ED1EAD5C7D5BFFF12ABE353A776D233CFDCAD6AD53C6CDC5531972E5DD3F2E5095ABA3441070E5C526A6A96790EDDC141EAD9334463C7DEA5264D02D4BAF5E7E5DE77BD84A3A383F6ED1BA543872E69F6EC5FB571639245FB81813E6AD1A29A860C69AC41831A57FA67FBF8E3DD16F5E94BAC5A3554FDFA35ACB4D702FE3F20D0815BF4CD3787F4C8232BAD8EEFDC39A2D4FAED952127275F8989194A4CBC6CF1E7C891749D3D7B6BBDF312B56B7BAB49137F858656FDCD1F3F797ABA54F227B0B473E759B56FBFC0EAF837DF0C50549475FD7800F659D75E0450AAAB57F36C1EF7F62EBB42DCB56B05CACACA556666AEB2B2F2949171DDFC7556D68DBF333373959151725DAEF2F38B54BBB697B9EA5B50908F3A750AD4A38F3657AD5A5E1A366CB9962E4DA8D0E7E9D8B1AE162F7E50E7CE652B292953C9C9995ABBF6B85252B2949292A5B367B3E5E2E2281F1F37F9FABAC9CFCFF4B78F8F9B7C7C5CCD7F9BCEB99BBFF6F171B35AADFF5BF6AAEA5DBD9A6FF33800FB0874E016E5E559AF6E97A4A2A2621D3E9CA6D4D42B4A49C9526AEA15A5A65E515252A6F9FBDF2E2EAB0CDEDEAE7271A9F88AF04D9B92E5EBFB81DD5F546E87A7A78B0203AB2828C8472121BE0A0CAC62FE3E30B08ADD2982DC5CEB2A7C004A47A003B7C8D5D576783A3A3AA869D300356D1A60F7DECAECA10707FB2A24C4F7B67BE83D7A045BF5D04B7AE7BF770FFDF0E1349BC74BB68005507E043A708BEC0DAD97A787EBE1E12C0F0F67D5AC796B8F7995B8790E7DEBD6547DF1C57EF31C7A456DDB765AF7DDF7ADC5FC799F3E0DFF9039F42B576CFFCC2AB2C10DF0FF1D810EDC227BA55A57AF3EA190105F55AF5EF1C7B97EAB3CABDCC78F6FA366CDAAA955AB79155AE5FEC30F0FEBE041D32AF7CF3EFBF50F5BE57EF1628E56AD4AB4798E40076E1DABDC815BC473E83C870EFC1911E8C02DFA33578A6BDC7896D2D2CA5729AE5A350F1D3D3AF64F5929EED8B1B10A0DA5521C702B0874E016151414C9D3D3762D774F4F171D3C38FA8ED6724F4CCC507CFCD9525FBB5DBBDA6AD8F0CED5723F7932532D5ACCB5B9EADFD5D549D9D92F52CB1DB845043A50014D9B7EA623472C57688784F86AF5EAA16AD6AC9ADDFBFEA8DDD6323272B56BD7591D3F9E61D14E68685585879BB66CBDD3BBAD1D3A74497DFB7EC76E6B402521D0810AF86FD90FBD478F20EDDF6FDA0FBD65CB6ADAB4E9CFB51FBABFFF87CACAB2DC0F7DF0E0C65ABA7470A9AF05C01A810E54C0DFFFFEA3DE7EFB67ABE3BB773FAEBBEFAEA9A4A44CC5C6A6E8D429D3AAF4B66D6B2922A2D62D3DAE76EE5CB69E7966BDC5F3E5F7DE1BA87FFEB3BBDAB4A9A9175ED8A84F3ED9232727077DFFFDC30A0AF25178F87C8D1CD94253A7765260E04CEDDC3942F3E71F90248D1CD942EDDA2D506AEA339A3A75ABE6CF3FA05DBB462A25254BF7DFBF488585C57AFAE9367AFFFD9EDAB3E7BC5E7A29563FFD946A7EED21431A6BE6CCDEB7345F7EFE7CB6E2E3CF69F7EE73727090EAD5F351F7EE410A09F1D5AE5DE7141131DFC6CFB6A3DE7AAB73B95F0380098FAD0115D0A54B3D9B81BE614392AA5675978383F4C4132D2BDCFE820507F4C20B1BCD5BA1DE734F5D4D9D7AAF7AF7AEAFCCCC5C75EBB6503FFF7C5A92346D5A57DD7B6F5D75ECF895AE5ECDD373CFB5D582050774FD7A811A34F0330F693768E0A7EBD70BB460C1013DF75C5BCD9CF98B1E7E7885B66D7B54D3A675D5CB2F6FD6279FECD19E3D17B476ED306DDDFA88D6AF3FA9A9537FD2CF3F9FD6D2A509DABC3945EFBFDF532346B428D7E7A859D34BFDFB3754FFFE37365A494ACAD4C99399DAB021C9E63D5DBBD6ABF0CF0DF8FF8C5527400574EA14285757EB6A66717129AA5FDFB75C8BE26C494DBDA2BE7DBFD3C891AB959E7E5DEDDBD7D1DAB5C3B46DDBA3EADDBBBE7272F23578F05273980F1D1AA68913DBEBC5173769CF9EF3EAD52B44A1A155357BF65E0506FAC8D3D345C9C9A6EA6FA632AC3E9A3D7BAF4243ABAA57AF10EDD9735E2FBEB8491327B6D7D0A16192A49F7F3EADC183972A27275FBD7BD7D7B66D8F6AEDDA616ADFBE8ED2D3AF6BE4C8D5EADBF73BA5A65EA9D0670C09F155FDFABE8A8B4BB13AE7E6E6A47BEFE57135A0220874A0023C3D5DD4A1431DABE37171A7ACE684CBA3B8589A3D7BAF9A379FABB56B4F2822A2B656AF1EAAEDDB1FD3030F3490649A738E8A8A516CAC2908DBB7AFA379F3FA6AF1E2C3FACF7FF648925E7821425BB6A4EAF0E1348586FA4992B984AB248586FAE9F0E1346DD992AA175E889024FDE73F7BB478F161CD9BD757EDDB9B3E536C6C8AA2A262CC8FCF3DF040036DDFFE9856AF1EAA8888DA5ABBF6849A379FABD9B3F7AA2293769999B98A8B3B6575FC9E7BEA96592E16806D043A50413D7A045B1DCBC9C9D7534F7DAFB7DEDA661E2E2FCB891319EAD973A1C68DFB5E8D1B57D5CA9543B573E708F5ED6BB91FF8B3CF6E302FC4EBDFBFA1366E1CAE6BD70A3476ECF7924C2BD87BF7AEAF4F3F35857BA346FECACD2DD4B973D93A772E5BB9B9856AD4C85F92F4E9A77BD4BB777DF3B3DE63C77EAF6BD70AB471E370F3F0784C4CA29E7D7683C57BE8DBB7A176EE1CA1952B87AA71E3AA1A37EE7BF5ECB950274E58AEA6B7273DFDBADE7CF3278D1BB74ED7AF17589DEFD9D3FA670AA07C0874A0821E7ED8F6AAEF850B0FEBB5D7B668C890A5A5DE5F5454AC0F3FDCA556ADE6292B2B4F313191DAB973A4C57C7389E9D3B79B7BE163C6DCA5E5CB23E5E5E5A2F7DEDB616C49F24A00001030494441541E1178E18508A5A55D5374F45149A6DE787272A6B98DE4E44C73AF3D3AFAA8D2D2AE997BE95959B97AEFBD1DF2F272D1F2E5911A33E62E49A6DEFBF4E9DBADDE4FFFFE0DB573E748C5C4442A2B2B4FAD5ACDD3871FEE2AB3F4EC90214BF5FAEB5BB568D1119BE76FB5200F801B0874A0829A34095044446DBBE7E3E3CFD93D77F468BA3A77FE5A0B161CD0C28503151F3F52030684CAC1C1FADAAFBF3EA42953E2244953A776D29C390FC8C9C941172EE4E8934F4C21DFAE5D6D8D1BD75AAB56259AB71E6DDCD8DF3CD42E9986DE1B3736F5D073730BB56A55A2C68D6BAD76ED4C9FE1934FF6E8C2851C39393968CE9C0734756A2749D2942971FAFAEB4356EFCBC1411A302054F1F123B570E1402D5870409D3B7FADA347ED6F14B373A7FD82371D3AD451A3465487032A8A40076E4369ABBDC78C696575ACA0A048D3A76FD7E38FAFD6A449EDB56BD7E376835C32ED553E6AD41A393A3AE8B3CFFAE8F5D7EF359F7BEFBD1DCAC9C9979B9B93E6CDEB2B272707EDD8610A4C17174775E9524F39393786B573720AD4A54B3DF3DEE93B769C95939383E6CDEB2B373727E5E4E4EBBDF77698AF7FFDF57BF5D9677DE4E8E8A051A3D668D3A6649BEFB124D877ED7A5C9326B5D7E38FAFD6F4E9DBAD6AD04BD2E8D1D63F93128F3D56BE95F3006C23D081DB307C78539BABDD5D5D9DF4F2CB1D2C8EEDDB775163C7AE535898BFB66D7B4C0F3ED8C86E904BD28E1D673478F032B9B8386AF9F2488B303C7F3EDBDC3BFFDBDF3AAA79735375BA9292AF3D7B86A86A55778BA235BEBE6EAA5AD55D3D7B86585CDBBC7935FDED6F1D25997AE9E7CF679BEF193DBA95962F8F948B8BA3060F5EA61D3BCED87DBF0E0ED2830F36D2B66D8F292CCC5F63C7AED3BE7D172DAE993CB9835C5C6CFFBC860F67B81DB81D043A701BAA55F3D0C891D63DCBBCBC42FDE31F3BCD5F47471F557272A6E6CEEDABC1831B971AE49294987859030644CBCDCDC962A15A8919334CBDF3D6AD6B68F264D32F0ED7AF1768FF7E53800E1B667A04CDC7E7C636A4255F979CDBBFFFA27961DAE4C91DD4BA750DE5E4E46BC68C1BBD74E9C6023C3737270D1810ADC4C4CBA5BE77070753B5B7B973FB2A393953D1D1479597679A0678EFBD9DCACF2FB4BAE789275ACADFDFBDF41F0A805251290EB84DC78F67A84993395643CCEEEECEDABDFB71393A9AE6B37F5B12D69E8B1773D4B1E3572A2A2AD6BA750F59CD2B9F3B97AD060D3E5541419176EE1CA9D6AD6B4832CD4FB76FBF402E2E8E3A7B768202023C74E244861A369CF57FEF739C1A34F0535ADA35D5AEFDB1F2F38BB463C708F31CFADEBD17D4AEDD7C393B3BEAC489A7AC2AC21D3B76590F3CB0588E8E0EDAB6EDD172EFFB5E5454AC848474E5E717AB5DBBF956ABDB9D9D1D95903056F5EB57ECD97D0026F4D081DBD4B0A19FCD15EFD7AF1768D2A45835691250EE30CFC9C9D78001D1F2F373D3B66D8FDA5C24367DFA765DBB56A04993DA9BC35CBAB1E0AC7BF760F3662A3E3E3786DC4BBE0E08F050F7EEC116F74852EBD6353469527B5DBB566073657BA34655B56DDBA3F2F373D38001D136774AB3C5D1D1414D9A0468D2A4589B8FAA3DF24833C21CA804043A5009A64CB9474E4ED6A1BD7AF571AD5871AC5C6D94148EA95AD55DB1B15136EBBE9F3973F5FF0AD054D3ABAFDE6B716ED72E5338970CA94BB29A432F51724DC93D255E7DF55E356F5E4DB367EFD5993357AD5EBF664D2FC5C646A96A55778BC23365898E3EAA75EB4E581D777676D42BAFDC53AE3600948E40072A41B366D5F4F4D377DB3CF7CC331B141515A37EFD96586C7672B3E26269C2840DF2F7F7504C4CA4BCBD5D6D5E377DFA76E5E5159A57A6DF6CE7CEB3727676D4A0418DCDC75C5C1CE5E9E9224F4F17F3EA76491A34A8B19C9D1DAD1E232B59319F975768B3972E49DEDEAE8A898994BFBF87264CD860B752DC4F3FA5AA5FBF258A8A8AD184091B6C5EF3ECB36D1516E66FBB0100B7843974A0926465E52A2C6C8ECE9DCBB67B4DCD9A5E4A4D7D5ACECE96BF4BBFF24A9C9C9D1DF5E69B9DED2E983B7DFA8A424367EB9967EED63FFED1DDE2DC952B79F2F3FB403D7A046BC386872DCED5AEFDB124E9ECD90916C77BF55AA44D9B929591F13FAA52C5F21788BFFE35563367FEA2C4C4B1AA5BD7F69EE6C5C5D26BAF6D51414191DE79A7ABC5B9FCFC220506CE346FF96A4BDDBA5574F8F018ABD7065031F4D0814AE2E3E3A67FFEB347A9D75CBE7CDD6AF1DCECD97B151CECA3B7DEB21FE692F4CE3BDB55AF5E159B5B8BEEDA754E4545C5E60D566EE6EBEB6673CFF5A143C3545454AC5DBBAC0BE0BCF55667D5AB5745EFBC63BB972E9956B3BFF5566705079B367CB9596161912E5F2EBDF4ED3FFFD99D30072A11810E54A2BFFCA599550DF69B8D1EDD4AEEEE37361FD9B0214975EA54D1534FB529B5DDD4D42B9A376F9FE6CDEB6B73F3925DBB4C4562060D6A6475CEC7C7CD62715C8941831AC9C9C9C16A1E5D923C3C9C356F5E5FCD9BB7AFCC5DD59E7AAA8DEAD4A962B11DAABBBB73A94577FAF76F489957A09211E840259B3FBF9F02036D0F53CF9F7FC05C9CE5D8B1CBAA5EDDD366EDF6DF9A36ED678D1AD54A9D3AD9DE5A74E7CEB3EAD2A59ECD8574F67AE8356B7AA94B977A76CBB176EA14A851A35A69DA34EB7DDF7FAB7FFF86AA5EDD53C78E999E51DFB1E38C162E3C6CF3DAA0201F7DF145BF32DB04706B0874A09255ABE6A1850B07DA5CF55EF258DAD1A369F2F777B778ECCC9E94942C6DDA94ACE9D3BBDABD263EFEAC860EB5BD598C8F8FAB4581999B0D1DDAC45C31CE96E9D3BB6AD3A6648B9AF0F6B46E5D43FEFEEE3A7CF892DDC7DA5C5C1CB570E140F36375002A0F810EFC0E3A750AD4DB6F77B179EEE2C51C75EFFEAD4E9FB67E2CCC9677DED9AE99337BDB5DF97EE1428E4E9DBAA221431ADB3C6FAF872E49438634D6A95357EC2E5EF3F676D5CC99BD4B9D4BBFD9A95357D4A3C7B7BA78D1767BD3A77753C78E75CBD516805B43A003BF93975FEEA0F1E36DCF8D9F3D7B555DBB7EADB8B853FAFCF3FD9A306183F6EC396F755D5252A61C1D4BDF273C3EFEAC3A770EB4AAEC56C2DE1CBA24D5AAE5A5CE9D034BEDA5F7EC192C4747D37BF9AD3D7BCE6BC2840DFAFCF3FD8A8D4D51D7AEDFD85DE53F7E7C1BBDF86284DDD701707BAC57D700A8341F7DD44BA74F5F514C4CA2D5B98C8C5CF5EAB5C85CDBFCABAF0E2A31719CAA55BB311CBD60C1014D9B667FA85D2A7DB85D92DDDE79899261F77EFDECCFE54F9BD6551F7EB84BAFBD76A3988D69A461A132334DFBB13B3B3BDADC614D322DC0FBE8A35EA5BE0F00B7871E3AF03B727272D0A2450FAA470FDB3DEC9B372AC9CCCCD5F1E337363E397932531D3BD62D339077EF3EA7C848DBC3ED52E943EE921419D958BB77DBDFBBBDA48D8E1DEBEAE4C91BBDF4E3C733CC612EC96E98F7E811AC458B1EB4B9A60040E521D081DF99BBBBB3626222D5A74F8352AFF3F23255742B919C9CA9FBEE0B29B37D575727D5AEED6DF77C698BE224A9766D6F9B5BC0FED67DF7852839F946A07B783859BC5F5BFAF469A09898C872B50FE0F610E8C01FC0CBCB452B5644EAB1C79ADBBD263B3B5FE1E1F33579729C2E5CC8D6DD77D72CB3DDA4A44C75ED1A54EA3565F5D025A96BD7209B73E4BF75F7DD3575E142B6264DDAAC888805A56ED03272640BAD5811292FAFD2431F40E520D0813F888B8BA3E6CFEFAF8913DBDBBD262FAF50EFBEBB5D11110BF4FDF727555454ACFCFC22CD9EBD57EFBEBB5DE9E996D5D77EF9E57CA9C3ED52E98BE24A444636D62FBF582ECA4B4FBFAE77DFDDAED9B3F72A3FBF484545C55AB5EAB8DAB69DAFF7DEDBA1FC7CDB43EC92697FF5CF3FEF67513F1EC0EF8B4571C01FC8C1419A31A39B22226A69CC9875CACACAB5795D4A4A961E7A68859A360D504888AFD6AE35ED54B674698276EC1861BECEC9C9C16EADF51265F5CE25535D752727CB79F43E7D169B8BCE2C5B96A0E4E42C1D3E9C566A3B7E7E6E9A3BB7AFDD47E800FC7ED89C05B8438E1FCFD0F0E12B6CD652B7C7D1D141D7AFFFD5DCF3FDF5D70BBAEBAED28BD31C3A7449926947B8D2DCDC567E7E91DCDDFFA1A2A2F2FFF7101E5E4B8B170F626F73E00E613C0CB8431A36F4D3D6AD8F6ACA947BCABD68ACB8B8580F3CB05873E6FCAA932733151C7C233CD7AD3BA156ADE6293C7CBEF6EDBB683EFEDB39F45F7FBDA0F0F0F9BAEBAE79167B940707FBEAC4894CCD99F3AB7AF75EA4F2FEAEEFEAEAA4BFFFBDA3B66E7D943007EE207AE8C09FC09123699A306183366E4CBEA5FB1A34F053F7EE41EAD0A18E5E7E79B3798EBD5BB720C5C64649326DAD2AC9BCB359B76EDF282EEE9424C9DFDF5DEFBEDB4D3FFF7C46B1B1C9168FA59547AF5E21FAF8E35E6ADC983DCD813B8D4007FE44BEFDF6B05E7B6D8B7993938AF2F27251CB96D5E5EDEDAAAA55DD2599B66EBD7A354FFBF75F5476B6FDD5E9E51116E6AFB7DEEAAC61C3EC17B401F0C722D0813F99C2C2622D5E7C58EFBCB35DFBF75F2CFB863FD05D77D5D02BAF74D0B0614DE4E848A118E0CF844007FEA48A8BA5952B133577EEAF5ABBF644A98F89FD9E5C5C1CD5B76F438D1EDD4AFDFB87CA811C07FE940874E0BFC0850B395ABCF888162C38A05DBBCEEAF7FE57EBE0204544D4D6638FB5D0F0E14D2DEACB03F87322D081FF32172EE468F3E6146DDA94ACD8D8142524A4574ABB8D1BFBAB478F60F5E811A46EDD8254BDBA67A5B40BE08F41A003FFE532327275F4689A8E1E4DD79123694A4ACAD2A54B39CACECED7D5AB79BA7AD5B400CEDBDB45DEDEAEF2F67655408087EAD7F7555898BF9A340950E3C6FEF2F32BBB000D803F2F021D000003A0B00C00000640A003006000043A00000640A003006000043A00000640A003006000043A00000640A003006000043A00000640A0030060000EFED3DD28FD0A00C07F397AE800001800810E00800110E800001800810E00800110E800001800810E00800110E800001800810E00800110E800001800810E00800110E800001800810E00800110E800001800810E00800110E800001800810E00800110E800001800810E00800110E800001800810E00800110E800001800810E00800110E800001800810E00800110E800001800810E00800110E800001800810E00800110E800001800810E00800110E800001800810E00800110E800001800810E00800110E800001800810E00800110E800001800810E00800110E800001800810E00800110E800001800810E00800110E800001800810E00800110E800001800810E00800110E800001800810E00800110E800001800810E00800110E800001800810E00800110E800001800810E00800110E800001800810E00800110E800001800810E00800110E800001800810E00800110E800001800810E00800110E800001800810E00800110E800001800810E00800110E800001800810E00800110E800001800810E00800110E800001800810E00800110E800001800810E00800110E800001800810E00800110E800001800810E00800110E800001800810E00800110E800001800810E00800110E800001800810E00800110E800001800810E00800110E800001800810E00800110E800001800810E00800110E800001800810E00800110E800001800810E00800110E800001800810E00800110E800001800810E00800110E800001800810E00800110E800001800810E00800110E800001800810E00800110E800001800810E00800110E800001800810E00800110E800001800810E008001FC2F7ED91508B8685FB60000000049454E44AE426082');


/* hu   Hungarian,            */
INSERT INTO "Locales" VALUES('Hungarian','hu');
INSERT INTO "Languages" VALUES('Hungarian','English','Hungarian');
/*Hungary*/INSERT INTO "Flags" VALUES('Hungarian', 0, X'89504E470D0A1A0A0000000D49484452000003200000019008060000005625043400000006624B474400FF00FF00FFA0BDA7930000000774494D4507DA040B10270A7BC64C230000087A49444154789CEDDA410D02410004C13B82014CE0075508400B16E0439040B0C16B71D1FBD82A05F3ED64F6F7E93C36000080C061F6000000601D02040000C8081000002023400000808C000100003202040000C8081000002023400000808C000100003202040000C8081000002023400000808C000100003202040000C8081000002023400000808C000100003202040000C8081000002023400000808C000100003202040000C8081000002023400000808C000100003202040000C8081000002023400000808C000100003202040000C8081000002023400000808C000100003202040000C8081000002023400000808C000100003202040000C8081000002023400000808C000100003202040000C8081000002023400000808C000100003202040000C8081000002023400000808C000100003202040000C8081000002023400000808C000100003202040000C8081000002023400000808C000100003202040000C8081000002023400000808C000100003202040000C8081000002023400000808C000100003202040000C8081000002023400000808C000100003202040000C8081000002023400000808C000100003202040000C8081000002023400000808C000100003202040000C8081000002023400000808C000100003202040000C8081000002023400000808C000100003202040000C8081000002023400000808C000100003202040000C8081000002023400000808C000100003202040000C8081000002023400000808C000100003202040000C8081000002023400000808C000100003202040000C8081000002023400000808C000100003202040000C8081000002023400000808C000100003202040000C8081000002023400000808C000100003202040000C8081000002023400000808C000100003202040000C8081000002023400000808C000100003202040000C8081000002023400000808C000100003202040000C8081000002023400000808C000100003202040000C808100000202340000080CCFEFB7C1FB3470000006BD8C71863F6080000600D2E5800004046800000001901020000640408000090112000004046800000001901020000640408000090112000004046800000001901020000640408000090112000004046800000001901020000640408000090112000004046800000001901020000640408000090112000004046800000001901020000640408000090112000004046800000001901020000640408000090112000004046800000001901020000640408000090112000004046800000001901020000640408000090112000004046800000001901020000640408000090112000004046800000001901020000640408000090112000004046800000001901020000640408000090112000004046800000001901020000640408000090112000004046800000001901020000640408000090112000004046800000001901020000640408000090112000004046800000001901020000640408000090112000004046800000001901020000640408000090112000004046800000001901020000640408000090112000004046800000001901020000640408000090112000004046800000001901020000640408000090112000004046800000001901020000640408000090112000004046800000001901020000640408000090112000004046800000001901020000640408000090112000004046800000001901020000640408000090112000004046800000001901020000640408000090112000004046800000001901020000640408000090112000004046800000001901020000640408000090112000004046800000001901020000640408000090112000004046800000001901020000640408000090112000004046800000001901020000640408000090112000004046800000001901020000640408000090112000004046800000001901020000640408000090112000004046800000001901020000648EB7D7FD397B040000B0867DBB5EC6EC110000C01A5CB00000808C000100003202040000C8081000002023400000808C000100003202040000C8081000002023400000808C000100003202040000C8081000002023400000808C000100003202040000C8081000002023400000808C000100003202040000C8081000002023400000808C000100003202040000C8081000002023400000808C000100003202040000C8081000002023400000808C000100003202040000C8081000002023400000808C000100003202040000C8081000002023400000808C000100003202040000C8081000002023400000808C000100003202040000C8081000002023400000808C000100003202040000C8081000002023400000808C000100003202040000C8081000002023400000808C000100003202040000C8081000002023400000808C000100003202040000C8081000002023400000808C000100003202040000C8081000002023400000808C000100003202040000C8081000002023400000808C000100003202040000C8081000002023400000808C000100003202040000C8081000002023400000808C000100003202040000C8081000002023400000808C000100003202040000C8081000002023400000808C000100003202040000C8081000002023400000808C000100003202040000C8081000002023400000808C000100003202040000C8081000002023400000808C000100003202040000C8081000002023400000808C000100003202040000C8081000002023400000808C000100003202040000C8081000002023400000808C000100003202040000C8081000002023400000808C000100003202040000C8081000002023400000808C000100003202040000C8081000002023400000808C000100003202040000C8081000002023400000808C000100003202040000C8081000002023400000808C000100003202040000C80810000020F307D361114E2F8B94230000000049454E44AE426082');


/* id   Indonesian,           */
INSERT INTO "Locales" VALUES('Indonesian','id');
INSERT INTO "Languages" VALUES('Indonesian','English','Indonesian');
/*Indonesia*/INSERT INTO "Flags" VALUES('Indonesian', 0, X'89504E470D0A1A0A0000000D4948445200000140000000D50806000000264C29EE00000006624B474400FF00FF00FFA0BDA7930000000774494D4507DB071D0D192AEC1DE683000002E649444154789CEDD7310DC300100441DB0A0157611066A9C33494DE30BED8190457AD74E7FFFECC0110746D0F00D82280409600025902086409209025804096000259020864092090258040960002590208640920902580409600025902086409209025804096000259020864092090258040960002590208640920902580409600025902086409209025804096000259020864092090258040960002590208640920902580409600025902086409209025804096000259020864092090258040960002590208640920902580409600025902086409209025804096000259020864092090258040960002590208640920902580409600025902086409209025804096000259020864092090258040960002590208640920902580409600025902086409209025804096000259020864092090258040960002590208640920902580409600025902086409209025804096000259020864092090258040960002590208640920902580409600025902086409209025804096000259020864092090F57AFFBEDB1B00569C3333DB230036B8C0409600025902086409209025804096000259020864092090258040960002590208640920902580409600025902086409209025804096000259020864092090258040960002590208640920902580409600025902086409209025804096000259020864092090258040960002590208640920902580409600025902086409209025804096000259020864092090258040960002590208640920902580409600025902086409209025804096000259020864092090258040960002590208640920902580409600025902086409209025804096000259020864092090258040960002590208640920902580409600025902086409209025804096000259020864092090258040960002590208640920902580409600025902086409209025804096000259020864092090258040960002590208640920902580409600025902086409209025804096000259020864092090258040D6037CC80896408BDE5A0000000049454E44AE426082');


/* it   Italian,              */
INSERT INTO "Locales" VALUES('Italian','it');
INSERT INTO "Languages" VALUES('Italian','English','Italian');
/*Italy      */INSERT INTO "Flags" VALUES('Italian', 0, X'89504E470D0A1A0A0000000D49484452000000C80000008508060000001E9EB72C00000006624B474400FF00FF00FFA0BDA7930000000774494D4507DB0403113108867A09A50000019349444154789CEDD3B11141011444D147475223964A240AD0812E648AFA2D888C36647470533F38A7829D9DB99B791CBFC3DC76E7E57EB8EEFFBD630D9EA7CBF279BD7D3133DB7F0F8035130804814010080481401008048140100804814010080481401008048140100804814010080481401008048140100804814010080481401008048140100804814010080481401008048140100804814010080481401008048140100804814010080481401008048140100804814010080481401008048140100804814010080481401008048140100804814010080481401008048140100804814010080481401008048140100804814010080481401008048140100804814010080481401008048140100804814010080481401008048140100804814010080481401008048140100804814010080481401008048140100804814010080481401008048140100804814010080481401008048140100804814010080481401008048140100804814010080481401008048140100804814010080481401008048140100804814010080481401008841F79360B39B6CEF74F0000000049454E44AE426082');
/*SanMarino  */INSERT INTO "Flags" VALUES('Italian', 1, X'89504E470D0A1A0A0000000D49484452000000C80000009608060000009BDCC71900000006624B474400FF00FF00FFA0BDA7930000200049444154789CEDDD777C1475E2FFF1D7CCCEF6DDECA657D22094107A13A5DAC0861DEC8AE5ECE54E3DEB79963BCFD3F3AB1E76141B8A88A2A0880514A4F71E4802E9BDEC667B9FF9FD110C46FCE5BC7BA85133CFC78307C9CE64E7339FDDF77E3E33F3D9CF088AA228A854AA1F24F6740154AA5F3335202A5537D480A854DD5003A25275430D884AD50D35202A5537D480A854DD5003A25275430D884AD50D35202A5537D480A854DD5003A25275430D884AD50D35202A5537D480A854DD5003A25275430D884AD50D35202A5537D480A854DD5003A25275430DC8AF482010C0EBF5F6743154DFA106E45764FEE3A7F2FA63337BBA18AAEF907ABA002A0887C3844221B4BA1424298AD7EB4592240C06434F17ADD713D479B17ADECB8F9C4D86F91056BD0949A3E00EFAA96ACFE1BA073FE9E9A2F57A6A0BF22B60CD184F8B2389DAE666446434E634AC19B93D5D2C156A0BF2ABF2E2C317801CE1BA073FE8E9A2A80E530FD27F253EFDF453C4C4B168D326B26CD9B29E2E8EEA30B58BF52BD0DEDE8EC7E3E5824BAF0160F5EAD5343737939292D2C32553A901F9150887C31417175350508046A3211A8D120E877BBA582AD480FC2AB4D41F222BB0903D1F2E405604625181A6D47F939595D5D345EBF5D480FC0AAC5FF230E79E6844D275FC1E8DC0E22FFFC9A8634FEAD982A9D483F49EB67EF5979862B56CDC16C0E3008F13D66D0960949B58B7EAB39E2E5EAFA79EE6ED618FDE3A85546D1D6FAF6C66447F0BA2A0B079BF974B4E4CA53194CA5F9E5DDBD345ECD5D480FC020E1E3CC8C71F7FCCECD9B3B1DBED3CFFFCF3B4B7B7A3150234EC7F8F6D7B1A38F7043BBB2A2C44A23146170458BCB29D31C3D3491B388B28660C0603B7DC720B1E8F8779F3E6317DFA74060E1CD8D3BBF6BBA706E467505252C2F2E5CBB1582C58AD56E6BFF92A85037329DDBF839C742B216F2DF9E951A2910891201C6C8870D23813C52D03104481A294123EDBE0A36F9A16AD0124494B758B0E419F466D9397FE834672A0B49A8B2FBD129FCF87CBE562EAD4A90C1B36ACA777FD77470DC8CFE0EAABAE44E3DB46FFF4768AF20D6844A86808D3D816211C5248B2696977C5D06B34B428F9A4991D68A32E5AB5A3516485A4D856C2A28DE6400A299A3282E118769B86567704BD5E203541222F438FACC0EE83010E36DB512C6379E9E5577A7AD77F77D483F49F502C16E3E187FE4A8EEE4BEE9829B3BFDCCF818321366E0FE06B07BD2261371A68F79A7149455C70DF2A9E7CE52B828622BCFE187A431C06930D5F4026621CC493AF7CC985F77D835B3B0C77C04C9CC1800109B70336EF08B2B724C881CA00379F2993A7FB82071FFC0BD168B4A7ABE177456D417E424F3EF924BBD7BDC69C5B74DCF9EF5A664D4962CDAE205ED35866CCBC9171E3C6A1D3E98EFA3B87C3C13F6F1C426D6B180181F4782D7F7A662BE9E9E947AD1B0E87D9B2650B4BDE7D1E936F031386EB59F4751B4FDC9AC5EDCF471938EE726EBFFDF65F62777B05B505F90989A248B2358CAC40302CB3698F8FD36F58C41373DE65E2C4895DC2E172B9B8F2B273A9ABAB23212181DDE57ECE9F66E7A2D3EDECA9F2939E9E4E434303D75C713E2D2D2D9D7FA7D3E938EEB8E3787CCEDB9C75CB6236EDF6E10FC984A30AC97141341A4D4FECFAEF961A909FD0F0E1C3F1FA43880224C649E467EAF17ADC9DCBBFFAEA2B1A1A1A0078F0EEABB8FBCC529EBA77226BBE59CD9821468E1F6D65FC100BC78D30B37EDD5A9EF8F344EE3AF3007FBFFF72009A9A9A58B16245E7F3B9DD2EF2D27424D925749280CB1366F0E0C1BFEC4EFFCEA957D27F4253A74EE5E567D25194306DEE18B228F3C51B373369F21E0441E0FD97AE213D2186473F051BBB494BB4F0C06C3B373F71217FBD2A89365794AA863057CE48E2EE4767F2DC9D6900A468CBB8F7CE3FA0737D418B5BE0C4132B50148565AFDEC8D8FE22ADED1DC71DEE682A279DA45E7DFF29A9C7203FA17038CC4D37DDC831692B185F64E68197EB898415A2E8B8EAB6E769DE7A27179E6CA7B83C883710C3641049B449A427690128AE08100CCA8C1C6406C0E58D71A02A884127222B0A23FA9B58B4D249D68417F9DB7DB389D707B0C769F8F3E569EC3D14E49BDA1379FC897F61B1587AB21A7E57D42ED64F48A7D3919D9DC347EB04D292B44C186A61488189771ECEA46DFB1D0CCAD5F1E1AA767233758C1D6CA630DFC8E71B8F74C1BC7E195FE8C8E7D5B2752E46F43731ACC04851BE914FD6B91835C8C49E4FAFE1A3C7529938CAC2F08146B25275BCB75A2125350DA3D1D813BBFEBBA5B6203F830D1B36F0F23FCEE4C293E3D955EAE78C897632923B5A894048E6EDE56D8C1F6261EE92160ED546C84C31202B0AA148C74BA1D78A8802D4B704C94DD7F287B352D854ECE58293E2311B3B0EC2EB5B227CB1C9C5801C238B56B673C51D1F3061C2841EDBE7DF2B35203F3159963975DAF1A4EAF771DC503329095A0AF30C6CD8E363DB013F4D8E287D337524DBA58EF65B817044201C89750644A715D06B45745A100401455668F3C438541D223D59CBC80126460F3272A82E4C4D5398CDFB7C54B9FBF2E9E7ABD1EBF53D5B01BF336A17EB27268A229F7DB98A09673C48694D84E3475B99B7B4951D07FCC45B356424690947642C26111181BC0C3D579D99406D43847E197A0AB30D1CAA0A73E9A909F4CDD4232A60318984C33269495AE2CC225B8A7D2CF8DCC9C4E1162A1B220C9BFA6756AEDAA886E367A006E46772CDB53732EB960F39EF9E4AB2D374B8FC0A5683C409A3AC78DC32B9697A248D40BB3B467D4B84FA96308EF6182D8E188D6D61EA9AC2B43963E8740239697A9CCE18278CB662D14BB8FD0A290912173F50CD8C6B1672EB1FEFECE9DDFDDD524FF3FE8CC68C198B2859D85316A04F8A4451BE91B2EA100EB7CCB00146EA5B23543584D95FE527215EC3EADD2E00D25235BCFFB503A34E222F43C798C1265E5EDC4A797598A27C03A24661FB8100264B12C71EA71E77FC9CD463909FD93FFFF94F8668E631FFF3365212259A1C1172320CA4C64BF4CDD2E16E976971460947217AF81844D20AE82448899788B38B1CAC0BD3E28C52591722355162508E8164BB01FBB817983A756A0FEFE1EF9B1A905FC0053326E16A2FE192132D54D74638541B02057C2199CC443D497689048B84412BA000E1A8429B274A9B2B4A4D7310B3518300E464E8C8C9D2F1C9463F83C7CCE4AF7F7BA6A777ED774FED62FD024E3DEF6A9AB6DEC7E76BBD8CE86762EA701BA200CAE1315BB202DE400CB7AF637DAD16122D1229368911FD4C0802C80A34B747F86AA387B1830CC4E70DEDD99DEA25D483F4FF417373F37FB57E5E5E1E3BCB6492E23458F412A1B0422CD61110492360D08A24DBB4A4256A494FD49214A7C5A817913402B202B11884C20A16838664BB96ED07A2F4EBD7EF476FDFEFF7ABB755F81FA95DACFFD292251FF1E7BFFC99BDDBF6A1D56A7F709D4824C28B2FCC61C79AD7493639488917906581BAD6083BF6FB506481C23E460A738C584D128200B19882462300477E96E58E96E5404D80DD957E440D8C1C6426234942232A34B72B3479E21976ECA5DC74CB1FFFBFE539EBFC337169DAD046F5580C5616CFFFE867AB9FDF1B3520FF85471FFF3BEF2D5F80CEA8E3CB055F63B3D98E5A67C3860DFCDF8317F187193AF233F57CB2C649636B0C4180817906CE9868E3B1D79BD85F0E4D1E89AC340B5A318A51AB20281DEBC968F0874016F4D4360788378428EA1BE3EE2BD258B6D64571451014484ED070C6443B354D615E5812E696FBDE64E2C4894795E9ED05F359B0E64D0C663DD17094D64A277FBCFC4ECE3DE7DC5FA2DA7ED3D42ED68FF4E8E37FE7B3ADCBC81B9E8D24697E301C2FBDF02C1FBD782E2FDC6967ED4E0FFFF77A334A404B41B299826433650723FCF9995AEE999D466E86CCE397DBC8B587C8C81DC96373D722268E236018CC6373D7D26FC809A45B23DC7FAE9EBE1951EEBB329DFB9EAB63FF81303976237D134D88212D73E6B7F2F5162F2FDE61E7D3572FE0B9394F1D55AE602084562FA1C80A068B9EC2C905CC9BFF2A070E1CF825AAEE374D6D417E848F967EC84B4B9F25140CD16F641EA5AB2B58B5A4EB743C8B3F789F1DCB6FE5CA1989FCEB8D66FAA775749F62310541805044C1A01568F7C5108C31F2327478DB44C60DB410892A3CBAA09ED9D39249B64BCCF9A899EBCF48C16A14D971C8474C1FA5C519C5E700BBB5A34BA6D11C3ECA1704FCC118654D016EBF2C85F99F3A1830F509665D706167D9FC7E3F275F3895C2C9FD29DF5945DE906CFC9E00EE92001F2FFCF497AECEDF14B505F98EB6B6369E7AEAE84FE0E7DF9E43381C2667701F00922CC95D96B7B4B4F0C9FCDBF9D345293CF9461305A946526C3A1A1D61966D71B0AFDEC3577BDAF972878B7054E6506D88F1432C6C29F170A0264071B59FCB4E4AA2AC2E80D31365FAE8384A6BFDD4B78559BDDBCDB143CD1CAC09220BB076AF9B2F773A29AEF7B06C8B8366478414BB8EFC14234FBED1C4CDB392F962E15D3436367696CFE3F120481DC7377943B329DD568ED96EC2A08EFCFD8FD4807CC7F5B75ECB8265F3BB3CB660E102CC9906444140AB97A8D855C56DD777FDCEF7BDB75FC93D97C6F1CC8266FAA59A484FD0E1F446D8B8DFC33F6EC9E0A16B3379E19E6C6C56114501BB5583C31DC56CD050DF1A66E12A078F7E021F6D70F3D8BB0D3CFDA5C8A2354E7697FB3119445CDE1876AB0605B0C5893C7F4F360F5F97C963B766B2A9C44DB3334246BC967E29269E9CDFCCBD97DBF9CB5D5777962F353595FBAF7D8883DB2A104481D49C24EA4A1B680D35B1E0DD059DEBAD58B982F32F3A9F582CF6B3D6F36F891A90C38A8B8B69D7B6624AD6F3CA6B47A6CF59B6F2635A2A5BC91D9A8DA7CD4B8A2693D4D4D4CED9434A4A4A48D3EDC01790F1B81492E2B438BD51402022CB6426777C0FDDA01300855D153EAE382389656B5D18B402EF6D564839EB9F9CFDF7259CF4E86A8EFFDB2ACE7B6C290557BEC9FBDBB544A3F0F90637579C91C49E2A2F9118980C1D2F5B66B28E180A82A8D0D21EC56E95F07BA0DD1DA38F7117C5C5C59DFB3165F214BC2D7E42FE30F6541BEDCD6E52F392B0D96C3CFEC81DBCFDEABF9833F719347911FEF6E823BF58BDFFDAA90139ECB1A71E25B7A80F669B99255F2EEE7CBCC9D988A4D7E275FAF01F8C72C9CCCB38E59CE9D4D4D400F0CC13F773DD3949BCB5AC8D824C2381B08C280804C2322EAFC0CEB200002BB778D068051EBC3E0DAF2FC69A1D21761BCE64C6635FD07FD4240024AD0E9DA1A3DB939E57C0398F2DA339E72A566D0BD3EE8EF2C8F5E9E80DB0724BC797ACF61C0CE0F08042C715785F30467E9A9EB797B771D58C449E79E29ECEFDD0EBF57CB3743D87D656130D45C91F9643C9A643ECDBB99141C2326AB73D4BC8E8231A8EB162EBE7FCF591077E896AFFD55303725893A701048846A2F8F074B610F535F558E24DE85BE23879EA349E78F351EC7DACB4B6B6128D4611BC5B911505BF172C060D28108AC85434471977FD8B3CB92C9ECF37BA983CD2C23DB3D358B6DEC70D73224CB87F25132FBEED3F966BEC999771C2C3ABB8F94558BAC6C75D97A73179A495159BDD3CBED4C6B137CCA5A4368A82822C2BE8B502A18040242AA30BEC24128970F0E0419E7BEE595E79752EEFBEB28842E328BCE521FC2E3FAB3F7D9B1617D43444C91E9249D01764D0E47E6C2FDEFA7357F96F823AD4E4B028918EFF23512C61177FB9663013CEB8179FCBC7B1B95348494961F1868518AC7A6425466666260B172E647CA1C0A22F1DCC9C9484AC28B87C31EA5BC3541B27717CD128728ADEE4B3355FF2E66BDF201A6C8C3DF32A669D157FD4F66539C6A6852F11A7559012B31830F5CCCE651AAD9699FF588ADFDDCEAD4BE6110DBA48E93F9EA9B74F0760D5A613C80C7C4546A296480C0A320DBCBFC2C9F8222D0B162CC0E576F1D1C685E82D7A3E58B5908837C6574B5673C1E5B3682FDF87601CC8D6AA1D0C9D087254261A89A189AA6F0D505B904E72B4E36CB700A4893EAE3DD9CCDBF39E42ABE838FFEC99BCF3D91BA4E5252347659408A4A7A7B37AE562A68DB771A83A4266928E3EC97A8A724D9434CA1C7FE503E8241D3A49C7A8A9A731E9927B484A1F801C8E763EFEDD7FEB5EFF17674D1EC335975EC8E5D38FA376F796A3D6B127A45078DC19A4E68F61C4E4533B1F3F7EF6FD1C6A86DA96301A11CC7A0D95F5614E3EC6C6EA151F70F1451723881A2C7633C6040379E3B3387ED644AC7156EA9B5C3CBF781B79A70C27128E2088029256832BE8EAD917E457A25707C4E17074FE2C291DC334A29118AD71E95C37A785B22A0F8F3CF010B7DD7F0BFDC6E651B1A79AECC24C4CA2054110903DA5489A23C3D4BF551EEA43588EE1F57BF1FABDECD9F0153BE63FCE4983D3496ADE49D9B66F3A977DFB2F3F2D9137DE7883479F7C9AE4E4645AEBCA8F5AE7D3E71F42AAD8C8D4FEC934AF7A078FCF83D7EF251809D12C669364D3E2F04489C90AE1208802E02B439224249F1E49D290906EA3E6403D8513FA53E7A826CE6AC29E9E8DA4D7D250D6446A5E0A9E362FD3264DFF255F8A5FAD5E1D909B6EBD91071EFC0B0063878C27E80BA12890549887396F34069D40C1804144CD419A2B5B894BB0D252DDCA15E75F452412C1AC6D6773B19FC139E6CEE7DC57E5C7D4EFF82EDB0955EC60DC9831AC59B79ECB2FBF1C6FE5BEA3CAA2D1EAD06AB544F556AEBBF94F0C9C32A3CB7245513876703F9A9A9A88CA32679E760ACE869ACEE5E682134889979836CACEB07C13857D4CACDFEDC3AA77A1D56A3975CAE93455B562B418C91BD287BD6B0F206B620C1F39069DA021128C100A4610352275071A89B31E3D52A037D23CF8E0830FF674217ACA6B0B5FE5507B29D525B53C70EF5F79E6FFFE8DD1AE4767D0126D5510A35136EDDB8529438FBBD5437CBA9D385F32F7DE792F9B376FC659BE88E6B608270D8D473A3CD0F08BED6ED24FB9174977E4FBE1E1DAFD6C58F30DED1191D52BBE40973398F88C9C2E6539B47727575E781E5BB76C61EA4D0F23885D3FBB1459A6AD7813DBB66DA5C62FB06FFB6632C69C802074AC97D4279F9A35EF30BABF09935E437E868135C52E6C1691987934175C7001C69885AFD7AF2431231E9D414B2010A2BEBE05FC3E8424234A4CA6BEB489A5AF7ECAA489937EE6DAFF6DE8D52D485489D06F542E1B6BD670CBED37F3B73BFF41C81DA6724F0D9E1607FD060CA6C1554B63791382289212CC6274D1180076EDDA45568A96764F0CBDF64835367BB5C4C527A2D3E93AFFF931327DFA7424394CD271673270FC095D96EB743A069F328B43E5E50C2E1C74D4329D4E87C168443298183A7428080289E3676030183B975BE26C34FB8E8CE6D588026E6F8CBC0C3DFBF6ED23140A31F3FC9964EA73A9DED84834124340419034F803218A5797107341866067C3DA95BFF86BF16BD5AB032269243C0E2F495909D453C157DFACE4A60B6FA3B1BC1983060ED536D050D58C45B1F38F9BFF851C81279FFD170055555514641BF007BA1E7F382347CF6AD8FFC4F390743A460C1D42564161E7E37A9D8E789B9D789B9DB4B44CF61EAAC168D0773E166FB3A3D31E99F0BA31A6E7D65B6F254E2B909ED7FFA8EDB823E62EBF07023020474F55650527CE98CAA4738EA5B47E3F271D3B0DA5518B51B6505152493818408C482438CBB9F3E47A767DF160E773F4F6DB29F4EA80D8CC0958132C341E6A26393B89AFB67DC1E9A79EC165E7CD66CFA112F6EDDFCFFC97DE61D97BCB79F68539AC2F59872CC9783C1E5A1ACBC94ED51189C85D9E33C2D1E39B249D8E2DFBCAC8484FEBF2E637194D5DD6F3CB1AAA9DFE2E8F994DA6CEF5A79C7F351F7CF811564BD7BFFB5640E81A905058212349475B732599E959F419924E5C9A8555655FD0D05ACB6B4FBFC59BAFBE454C89929F9ECAD07E6934B6CA54B759282D2BE5DEFBEEE1D853C7F2C823BDF7CA7AAF0EC8AC3367D170A8198D24E26EF5D077742EF73E70370FDCF700624466FF9E031C3BFE582EBEE2624A1D25202818E30CB85C2E827E2F46BD4824DAB505098BE6A3B6A3114574F1E96CDFB9FB07CBA1C8326E470BFB36AEA2BDAD0DB7A3851F1A642D080287AAEB09460534E2D12F5D4CF3FDD64B412B0944C221745A3D468B81D4DC64FCEE0085530B98FD87CB9978DC24CC261BAE7607164B22F35642B9CBC4D5B7CFA64A2A2573705AC7B9EF5EAA570764C6196712AC8F92D13F9D8ADD55483A0DA5352500188D662EBDFC129E78F209CA9D6558E2CD847C21445143626262E77348DF7BA346C4AE9FEE568B95386B1CB6D4742A5ADC7CDFBA45F378F9E67379F9DE6BC9484EC2D754C55B7FBD9E39D79F493814ECB26E7B6B1365D5B50C983283386B1C1673D730C6A4AE0191BFD3B83DFBE473946DAC4467D0923F3487AAE25AAC457AAEBFE97A22A97A6ADB5A3918CE4393368084E136064EC9C7D1D08E25DE4CED77CE96F536BDFE72E9076F7CC869174DA3FFD87E14AF2F45AFD7E372B90819A0DE5BCB828FDF21B95F22AE1617169B19D94B9709A265BA7ED2CB4AC7C7AD56ABC56C30F2D92B4FA0C4A2D4EEDB865EAFE5DDC7EF4608B8E937FE24469D7C367507F772EB6DB772DF3D7793367420F979796CDBBE9DCCAC6C629130E80DAC98F7245BBFFE94D4AC1C4E3C6634CB5E7C14AFAB9D41C74CE6C44B6EC2EBF312894611C4AE37CF110F7FF28B22C4C5C5C1E1C3094123905190466D4903CD55C58C3D7D0403C7F565CD67AB197BCE70448D4853650B0969765CCD6E46161CFBF3BD00BF72BDBA05818E37CE476F7C82634FC7A4062E878B33CE3F8D41C7F547B2884816B1E31A812F8CD6A83DEA029AF8BDFE874E94D16AB5584C66CAF76EC71472B2E1B30FB1DBE2185C58C8E6CF3F64EEB34F51BDBFA3BB158D44A8AAAAE2EA6BAE2512893266CC18AEBEEA2A2A2B2B3A9FD3DB58497E6E0E4D9565C4D96CD41CD84DB2CD4CA4B50E008BD9825EAB43FEDE3075F1704224B1A329B9FEE29BA9DBD282C7E1C36831206935A4E727E36870A237E9094743C4A232CE86760441C06C33D156E9E2BC73CFFB096BFCB7A5D706E4B5D75EC3E97402909898C8B245CB9973FF8BE4C617205BC2288242DFE13938EA1D34553693949D88D0AE81C3DD1693351EAF5FE6FB773C1345018BA9A3EBA3A060B3DBB8EEBAEB1933761C898989BCF3CE3B949595A1281D4F5434F954F6EDDD4B4242024E8783482442525212DE8882D112D7F13C8AC269A79DC6A5975FC19E3D7B78EEB9E7F8DBC30F75D9AEC9644250E4EF954521109211751D17FD2E987901F39E7E83AA6D7594AE2FA766771D7AB301492BE1770718397D281B3EDA8ADF1B2425270947A3936BCEBB8E3E7DFAFCA475FF5B225DBEBCAEA7CBD023D6CD9BCF3F5E7A8ABEE73F4C4AE1185C15C5D857DF83A3A6969C938EA3BDC985D6A0456FD2939A9F42556980F48997F2D647FFE2C0C0732909A55356B3159DAE6B0B2229478E1BACF189ACD8B0813BEEBC8B482482D7ED62DAB469DCFAA73BE83F76320043279FC26B9F2EA4C8E5A2ADAD8DFAFA7ADE7FFF7DFA0C3BAEF379DA9C1D57C3870F1F41637D3D53A74EA5B9B999AAEAAA2EDB368A812EBF6BB522E57521B684D2183CE362E46810734A2E69D3EE27A16018E1576791599086B3D1452414C5D9E22231331E5B721CC51B2B703965A2FD72F8BA97BE47A0171F834826333999317C9B9E60F7A6FED8B30773D5B0282F39B41D5D8BFA8ED6252EC9428B2B8371773DC6EE67CE25777006556B96604DCFA6AC2688C9F8BD2E967C64905F6A9F7C127306B06DEB16DA1C0EF27272F8F7BFFFCDDEB24A2EBBECEE237FA337B071C37AE21312A8A9A92133339306E9C895F8D9FF7C8D576F9B495E6E2E82004F3DF514DB77EDE1FC3B1FEFBAED68D7930026A3C881CA20D68C3C9AD7AFC79610C3868383EF7F8968CD4308840108F94358132DD414D791DC27995DEB9A481E791691C6F788EBF3E3E7DFFA3DEAB55D2CAD2589E4EC242C76038583DCB4EC5AC2D335D328F16600108B741CD126A4D9E97FD6ADEC7EE58F8C3AB100639C015FED5EECD9FD6971464949D012FACEB510235D27684B2918CAEEDDBB484C4860CD9A35A4A4A4207DEF56D08AA2306AF468DADA5A39E698633874E85097E51A8D84A208646464A2D7E9A9AEAE26100C92989ED5653D239ECE9FA331859444896667146B461E2841E253ED381A9CE40C4C416E2F2529CD0080DF1DC06C33A14FCC271C3F059D368AD0B084F884C31343F462BD362029C3A7D2DEE20641201A8E72CCC9D93497ADC5367022A1401839F6ED1B43201AF491606945D249283208B100F1F9851C6A921833D8CC573B8FB41A89BA00CA77CEAF6AF53A24AD96AAAA2AC68E1DCBAE5DBB7EB03C315926273B0787C341FFFE475F2597B412959515048201525353F9DEC9331445215EEFEBFCFD9B3D1E460D3451DEA42179C07034D62C0441203ED54E4B4D2B5903D2A8D8D784BBCD83A22854ECA9251C9518D8E7208346A563B59BC81E9446C5CA85FF7B25FF0EF4DA80648D9A4A73B59BAC01E9D41F6C2216951939250B7F4331E5BB6A8845651445C1ED0C50B366217D87F7C1EF0EA0376AD1E8B4088248952F8941B906CA1A8EF4FDFBA5091CDC7DE4DB781AAD0EABC5424E4E0E5AADC4B061C3F8FE95374110D8B57327A228B268D1224A4A4A8EBA50A8D56A193A6C182693F907035459BC8BBCEF4CB6B2AFDA47515F2315DE44045143C4E7469115249D84DE6420E009A0355928DE11C6DBE6A5E2809BEC3E216459C6D1E4222D3F85F23D8DE49D30EBA7A9F0DFA85E1B100481B0BE804830C2C0B1FDD8BFA1145112C9EE13A2A95120353789DA9206FC0103314F1DA246A4B1A299A4CC44349634BC8D35B49987D0D816C1623EF2863F76B095E2D51F1CD9CEE1F779656525D5D5D52C59B204E107AE4C8F1C350ABFDF4F2C164396E5A35700CA4A4B090683CC9D3BB7F32CD8B7F6AE5CC4A421719DBF9BCCD0D21EA1D5D471DFF471B7CFE3D0BE8EEFBFC4255AF03ABDA466E8D1B8DB0836FB48CF36A0D36B68A971905D98494D49032125E1A86B2BBD4DEF0D083074F6DFD9F25535B22C3364E2200E6C28233D3F19BD4164DFC63ADC2D6E64C10C4AC7F5855854A6FA403D968C42D6FDE352D2279CC792352E0AFB19A86FEB38E035EA440CEDDF195222405353137DFBF6C5E7F3D3D4D47454B75ED468D06975842361B2B2B23ABA50DFE3F7F9484E4EC6A0D753595949F47BD73C74CE1D98F41D2F67537B84C2BE06967CE3226DFC3900484633C6B481D41F6C221C08230822EDAD5EB2F45142421C01B70FA3D580206AD8BBEE104DAD098CB8E995A3CAD1DBF4EA8008A286E137BDC596D5EDD496355034612065DB2A488C8F113778060D079B683FB80B416B21168DA1C8322D0E0B352B5EC0688A624A4C6753B9953326DA59BCA1AD997EB43A0000154E49444154F379F3CCAD840247061D1AF40624498B5EFFEDC1F9F7AEBE47C308A24056561FFEF4A73F71E59557D25C51D2651D9D5E8FCD6E47923A4E3C7EB70B160987C836B574FEFEFEDA56664CB2B3FE9085E4C231A028082F8CE7A2EC6DE41E77295587FC848331DC8D1E0439882714448E1F45E901118F611205572F62C8D5474FA0D71BF5EA80444301444962C4CD73318E7D881DDB05224A1CCE161F4DABE6913CFC34F293CC88A6142A76D7D0EE8821A50CC3962091352083FD1FCEA1CA3685AAC63076BBD0D9324C1F6561F5C26701F0B5B590919985A81119316224B366CD42FAFED5C5480893D184D7EBA5BCBC1C4992887ADBBBACA21145F47A3D168B85993367929A924234DCD16AAD59F802D3461EBE38A980CD2E50DB1CA6DA3C8180A309048178A386B34698B16D798EE17F98C398FB3E27274ECB8176057BBC8EDC13AF64F0A58FA1B52612723B7FDE8AFF0DE9D501F13656F3CD7D27B0F3998B39F8F13308C67472CF7F92E1777E4AFF73EF42ACDE4CBC4E43A0B186B2AD95A44CB88996DD2B91651993D548B07E17FD66DCC8DB5F78B9E49444DE5FDBD18AA4C66BD1557D06407DF136F2F2F34081FCFC7CAEBDF65A8CBA2301A9DCBF1B8BC984352E8EACAC2CA2D128E17018BDA663A61380A6EA724CA68E53B2469391C71E7B8CD9975DCA9A0FDF0240ACF884CCC48ED669D19A362E392591052BBC644CBE88D2799773E083A7D95123F2E1460D23070FE2E017F3D937E72CC24916064EE8833D4162CF4BD7B2E7B90B09EE7B9D5D4F9FC7818FE7FD62AFC3AF59AFBD500860CF1980392189F42C81E41C018DA69ABAE537E36893D1A48C65D0DD4BD978F7A908BE6D288664A6B43CCEC963DCCC5D27426E0A7A6D08411459EF1ACE8DDA0A7CB1F0B7F34933B920C0FECDAB5122FE8E7B9DA3B06BD72E244983511269AA2927B54F3E9FBFF61452C8CDF32FFE1B5FD8C3C6D255F8DA42B4377968BCEF2A66FFE539D62C9CCB88E123111068A86FE0F3CF3F07A076FF76CA760C62429E0FB0A228E0972318F522DF3417E27CF72EF206A6120E6DA33179144B6B82B4D5EC4517DFC4316717A1C414AA0FD4614DB0108E44319A8D381BDB89291A0A4EBAB0FBCAEB257A754000D2A75C8B52FD16CE7A27A14098DCA23EE46904029E2A763E3D8B217F7C09D7EB3750DEEC63489A9198624489751C5FC42559A8D9F00559331FE1F90FCFE0BAB39279F5FD662E3F3185630BAD2C7DF761F6ED6E21160D1308FBF1F85C7CB86C3182ACA16AEE930C183D12C1DCCCC0E9479FB6B5DB4D24D98D3C7BE7D9781ADD44DB071008F97038DBD8B26B13269395FADA4612E5722E3BC70AC0FCAF5BB8EA9C249EFFB01DCBB1F711DDF024B202B94599B8D71C24EED8EBB194B6D37744C7F7E10FEDACA4DFC83CF6AE2DC1EF0A20209251904E4549108D419DD81AD4809039F664F696AC2327AE81D4BC642AF756138DCAA46427326E5A1E3BDEFF2342FEF1C4EAE673DB3B2019AD18E33BAA4DA7D7120EFA30D81359EF3B864B83FB484DD5D0E48C901AAFE5B4223FD1FC22D2FA753D2B959C62A5ADA29D5D1BDFA370F2801F2C577BBB1FAD56C3B50F4DE78397BE267D641C923E01E818386836E9913DD90C6DDA0258697645884F14098565D6B8C7E25CFB2EE327F7A3FE6023724C26BF289D8AE65AACDA8EEE5D6D49C7FE2280DEA8252EC14A5C721C8776379131F5EA1F2C536FD4AB8F41BE5574E943D43AFB52BAB58ADCA1D9148CCAC3EF0950B6B51CB355245CBD0273B29DB16716A28B13F038BC047D41FC9E001ABD8E928F5F21EFD27FF2E8BB212E3F3D9177D674DCC3706291157355E951DB6B69F660CB8CE3A2DBA6611445C4EF5D18319BF5D86C46348787AB9F7BED54F2FAA574B9BCE8F387685EBD8189451DADC7826F9AB96A46227F7F2744EE25FFC4DA67309E362F2802D1480C8FC34B60FFBBF419984EC3A126249D8435C142E5BE1A9A2A5A70B6FAA92C719379E2B5E44DE9BDC3DBBF4F33ECE23F3DD8D385F835482E9A80216712BB967D49736513E14014591609F8C1E78DE26A6923B3208DBE43D2D1197554EEAA268601D1948CA679253E9F8E48DE7442C5CB9975B29DD73F6D65445F0BD909022B76BA89CB48EAB2BD60308256AB21273F199BCD88D7132416EBB8F8979868262B33018BC5D0B9BED1A843A311F1783A460BD76D2DE1AA910A8971126FAC68E2CA731259BEC1CD96CC7BB1E50CA475EF37580DADF8DD01923213D8BC7C2F432616D0DEE40205D2FB76B46A3B5795221B32C93AE9060A2FB8177BCEA05FA8C67F1B7A7D17EBBB8C09A98CB8FEB92E8F29720C41D450FCDE9358ECF5946D2F67E0D80292B3E259B7641F568D44DE902C9C0D4B69284BE25D6914230714337AA891E5DB9C9C322A9EA23DCD34FAF230983B46E89A4C3A4451403E1C0883414B41410A95550EBCDE208D8D6EBCDE10397D9290BE33A5505292955038465D751B854A130599897CBED5C9B0C1063CFE182FACB6A1E9B79FD68DAF60C83B818A7D2DC427EA3A26B5163554EDAD2521239E3E0333D8B4AC98A8A980DC331E207DE4E45FAE927F6384CB3EADEDDDC335BF23EC69A776F34A1C07D6A28D3561D04731DB24621105B733864E1B66D0F8BE946DAD60D03105789C5EF69524D0AF4F23217F88A43E89EC58534F8A26C8BC1BC27CB1D18D12D23069B08DFB163A483CB9E3069B59990924261E3DB983A2406D9D0387A363D0A1A415C9E993D8A525511485554FBFCB23E7DA59B7CF836288327DBC8D2B9F93F01AF5F41BDA3143FBFE9D3E0C89D948BE3DF85B63B4D5D7129F9D8C25DE42342AD356E7C29A91CB885BDEF8652AF7374AED621DE6AA2E65FDDFCFC3142DA170948DBCC1C9A4E6C49390662331C34E46DF785A6A5A114591DCA23E946E3D4462463CADD54D043C5E0C6609BD494F7E613207CA426CDEEEE0CF17DAD85EE6C3ED96397EB091159B5AB164A5E2F604F0FBC3982D7A349A232D8420802DCE884614F17883C8B282D3E947A311319B3A5A9F35EF7CCDB5A3152A1B43B445C2CC3A3981EBFFAF8D16AD9D821199B4D53948C949A6A136C2D06B9E66FF9B4FD13F5147AD338CC96EC096642129D3CED0C903B05A650E7DF606AE66370905237BAAEA7FD5D4801C66B025624C2DC075703D56BB1167433BCE2617CE4627ED4D6E5A6BDAD0481AEA4A1A70343AC91B9A4DC3A126FC8E56A2C64164E769A8DC5B43427A3C5A4D88D0903FF2C57B9F71EFA57656EE74414464685294CD07435852E30987A3389D7E2449C468ECFAFD10B3598F41AFC5EDEE38DEF07882C83138B4E900534DB5F8833207DB7C5C7D5612D73EE5E640289B71D3F3696FF160B41AD16A25AA4B1DF8B77D413F73889D8D0A09C34FC06E0D30606C1E280A75A58D04BC41068CCAA172DB568C99C330D8927EA86A7A35B58BF53D4147337B5EBF83E4A410FD4664A3913A4E8B86FC614AB65413B10CA5CF88E389DBF810CDED616AFD1A1A2A9A49282864E484242A76553378C20076ED90E87BC61F89BC339339375A58BEDE4D537D0C93496283A61F0979474EFDC6C79BC8CA8C47FCDE14421E6F90CACA366459A6ADA2895181526459262945E4F489366E79CE4B45FC7412A57D986D0610044C7146D67FD64C5F53104DC48FDB17E4BC8979040395EC0CE652DEEA63CCC9051D23EE15A82DA9273EC3CEAEAD0AA36E9CF34B56F56F82DA827C8F64349339FE6CB419C751FCCD6E6ACBDCD455047104731870C913A40E3F1EDF8AA778E22C3735AD3198F12ADACA0D786AABF03447D1DB4DD41FAC27EA77937DC255888567F3CE8B1F71E16481E4640D6B7778488BBA701A93D01E6E3982C1081E779038ABB14B974BAF93B05A0CD497B7905DBB87667788E3C79BE99BA5E7E6B91A2C57BC47CBD6C5582D614451A0ADCE4DC3D63AF2F45E028664326E79134FF13A722D2E2E39518F4DE7A261FC8BEC58349FDA9246BCED6EA26199B67A0F91988EF4B167F454B5FF6AA92DC87F291A0CB07BCE1FC853CAA87381D7988AAFDD4D9C04856916225199BAB091EABA5A728FBF8041E7DE86A2C854CCBD81AB86EE634CA189C7DF6C829896E888D198938FDC6640ABD3909F9B8CC1706412EAE6EA56CA177D822846B8E3D2547696067879C720F2AE7E9EB0CFC557779D862DC9489A498B3916C11F92D957E725A16F5F34929668388C5991C9CD4B21965248E249378220A0C4A234EED98835230F9DDE88CE96D013D5F9ABA706E4BF50FEE5025A37BD4E9F01A92040637913724CC6EBD35374D1FDF4AB7F93ADAB36A3336722853D889240506326945448FA6937E2DCBF96FED5CFF1D06C1BEFAD70F2D93A37D609E3B1A51F99A951A311C9CB4DC66CD6517BB0819D6F2C61DA780B174E4BE0AFAFB553927513C6D45CCA5EBB9F647D188D2020684482E12821633269238F473B702225F36FC37478EEAB5854211494C93EFD3ED2864FECC11AFCED5103F223ED5DF82F94865524F749A4A5BA956838424A4E0A55A56EC6DFB718CDF23FF3CF53CBF8A638C2D2C19F120DF8A858F12E4AE556ECE126C29E76F4B6441C492388F3EEE29A639B193EC0C863AF35511A4EA470DAE8CE6D693402956BF7911AA8E69E2BD2D8531EE0A5D509B48979247BCA08785C68E3D37099FA601F359D8CD1C753B5E613CE082F23E06DA5DC15615D35E40E8A27128AE06870628C33E268111830EB01120A86F7604DFEB6A801F90F028E6676CEBB0F6DB812A3D5402C122331238148244A4D999BB177CC471F9780E7EB973959BB9CDA601CEBF4E7E1DAB112BD2462345B8920E0F6FA893A6AC8961C8892448D90C5C8C443DC3A43A4CD15E5F5E5ED04728A104401EDC1DDCC3E2D9EB44489271747D85A9B42B6D6490C2D759A2CA4F8542C9280569009F97D842351AC432661D9F71E779CEC26208479D27137659F3CC7C01176009C8DED182C069ADDE98CBBF9E91EAED5DF0E3520FFC1DE457368D9BA188B5583D16A405120E0074DC260465EF37704CD91C108619F1B4F7D05AC5BC0270BDFEAF23C6D6D6DBCFDEE42366DDF85A3A58980A301972F40D41ACFD8E44AAE39C34430A4A0280A66A3C84B4B7CACAE4A41E36E25CE6AC19C9A4B727A1663870DE1EACB2E223EBEEB9D724F9F7509BE824924B6AE2343DB40CBA4A77096EFE5E0070F61304A6416A40050B5BF9971F72FFFF92BEE77421D6AF21F149D7F339C7F3391809788DF8746A7436F3DFA36CE003A731C214F3BE386147579FC94534E61F9F2E5CCBEEC52CC063DA79E7A2A2E978B8C8C0C366FDECC376BD7F2FAD63682EE5662B11886B82412FADB9873F504C68E3B06599659B162055EAF97F1E3C773C30D3770CC31C770EBADB7766E63E49022366A6C988F7B1417A00352874E2075E897D46F5FCDA1A54F20D9B3D165F6DE89A8FF176A407E24ADD182D678F4DDA3BE2FB5681C7B177EDEE531AFB76332398D46C33BEFBC83D168E4B5D75EC36432F1E0830FB263DB3666CF9E4D301864C58A154C3BE178CACACAB8E7DEFB38E69863983D7B36CF3CF30C43860C61F0E0C1D4D5D51D35F5CF9EE2FDA4CC9AF98365CA1839990C75BCD5FF441DEEFE5F8AF83DDD2ED7E80C78235D671C311A8D2C5CB810A7D389DFDFF1652B9FCF476565252E970B8FC7434242027BF6EC61F8F0E1BCF8E28BDC73CF3D58AD565E7CF145B66CD982DD6E67E5CA9524252571D1451771F7DD7777D986371C43F39D1B87FE60D903DE6E97AB8EA6B620FFA5D5779D43526E01A9275C48FAB0097C3BC955E3AE7538367C4CA25EC05955D6E56F9E78E209CACBCB696F6FE7E28B2F26272707ABD54A7B7B3B4EA7139D4ED7394BC9C18307D1E974D4D51D99307AF5EAD52C5DBA94E5CB97130874CCACF8EDD76EBFD55A7100FF53D7E15124528E3B8BCC7127762EABD9F019D5CBE6D15657C98CD736FF5C55F3BBA406E4BF945E348685FFF757DEFF7029DBDFFF1B11454044E6CCE3C673E5C2B9AC5EBD9A975F7E994824C2D2A54BD9B06103EDEDED288A424E4E0E23468C60C080019D6F70B7DB4D2814E2C081034C9F3E9DFCFC7C3C1E0F82203077EE5C00162D5A445B5B1B9224B174E952AAAAAAF8E4934F48484860ECD8B19C75D659F4CBCFE3EAABAF66CA9429CC79E955BE9AF76744494B38E06374E100E62E7A8B532FB9AE27ABEE37493D8BF523C4C221345A5DC76C8C5E170DAFDFCFAA658B7F70DDEDDBB7F3E69B6F3278F06056AC58C1DB6FBF8D2449343434505A5ACADEBD7BA9ABABE393CFBE206DF0584C5A11935644F2B7214A5A248D44341C2264B013963BBA4E155B5773EE9933C8C8C860E8D0A1F4EFDF9FF4F474A2D128975D761913274EA4A4A484CB2EBB8C91237F7854EE98C927D2F786A7D0C7251CD9A7FFD02553A92DC88F52BDEA7D8A173CCDF06327130C4568ACAEE4B5B7E633FBD24B8E5A372E2E8EA2A222162F5E4C6A6A2AB366CDEAEC3E69341A0C06031515154C983489BA01A761CB1DC8A607CE2139D64CDC65FF4667B1D1F8EC157874498C7AE84322E5C50CF036B176ED5A72737359B3660D914804E170D7CE66B3F1C9279F70F6D96763B55A7FB0FC2FBDF22AF5D555049FBE19A3514FD9EEEDE49C30936157DCFBF355DAEF841A901F21EFE48B89B63570EC80341EBEEFAE6ED78DC562F4EFDF9FD9B367D3D2D2825EAFC7EBF5929C9C8C5EAFA7BEBEBEE33E884E2791A08F866DAB189B1262BBAF80FC011D9FFED585A733C4F10DF5EB3E46B4C41374B9282C2C64C89021A4A5A5118BC5686A6AC26C36138944888F8FEF7CFC875C7BF5555C7BF55500DC7ECFFD84CD296A387E24B58BF55FA8FDFA7DF4E59B7877DE8B1D37C5FC011E8F8739CFBFC0D79BB62199ECA0C4304822847CF4494B46124502C1205B4AAB1974CB1C2A9F381F2B014C7F780373523A008A2253F6C80C6C460D49B72C64FDFDE73161D43052929370793C54D53522E8CD441450108978DB99386618F7DE7DF7FFB715F1F97C9C75D1E5F85307D1EF6CF558E4C75203F25F0AB9DAA858F87F64C569B9E4DC3339EE98B1C8B2CC966D3B58F8D1C7D4B47990FA1F43D6A433F9EE34EE918097A63D9B70966C45B226D0F7C499942D9E4372D54AEAE24732E2A627BB6CA7F29BA518573F45AD3687A29B9F61EF826788789CA40C9B44F6F893918C5DBFB25BFED97CC2659BC9B49B39EF8CD338E1F82988A2C8E72BBEE68D77DFA3D91F63E0EC0730C4A7FC12D5F4BBA106E47F24472354ACFA88605D19D1580C6B9FFE644F38FDA8376E77F6DC339578A348CA1F3F4067B51FB5FCD023A743C843DFBFADFED1CF190B07295BF616CE43BBD1EA7498B20732F0F42B1025ED7FFE63D551D480F420775D39E694AC8E33643F408E46F1345462EBE5F709EC49EA417A0F8ACBCCEF76B928496A387A983AD444A5EA861A1095AA1B6A4054AA6EA80151A9BAA10644A5EA861A1095AA1B6A4054AA6EA80151A9BAA10644A5EA861A1095AA1B6A4054AA6EA80151A9BAA10644A5EA861A1095AA1B6A4054AA6EA80151A9BAA10644A5EA861A1095AA1B6A4054AA6EA80151A9BAA10644A5EA861A1095AA1B6A4054AA6EA80151A9BAA10644A5EA861A1095AA1B6A4054AA6EA80151A9BAA10644A5EA861A1095AA1B6A4054AA6EA80151A9BAA10644A5EA861A1095AA1B6A4054AA6EA80151A9BAF1FF00D9A0ADBFB7A7CC860000000049454E44AE426082');
INSERT INTO "SpeakLocales" VALUES('Italian',0,'it');
INSERT INTO "SpeakLanguages" VALUES('Italian','English',0,'Italian');
/*Solo pongo it, tambin hay it-it, pero debera ser lo mismo.*/


/* ja   Japanese,             */
INSERT INTO "Locales" VALUES('Japanese','ja');
INSERT INTO "Languages" VALUES('Japanese','English','Japanese');
/*Japan*/INSERT INTO "Flags" VALUES('Japanese', 0, X'89504E470D0A1A0A0000000D4948445200000140000000D50806000000264C29EE00000006624B474400FF00FF00FFA0BDA79300000F4149444154789CEDDDF973D4759EC7F157A7BB934ED22137108E709F0AC429410575C46B44C4D575D4615D1C672C6757742C1DB576C763576B65D541776B4A1DC7F56274665771474571451DAF29100F14044450308491441212725F7DED2FD41652EA4248FAFDFDF6E7F9F807F2A2BEE4994FF7B78F402A954A09001C94653D0000AC104000CE2280009C450001388B000270160104E02C0208C059041080B308200067114000CE2280009C450001388B000270160104E02C0208C059041080B308200067114000CE2280009C450001388B000270160104E02C0208C059041080B308200067114000CE2280009C450001388B000270160104E02C0208C059041080B308200067114000CE2280009C450001388B000270160104E02C0208C059041080B30820006785AC0720F3C51A9BD5DBB04FB1C666C51B5B94ECE955B237A64447972429989FABACECB0B222390A97162A5C5AA47079B1C22585C6CB91E90820FA452A9E50C7961D6ADFF4B9DA377EA68E2D5FA8ABFA4B75EFACFDBFD01DAE607EAE22A3872977EC08E54F19ABE88C498A4E9BA0FC2963150805FBF95F00170552A954CA7A04FC27D91B53CBEAF5DAF7F63A35AFFE48ADEF6DEA73E80E57B0205F85C74D53E1EC2A959C769C0A67571144F40901C4218B37B7A9E1F937D4F0FC1B6A7AFD3D25DA3BAD274992428551959C7EBCCACE9DABF2734F51A8A8C07A127C8200E23B257B63DABBE24DD53DF1A29A5E5BAB644FAFF5A4EF949593AD92334F50C5A2052A3FEF5405C23CCB836F4700F18DBA77D5E92FF7FD97BE7AE205F5D63759CFE993ECC125AAF8F1B91A71D58F141935CC7A0E3C8800E26B3A3FABD1CEBB1ED557BF5FA9542C6E3DA75F044241959F7F9A46DD709906CD3ADA7A0E3C84004292D4FEF136EDBCEB51D52F7F55A964D27ACE80293DFB248DBD7DB1061D7B94F514780001745C57F56E6DBFE15ED53FF7BAE4CA7F854040E5E79DAA89FF7E230F8D1D47001D95EC8DA9E6EEC7B4F3CE4794ECEAB19E63222B3747636EFD3B555EFF63656587ADE7C000017450D36B6BB5EDAA25EAFC7C97F5144FC89B345A931EB85925A71D673D056946001D126B6CD6B6C54BB467F92BD6533C69C8C2799A74DF2F152E2DB29E823421808E685EBD5E9F5CF28FEADE55673DC5D32295153AFAE9A52A3C7EBAF514A4019F0693E95229D5DCFD983E9AFB53E27708BA77D5E9C3932F53CDD265EEDC14721827C00CD6DBB04F5B2EBD498DABD6584FF1A5B2F9276BEAEFEEE0217106238019AA7DF3766D9877A57ABEDC633DC5D722A386A9EA7F1E50FED471D65330000860066A796783369C73B5E2FB5AADA764847049A166ACBC5F8527CCB09E827EC673801966EFCAB7B5FE8C9F11BF7E146B6AD1FAD3AFD0DE956F5B4F413F238019A46ED90A6D3CFF5A253ABBADA7649C4467B7369E7FADEA96ADB09E827EC443E00CB1FBB7CBB575F112EE5C0EB44040937F73B386FFFD45D64BD00F086006F8EA0F2F69CBA53767F4871878492098A5A39EBC534316CEB39E822344007D6EDF1BEF6BC3BC2B95EC8D594F714A567658552F3FA8E25367594FC11120803ED6FADE267D74EAE53CE767245418D531AFFE079F31E86304D0A7BAB6EFD2BAD98BD4DBB0CF7A8AD3B2CB8B75EC3B4F2A777CA5F514F40177817D28D1D1A58FCFBD86F879406FC33EEEBCFB1801F4A16D8BEF50C7A75F58CFC07EED9BB7EBB39FDF693D037D40007DA66ED90AD53DF1A2F50C1CA4F6B1E7F4D5935C17BFE139401FE9D8B2431FCC5CC8C32D8F0AE6E76AE6BAA7943F798CF5141C224E803E91ECEAD1A61F5E4FFC3C2CD1D1A5CD175EAF64B79B5F31E04704D02776DC7A3FCFFBF940FBE6EDDAB9E461EB1938443C04F681D6759F68DDF1972895E09D1E7E909593ADE3363DABBC09BC34C6EB38017A5C2A91D4D62B6E277E3E92ECE9D5B6AB9658CFC02120801E57FBE8B36ADBB0D57A060E53D36B6BF9F2291FE021B087C59BDBB476E239BCE0D9A772860FD6095B5F50309A673D05DF8213A087D52C7D9CF8F958CFEE7AD5FCEA71EB19F80E9C003DAAB7BE49EF8C3B5B89F64EEB293802A14151CDAE7E59E19242EB29F8069C003DAAE6578F13BF0C106F6DD7AEA5CBAC67E05B7002F4A078739B568F3C83006688D0A0A8E6D4BCA2505181F5141C8413A007ED7EE819E29741E2ADEDAA7DE48FD633F00D38017A4C2A16D79A513F504F5D83F514F4A39C114334A77A9502A1A0F5141C8013A0C734BCF016F1CB403D5FEEE16B353D88007A0C0F953257ED23CF5A4FC04108A08774D7D4AAE9D5B5D63330401A57AD56CFEE7AEB19380001F490FA675EE5AB2D33582A91E4ED711E43003D64CFF257AD276080ED797A95F5041C80007A44F7CE5AB57EB0D97A060658EBFB9BD5BDABCE7A06F623801EB1F7E5D5D613900EA9941AB9D69E41003DA2F1A53F5B4F409A34AE5A633D01FB11400F48F6C6B4EFAD0FAC67204D9AFEF4AE52F184F50C88007A42FBFAAD4A747459CF409A24DA3BF9905B8F20801ED0BC66BDF504A459CB9A0DD6132002E8092D6B3FB69E8034E38F9E3710400F68DBB0CD7A02D2AC7DE367D6132002682ED1D6A1EE2FBEB49E8134EBDABE8BE77D3D80001A6BDFBC9DB7BF39289548AA63CB0EEB19CE2380C6BA76FCC57A028C746DE7DA5B2380C6BA76D65A4F8091AEEADDD6139C47008D7513406775EF2480D608A0B19EDD7BAC27C0484FDD5EEB09CE2380C6624D2DD61360A4B7A1C97A82F308A0B158230174559C3F7EE608A0314E80EE8A35B55A4F701E01B4C66B009D958AC7AD27388F001A4B74765B4F809164578FF504E7114063A918A70057257B63D6139C47008D05C221EB093092951DB69EE03C02682C9817B19E002359B939D6139C4700AD6571095C150871FAB7C66F9FB17049A1F5041809970CB29EE03C02682C5C4A005D15E28F9F3902688C13A0BBB2CB4BAC27388F001ACB193EC47A028CE45494594F701E013416193DCC7A028C44C60CB79EE03C02682C97003A2B77CC08EB09CE2380C672C78DB49E002379132AAD27388F001A8B4E9FA800AF05744E2098A5FCA9E3AC67388FDF3C63C1FC5C45C6F250C835B9E32B7927880710400F28A89A643D01695630836BEE0504D0030A6757594F409A71CDBD81007A40D19C63AC2720CD8A4EE49A7B0101F4808263262B18CDB39E813409154615AD9A6C3D0322809E100887543C77A6F50CA449F1DC590A04F9D5F302AE824794CE3BC97A02D2A4F46CAEB55710408F289B7F92140858CFC0400B04547AD61CEB15D88F007A44A4B24283661E653D0303ACF084198A8C1C6A3D03FB11400F1972F159D61330C0865CF403EB09380001F490C1179EC9DBE232582014D4E00BCFB49E8103F0DBE62191914355C2F34319ABF4AC139533ACDC7A060E40003D66D8E5E75B4FC000197EC505D613701002E831E50B4E514E05A7844C13A9ACE0E52F1E44003D26100EA9F2178BAC67A09F8DFCF942054241EB19384820954AA5AC47E0EBE2CD6D5A3DF20C25DA3BADA7A01F848A0A34A7E615850645ADA7E0209C003D285454A011575E643D03FD64C4E28B899F477102F4A8D8DE66AD193B4F89B60EEB293802A1C2A8E654AF52A8982F41F7224E801E152E2BD2C86BFEC67A068E50E5758B889F877102F4B0786BBBD64E3847BDF54DD653D007D943CB34FBF3957CD499877102F4B0D0A0A8C62DB9C67A06FA68FC5DD7123F8F23801E57F1D3F354700C1F9EE93783661EAD8A4B1758CFC0FF83007A5C202B4B531EB99DD790F948201CD29487FF998F37F30102E80305DF9BA2CAEB7871B45F8CBAE13245F9D6375FE026884F24BB7AF4FECC1FA9E3931DD653F01DA2D3276AE67B7F505684EFFCF5034E803E91959BA369CFDCAB607EAEF5147C8B60344FD396DF43FC7C8400FA48FE94B19AF49B5BAC67E05B4CFEEDADCA9B34DA7A060E0301F4998A4B17A8E227E759CFC041865F7181865E32DF7A060E13CF01FA50A2B35B1FCC5CA88E2D3C1FE805D1E91375ECDADF2B9817B19E82C3C409D087827911CD58F16B6597175B4F715E7679B1A6FFF1DF889F4F11409FCA1D5FA9A39F5EAAACECB0F5146705F3229AF1E2FDCA1D5F693D057D44007DAC78EE2C4D5D768702412E63BA0582599ABAEC0E0D3A6E9AF5141C017E737C6EC8C2799AFCD03FF1AE83740A0434E5E1DBF886B70C400033C0B0CBFF5A137FFD0F44301D02014DBAEF97DC89CF10DC05CE2075CB56E8D32B6E532A9EB09E929102E190A63E7ABB862EE2430E320501CC307B57BEADCD17DFA84467B7F5948C12CCCFD5B467EE55E9BC13ADA7A01F11C00CD4B2F6637D7CCED58A35B5584FC908E1D22255BDF400373C321001CC501D5B7668C3D957A9BBA6D67A8AAF45460F53D5CB0F2A7FF218EB291800DC04C950F953C769D6874FA96CFEC9D6537CABECDC53346BDD53C42F837102CC74A9946A962ED38E5BEE532A16B75EE30B817048E3EFBE4E95D7FE2D77D6331C017444CBBB1BB5F9E21BD5BDABCE7A8AA7E58E19AEA3FEF36E151E3FDD7A0AD280003A24D6D8AC6D57FFABF63CB5CA7A8A270DBD64BE26DD7F93424505D653902604D0414DAFBFA76D572D51E7B69DD6533C217FCA584D7AE02615CF9D653D056946001D95EC8D69D7BDBF53F5BF3CA464578FF51C13C1689EC6DCF2338DBC6E111F2AE12802E8B8EE9A5A7DFE8B7B54FFDCEB922BFF1502010DBEE0744DB8F706452A2BACD7C010018424A975DD27AABEED41ED7DE9CFD6530654D939DFD7D8DB17ABE07B53ACA7C0030820BEA6EDC32DAAB96799EAFFFBB58C794F712014D4E01F9EA15137FE84F0E16B0820BE51774DADBE7C70B9EA1E7F5EBDF54DD673FA247B48A92A2EFB2B8DB8F22245460DB39E030F2280F84EA9585C0D2FBEA5AF9E5CA9C6556B94ECF6F60D93AC488E4AE79DA88A4B17A86CFEC90A8443D693E0610410872CDEDAAEBD2BDE54C38A37D5F4A777156F69B79E24490A15465572FAF12A3FFF34952DF8BE4283A2D693E01304107D928A27D4F2CE06ED7BEB0335AF5EAF9677372AD1D691969F1D2CC857D1EC192A9C5DA5E25366AA70769502A1605A7E36320B0144BF482592EADC5AADF64D9FAB7DE367EAF8F40B7555EF5677F56EC55BFB76520C154615193D5CB963862B7FCA5845674C54F4E809CA9B3C86EF4141BF20801870F1E636F5D63729D6D8AC5863B3925D3D4AC5138AEF3F31860AF215080595959BA3706991C2A545CA1E5CC25BD230E008200067F1380280B308200067114000CE2280009C450001388B000270160104E02C0208C059041080B308200067114000CE2280009C450001388B000270160104E02C0208C059041080B308200067114000CE2280009C450001388B000270160104E02C0208C059041080B308200067114000CE2280009C450001388B000270160104E02C0208C059041080B308200067114000CE2280009C450001388B000270160104E02C0208C059041080B3FE1721799488DDEAE5520000000049454E44AE426082');
INSERT INTO "SpeakLocales" VALUES('Japanese',0,'ja');
INSERT INTO "SpeakLanguages" VALUES('Japanese','English',0,'Japanese');
/*Solo pongo ja, tambin hay ja-jp, pero debera ser lo mismo.*/


/*    Korean,               */
INSERT INTO "Locales" VALUES('Korean','ko');
INSERT INTO "Languages" VALUES('Korean','English','Korean');
/*South Korea*/INSERT INTO "Flags" VALUES('Korean', 0, X'89504E470D0A1A0A0000000D4948445200000140000000D50806000000264C29EE00000006624B474400FF00FF00FFA0BDA7930000000774494D4507D90B1B0C14278B939D920000200049444154789CED9D79581457BEFEDF5EE855708D31268A6C86808888A0200AAE89E3CCFCEECD723349E6660C1927891831E016342A8A0B2A204C6226216C7327BF49C69BC94C6E36E3028880A2C8A228828A2631374E5CC2DA2CDD7DEE1F06625BDD5435DD7475759DCFF3F4F3E8E9F3EDFA5651FDF679EB6C124208018542A1881029DF095028140A5F5001A45028A2850A208542112D540029148A68A10248A150440B15400A85225AA800522814D142059042A188162A80140A45B45001A45028A2850A208542112D540029148A68A10248A150440B15400A85225AA800522814D142059042A188162A80140A45B45001A45028A2850A208542112D540007C8FEFDFBD1D4D4C4771A1491D3D4D484FDFBF7F39D8660A1023800EAEBEBF1FCF3CF63F2E4C9D8B76F1FE8BE5214474308C1BE7DFB3079F2643CFFFCF3A8AFAFE73B254122A1BBC25987C160405454148E1F3FDE5716131383DCDC5C787979F19819452C343535213636164545457D65111111282929814C26E32F3101425B805692969666227E0050545484A0A020BCF5D65BB435481934082178EBADB710141464227E00505E5E8EB4B4347E121330B4056805F5F5F5080909416767A7C53A313131C8C9C981B7B7B70333A3B83A972F5FC68B2FBEC810BEBB51A954A8AAAA82BFBFBFE3121338540039623018101919898A8A0AD6BA53A64C4155559503B2A28885909010545757B3D69B3E7D3A4A4B4BA915E608B5C01C494B4BE3247E32990CFBF6ED7340461431B16FDF3E4EA276E2C4096A85AD800A2007CE9D3B874D9B3671AA1B1F1F8F88880893B25BB76ED1678314CE104270EBD62D93B2888808C4C7C7738ADFB46913CE9F3F3F18A9B91CD402B3608DF57DF8E18751555505B55ADD5766341A111D1D0D994C869C9C1CF8F8F80C66BA148173E9D225BCF8E28B30180C282E2E8654FA731B45A7D321242404172E5C60FD9CF0F070949595512BCC06A1F44B6A6A2A01C0FA92C964A4ACAC8C119F9191D15747ABD592ACAC2C6230187838138A3363301848565616D16AB57DF74B464606A35E59591991C9649CEEC9D4D4541ECE44585001EC87B367CF12A552C9E9664B484860C437343410B55ACDA81B1D1D4D2E5EBCC8C319519C918B172F92E8E868C67DA256AB49434303A37E424202A77B52A55291B367CFF27046C2810AA005F47A3D090F0FE774A3F9FBFB139D4E67126F301848545494C5188D4643323333696B50C4180C0692999949341A8DC5FB242A2A8A718FE8743AE2EFEFCFE9DE0C0F0F277ABD9EA733747EA8005A60C78E1D3659DFB4B4344EF1313131A4BBBB9B8733A4F049777737898989E1748FA4A5A531E2ADB1C23B77EEE4E10C850115403358637D57AD5AC588B7647DCDBDE2E3E37938438A33101F1FCFE91EB1648557AD5AC5295EA954522B6C012A80F760ABF5D5EBF564E6CC999CE27D7C7C485B5B1B4F674AE19BB6B636E2E3E3C3E95E99397326C3CA522B6C3B5400EF61DBB66D0EB1BE52A9941C3D7A94119F9D9D4D323232E8B34117C26030908C8C0C929D9DCD78EFE8D1A3442A953AC40A6FDFBEDD11A72B28A800DE8535D677CD9A358CF80B172ED8647D2F5EBCD8370C222A2ACAACEDA1088B868686BECE30AD566BB6F7DF1A2B7CE1C20546FC9A356BA8151E2054007FA2A7A787848585D9647D23222238C5FBFAFA32ACAFD168640C85D06834243D3D9DB6060588C16020E9E9E98C1EDEE8E86862341A4DEAB6B5B5115F5F5F4EF74E444404B5C276840AE04F58637DCBCBCB19F1D658DF929212467C6666A6C598993367D2D6A080686868E8F7397056561623A6A4A4C4262B5C5E5ECED90A6FDBB6CD11974110500124B65BDFF3E7CFDBCDFAF6677F686BD0B9E96DF5B1DD0BF6B0C2E7CF9F67C4532B6C3DA217C09E9E1E121A1ACAE9C6B1D5FAFAF9F991F6F676937883C160761680B997979717696D6D75E4E5A158416B6B2BF1F2F2E2F4B7346785DBDBDB899F9F1FA7785BADF0E38F3FEEC84BE3B4885E00ADB1BE274E9C60C4EFD9B38753BC25EBBB77EF5E4EF11289841C3E7CD81197846203870F1F26128984D3DF74EFDEBD8C786BACF09E3D7B18F1274E9CE8D70A4B2412F2D24B2F91E6E666475C0EA747D402585B5B6BB3F555A9549CE257AE5CC988E7627D7B5F7171718EB824143B101717C7E96F6AC90AAF5CB99253BC4AA5B2CA0A7B7A7A9283070F3AE2120806D10AA035D6372020C066EBDBD1D161126F3018C8AC59B338C553EB2B2CACB1C2B367CF663CD7EDE8E8B0D90A070404305A7D2D2D2D8EBC0C8240B402989292C2E906B3647D77EDDAC529DE1ED6B7B0B0D0015784624F0A0B0B1D668577EDDAC588EFB5C213264C20870E1DB298E7952B57C8871F7E68D7731712A214C0DADA5AA2502838DD5CB65A5F73CB6435363652EB2B026CB5C2D62C7B65CE0A7FFCF1C7165B7D46A391FCE94F7F221E1E1E44A95492DADA5ABB9FBF10109D005A637D030303496767A749BC5EAF273366CCE0146FC9FAF6B74CD6DD2F6F6F6F6A7D054C6B6B2BF1F6F6E6F4B736B7EC95355678C68C199C07385FB97285CC9F3FDF243E343494F4F4F40CC665706A4427805BB66CE1744359B2BED6AC107DECD83146BC35D6B7A8A8C81197843288141515D964858F1D3B66B715A07B5B7DEEEEEE66E3B76EDD3A5897C1691195005A637DD7AD5BC788B7D5FA363434F4BBF8E5DD2F6A7D5D076BACB0AD2B409BB3C28410D2D4D444E6CD9BD76FBC42A1109D15168D00767777DB6C7DB92E9365ABF5A5CB64B916D62C7B65AB15B634D797EB631BB15961D10860727232A71BC01ED6B7B4B494117FF7E648FDBDA8F5754D6CB5C2A5A5A5365961B601D277BF9293931D71499C025108A035D637292989115F575767B3F5E53A5778F9F2E58EB824141E58BE7C39A77B40A3D1D86C85EBEAEA18F14949499CE2C564855D5E00BBBBBB49484808A73FBCADD677E2C489D4FA522C620F2B3C71E2444EF1E6AC70676727090C0CE4143F75EA5451EC55E3F21BA36FD9B2059B366D62AD2797CB51565686B0B03093F25DBB7661EDDAB5ACF132990C25252588888830294F4F4F476262226BBC442241616121A2A3A359EB0A056357373A2F7F83CEC62BE86CFA16FA9BCDD0B7B4C2D0D601436B3B8CBA4E0080CC7D08A44A37C8866821D5AAA118731F543EE3A09AF01054DEE320D5A8783E13FB515C5C8C3973E680CBD72E2323032B57AE34292B2F2FC7AC59B360301858E3535353B166CD1A93B293274F223232127ABD9E353E3939191B376E64AD27645C5A006B6B6B11161686EEEE6ED6BA494949D8B66D9B49595D5D1D424343D1D5D5C51A9F909080B4B43493B2C6C64604070743A7D3B1C6AF58B102999999ACF59C15A237A0BDFA1C5A4A4FA3E5D869E8EA2FA3EB9BEF400C469B3F5B317634B493FDE1313304EE9153312424001237B91DB2E687F8F878646565B1D653ABD5A8A9A9819F9F9F4979626222D2D3D359E3954A252A2B2B1118186852BE7EFD7A6CDFBE9D355EA150E0D4A953080A0A62AD2B545C56007B7A7A101E1E8EEAEA6AD6BA818181A8ACAC8452A9EC2B33180C888C8C444545056BBCBFBF3F4E9F3E0DB55A6D121F1D1D8DD2D252D6781F1F1FD4D4D440ABD5B2D67526BABFFD1E37FE7E10CDC527D05A560D435BBB438E2BD5A8E01E3619C3164661D4130BA178F07E871CD75EB4B7B723383818972E5DEAB79E442241565616962F5F6E52AED3E93075EA54D4D7D7B31E2B3C3C1C65656590C9647D655D5D5D080D0D455D5D1D6BFC94295350515101373737D6BA4244CA770283C58E1D3B38899F5C2E477E7EBE89F801C0EEDDBB39899F4C26436E6EAE89F8014066662627F1934AA5C8C9C9118CF8E96F37E37AFEDF51B7E8F7A80C5C8CABEBD3F1E357A50E133F00307674A2B9B80257D7A7A332E017A85BF47B5CCFFD6FE86F373B2C075BD06AB5C8C9C981546AF9EBE7EDED8DC2C24286F801775A86B9B9B926A266898A8A0AECDEBDDBA44CA954A2A0A00072397B2BBABABA1A3B76EC60AD27545CB205585D5D8DE9D3A73BC4FA26262662CF9E3D2665D658DFF8F878ECDDBB97B51EDFB4579DC7B5BDF9B8FD59118C5DECD7950F246E728CFCF705181BFF3B68273FCC773AACAC5CB992F1D8432A95222E2E0E3B76EC60FD515CB56A15E3B18B39EC61852B2A2A101C1CCC5A5768B89C005A637D274D9A8453A74ED9647DABAAAAA052FDFC90DE603060D6AC59282F2F678D1782F56D2E3C816B1979682E3CC1772ADC9148306C7E041E7CED0578CC9AC6773616B9D70AFBF8F8202727877347586767274242426CB2C2D3A64DC3D9B36759E35DD50ABB9C05DEBE7DBB4DD6373535D52AEB7BB7F80177AC2F17F1934AA5C8CBCB735AF16B2EAA40EDEC6771EED72F0B4BFC008010FC78B00C75BF588A33739E474BE969BE33328B56AB455E5E1EE4723956AC58819A9A1AB3E24708C19B6FBE89B7DE7ACBA45CA5525965855353534DCA944A25F2F3F3456D855DAA05585D5D8DF0F070F4F4F4B0D6B5D5FAAE5EBD1ABB76ED3229BB70E102424242046D7DBBBEF91E575FDF839BFF3CCC772AF64322C1A8A71E83E7B60428C68CE23B1B06972F5F86B7B7B7C5F7626363515C5C6CB15778CD9A358CE77CE6B0D50ABBB9B9A1A2A20253A64C61AD2B145C4600ADB1BE4141413875EA14140A455F995EAF476464244E9E3CC91A6FABF5F5F5F5457575B553B5FE8CBA2E7CF7C73FE3DA9E1C1875EC3F004244A6D5E0A1A497F1C02BCF38FD301AA3D1887DFBF661DDBA75686FFFB9832922220225252526AD3E6BAC70585818CACACA4C5A7DDDDDDD98366D1ACE9C39C31AEF6A56D8652C704A4A0A67EB9B979767227EC09D01CF5CC44F2693212F2FCFA5AC6FC7D946D4CE7A06DF6CDDE7B2E2070086F60E5C5D9F8EDAD9CFA2E37CFF4350F8E4D2A54B983B772E5E7DF55513F103EE0C84BEB7E344A552212F2F8F93153E79F224C3B928148A3E2BCE46757535C33909199768015A637D376CD880AD5BB79A9459637DD7AC59C37896525F5F8F909010747676B2C63B95F52504DF67FF0D57D7A7C3D8E99C3DBB838554A382D79EB518FD9FFFC6772A7D188D46BCF5D65B78FDF5D719C277376AB51AA74F9F86BFBFBF49F9DAB56B19E2660E4B56F88D37DE404A4A0A6BBC2B59619710C05FFEF297F8ECB3CF58EB59B2BE3366CC406565256BBCADD6D7CFCF0FD5D5D5D06834AC75071BFDAD665C8A4BC6AD4F0BF94E8557463DFD0B78EF4D826C08FF2D729D4E87E0E060343636B2D6B5D50A878686E2F8F1E303B6C28B172FC6A79F7ECA5ACFD971090BFCFEFBEF233636B6DF3AFD595F2EE22793C9505050C0B0BEE9E9E99CAD6F6E6EAE53889FAEF10A6A673F277AF103801B1F7E8EDAA867A16BBCC2772A7D039CFB1B20DD4B797939C349A8542A14141470B2C295959503B6C2B1B1B178FFFDF7598F21045C4200870E1D8A9C9C1C7CF1C51718376E9CD93A494949080D0D35293B73E60C929393391D23313111E1E1E12665F5F5F59C278BAF58B1025151519CEA0E266DA7CEE0ECFC25E8BA7A8DEF549C86CE4B5FA36E612CDA2AD9A7860D3651515158B16205A7BA1B366C60B4F6C2C3C3392DBE01DC59ECE0DED65E686828929292CCD61F376E1CBEF8E20BE4E4E460E8D0A19C8EE1ECB88405BE9BE6E666242626223737B76FC50D5BAD6F4040002A2B2B19D6372A2A0AC78F1F678DF7F3F3434D4D0D63BA9CA3B9FDE55134FC6E2D8C1DECCF2AC5884CABC1C4F7F760D8BC08F6CA83883DAC70686828CE9D3BC71ACFC50A4B2412C4C6C6222D2DCD6584AF17976801DECDD0A143F1DE7BEFF5B506DDDCDC909F9FCFB0BE3B77EEE46C7DCDF5FAA6A5A57112BF5EEBCBB7F8FDF0FE27B8F04C0215BF7E30B477A0FE3FE271F3A303BCE661AD15BE7765186B7A852B2B2BB173E74E9332854281FCFC7CB8B9B9F5B5FADE7BEF3D97133FC0055B8077D3D2D282A2A222FCFAD7BF36293F73E60CA64D9BC669AEB0ADBDBEAFBDF61AA7A58B06935B9F16A2E1B7ABECB234951890C8A4F07D3705A3FE6311AF79705DF64AA552A1AAAA6AC0BDC29696BDFAE4934F101313030F0F0FEB1217102E2D80E6B0C6FADABA4C963358DFE6E20A9C7F7C394837FB1021CACF48146E78E4EF6F626874387BE541C21A2B3C7DFA749496960E78D92B7356580CB89C056663FBF6ED9CAD6F6E6E2E63AE705A5A9A4DCB643992F69A7A5C7836918ADF0020DD3DB8F06C223AEAD8C567B0B066D9AB13274E305686512A959CE32B2B2B394D877335442780111111183F7E3C6BBDD5AB57337A7DCF9D3BC769797DE0CE80673E7B7DBBAE5EC3F97F5B06434B1B6F39081D434B1BCE3FF12AAF3DE6515151888F8FE75477D3A64D387FFEBC495978783856AF5ECD1A3B7EFC78C6760E6240741618B8F36C70F5EAD5C8CECE36BB3783D0AD2FE9EEC1D985B168AB645FE688C28E36D81F930E1740AA54B0571E04ACB1C2D6AE002D9148B074E952ECDEBDDBA59FF55942742D4000F0F0F0C03BEFBC8303070EC0D3D3D3E43D7B58DFFCFC7C5EADEFD7C97FA4E26747DA6BEA71757D066FC757ABD5C8CFCFE7BCEC15572BECE9E98903070EE09D77DE11A5F8012215C05E162C58803367CEE0A5975E8244220170A7E7EC5EEB5B5757C779C0737C7C3C222323ED9E2B576E1F28C1777FFC0B6FC77755BE7FF743DCFEBC98B7E34746465A6585EF6DED858787F7ED6E289148F0D24B2FE1CC993358B06081DD731512A2B4C0E63874E810323232F0F7BFFF7DC0D677E2C489A8AEAEE6ADF5D77DED3A6A229F86FE9630F6C6101AF21143115CF6216F9B30E9743A4C9932050D0D0DAC752D59E1C71F7F1CAFBDF61AE6CF9F3F98A90A062A802CECDCB913AFBFFE3A6B3D4BFB023B92FAA7E271FBCBA3BC1D5F0C0C9B1F89473E7E8BBDE22061CDBEC03B76ECC0BA75EB1C90957011B50566A3AEAE0E9B376FE654373E3E9E57F1BB7DA0848A9F03F8F15019AF8B4844444470B6C29B376FE6340650CC5001EC8703070E709A2DE2EFEFCF691DB5C1A2AB4D878644F611FF14FB70655D1AAFEB27A6A4A430667D98A3BBBB1B070EF03BADCFD9A102D80F0909093878F020BCBCBC2CD6718601CF2776E7C378F55BDE8E2F36BAAE5EC3779905BC1D9FCB00692F2F2F1C3C78100909090ECC4C7850016461DEBC79A8A9A9C12BAFBCD2D7537C372B57AEE4D5FA365DBE8EEB7FF91FDE8E2F56AEA5E5A0FBDBEF793B7E44440456AE5CC92897482478E595575053538379F3E6F19099B0A09D205670E4C811FCFEF7BF4753531300F32B443B9AF4D7F621E2BD6CDE8E2F66C6BCFC1B78ED5ECBDBF1EF5D01DACBCB0BEFBDF71EE6CE9DCB5B4E4283B600AD60EEDCB9A8ADADC5B265CB2097CBCDEE0BEC487EB8D182EB47D897E4A20C0EFFFAF33FA0BFF9236FC7EFDD17582E9763D9B265A8ADADA5E26725B40538409A9A9AFA7D36E808562566232CBF00E3BB2D6FA043195C1E5ABB14E3362CE3350767B817850A6D010E10BE6FB8B68E6EFCF3F8252A7E3CF3FDBB7F83A1BD83D71CF8BE17850C15408192BDBF149E3FFEC0771AA2477FBB193FFC7FE1EF8E2656A8000A9482FDA5F0EAA053DE9C811B1FB06FC94A714EA8000A900B577F40CDF5763CD8A3E33B150A80D69367D079858EC31422540005C85F0FD40000EEA702E81C10829BFBBFE43B0BCA00A0022840FEFAD9690080D6C83E219EE2187EF8DB177CA7401900540005464DE3FFA2E1BBDB0000251540A741577F199D17AFF29D06C54AA8000A8CC25397FBFEAD97D03F9F33D17CF424DF2950AC847E830446495553DFBFDBA5EC4BA4531C47CB31F6DD0629CE85B836011538841094545FE9FB7FABD48DBF649C8C1F656EF846A145BB4C8E0EC99DDBDA8D18A1351A707F4F07C6E83B211BE4494F5400850715400171FECA0FF8E1F6CF333FBE556A00114E042100EAD4C3704A3312559A11B8A0F2408BACFF1F033921F0EC6E4348C72D04EB6E23A2ED063446BD5DF3EAFEDF1FA06BBC02B5DF04BB7E2E65F0A00228204A6B4C1FB25F550CE129137EF8CE4D837F0E1F87AFDC1FC07537EB16A1D04B24B8A474C725A53BFE7BB82794462366B55DC7E2E66B98DE7EC36E39B69F3E47055040500114100D574DA7BE9D570DE52913C7D2A41C82FC913E38E23E0606336B320E842EA914873C1EC0218F07E0D7D982DFDDBC8C39ADDFC3D64FD7355EB1477A140741055040347C6DDA5269507AA04DEA8621C61E9E321A5CDAA46E786F942F3E1A3EDE6EC2678E469507363C3805C1BA5B48BC7E1EBE9DAD03FE2CDDC5AFED981965B0A1BDC002E2F2B55B26FF374A80D39A113C6533B89CD68CC0735E33F1B7119E832A7E7753A31E81173C239133CA17C6011EB293B60005051540814008C1C56F6E32CA0F798CE1219BC18300C819E58B15E3C2F18395CFF9EC814122F9E9F861B82557B207DC43E7A56F00BAC4A660A0022810BEBFD986CE6E66AFE5B121A3D121758D27197A8904DB1E08B2A905662F4E6B46E20F9ED3F1AD9BC6AA38437B07F43FB60C5256147B43055020DCF8D1FC78974EA90C9F0C7BC8C1D9D89F1E8914EB1F0CC1E7431FE43B953EBE73D3E065CFE9B8A474B72ACED02AC2B14902850AA040D07559EEE8F860F804F408785A1C01B07DCC24940C19CD772A0C6EC995487C2814FFB2C28E1B5AA8000A05E17E6B4486AECBF2A0DD7FB9A9F08F61E31C988D7D79EF3E3F1C183A96EF342CF22F3715121F0AE5FCA8C1D0DA36C81951EC05154081D0D6D1D5EFFBD9F7F9E24799C241D9D88F93DA912818E9CD771AAC5C52BA63F7FD019CEAEA5BA8000A052A8002A14DD7DDFFFB5237648DF6775036F6E1A65C812D0F04C368F3F063C77060E8584E2D55D263DF297694C1830AA040502BD9173EF892E317D419304A80E4078271532EAC566BE6687FB4B12C4221555A3F7C86C20F54000582BB86DB976AF7FD0156F75AF241DE485F9CD28EE43B0DABF951A640F67DBEFDD6910D513B281B8AAD500114081E5A6E02D821955BDD6BE9683E1BFA207247F52F22CECC3F868DC38D7E06494BB5D68D1DA4F007154081E03184BBADEAEDB51CC84C86C1A6D8FD7EEC18130421CF95E89148F1C1F00916DF97699CF7C787620A154081E0A1B5EE4B7549E98E973DA7E33B2B67320C26FF33F421AC1F1BC2FB2C0F7BF0CFE1E3D02D35FFF5910D75FE4710943B50011408F70DD342A5B06ECADBB76E1AFCC1733A4E6BF87DD6669048F0CE7D13B1E381492E217E00D02E95A354CB1CB82D1BA285DB7DAEB940852B4205502048A512F88D1F6575DC2DB9122BC685216794AFC35655B99BEB6E2A2C1F1F2688B17ED672D0E3014699CA5BF8D312C504154001F1B0A7F50208DC19729233CA172F7846A25A33DCCE5999A74722C55F474CC0B3DE51A851BB668BA8523B82318651E52DDC193962C4359611110913C7DF6753FC45953BE2C64F474CEBF778FE66131EEE6CB653663FA39748F095C758E48FF2B17A2515A1D12A7543A3CAC3E43AAABCA8000A092A8002C27F826D0208DC5978A0D07D0C0ADDC720ACFD267ED5FC0DA2DA7E80CAC64DD6BF73D3E02B8F07F0CF610FE1BA9B78C6C19DBB5700277AF2980DC55AA8000A88698FD877A9A893DA9138A91D093531607ADB0F08E9B88D60DD6D7875B5C18D18FB8DFD51A640BDDA03559A9138A51E817AF550410F6D1928DF2A4C5BB91E11213C65421908540005C4235EA371FF8821B87ECBBE93ED7512198ADCC7A0C8FDCEEAD252108CEEE9C4033D3AA88C46A8891E4648D02E95A34526C7358586753A9858B87697002AC68C82CA673C8FD950AC850AA0C0889EEA8DBF1DAA1DD4631821C1F76E6A7C2F222B3B509AEF5A81C73D722A8F99500602ED05161831A15E7CA740B98BF6BBD608F4880AE53113CA40A002283062425D6F3C9D90B9FBB9E7D059D378CB833230A8000A8C47BC46E3614FDB7B8329F64161BCD359A409F483DA9FFE38090D2A8002E4D9C782F94E81F2136A7267F8D0A82716F29C09652050011420CF3E3A85EF14283F717F4F27209160E4538FF19D0A650050011420BEE346223C90CE3870061EEA6E877B58105413E81C6021420550A0FC76116D053A035EDD6D18F5F42FF84E833240A8000A94177E350DC3DCE9C29B7C220110AA3460F46F7FCD772A940142057080343535F17AFC211A05E29E8AE03507B133A1AB0D012F3D05A986DF01E37CDF8B42860AA095B4B5B5212E2E0E13274E44797939AFB9AC783A92D36E7194C121A6EB16C6FCE1695E73282F2FC7C4891311171787B636BA1FB1B55001B48223478E60F2E4C9D8B76F1FF47A3D626363D1D9D9C95B3EA3470CC10BBFA2B30FF8E2370B26433E62286FC7EFECEC446C6C2CF47A3DF6EDDB87C99327E3C89123BCE52344A80072A0B5B515CB962DC3FCF9F34DEC467D7D3D366CD8C06366C0EAE7675BBD543EC57602BA5B11F3FA125E73D8B06103EAEBEBFBFEDFD4D484F9F3E763D9B265686D6DE53133E140059085C3870F233838186FBFFD3608612EF8B477EF5E5EADF084078663F5F3B3793BBE5859396722140FDECFDBF1CBCBCBB177EF5E463921046FBFFD3682838371F8F0611E3213161262EE5B4D0100A4A7A763D5AA556685EF6EFCFDFD71FAF469A8D5FC3C0CEFE8ECC1234FA5E3EBEF7FE4E5F8626302E94263C90EC8D5FC6C3BAAD3E93075EA5493D69F39241209F6ECD9838484040765263C680BB01F1E7DF45128140AD67A7C5B618DCA0D1909BFE4EDF86263E7F33379133F80697D2DA15028F0E8A38F3A2023E14205B01F020303B179F3664E7533333379B5C28FCF09C4A31113793BBE5898E70E3CBDE209DE8E5F5E5E8ECCCC4C4E75376FDE8CC0C0C041CE48D85001FC8943870E61F1E2C5E8EAEA32295FBD7A35C2C3C359E30D0603962C59029D4E375829B2F26ED2BF6384876B6F44C427A3866991FFC13ADE8EAFD3E9B064C912180CECFBB784878763F5EAD526655D5D5D58BC78310E1D3A3458290A0ED10B606B6B2B5E7EF9652C5CB8109F7FFE39B66CD962F2BE4C26436E6E2E944A76CBD3D0D0C0AB151E3F661872373E01090FFBFFBA3A128904059B9FC243A3F91BF6B261C306343434B0D653A954C8CDCD854C263329DFB2650B3EFFFC732C5CB8102FBFFC32ED2986C83B410E1E3C88A54B97E2EAD5AB7D6532990C6565658C56DFAE5DBBB076ED5AD6CF94C964387AF428222323ED9E2F575EDDFD09DEFC1BBF83B45D8DD5FF391BBB562CE2EDF8656565983D7B36A7D65F6A6A2AD6AC59635256515181C8C84893784F4F4F64676763C1820576CF57288852005B5A5AB07AF56A6467679BEDE10D0C0C446565A549ABCF603020323212151515AC9FEFE7E7879A9A1ADE7A85BBBAF588887D1B5517BEE3E5F8AE4644D07814BFFB07B8C965EC9507019D4E87E0E060343636B2D60D0F0F4759599949EBAFABAB0BA1A1A1A8ABAB63D497482458BA742976EFDE0D0F0F0FBBE62D044467810F1E3C88A0A020BCFBEEBB1687B7D4D5D5313A3F643219F2BFD563230000124A49444154F2F2A052B12F40D0D8D8C8AB15562AE4D8BFF3595EED9AAB30F63E0FFC75DB33BC891F70C7FA72113F954A85FCFC7C86F5DDBC79B359F103EE8C1B7CF7DD771114148483070FDA255F21213A012C2F2FC7D75F7FCD5A6FF7EEDD8CD65E404000929393391D27333313C78E1D1B508EF6C0E7A191F83C7309860EA12BC60C94A14354F832EB05783E308CB71C8E1D3BC6B9D7373939198F3CF288495945450576EFDECD1AFBF5D75FF33EB79D0F446781F57A3D66CC9881CACA4AD6BA42B7C20070E4E4252C8ACF43770FFBB323CACF68546EF86CEF125E37A1B2C6FA4E9F3E1DA5A5A59CADEFBD848686E2F8F1E390CBC535ADD2A55B802D2D2DF8E4934F4CCAE47239F2F2F2380D70AEABABC3C68D1B4DCA6432190A0A0A385BE1F5EBD75B97B49D991BE683DC8D4F422AA53DC35C9149A5F8EBB66778DF81CF56EBBB71E3464EE2A75028909797C710BF4F3EF9042D2D2DD6252D305C56000F1C3880499326E1C9279FC4E9D3A74DDE0B0A0AC21B6FBCC1E973D2D2D218AD3D7F7F7FC158610078EEB129F8AFE4FF80C28DBFE75842C14D2E43EEC627F0EBD98FB0571E448E1D3B6676AEAF39B66CD9027F7F7F93B28A8A0AA4A5A5718A7FE38D37101414645276FAF4693CF9E493983469120E1C38C02D6901E27216B8B9B919898989C8CDCDEDEBE4080A0AC2A953A74C5A7DD658E18080005456569AB4FA0C0603A2A2A270FCF871D67867B0C200F0D5F1463CB1F62F68EBE8E6350F6765884681FD3B9FC3633CCFA8B1C6FA464444A0A4A4C4A4F5D7D9D989D0D0509C3B778E35DE9CF5EDEEEEC6B469D370E6CC1900777A8A63636391969686A1435DAB63CDA55A805F7EF92582828290939363D2C37BE6CC196CDBB6CDA46EAF15E632C0F9DCB973D8B469934999B5BDC24949491CCF62F05838C30F47DE5E8A51C3B47CA7E274DC3F62088EBCBD9477F10380A4A424CED6D7DC80E74D9B3671123FA55269D6FA6EDBB6AD4FFC803B3DC5393939080A0AC2975F7EC9F12C84814BB4009B9B9B91909080DCDC5C8B75E472398E1F3F8ED050D30544B76FDFCEE9399DA501D2BB77EF660C3A3587542A45717131A2A2A258EB0E36F5577EC0AF13FE8CC66F6EF09D8A53E03B6E24BEC87C01BEE346F29D0A8E1D3B86E8E868187FDA70BD3FF6ECD983C4C444933273039E2DB16DDB36C60F7365652566CC9801BD5E6F312E363616E9E9E92ED11A740901FCE52F7F89CF3EFB8CB59EAD56D8DFDF1F5555550C2B3C6BD62C4E4308FCFCFC505D5D0D8D86FFF9BAAD1D5D7865C73FF0FE97D57CA7C22B4FCE9B84ECF54F38C50653F6B0BE2121219C568AE1627DFB63F1E2C5F8F4D34F59EB393B2E6181535252E0E6C6BE37C6993367B075EB569332B95C8E8282024E56B8BEBEDEAC15CECDCD1594150600778D127FD9FA34DEDBF004342AF1ED2BA251B9E19DA47FC7FE9DCF3985F801772CE9ABAFBE0AADB6FF47146AB5DAA2F5E5227E4AA5120505050CEBBB75EB564EE2E7E6E686949414D67A4240B699EB7A4F4ECC983163A0D7EB515C5CCC5AB7ACAC0C8B172FC6D8B163FBCA468F1E0DA954CA693F85E3C78F63E1C28578E8A19F37C21E356A14341A0DBEFAEA2BD6F893274F62DEBC79183F7E3C6B5D4730D57F2CFE5F74004A6BAEE0FA2D716CAA33C9E77E7CF9C7582C8A7C98EF544C904824983E7D3A9E7EFA69D4D4D498CC51BF9BD4D454FCEA57BF32293B7EFC38962E5DCABA782F70A7D7F889274C97F4AAACACC492254B3859EF37DE7803BFF9CD6F58EB090197B0C000D0D3D383F0F0705457B35B3A4B5638323212274F9E648DB7D50AFBFAFAA2BABA9AF597DE91F4E80DC8FAA00C9BB30FB96C2FF1108D02AF2F89C1AADFCE76FA214146A311FBF6EDC3BA75EBD0DEDEDE576EABF50D0B0B435959D980ADEF942953505151C1C971090197B0C0C09D66795E5E1E672B7CEF383E6B7A85EBEBEBCD0E90CECBCBE334D4E5E2C58BBC0F90BE1737B90C89BF9D85868F56E1D9C7A6B8D4925A128904CF3C1A8CFAFF4E44D20B739C4EFC2E5FBECC28934AA558BE7C396A6B6B111D1D0DE08EF52D2828303BE099ABF535D7EB9B9C9CCCD9FA72FD8E090597B0C0BD8C19330646A311454545AC75CBCBCB6DB2C2274E9CC082050B306EDCB8BEB251A34641AD5673B6C273E7CE85A7A7276B5D47E2AE51E289B99330679A37CE37FD0BD7FE25EC99001141E3F15F5B9E46E273B3E0A1E56F197B4B949494202C2C0C376FDEC4ECD9B3193394860F1F8EDFFDEE7718356A14162E5C88C71E7BCCE4FDF2F272FCE10F7FB0C9FABEF0C20B9CACEFA64D9BF0F4D3FCEE836C6F5CC602F7628D159E3469124E9D3A35E0B9BEB65A611F1F1FD4D4D4389515BE97A2CACBD8F5E7A3F8B2BC81D397CC19904824581439116B7F178DD9215E7CA76391F6F676040707E3D2A54B00EEDC0F3939397D2D3E36ACB1BE9696C99A366D1ACE9E3DCB1AEF6AD6B71797B1C0BDF436D3B9CCF53D7BF6AC4D2B409BDB0CA977AE30172B7CE9D225A7B3C2F71213EA8DCF3397A0EAFD57F1EC63539CCE3EDE8D4A21C76F1785A0FAFD15F86CEF12A7163F0058BF7E7D9FF80177EE87B973E762C58A1526CFFD2CC1757324A552697185682EE2A75028909F9FEF72E207B89805EE65CC9831208470B6C2BFF8C52F1856582E9773DA5755ABD5E2B9E79E8354FAF36FC9C89123ADB2C2313131983061026B5D3E1933D21D4FCC9D84B8A766C06FDC28B4E9BAF0F5F73F82EF46A14C2AC5DC69DE78E3F7F390F3C61378E6D160DC3F7208BF4971A0B8B8187171718C56352104151515F8E0830F3065CA148BF785C160405A5A9AD9E787F792929282C71F7FDCA4CC1AEBBB71E34697B3BEBDB89C05EEC51A2B3C9065AF860C1982D4D454BCF2CA2B663B0C0C0603A2A3A3515A5ACA7A7C215861737CF7430BFE76E80C3E2FBD80B2DAAB68D739A6F7D843ABC4ECA95E5810EE8727E74DC2D8FB84B592F1BDD6D71212890459595958BE7CB9D9F77B37415FBB762DDADACC0F61B27685E87B7155EBDB8BCB0A2000D4D6D6222C2C0CDDDDEC5FCCA4A424C67CE1BABA3A84868632768A9B33670E727272E0E5D5BFC56A6C6C44707030A79DE256AC58C179E14B67446F30E274FD351CADBA82A3A79B50DDF01DBEFD578BCDCF0DE53229268C1D8E00AFD1981DE285E8502F843C3C1632A9709FDEC4C7C7232B2B8BB59E5AAD464D4D0DFCFCFCFAADD7D4D484175F7C1185858526E54AA5129595958CAD31D7AF5F8FEDDBB7B31E5FA150E0D4A9538C95625C09971640E0CE738E7B676F98432E97A3ACAC0C61616126E5776F86C4D6EA33477A7A3A63BEA6392412090A0B0B393F0017029DDD7A5CBE760B17BFB9898BDFDCC4F55BADF8B1B5139DDD7AE8BA7AD0DCD609A391C043AB84BB560977CD9DD77DC3B5F07E7004FC27DC07AFB1239CFAB9A3B514171763CE9C399C7E18323232B072E54A4E9F6BAE35686E73A493274F223232B2DFB9BEBD24272733867BB91CC4C5E9EEEE262121210400EB2B3030907476769AC4EBF57A121E1E4EE6CE9D4B2E5FBE6CF13885858564D1A245A4A3A3C3A4DC603090A8A8284EC7F7F1F1216D6D6D83721D28FCD3D6D6467C7C7C38DD0B515151C4603098C477747490458B1691C2C2428BC7B87CF932993B772E090F0F277ABDDEE4BDCECE4E121818C8E9F853A74E25DDDDDD8371199C0A9717404208A9ADAD250A8582D31F3E292989117FE3C60D62341ACD7E765B5B1B898B8B2312898400200909098C3A0D0D0D44AD56733AFEF2E5CBED7EFE14E760F9F2E59CEE018D46431A1A1A18F10909090400914824242E2ECEE28FA5D16824376EDC6094272525713ABE42A120B5B5B5763F7F67441402480821C9C9C99CFEF832998C9C387182D367161616122F2F2F467C595919A36E464606A7E34B241252545464EFD3A7F04C515151DF8F24DB6BEFDEBD8CF8B2B2322293C94CEA797979F5DB1ABC9B13274E30E22DBD929393ED7CF6CE8B6804B0BBBB9B8486860ED80ADF4D6B6B2B59B66C99C51BDACFCF8F5A614A1FF6B0BE7E7E7E167F30972D5B465A5B5BFBCD61C68C199C8E1F1A1A4A7A7A7A06F3723815A2114042ACB3C2EBD6AD33FB19478E1C61B4FACCBD2C59618D46C3E9F8717171837D39280E222E2E8ED3DF5CABD5F66B7DFB7B7979799123478E58CCA1A9A989CC9B37AFDFCF1093F5ED4554024808215BB66CE174335AB2C2A9A9A99CE38F1D3BC688DFBB772FA7786A855D035BADEFB163C7385BD7D4D4D47E73311A8DE44F7FFA13717777371BBF75EBD6C1BA0C4E8BE804B0A7A7C7262BACD7EB39DB095BADB0B7B737ABB5A1382FADADADC4DBDB9BD3DFDA5AEB7BEF6BC68C198C5E5F4B5CB97285CC9F3FDF245E6CD6B717D1092021D659E1356BD630E2CF9F3F4F542A15A7787356B8B1B19168B55A4EF1D40A0B176BACEFC58B1719F15CAC2F00A252A9C8F9F3E719F11F7FFC31696969319B5B6F6BD0C3C38328954AD159DF5E4429808410929292C2E9E6B2648577EDDAC5295E2A959292921246BC3556986B4F1FC579282C2CB4C9FA96949410A954CA297ED7AE5D8CF8DE5EDF0913269043870E59CCF3CA952BE4C30F3FB4EBB90B09D10AA0355638202080E8743A9378BD5E4F22222238C55BB2C2B366CDE214EFE5E545ADB080686D6DE5D4510680CC9E3DDB26EB1B1111C1B0BE3A9D8E04040498FC88BEF4D24B165B836246B40248C81D2BAC542A39DD68B65AE1952B5732E22F5EBC48ADB00B62ABF55DB97225A7784BD677CD9A3566EB7B7A7A9283070F3AE2120806510B2021846CDBB68DD3CD66C90AA7A5A5718AB787153E7CF8B0232E09C5060E1F3EEC30EB9B9696C688671BF0DCDB1A6C6E6E76C4E5707A442F80D658617F7F7F9BAD707B7BBB49BCC16020D1D1D19CE2A915766EACB1BED1D1D18CE995EDEDED365B5F7F7F7F4EF18F3FFEB8232F8DD3227A01248490B367CFDA6485EBEBEB39CFF58D8F8F67C473B1C26AB59AA4A7A7339E17519C0783C140D2D3D359EF054BD6373E3E9ED33DA456AB497D7D3D23DE92F5BDF7A5542AC9D9B3671D71499C1E2A803F618D152E2F2F67C4DB6A853333332DC6CC9C39D3EC0C018A73D2D0D04066CE9C69F1EF999595C588B1D5FA969797731E30BD6DDB36475C06414005F0277A7A7A48585818A71BC8562BECEBEBCB98EB6B341A195658A3D1D0569F40E96D0DDE3BF5D19CF56D6B6B23BEBEBE9CEE1D5BADAFB965B2C40C15C0BBB0D50A5BB3EC159B158E8A8AA2AD3E17A0A1A1A16FE68F3DACAFB97B825ADF814305F01EACB1C2E696BDB2C60A1F3D7A94119F9D9D4D32323268ABCF8530180C2423238364676733DE3B7AF4A84DD6D7DC3259965EDBB76F77C4E90A0A2A80F7D0BB02B42D56B8BFE73F77BFE8B257E2C69A65B266CE9C49ADEF204005D00CD658E155AB5631E26DB5C2147160ABF55DB56A15B5BE3622DCADB50691C0C04070DD2E39232303E5E5E526657E7E7E484949E1145F5353839E9E1E6B53A4089C9E9E1ED4D4D470AA9B9292C2D819AEBCBC1C1919199CE2939393193BC3517E826F0576566CB5C26CCB5E69341A929999499FF5891883C140323333FB5D24D7DC3259D4FADA0F2A80FD608D15B66633A4E8E868B3BD81147172F1E245B3B3812C595F6B96C9A2D6B77FA800B260CD0AD06C9B2169B55A929595455B7D140606838164656599CC08CAC8C860D4B3A6D7976D85680A212EBF31BAAD180C06444646A2A2A282B5EEC30F3F8CAAAA2AA8D5EABE32A3D188E8E868C86432E4E4E4C0C7C76730D3A5089C4B972EE1C5175F84C16040717131A4D29F1FD3EB743A848484E0C2850BAC9F131E1E8EB2B232C864AEB3A9FC6040059003E7CE9D436868283A3B3B59EB262424202D2DCDA4ECD6AD5B183E7C382412C960A54871210821B87DFB36468C1861529E989888F4F474D678954A85D3A74FE391471E19AC145D06DA0BCC8180800024272773AA9B9999C9E8151E316204153F0A6724120943FCCACBCB919999C9293E3939998A1F47680B9023D658E12953A6A0AAAACA015951C442484808AAABAB59EB4D9F3E1DA5A5A5D4FA7284B600392293C950505000954AD56FBD9898187CF4D1470ECA8A22163EFAE823C4C4C4F45B47A552213F3F9F8A9F155001B4027F7F7F8B5658ABD5E2CD37DFC4912347E0EDEDEDE0CC28AE8EB7B7378E1C398237DF7C135AADD66C9DE4E464F8FBFB3B383361432DB095180C06444545E1F8F1E37D65313131C8CDCD859797178F9951C442535313626363515454D45716111181929212DAFAB3122A8003A0BEBE1E21212190CBE5484D4DC52BAFBC423B39280E851082B7DF7E1B6BD7AE855EAF475555156DFD0D002A800364FFFEFD98366D1A6DF55178A5A9A909A74E9DC2534F3DC5772A82840A208542112DB4138442A188162A80140A45B45001A45028A2850A208542112D540029148A68A10248A150440B15400A85225AA800522814D142059042A188162A80140A45B45001A45028A2850A208542112D540029148A68A10248A150440B15400A85225AA800522814D142059042A188162A80140A45B45001A45028A2E5FF00066E5874EC844FB20000000049454E44AE426082');
/*North Korea*/INSERT INTO "Flags" VALUES('Korean', 1, X'89504E470D0A1A0A0000000D4948445200000140000000A008060000007DA3B59C00000006624B474400FF00FF00FFA0BDA7930000000774494D4507DB050A130718513D3AE000000EF749444154789CEDDD797815E5BD07F0EF2C67CE7E2204859848592FA2ADB5D70212C5FAF4AA6D5140D4BAB4D2FB682B2E50142DFAF860D12A72AF58A956C1AA5837284B0D24C8128258B1ECB74A85B2B402090845598A663D397366E6FE11A96092B3CE9C39C9FBFDFC979C99DFFB7B78E0CB2CEF795F491EF5BA05222201C96E374044E416062011098B014844C262001291B0188044242C062011098B014844C262001291B0188044242C062011098B014844C262001291B0188044242C062011098B014844C262001291B0188044242C062011098B014844C262001291B0188044242C062011098B014844C262001291B0188044242CF5BA8BBEE6760F4444AE902CCBB2DC6E8288C80DBC0526226131008948580C4022129674BCF4323E03242221A9E6FE8FDDEE8188C815BC0526226131008948580C4022121603908884C50024226131008948580C4022121603908884C50024226131008948580C40221296EA7603F415AA02A5A418729FDE908BBA430A0621050290FC3E588601ABBE01565D1DACCF6A6154D7C0DC5B0DABB1C9EDAE893A2406A0CBA42EA7C1337430D4D221F00C1904A56F6FC0E369759C79F828E433BAB559C33C7808F12D1F425FBF11F1F59B60ECA976BA6DA24E413A563280CB61E598140A41FBC1E5F05E7F0DD4C1170072F2271175637F8EF0734F019A96F45873DF7E342F5A82E6B22530F7EDB7A365A24E890198434AAF9EF0DD751BB4D12320F97CA99FA8EB387ECE208466CE80E78AEFA67E9E6541DFF87F883E3F1BFA9FDE4BBF61A24E8EB7C039A0F4EB0BFFDD77421BF1034051D23E5F5FBB0156348AE6454BD20B40498267E86078860E467CDB76447F3313B155EFA43D3E5167C5B7C00E92027E041EBC0F0555E5D0AEBE2AA3F00380D8B2950000FDDDF780783CA31AEA37CE45E8F7B3109EFB3294DEDC0A950860003AC673E93014BCB31CBEBB6E6BF3A546CAE2066255AB0100564323F4F59BB2EBEB928B50F0F65BF0DF7D57C6814CD4593000EDA62A083C781FC2AFBF08B9B828EB72FAC6CDB08E7FF6EF9F63CB57665D139A06FF2F2620B2F035C83DBA675F8FA8836200DA48EE5688C8C2D75BAEFA24C9969AB1E555A7FCACAF5C0D18862DB5D5C1DF4641E562784A87D8528FA8A36100DA44EE7916C28BE7411D74817D454D137AE5AA537F75F418F4CDEFDB368454D815E139B3A18D186E5B4DA28E8201680365E00044CAE741E9D5D3D6BAF1BF7C00F3C8D156BFD7EDB80D3E99C783D073BF86EFBF7F6C6F5DA23CC700CC92D2AB2722F35E817C7ADBDFD2C8466CC5AAB67F5FF936609AF60E26CB083CF610BC37DF606F5DA23CC600CC825CD403E179AF402AEC6A7F71CB6AF5FCEF04F3934F11DFB2D5FE312509C1A953A05D9EC65C43A20E8C019821C9EF43F8B5172097143B523FFEE13698FF3CD4EEE727E606DA4E51109C3903EA37BFE14C7DA23CC200CC5060EA1428030738563F59C0C52ADBBE3DB683E4F721F4BBA72145228E8D41940F188019F05E3B0ADEEBAF71748CF69EFF9D607E7C00F16DDB1D1B5F2E294670C634DBA6F310E52306609AE41EDD1178FC6147C730B6EF4C6915177D45DBCF08EDA27DEF3278AFBBDAD13188DCC4004C53E0E1072105038E8ED1DECB8F56C739F51CF02481C993209D56E0F838446E6000A6C1F39D8BA15DF57DC7C74935008DBD3530FEFE91A3BD48855D11B87FA2A36310B98501982A494260F224C787313EDA0D63F79E948FB7E5BBC149787F7C7DCB4AD5449D0C0330459ECB2E75F4ADEF09A95EFD657A7C466419BE71639D1F8728C7188029F24FB83327E3247BFBFB55C6AE7FC0D85BE34C3327F18E1EE9D89C4722B7300053A07EFB5B50CF3FCFF1718C9AFD30B6EF4CFBBC9C5C05AA0A7CB7DCECFC384439C4004C81F7DADC4C05C9745A8BD3D3614ED0468FE022AAD4A9300093D1B496BD3C7220D3692DF1AD7F8379E0A0CDDDB4269FDE0D9E61A58E8F43942BDC142909EDD26190C22134FEEF5388AFDD04291C84140A02AABD7F74565314F1ADDB323EBFEEA7E3A0F4E9655F4300605AB01A1B61D5D5432EEC82C0B447A08DBC12FABB7FB6771C2297300093502F296D592AEA17F7A0A1F63134CF590058F9B793A8B163178C1DBB1CA9AD9CDD1F81E77F03B9FB19F00C1BEAC818446EE02D70129EA15F2C17AF2A084E7B04E105AF39B2F65F5E5264F827DD83829515908B7A0068F92A20E7045267C1004C40EE5608A57FDF537EE7193A1805AB9742BBE2BF5CEA2A37E4926244CAFE00FF843B00F9D4BF266AE9852E7545642F066002CA3967B7B91A8AD4E53484663F87E0E3532079BD2E74E62C6DC47014549543BDE0FC363F57CF393BC71D113983019840C2970A9204EF4F7E84C8D23F42E9DF2F673D3949F2FB107C722A42B366400A87DB3D4EE9D727875D1139870198C0576F7FDB3CE6ECFF4064D99B1D7E2F0DE5DC81882C5F04EF8DD7253D56E63340EA24188009C8C567A6749CE4F721F83FBF42E885DF422AE860AB284B127CB78E41C19205295FD9C9A77783E4F739DC1891F31880094891F66F03DBA20DBF02052B2BECDD1BD841526157847FFF3C02BF9A0C685A7AE786420E7545943B0CC00432F9472E171721B2F075F8278ECFEBAF8D792E1E8A8295E5F05C766946E74BA1A0BD0D11B980019840C62B3FAB0AFCF78E4764C1AB90CF2CB2B7A96CA90AFC0FDC8BF0DC9721773F23E3320C40EA0C18800E52870C4241E56268DFBFDCED560000F25925882CFA03FCE3C7B69ADB472422FE2B48C06A68CCBA86D4E534845E7A16C1690FBB3A67501B7965CBDCBE6F7DD3967A567D832D7588DCC4004CC0AAAFB7AD9677CC4D882C7B13CA80FEB6D54C85140C20F8D43484663E65EB8B0B062075060CC004ACDA3A5BEB2903FA23B2F48FF08EB9D1D6BAED51CF1D88C8B23247F630B6F33F0722B7300013301C58634FF2F95AB6D6F4397F3BEC1B37D691850BCCC3476035456DAF4B946B0CC004CCDD7B1DA9ABAF590B2BDAEC48ED93C5AA563B52D7CCC11E2444B9C0004CC0A9CD86F45CECE101407FFB5D2016B3BDAEF151EADB7612E533066002C68E5DF62F7EAAEB88ADFA93BD35DB61D5D7437F6FBDED75E33B9D59789528D718800998478FD97EB5A3AFDB08ABB6D6D69A89C41CD83029BE7E93ED3589DCC0004C425FB7D1D67A996E7C94F178ABDE01E271DBEA99873E81B1A7DAB67A446E62002611FFB38DB79086E1D88B89F658C73F83BE61B36DF5F4B51B6CAB45E436066012B1356B617DF6B92DB5F40D9B61FDEBB82DB5D2115B6EDF5567AC62996DB588DCC6004C261643ECAD15F6945AB1CA963AE9D22BDF064C33EB3AE6A7877905489D0A033005CD65E5D917314DE8959905A0DCAD10A167A643BD705066431F3D86F8E6F7333AF764B1F2A58061645D87285F300053107FFFAF887FF0619635B6C03C7C24EDF33C975C84485505B46B462232FF55F827DD0DA8E9AF3398F5DBE0781CD157E764578328CF300053D4F4ECF3599D1F4B77F2B3AA22307912C273667FB90FB1A2C03FE14E4416BE01B924B5E5FAFF3DFE8A5559CD696C2EAB8079E09F199F4F948F188029D257AF81B17D6766275B565A57604AAF9E8854CC87EF8E9FB6B92DA73AE83F51B0B21CDA95DF4BB9A679E813C4B76C4DF9F853C40D4467BE98D9B944798C01982ACB42E3D4E9199D1ADFFA3798070FA574ACF7DA5188AC5804F5BCAF273C4E8A4410FADD33084E7F2CE50D8A327D1B1C9D3B1F46F5BE8CCE25CA670CC034E86B3720B624FD6920A94C7E964241049F7E02C1A79F486BDD3EEF4D3F4464791994810392F791C17790CDA3C7D034FD99B4CF23EA081880696A7CF489B4D7C2D393DCFEAAE77D1D91158BE1BD7654463D29FDFA22F2D642F86EB9B9CD5BE613CC8F0F20BE6D475AB59BA64ECFE957F7887289019826F3D3C36878F091948F3776EC8251B3BFED0F2509BEDB6F45A4623E945E3DB3EA4BF27A1178F421845E9E09A96B97768F4B16C6278B2DAD44735945567D11E53306600662E54BD13C77616AC7B633F9593EBD1BC2736623F0D0FD80AADAD69B76F9775BB6BB2C1DD2763F293E0734F77F8C86FB7F695B5F44F9880198A1C647A6B52C9795445BCFFF3CDFB91891AA0A782EB9C889D620F7E88EF0BC57E0BF7F62AB3983C69E6A18FFD89DF07CAB298AFA3BEE815567EF960044F9860198212B1A45DD98DBDABFBD0560ECDE0BE3A393C2C6E341E0970F20FCC64B90BB153ADBA02CC3FFF3DB1179732EE492E2533E8A2DAB6CFF3CC340C3B87B11DFB6DDD9FE88F20003300BE6E123A81FF33358C7FED5E6E727DF6E2ABD7B22523E0FBEB1B7247C516137F582F35150550E6DC4F02FFB2A6FE74DB665A1E181292D4B68110980019825A3663F6A6FBAA5CDAFB935CF2F030068A34720B2A23CE9DC3EA748E13042B36620F8E454489A07C6DE9AD6F3FA0C030D931F45F38232577A24720303D006C6CEBFA376D48DA7EC216256D7C03A7E1CC15F4F43E8B74F420A06DC6BF00BDE1BAF43646505A4A2EE687EF9B52F3F88C5503FEE5E34BF31CFBDE6885CC000B48979E0206AAFF911E29BFF0200886FD98A48F97C786FB07F4FDE6C28FDFAA0CBDA2AC8C545005A263AD7DDFCB39CAF544D940FA46325036CDEF54770AA02FFC4F1F08FBF1D90F3FBFF177DFD26348CBF0FE691A36EB742E40A06A0433CC34A119CFE58AB37B0F9C08A46117DF60534CD7C91EBFB91D018800E927C3EF826DC09FF1DB7021E8FDBED0000F477D6A061CAE330F7B53F7D8748140CC01C507AF5847FE2786823AFCC6831533BC4FFBA154DCFCC6AD92C9D88003000734A3EAB04FE7163A15D7D556EDE0A5B16F40D9B119DF512F4356B9D1F8FA8836100BA400A06A00DBF02DAE8912DDFD955ECBD2A34F65423B6F8AD2F56713E686B6DA2CE8401E832A92002CF8583A1960E8167E860287D7B039A967A01CB8279F010E21F6C81BE6E13F4751BF97C8F28450CC07CA328908BCF84D2A717E4E222488120A4600092DF072B1E87D5D008EBF3CF61D5D6C1D8530D736F0DAC68D4EDAE893A24062011092BBF67EA12113988014844C262001291B0188044242C062011098B014844C262001291B0188044242C062011098B014844C262001291B054B9E7596EF74044E40AC9B22C2E86404442E22D3011098B014844C262001291B0D41B9E7CCFED1E88885CA1BEB96E9FDB3D1011B982B7C044242C062011098B014844C262001291B0188044242C062011098B014844C262001291B0188044242C062011098B014844C262001291B0188044242C062011098B014844C262001291B0188044242C062011098B014844C262001291B0188044242C062011098B014844C262001291B018804424ACFF0778C50D88240D71350000000049454E44AE426082');
INSERT INTO "SpeakLocales" VALUES('Korean',0,'ko');
INSERT INTO "SpeakLanguages" VALUES('Korean','English',0,'Korean');
/*Solo pongo ko, tambin hay ko-kr, pero debera ser lo mismo.*/


/* lv   Latvian,              */
INSERT INTO "Locales" VALUES('Latvian','lv');
INSERT INTO "Languages" VALUES('Latvian','English','Latvian');
/*Latvia*/INSERT INTO "Flags" VALUES('Latvian', 0, X'89504E470D0A1A0A0000000D4948445200000140000000A008060000007DA3B59C00000006624B474400FF00FF00FFA0BDA7930000000774494D4507DA0713000F178BB628800000023449444154789CEDD6311180401004411E45A498C5EA21E382E956B0D1D49EEF79E70208BAB707006C1140204B00812C0104B20410C81240204B00812C0104B20410C81240204B00812C0104B20410C81240204B00812C0104B20410C81240204B00812C0104B20410C81240204B00812C0104B20410C81240204B00812C0104B20410C81240204B00812C0104B20410C81240204B00812C0104B20410C81240204B00812C0104B20410C81240204B00812C0104B20410C81240204B00812C0104B20410C81240204B00812C0104B20410C81240204B00812C0104B20410C81240204B00812C0104B20410C81240204B0081AC3333B33D02608307086409209025804096000259020864092090258040960002590208640920902580409600025902086409209025804096000259020864092090258040960002590208640920902580409600025902086409209025804096000259020864092090258040D6F99E77B647006CF000812C0104B20410C81240204B00812C0104B20410C81240204B00812C0104B20410C81240204B00812C0104B20410C81240204B00812C0104B20410C81240204B00812C0104B20410C81240204B00812C0104B20410C81240204B00812C0104B20410C81240204B00812C0104B20410C81240204B00812C0104B20410C81240204B00812C0104B20410C81240204B00812C0104B20410C81240204B00812C0104B20410C81240204B00812C0104B20410C81240204B00812C0104B20410C81240204B00812C0104B20410C8FA0164E50946F53882710000000049454E44AE426082');


/* lt   Lithuanian,           */
INSERT INTO "Locales" VALUES('Lithuanian','lt');
INSERT INTO "Languages" VALUES('Lithuanian','English','Lithuanian');
/*Lithuania*/INSERT INTO "Flags" VALUES('Lithuanian', 0, X'89504E470D0A1A0A0000000D4948445200000140000000C008060000007557BAC600000006624B474400FF00FF00FFA0BDA7930000000774494D4507DB0403141A199C7116D5000002A449444154789CEDD6A11183001444C110D2418A4021281D894C611928E38BB75BC1A937B7FCAFEFFD02087A4F0F0098228040960002590208640920902580409600025902086409209025804096000259020864092090258040960002590208640920902580409600025902086409209025804096000259020864092090258040960002590208640920902580409600025902086409209025804096000259020864092090258040960002590208640920902580409600025902086409209025804096000259020864092090258040960002590208640920902580409600025902086409209025804096000259020864092090258040960002599FF53CA637008CF000812C0104B20410C81240204B00812C0104B20410C81240204B00812C0104B20410C81240204B00812C0104B20410C81240204B00812C0104B20410C81240204B00812C0104B20410C81240204B00812C0104B20410C81240204B00812C0104B20410C81240204B00812C0104B20410C81240204B00812C0104B20410C81240204B00812C0104B20410C81240204B00812C0104B20410C81240204B00812C0104B20410C81240204B00812C0104B20410C81240204B00812C0104B20410C81240204B00812C0104B20410C85A7EDB7E4F8F0098E0010259020864092090258040960002590208640920902580409600025902086409209025804096000259020864092090258040960002590208640920902580409600025902086409209025804096000259020864092090258040960002590208640920902580409600025902086409209025804096000259020864092090258040960002590208640920902580409600025902086409209025804096000259020864092090258040960002590208640920902580409600025902086409209025804096000259020864092090F500A0A307422D86D6B00000000049454E44AE426082');


/* ms   Malay,           */
INSERT INTO "Locales" VALUES('Malay','ms');
INSERT INTO "Languages" VALUES('Malay','English','Malay');
/*Malaysia */INSERT INTO "Flags" VALUES('Malay', 0, X'89504E470D0A1A0A0000000D49484452000001F4000000FA0802000000D8C9221900000006624B474400FF00FF00FFA0BDA7930000200049444154789CEDDD79405455DF07F033C32C30EC8B80A080289B22E28A698A1291A2E5F6BAA56599D9E6D2EE529959CF63963DA596E652AEB9A6E1BEA168269AA8E01602CAA2B2A828FB00B3BE7F5084308CC3E532F7DE33DFCF5F30CE99F961F69DCBB9E7FC8E4844A61200CB904456735D02809988B92E000000D887700700A010C21D008042087700000A21DC01002884700700A010C21D008042087700000A21DC01002884700700A010C21D008042087700000A21DC01002884700700A010C21D008042087700000A49B82E40481CED54B6361A6B99861052A69455544A9455F80B1412794000D725009809B2C980B61EE5C17EC51DFD8B43DA1585B42B0AF42DB1B5D6D829D4069F5CF04071FBAEEDED02BBDB776DD3739C2EA5BB5EBEE152AE949AB9663045687A1AD72500988908C7EC11424422D2B15D5164F7FC7E5DF323BBE77BBA2A9BF36A3A9D2833D73EF1B2674292D7F124AFDB77EDD8AA139A49A75FC97509006662D1E12E16EBA37AE44D1C9231B8CFAD56CE552DF42EE9B71C771E6BB7F960C0B54CE7167A0B3011C21D2C8785867B68FB871387644C1874C3DBBDC26C6F9A92EEBA715FE0CF7B824ACA65667B53A80BE10E96C3E2C23DA6F79DB99393FB77CBE7AA8032A574ED9EA0A55B4233731DB8AAC16221DCC172584AB88B44E4B9FED9735F49EED9F13ED7B51042885627DA76A4FD67ABBA67DC72E4BA160B827007CB6111E13EA07BDE77EF2786053C6C89172F2CB6BE9EED743DDB293DC7292DC7B1B24A52522E5369C465157F2F98B1966B6DE45A9954EBD7BA2CC0A7B443DB920E6D4B3A7778686BA3D168C5EBF6067EBEBA1B6EBA9A07C21D2C07E5E1DECAB9EAEBB7CFBE109B2E12B1F9B2A9594E272F7AFD7EA1F5C98BADF30B150C5E4162A50B0F7AD0B7CBDD27C20AFA74B9BB7C7BA76F3685A935D853D6B210EE6039A80D77B158FFCAB0B485D3FF7471A866EB3553D25DD7ED09DA7ED4BFE00193406F8CC44A17D93D3FA06DC9C1449F9C7C162EE1ADC47AAD8ED54F335A20DCC172D019EE9EAECA0D9F2744F7CA65E5D58A4AE59B0E06ACDB13989CE6C6CA0BB6B4214FDEDAFF870FD755F011C21D2C07853B5487F6BBB576FE09574716D6ADDFBE6BF79F9FBAAEDF1758ADB26AFEAB9987C25A3336E626C21DC0C25115EE122BDDFCD72ECC7E29452CD637F3A56EDFB5FB7A7D979F760755560BECAF28B4FDC3EE21BC581104001C1258721961A750EFFCFAE8D311779AF93A552AABC51BBB7CB9365CA04DC1BA063D08F42D51586B045A3F00B08292E5196DDC2BCEAC8B6B7EB26F3C1010307CDCBC153D384FC69076C5CC56F884053EB012EB43DB3359F7E9ED5E6123D730795700E0191AC2DDCFAB2CFEC77D9DFC8B9AF32225E5B2B1B3A327CD1B987BCF96ADC29A432CD2CF7E2985C1C0EE218584906EC1854D1D2893EA3E99725170D350006090E0C33DA45DF11F3FED0EF42969CE8B9CFFAB55F7092377C4FBB35555F35DCB749E3222B55FD782268D9258E93A77784808090B6CF295FBC2E97F3E289137751400F093B0C3DDC7B3FCD0F707BC5A35AB43EF922DA14FBE328C879D5E12CE7BFDF29F636E4E4D58F613E45B5233AF121ED8B42BF79151596F8FBF72E44CDBA69508007C25E0DFC13D5D95C77EDCD7D6A39CF12BA835E25716446E3AC0D3D3798E9E6D33F9B9B4F50B1286CE1CAC376DF94FD77F6663C2021E9ABE95C9DFBB74CD27274B2B64A72F7930AE56104A0F1DE2BA040033116AB83BD9AB0EFF70A07D9B52C6AF50A6948E7A3F26FE9C378B55B1EBC8D9365A9D68709FDB1FBC70E9AB0D5D4C19121EF4A0E60B85B526D0B72435CBE9B143E432EDD685C79CEC557127FC345A61FF26F758198363B92E01C04C04F93FB358ACDFF4C5F19AC965668ACB64CFBE3D88CFC94E08292A955F486D4508F9E2ADA4BE5D4C9A7CEF1AF4EF6C8C8933338B66FCD9A3E37D42C891336D189509007C24C870FF64CAC5D8BEB7180F2F534A9F7E73E8EF175BB358520B397CA60D214462A5DBB2F0F193EF22D123E16ECA3DD551515933C65DADF9FA1026DC012822BC707F3AE2CE27532E321E5EADB21AFEEE33175285D125E6E8D9BFAFA6DBB857ACFBEC84F195EFBEADCB9CEC55B5DFD60D7A83FCBD4BD7CC3B59F3F5F56CA7EC3CFB66D50A007C22B0706FEDA6DCF07902E3EE023A9DE8E5F90312CE7BB15B55CB397BC5BDF64CBED8BEB7DE9D70D9C893BBFE33E1FECFB7C6C2DD46AED9F9F55147BBBF3F0C0E25E2B21D802A020BF71FE79EF270A9643CFCF335DDB61E69CF623D2D4DA3151F4FFAF7A368E1F4737DC2EE36F6E4F047D3BC9573959145A25FCDFCB34BE0BF1F0647CE62C21D802A420AF7F1CFDC78B67F0EE3E1BB4FFA2D58DD9DC57ACCA3EEDAF39AC9F7C61A5E36BC546FEC9EEA84C137DE1A73ADF6DBCA6AC9C90B02B8030100A6134CB83BD9ABFEF7DE19C6C373F2ED267F1669E26AF196E0EC502D9769190CACB7A4A7AD47F9F2397F187C66970677500D9E2CE8E755B6F483D3751FF923C59359D70167F60E420100760926DC17BC91C4784246AD118F9B135D54CAE5DEFAE232F9E76F24CD9A9462DDC488BF79C721FDD143B4474767BEFDFC957A4FF370A96CB89FAB6B830E3336724DDC3787EB85F2A1D34D9E70F776AFF87ED61FDD9BDEC10600CC4318E11E16F0F0F551A98C872FDB16FAE7557716EB6140AF271FFDD06B60CFBCB4DFB64D1D992AB1D2993EF67083458A8B66FCF9C4A393EF7527D06B853778F09B77CF36BC9C6FD222484F57E58F734FDD88DB9A7CDD8DE71B05002C9930C2FDCBE97F36290DEBCACC75F864790F76EB6146AD118FFEF0E9C262EB1FE79EAA89782BD396FD1C6D70B7532AD16DF9EFB1BAC7C31A5C1BD3BE4DA9BD425DFBEDC4D88CD747FD55EF3939F976A66C642584383B542F9C7E2E236EEBD491A95FAE0BFF6977B029A30080130208F79E1DEF0FEA739BF1F0698BFAF2A78D6D99523A74E6A09C7CBB765E653FCE3D95B2F5D7D1D1998FEDDB9E70DEABE1397F3E9EE5EB3E4BA81D1B1E64E0CA5D2CD68705FCFD78B05FF1F2D90626EB4DB96C77B0552D9C7E2E7BDFE65993526C6D343F6CEFF4D92AE1DD9A06B0280208F70F265D623C76DF291FBEADE0CE2F54C4CE887D582A278474F22FDAF6657CE2DAB8A78C9EE55D512949BC6CA0A5D7D07EB7A68DF97B7F69C3E9F51A35A1AFB0D66CFB32DEAECE557C2DE39D206DE49A5993526EECDE3A6B524ACD2F017127FCDE5EDCC7C81000E003BE877B58C0C3515199CCC6EA74A20F97F466B71E56A466398D78EF99AA7F2EC62342EF1D5DBEFFD44F7BFA77CB6F6C48638D5F16BF73B677E77BF60A7587467AA8D5CCC57FFB5EA2C1563C6A8DF8D839C35BBAE432EDAC4929597BB72C9C7EAEB6F3C199CB1E133E8A32B1D924007088EFE1FEEEC4CBCC4E9B2384EC3DE57B3DDBA4D964F33B95EC396E7674DD94ECDBA5E0C4AABD4796EF37788852C37BAA35A412DDA62F8EF7EB9ADFD8AEDDF0C0072FC466BC3AE2BAC13F3D73D9A3B44256EF4189956EEAC8D4B45DDB164E3FE75E6785525A8ED3B0779FE1CF1C170018612522FC9D3C75B257FDFCE909891593D5E97A3D797EEE53050F14AC57C596B41CA7EA6A4974C4231332FEDE659387A5F979955D4A77AB6D3C4008B95764F3C6FFFD656B63E080536787EAE8885C837F44087171AC8EE97DA7B1F5973FC505FF9EFCC8F6A5E7FAE76C5978EC95E169B59D096A3C28B18E7933F6F65D3B137F3A7E9A4A9877250210165E5FB98F8ECE6CEAAAF05A87CFB44D497765B71ED67DB5A1CBE28D61F51E9458E95E7E2EEDE6EE2DDBBE8CF7F7FE7BB245A7133576F14E08716F7C0780B54C5B2FA6EB3A70DAA7E60B91888C8ECEBCB27D47DCFF0E375C2B59AE940E9A169B96C3D35F8300A0215EFF8AFDFCE00CC66357FCDA91C54A5ACEACA5BD3D5C2B5F88ADFF938AC5FAD1D199C322B3D7ED0DFA6C55F7FC42C591B36D2636785A73E4172A92D3DC0821CFF6CFF9E895E45E9DEE197C9A462B1E3B3B5A287D348D739F3183EB1200CC44242253B9AEC1B0F66D4AD37FDBCA6CC23DBF50E1133B4128F7FDA412DDBE25879E8EB8D3D8132A2A25DF6F0F5DBF37F0DA8EED8CEF4034B4617FE0FABD819FBF9964A419995E4F5E9C17F5CBC10EACBD2BA774FA955C97006026FC9D963165017863B61E692F94642784A835E2E7E74619B9F76B6BA3993529E5E4EA3D2A75FDD5EECDF154CFDCF815FB8C243B2164E1DAAED4243B8045E16FB83FD38C8D4B3FC7096CF3E48312EBE83786DE2A3076BBB2957315B3D6638DF176AF30FEF1F9FDF64E1F2FEFC9E23B0280D9F034DCAD65DA8850C353C08FF557A6F3B54C6776EB3183BCFB8AD81983B9ED6E56D76F097EEF60B3128060F134DC9F0C2F60BE4E46B0E74EFC95E93CE2FD98869D06CC2FF1B2C7C48FB1590940C0781AEE037AE4311E9B9024E05685BF5F6C3DE9D3813A4E53352DC769D83BD8AC04206C3C0D77231BF18DD3EA447FA478B25B8C996D3FEA3F6B690457EF5EF040113B7DF083126BAE0A000056F0F4EA2CB4BD814628A6B878DDADB8ACFE7E7AB39158E9460CCC0EF429A9565B9556482BAB24552AABE23259B5DAAAA2525A56215569C425E5B29AC78DBCCE379BC23AF894BC3692790B7B6694559291EFC764E5D99BF2649954676BA3B6B5D6C8A45A277B9554A2B357A86DAC35D632ADBD427DF262EB9B771C5ABA6000680C1FC3BDB59BD2C9BED14D95C6255D6BC56E314DA2D18A77C4FBF7EE7CEFAD3157FFEFA92CE38B5B6A43BF5C29A9565BD5867E71994CA5B62AAB902AAB240A6BC34D055A48E2658F01DDF3860DC89649B5B6D61A5B1BB54CAAFB27B8553672ADB55C6BAF504925BAC6FE039594CBD6EF0B5CB1A323921D805B7C0CF720DF62C663D379B045FEEC15F7B357A2A62D528D8DB93973FC959076867F9C7FF291E1D9812D21BA576EB4D1E6C346C49FF35EBD2B64CFEFBE7CB8210C00FC0CF712C663F9D3FFA4A45CB66A57C89AB8E0A81E79AF8E4C1D199565E2B94BC2A2AC926C3A10B0FAB7103AFA130050838FE11ED08C704FCF717CFC93CC48A713C59FF38E3FE7DDBE4DE99411D75F1D91EAF2E8E1D4C2959567BF744BE7757B03EB76AF04009EE063B8B77653321B58ADB2CA31BAC9934337EF38CC59D6EBB395DDC73C7DF39D09570C9E672D085A9D68D7F176AB77851C3FEFC5ED924D0030828FE16EAF607837B5A84CCEF3B8A952596DD81FB8617F60F790C219E3AF8C8BB92995303CF8DBFC1E9458AF890B5EF35B306E9602F01F2FC3DDD6C0519FA62857F2F1C731E842AADBA47903672D89983434FDADB1D7DAB857705D9131672E7B7CB7B9336E960208081FD3D0DED039CEA628530A6CF2B7E08162D1FAF06F37870D8BCC7E75642AE3952A2DA4B25AB2713F6E960208121FC3DD8E71B85748D9ADC43C546AF18E78FF1DF1FE5D830A5F1B953A3136C3CCCBDB1BCACEB35FB93364EDDEA07B0F6DB8AD040098E163B8336E19A6ACE2E38F63BAE434B7E95FF54DCD72FE6AE6590EE7E293FE6A35EAFD983BF76CB92AA0E5DC9EF936D7250098091FD3907146DB707DC1DB1CEDBCCA663E7FE5C521E98C77E7B2A567C7FBD9FB361F38DD76E996CEC792BCF514ADCEBFB77429D7250098091FC3BD4CC9707685F1643D87442232B45FCEF47157A37AE48979B3CB492CD60FED776B68BF5BD7B39D56EEECB8262EB8A2928FFF5400A0317CFC3F96F1D4B9B0C2DDC5A1FAD511A99387A505F830DFB4D5D282FD8ABF7D2F71FE6BE7D7EF0B5CB2B9B3893DC5008073BC0C77A68B5E18DF8935B3CE1D1EBE35E6DAF3836E08A560473BD58C7157A78DB976FCBCD7B2ADA1FB4EF9D234570340253E863BE3E5EA4EF62A9188F03677A412DDF001D933C65FEDDBA580EB5A98108BF5359DC5326E39FEBC3B68D56F21FC39141000EAE163B81B3F27DA081BB9A68D7BF9EDBBBCEB40E0ED5E316DECB51787A433EEACC02B013E250BA79F9BFB4AF296431D966D0D15E289B500D4E363B837A76D6F906F09AFC23DBA57EEAB2353874566CBA482693360227B857AEAC8D4A923534F5FF25CBA25F4B7043F8D96A7077B0158203E867B73DAF606F915C79FE3FE0C5585B566626CC6D491A9DD820BB9AEA5C5F5ED52D0B74B4166AEC3EA5DC16BE28271441F001FF033DC99B7ED0D6C46BB6056B47653D65CCFD69B8129AD90A935E2927259B54AACAC9294574AD51A7151A95CAD11972BA5CA2A49B5DAAAB45CA6D6884B2BA455D5563672EDB7EF2732DECFC5CCBE533E074FFB38D8AA6CAC357299CED9BE5A26D5DADA68EC156AB94CEB60AB52586BE4329D937DB55CAAB5B579645781BF77E9C2E9E7E64C4E59B73770F9F64EE9B7F8D57B19C0D2F031DC8B4AE5F78BAC5B39573118DB2580CB56BA52892ED0A7E4F099B6FB4EF91695CAD41A7179A5F4B127A6366423D71C597EC0CCC94E08898EC8FD7A43F8A964534F18AF0DFD9A13F86A43BF4F97BB6A8D18EB260138241291A95CD760C091E5FB9975D152A9C52E035F12741F0289952EEE7F4762FBDEE2E4DDCB94D2C829CFA5A4BB72F2EE2D2D89ACE6BA040033E1E91DB0842486F3E632A9AE7FB77C768B31B31573FFE02AD90921F60AF5BE25077D5B9773550000B082A7E17E3CC98BF1D8013DF258ACC4CC3E9D7AE19561D7B9ADC1AB9572FF9283D41C07086099781AEE1752DD18779889126CB8BF35E6DAA7532F705D05218474F42FFAED9BC3E69FF40700B6F034DC355AF189F30C2FDE7B74BC1FEC57CC6E3D66307C40F677EF27725DC5BFFA752D58BF20813FBDCC00A049781AEE849063CD58AE3E7ED00D162B31836EC185EB172458194DD21317BCB4AC9E107B39C345A536F60F607474E6176F26B1F88E006036FC0DF75F0E76301E3D464C7E2ECD7850F24A906FF1A1EF0F18696979EC9C779F9787CF5EDA8BDD1FEA52866BDBD8898BD6871B391975F64B29EF4EB8CCE29B028079F077C9E08312EB83893EC322B3198CF576AF18D023AF39D7FE66E3E9AA3CB0ECA09B93E145FDA7923D3FFAA1D71F299E849079AF5E64F7AD637ADF292CB69EB3ACD78A1D1DE74E4E9E3C2C4D6265A047C2D76F9FBD5F64B3F14000BBEFCE89808307B82E01C04C78BACEBDC6E8E8CC6D5FC6331BBBF378BBD11F3ECD6E3DACB353A81356EEED1E62A04541729ADBAC2511755B29FCF1F3EE3E6177D92DA0DBF3A36A97B407FB15CF999C3C61D08D86F3EC2AB578E8CCC17CE8EBD04C3AFD4AAE4B003013FE4ECB1042769FF463DCA864E4C0ACB08087ECD6C32E2BB17EE3E7090D933D27DF6ECA82C8881787D70D53473B55AF4EF71B7B29237BFDEF17593F6CBC316F74C4BF3BC5AE673B4D9A37B0FF94E74E5CA87F2B5B26D56D59782CC85778B7A9012C16AFC35DA5166F3ED481D95891887C382985DD7A58241291759F25D49B74CACC75183B3BBAFDB0F13FEF09AAD76131A6F71D8373268490B8137ED3BE7CB2B1374ABCEC39F1E3285D23776207F5A9BF5B2AF1B247D46B43FBBC3CBCDE560357C7AAF815FB7D3CB1B9094018781DEE84902FD786575633BC31302EE66627FF2276EB61CBFCD7CE4F18FCEF929EFC42C5EBFFEDD7F1FFC6EC88F73718C4314FDC31F83A5979F6AF2C884C4E6BB45B404A9AEBA1C4B65F6DE862F04F9F0C2F30781AD4D92BEED16F0C8D797348D25FAD6A1FF476AFD8BFF4A0333637010801DFC33DBF50F1CB418617EF62B1FEE3292CDF8464C5B431D73EF9A7B0A252F99C65BD02868F5BB52BA4B1D541221179E689DB0D1F57A9C5E366471795CA1F945837D6C53EF9BA1B2164DE8A1E357765EB914975918D776B883FE71DF1E288983787D4CECB77F22FDAB5F8881C9B9B00788FEFE14E08F9624D37C66B22C7C6DC1CF224677D5A0C1A1995F5EDFB8984909272D99C65BD7C873EBF687DB8F14E679DFC1FB671AF68F8F89C6511B557D6298D5CBCD75CD46BB4E2E7E73E55586CE0064663BF13D48A3FE7DD63E2C8B1B3A3336E39124222BBE5AF9B7F029B9B00784E00E17EABC06EFBD1F68C872F7EE72C7F4E41EA137677E3E7092AB5D5A2F5E11D868D5BB43EBCDC842E0BCF18CADF5DC7DB7DB7A573EDB706FB381616FF7B457FE79EEDA479031B1E306BF077827A743AD18E78FFD031A35FFA7440569EFDD8989B0BA79D7BEC2800E09000C29D1032F7FB5EA684A04141BEC5735E4E66B71E66827C8BB72F3ABAFAB7E0C01163E72CEB65FA42A08617D75979F6533E8FAC9BD4970C857BBDC43F98D876F1C6FA93EF813E25FEDEA5A694A1D68837EC0F0C1935F6F5FFF67B6148C6CCF1574D1905009C1046B8DFB967BB706D57C6C33F9C74A973078E9745BA3A56BD3024E3E93787BEBDB84FEE3D5BD307DAC8354F8617D47D44AD11BFF071547199ACEE8306C3BDE1839FACE859F71E698DA89E4D68B5A6528B57ED0AE9347AB4B343D540C1F66803A09E30C29D10F2F5863083F9650A1BB966D7E2238E762A764B6A92F24AE9C7CB7BA66635F978D8C8EEF936F2470EB4FBE8875E89973DEA3D2D33D7A1B44256EFC19434B77A8FA8D4E2F1739EAAF7C1F0D869F7868A4AE5F357F668F83901003C219870D768C5D316F56D38656CA2F66D4A577DFC3BAB15358D91FE2DC60DEAF3C89CF8CEE3ED166F0C6BF834BDDEC03DD50BA9F5C39D109299EB30F1E3A8BA7F9331BDEF48254C6E4B309E2B03809626987027849CBEE4F9D3EE60C6C34747674E19CEF139180CD40DF7CC5C87290B221B7B66BDD5EEE54A69633B570F9CF6F976F3BF9F100EB6AA5E9DEE35BB5200E01121853B2164FA577D931B4C35986EC5DC53230666B3574E8BF3F72E0DF429A9F9BAB25A32EA83A74BCAEBCFBDD4BA9CF148B85FB9E1D2D8C65442C89C658FCCED30989901003E1358B857ABACC6CE8E6E38B96C222BB17ED317C7EBDD9FE4B3BA8B203F5C1261FCAE43BD691923DB5609216A8D78FC9CA76A57ECC4F446B803504560E14E08B971DB61EA17FD190FB7916BF67E7788E73DC56AD55E50FF72B0C30FDB3B197FF2B5CC470EDF687837B59EDB77ED5E9E3FA066F2BD47C7FBAE8E86DB0E038010092FDC0921DB8FFAAF89633EF9EE68A7DAF3ED21FE1FC52793EAA27AE61242D2729CDE58D8EFB1CF57A9C57F6539D77E6BCAFCD5BE533E4BB7861242ACC4FAA77A615D23003D0419EE8490D7FFDB6FFB517FC6C37D3CCB13D7C6F56FBCAD0A1FF4092BB057A82BAB256367479BB82EA5766646AD115FBDE96CFCC9353E5CD2FBCC650F42488C095B55014028F87B1293713A9DE8C579518E762A835BF34DE164AF3AFCFD81173E19F8EB31E61F122DAA664EE6BDFFF5BE9CE162E290DA7BAAA9594E262EBE546BC4E3E73E7571F3CE677ADF118908E3C5A68270353088EB1200CC44A8E14E6AF6E3CC8D3EB16A0FE30974B94CFBCB7F8E7BB5522EDB16CAC3501BD4E7F6A603013FEEEC68FA909A1E90C4B439995AB70AEC5E9E3F20EE9BC31DDB155DCB34E97A5FA0AA3332B82E01C04C843A2D53A3B84C36787AECD59BA65ED8362495E8BE7B3FF1D7AF8EF0AD4D796B37A55CAA7DB3F153380CBA94E15AF329F5D8BBA9F5ECFDDDF7FBEDA1A634110300411076B81342F20B1591AF3E6BB059B9E9460CCCBEB0695744288F36F23C195E306E8EA953EDB58ACB64D9F9F6E471EB200DFA7049848B23BF3EE1008031C1873B21A4A8541EFDC6D06D4798B7052684F8799525AE8D5BBF20C1DDA592ADC29AE354B2E7951B4C7E23B99CE1AAD7D7DFD0648A6A95D5CA9D21A246B73D01809058894877AE6B60815627DA7DC2AF752B65B7E0FAE74D9B4E24225D021EBE3824E34189F5A574E6FB6059515EC9B8C571898F67F9D78D9CAB671CE3DD61423195F0F1642E80964049B81342747AD1DEDF7DEFDCB58D8EC865D606AB86AD8D665864CEE0BEB76FDFB5BB79C781C50ACDC3D14EE5EE52B5239EA74B80B8857007CB414FB8D7484E73DB7CA843EFCEF70C9E4B673A6FF78A89B11923A3B29495922B375DF47AC1CC5654564BDC5D2A4F25B7E6BA103E42B883E5A02DDC0921C565F22D873AB8BB5436678AA686874BE5F081D983FBDE267A51569E7D55B500568E9694CBAA5556B9F79B701E88E540B883E51089C854AE6B6829037BE42DFBF07447FF22565E4DA5161F3AD376EBA10E7B4FF95654B29CF21E2E950A6B4D569E3DBB2F0BF52491D55C9700602634873B21442AD1CD1C7F75DEAB17EC146AB65E53A5169FBDE2713CC9FBD839AF3FAFBA6BB40C571C39D8AA7A77BEF764D7824EFE0FB71EEEF0EB317F1E6EA4A20CC21D2C07E5E15EC3DBBDE28B3793260CBE21B1627EA3D5A072A5F4AF2CE7EBD94E69D94E69398E69D94EA515D232A5ACDE39764EF62A5B1BB55FEB321FCFF2B61E15FE6D4A9F08BBDBC9BFA8B442FACDC62EDF6EEEACAC12C0840F0510EE60392C22DC6BB4F32AFB60D2A5979F4D93CBB46678BBD20A99562B924A74067F6928574ABFDBD2F9DB5F3A1795CACD500CD440B883E5B0A070AFE1D54AF9DE0B97263F97C6D579D969394EAB7705AFDF17587B5006980DC21D2C87C5857B0D6B99F6B9C89C89B1E9CF3CC1F06CE8A62A534AE34EF8ADDD1D74F2A217E6D6B9827007CB61A1E15ECBDDA5725CCCCD21FD6EF5ED52A0B0D6B0FEFA654A69FC9FDEDB8E74D8FBBB4FA5105652D20DE10E96C3D2C3BD965CA6ED1D7A6F60CFDCA89E793D3ADEB76EC6BC7C7EA1E2E275B753175B9FB8D0FAE27537C6CB6980750877B01C087703C4627D5B8F8A409FE240DF9240DF92F66D4A1DED544EF6D58E762A473B95BD424D0829AD9055544ACA95D2BB0F6DF2EE2BF2EEDBE6DDB7BD76D33939CDB5E08182EB9F000C43B883E540B88305D1E957725D02809960C600008042087700000A21DC01002884700700A010C21D008042087700000A21DC01002884700700A010C21D008042087700000A21DC01002884700700A010C21D008042087700000A21DC01002884700700A090A4BDAF33D735009849F58D1B5C97006026A2F344C4750D0000C0324CCB00005008E10E004021843B00008510EE00001442B803005008E10E004021843B00008510EE00001442B803005008E10E004021843B00008510EE00001442B803005008E10E004021843B00008510EE00001492380E1ECC750D0000C032915EAFE7BA0600006019A66500002884700700A010C21D008042087700000A21DC01002884700700A010C21D008042087700000A21DC01002884700700A010C21D008042087700000A21DC01002884700700A010C21D008042087700000A49EE2D5BC6750D0000C032D17922E2BA0600006019A66500002884700700A010C21D008042087700000A21DC01002884700700A010C21D008042087700000A21DC01002884700700A010C21D008042087700000A21DC01002884700700A010C21D008042087700000A89EE2E5DCA750D0000C032915EAFE7BA0600006019A66500002884700700A010C21D008042087700000A21DC01002884700700A010C21D008042087700000A21DC01002884700700A04D7A73C6000000F84944415410C21D008042087700000A21DC01002884700700A010C21D008042087700000A893206C7725D030000B04C749E88B8AE0100005886691900000A21DC01002884700700A010C21D008042087700000A21DC01002884700700A010C21D008042087700000A21DC01002884700700A010C21D008042087700000A21DC01002884700700A010C21D008042A2AA8C0CAE6B0000009689F47A3DD735000000CB302D03004021843B00008510EE00001442B803005008E10E004021843B00008510EE00001442B803005008E10E004021843B00008510EE00001442B803005008E10E004021843B00008510EE00001442B8030050E8FF012230FA412A959A270000000049454E44AE426082');
/*Indonesia*/INSERT INTO "Flags" VALUES('Malay', 1, X'89504E470D0A1A0A0000000D49484452000001F40000014D080200000079710A6000000006624B474400FF00FF00FFA0BDA793000004C049444154789CEDD8B10D8430000441403440F80D7C77C474494BA6094B965633155CB4C1EDEFF5DF006839560F00603E710708127780207107081277802071070812778020710708127780207107081277802071070812778020710708127780207107081277802071070812778020710708127780207107081277802071070812778020710708127780207107081277802071070812778020710708127780207107081277802071070812778020710708127780207107081277802071070812778020710708127780207107081277802071070812778020710708127780207107081277802071070812778020710708127780207107081277802071070812778020710708127780207107081277802071070812778020710708127780207107081277802071070812778020710708127780207107081277802071070812778020710708127780207107081277802071070812778020710708127780207107081277802071070812778020710708127780207107081277802071070812778020710708127780207107081277802071070812778020710708127780207107081277802071070812778020710708127780207107081277802071070812778020710708127780207107081277802071070812778020710708127780207107081277802071070812778020710708127780207107081277802071070812778020710708127780207107081277802071070812778020710708127780207107081277802071070812778020710708127780207107081277802071070812778020710708127780207107081277802071070812778020710708127780207107081277802071070812778020710708127780A0F3F7DCAB370030D93EC658BD0180C9DC320041E20E1024EE0041E20E1024EE0041E20E1024EE0041E20E1024EE0041E20E1024EE0041E20E1024EE0041E20E1024EE0041E20E1024EE0041E20E1024EE0041E20E1024EE0041E20E1024EE0041E20E1024EE0041E20E1024EE0041E20E1024EE0041E20E1024EE0041E20E1024EE0041E20E1024EE0041E20E1024EE0041E20E1024EE0041E20E1024EE0041E20E1024EE0041E20E1024EE0041E20E1024EE0041E20E1024EE0041E20E1024EE0041E20E1024EE0041E20E1024EE0041E20E1024EE0041E20E1024EE0041E20E1024EE0041E20E1024EE0041E20E1024EE0041E20E1024EE0041E20E1024EE0041E20E1024EE0041E20E1024EE0041E20E1024EE0041E20E1024EE0041E20E1024EE0041E20E1024EE0041E20E1024EE0041E20E1024EE0041E20E1024EE0041E20E1024EE0041E20E1024EE0041E20E1024EE0041E20E1024EE0041E20E1024EE0041E20E1024EE0041E20E1024EE0041E20E1024EE0041E20E1024EE0041E20E1024EE0041E20E1024EE0041E20E1024EE0041E20E1024EE0041E20E1024EE0041E20E1024EE0041E20E1024EE0041E20E1024EE0041E20E1024EE0041E20E1024EE0041E20E1024EE0041E20E1024EE0041E20E1024EE0041E20E1024EE0041E20E1024EE0041E20E1024EE0041E20E1024EE0041E20E1024EE0041E20E1024EE0041E20E1024EE0041E20E1024EE0041E20E1024EE0041E20E1024EE0041E20E1024EE0041E20E1024EE0041E20E1024EE0041E20E1024EE0041E20E1024EE0041E20E1024EE0041E20E1024EE00411FE97B079AB2311AD80000000049454E44AE426082');
/*Singapore*/INSERT INTO "Flags" VALUES('Malay', 2, X'89504E470D0A1A0A0000000D49484452000001F40000014D0806000000F6139D3700000006624B474400FF00FF00FFA0BDA79300001E4F49444154789CEDDD799C14D5BDF7F16F5577F5F40CB300061111E3AE4414051471D831DE982757F388C16BD42BE282F189264663F4D1B8C498C4A864D1EB12F531FAA8C92B6A8C894B8886AB312EB813514110C21E649BE9E9E9E9E9EEAABA7F0CE00C33C82CDDA7A7CF7CDEAF972F9C9EAAFAFDC479F1A5EAD439C7D9347C5C28000050D2DC62370000007A8E400700C002043A00001620D00100B000810E008005087400002C40A003006001021D00000B10E800005880400700C002043A00001620D00100B000810E008005087400002C40A003006001021D00000B10E800005880400700C002043A0000168816BB0174CC292F9733A046EE80FE72AAABE494C725CF6B734CD89852984E2BACAB57589750B0A54EF2FD22750C00282602BD981C4791BDF752E4E0031439687F450ED84FEED03D14193A444EFF9AAE5FCFF715FCEB13F96BD62958B546FE9265F23FFA58B9454B14D6D5E7BF7F0040AFE16C1A3E2E2C76137D86EB2AFA8583E51D7BB4A2471EA6E81123E4D4541B29ED2F5BA1DCBBEF29F7D602655F7943C1FA4F8CD405009841A01798132F9337619C625F9C24EFD8B17206F62F764B9224FFA38F957DF11565E6CE53EE83C5C56E0700D0433C722F04D7953776B4CA4EFE8ABC29E3E5549417B71FDF97BF7CA5FC7FAE54B0665DCB3F9BB628DCBC45A1EFCB1DB2BBC25493C264A3E407C5ED1500D02D047A1E3935D52A9B7192E2A79C2877D8D0A2F5116EAE53F68DB7959DFFB6720B16CA5FBA5CCA668BD60F00A0F008F43C70870D55F9D9A72976D20972CA8B70379EC92AFBF27C655F7B53D9F96FC95FB24C0A19490180BE8440EF0177CF3D54FE8DB355F6D52F4B9188F1FAB97717AAF90FCF2833779EC2FA84F1FA0080DE8340EF06A7A25CE517CE52FCCC19EDE686175AB07E839A7FFF949AFFF08C82556B8CD60600F45E047A17C58E9FA28A2BBF2577F0EE46EB06ABD6A8E9BE87D4FCC4338C870300DA21D03B29B2F75EAAF8FE65F26A8F365AD75FBA5C4DF73CA8CC33CFB30A1C0060A708F45D711CC5679DAE8A8BCE9362E61EAF071B362975F36D2D411E30950C00F0D908F4CFE00CECAFCA9F5C2B6FFC5873457D5FE9471E57D36DF7B4CC0BEF859C81FD156EAE2B761B008056D86D6D27A2A347AAE6F1078C8679EE9DF7547FCAD94AFDF8E7BD36CC25A9E2B26F16BB0500C00E08F41DB9AECA2F98A9EA5FDF2E77F02033353359A56EFC9912675C207FF1523335BBC9DD6B4F957DF5CB72870C2E762B00805608F4D63C4F95375FA7F28BCF3736AF3C58BD568933662BFDF0A325B1184C6CCAF8965FA74E2872270080D608F4AD9C8A7255DD79B362271C67AC6666EE3CD54F9FA9DCC245C66AF694377562CBAF93C717B91300406BBC14A79697BCAAEEBA55D111C3CD14F403A57EF28B96BBF212E2D454CB1B7DB824C91B3B4A4E55A5C2866491BB020048DCA1CB1D3A44D50FDD652CCCC374B392175F5972612E49DE84715274EBDF01A35179E38F296E430080EDFA74A0BB837757F5837728B2CFDE46EA858906359CFB6D65FEFB2523F5F22D36ADEDB839E3E800D07BF4D947EE4E55A5AAEEBED5D8DBDAC1864D6A38EFDBF23FFAD848BDBC8B79F26ADB4EE1F3266EBD63CFE58AD41400609B3E7987EEC4E3AABA7B8E2207ED6FA45EB0FE1325BE7E7EE986B924EFA823E554F66BF399535529EFA8238BD41100A0B5BE17E81157FD6EBD5ED123461829176EAE53C339DF52B0669D917A85129B36B1C3CFBD29BCED0E00BD81B369F8B8DE3FF9398FFA5D7F85CABE76A2915A613AAD86991729F78FF78DD4EBB298A78AEF5EA4F8E9A714BC54FAE1C794FAE96DEC14070005D2A7EED063FFFE6FC6C25CD9AC92175DD17BC35CDABA42DD1C252FB9BA604BCD86C946252FB95AA91BE710E60050407D26D023FB7D5EFDAEBBDC58BDE4553F52F6E5D78DD5EB89CCDC794ACC3847FE926579BDAEBF6889125F9BA5CCDC7979BD2E00A0BD3E11E84E3CAECA393F94535E6EA45EFA91C795796AAE915AF9E2FF73A512A79EABE6279ECECBF59A7FF7A412A79D277FC5AABC5C0F00F0D9FAC418BAC971F3DC078B95F8FAF952A6741F2F97FDEFFFA58AEF5F2A271EEFF2B9613AADD40DB7E6ED2F060080CEB1FE0E3D366DA2B997E01A924A5E72754987B924353FF1B412A79E2B7FD98A2E9DE72F5B91D7BB7C0040E7591DE84E45B92AFEEF25C6EA355E7B9382556B8CD52B247FC9322566CCEAF474BB60CD3A2566CCCAFB383C00A073AC0EF4F26F9C6D6C25B8E6279F55E6CF7F3552CB18CF93BB47E77EFFDCC18324CF2B704300809DB136D023FBEFABF859FF61A456D89054D3CDB71BA965526CCA7829D2C91F916854B149C716B62100C04ED919E88EA37ED75CF6E9CE600596FAD95D0A366F3152CB24AF8B9BAF6CDB2B1D00609E95811EFBD234450DAD319E5BB848CD8FFEC1482D939C7899BCDAA3DB7FC3F79579E679C90FDA7DCB1B3F564E59CC407700801DD917E89188CA2F3AD74C2D3F50EA073FED30DC4A9D37EEE876F3F6838D9B949875B192975DA386732F56B071539BEF3B15E58A8E3BCA649B0080ADAC0BF4B213BF646C7FF3CCB3CF2BB77091915AA6793BEC7D9E7DFD6D254E9EA9DC1BEFB47C3D7FEBD76F2D68731C7BA4034071D815E8AEABF8ECB3CCD40A4335DDF3A0995AA6455C79936B5BFE3D0C95BEF7A1961DE376B8230F366E5262E63795BEF721296C599FC89B3A4172EDFAB102805260D59FBCB1C9B58AECBD97915A99BFFECDF89C6BA7A25CEED02105AF133DE230B90307B42C94F3CD2B949A7387E4FB1D1FECFB4ACDB943C98BAE50D890943B708091AD6923FBEDD3F937F001A00FB0EA4FC4F8B9671AAB95FED503C66A6DE34D18A7D871930A5E273675A2721F2C56FDF499CAFCF74B9D3A2733EF25D54F9F29FFC38F76BA777A3E959D7482A2A34616BC0E00940A6B023D72F00146EE0C2529FBF7F945193BF7A68C9737797CC1EB049BB7A8E1F4D90A56AFEDDA79ABD72AF1F5F3156CDC5CA0CE3EE54D1DAF9881DF0B002815D6047A7CC6578DD54A3FF01B63B5B68BB88A4D3A56DE9823E4D45417B454FABE87143667BA756ED89C51FAFE47F2DC515BEEB0A18AECBFAF62C731EF1D00B6B122D09D785CB1AF1C6FA456F0C946655F7DD348ADD6B607F9D660EFCBB605B93B6CA82207EC5BE46E00A077B022D0BD89E3E454551AA995796AAE14989F77DEFA51BB37A56F3F6AF626D56EFF77A6C901400B2B023D76C23463B59A9F7CD658ADD65A079737619C14EB9B1BA13835D5F2461FB1FDEBAE2E4F0B00B62AF94077E265F20C3D82F63FFCA828DB83460EDC4FEEB0A1DBBF762ACAE58D1D63BC8FDE2036B9B6CD74B5E888E17207ED56C48E00A07728F9408F8E1D2D271E3752ABF98F7F36526747B129EDEF426353FBE663F776C30D6EAB457000A00F2BF9408F4D34F78258F6EFF38DD56ACDEB20BCBD291324C72942374514F3E48D3FA6FDC7ECF2060032B3BF6801453BDA11AC00828D9BE47FBC3C6FD78BECB3B7DC2183DB7C1636344861DBE39CCA0A45470C6F77BEBBFBE714FBD234052B577FFA61BC4C4EACFD6E67C1E62DF2172FCD4BDF85101D71889CAAAA4F3F080285C9C676C7450E3D444E4579BBCFA3C78C5174E4A152EED3D5EC9C7E155224D2EE587FE56A056BD6E5A77100E8454A3AD0DDCFED666CA9D7DCFCB7F37ABD60D366955F7A618F5655ABBCF507BB3C263BFF6D357EF7DA6ED73021A84BA8F29ACB151D7148B7CE77CA62AAFECD3DBB3CAEF989A795BAE1966ED50080DEAEA41FB947471D6EAC56F6F5B7F27ABDB021A9E4C5572A75D32FA55C2EAFD76E2910AAE9570F76B8CD696F13AC5EABC419B3D5FC9BDF17E4FA613AADC6AB6E54E355372A4C3717A40600145B6907BAA1A55E2529FB5A0116930943A51FF8AD12677E43C1BAF5F9BB6C5DBD1A2EFCAE9A7E7E57E9ECD59EC9AAF1865B94BCFC7A85A9A6BC5DD65FB6428953CF55F3134FE7ED9A00D01B9574A047861F64A44EB0619382555D5BD7BC2B720BDE57FDF499CABEF84AAFBA5631649E9AABC48C5979991E9879E6F9BC5D0B007ABB920EF4E841FB1BA9E32F5B51F01AF9B8AB2EC4DD7E31F4F8AE3A9355EAC6394A5E764D5EEFF601A0372BD94077070F9233A0BF915AC13F0B1FE892BA3DEE1D261B95BCE4EAC28DC71741DB71EF74A7CFDB361E9F7EF8B102760700BD4FE9067AAB95D30ACD5FBED2582D69EB9BE9D7DED4E9E39B7E7E973273E715B0A3E2697EE269A5EF7BB8D3C7272FBFAE285BDB0240B1956CA047860E3156CBFFA7D94097246FDC519D3E36DA85634B91774CE797B9EDCAEF1B00D8A46403DD3519E806C6D077D4955DC4BCDAA3E5C4CB0AD84DF1B80307287AE4619D3EDEEBC1BC7E002865A51BE8BB0D3453280C15ACFB97995A5B45861F2477CF3D3A7DBC138FCB3BD6CC8A79A67953C64B6EE77F4CA3C30F6AB7021F00F405251BE8CE40332FC485F509E373B97776779E993B4FE9471EEFF07BB6DE9976F87B11046AFAD583CABEF46AFBEF390E6BBB03E8934A76E957A7A6DA489DA03E61A44E6BED9683CDE594BAE936A51F7EB4E5CB37DE51BF1BAF6AB3AE796C72AD1A236EE92C24D3094E4579BBF703C2BA7A25AFF881B27F7B55725D95CF3E4BE5179ED3664B556FDA84EDBF5700D05794EE1D7A79FB4D3A0A216C481AA9B38D3B748822871CB8FDEB60DD7A25CEFC469B80CACC9DD76EC11467407F45478D34DA6BA179B563DBBC1B907BEF83964573FEB6F5CE3C08D474E7FD6A38FF12859BEB3E3D6FCC1172AAAB76BC1C0058AD8403DDCC1EE8CA64CCD4D9AAF523E6ECCBAFABFE94B3955BF07EBBE3B62DBE92796A6E87E7DAC06BF5DF937EF8B19D2E9A937DF50DD54F3F4BB9B7FFD1F241342A6F92B96D7501A03728D940372608777D4C1E795327B6DC79DE7EAF1A667F47E196BA9D1E1BA6D34A5E7EBD1AAFBB49CA64ED1A3B8E44149B5CAB30D5A4E4E5D72975E31C2993DDE9E1C1FA0D4ACCFCA6D20FFC560A43C5A64D32D82C00145FE9067AC44CEBA1C13B74A7A65A91FD3FAF86D9DF51D31DFF4F0A3A371EDEFCBB27953863B6E44891830F287097667863462AD8B4598919B39479EA2F9D3B299753EAA65F2AF9EDAB143D62849CB2F67BC30380AD4AF6A538532F7F999CDFEDEEB1BB125F3B47C1FA4FBA7C6E6EE122D54F9FA9C8FEFBE4BFB12208FD408919E7746B2DF6CC732FC8FFE863B9837797BF727501BA0380DEA77403BD9377AFA5C45FBCB447E7870D49E5DE5D98A76E8A2BF7E6BB3D3ADF5FB12A4F9D00406928D947EE612A65A48E535969A40E00003D51B2816E6A7EB8D3BFC6481D00007AA264033DAC3314E88616B00100A0274A38D0EB8DD471CA6272FA5518A905004077956CA0076BDB2F3052282677760300A03B4A36D0FDB5EB8CD58A0CDDD3582D0000BAA364033D58632ED0DD7DF632560B0080EE28D940F7FFB952F27D23B52207EC67A40E0000DD55B281AE4CB625D40DB06539550080BD4A37D025F91F2E3152277AE07E4697800500A0AB4A3AD0730B3F3453C8F34A77AF71B744FE173B4EB13B00809256227FDA772CF7CE7BC66A458F3ED258AD7C2A3BE98462B7D029655FFD72B15B00809256DA81FEC16285E9B4915ADED83146EAE455C455F9A517F6FAD5EEDC6143557EC1CC62B7010025ADA4035DBEDFE35DB93A2B3AE2103995FD8CD4CA176FCC1172070E9037715CB15BF94CB16913E50E1BAAC8FEFB16BB15002859A51DE892B27F7BD54CA14844D1D1A5358EEE4D1E2F498A4D9D50E44E3E9B37B9B6E5D7A9E38BDC090094AED20FF497E71BAB15FBB7A9C66AE5C3B620F7268C93625E91BBE99853532D6FF411925AEED40100DD53F281EE2F5F297FE97223B5625F9C2CA7BCDC48AD9E8A1CB89FDC614325494E45B9BCA34717B9A38EC526D74A91961FC3E888E17207ED56E48E00A034957CA04B52E6CF7F3552C7E95721EFB8D2B88B8C4D69FBF83AD64B1F677BADFB745D79936A8BD70C0094303B02FDD9E78DD52A3BB134A681793B8C9B7B5327F6BEB9DE314FDEF863DA7EC4637700E8162B02DD5FBED2D89C746FDC18B9830719A9D55DEEA0DD141D31BCED67BB7F4ED1430F2E52471DF3C68E9153D17608233A7674BBCF0000BB6645A04B52F3637F3453C8755576F257CCD4EA266F526D872BC479537AD7DBEEB129ED1FAF3BF13279E38E2A42370050DA9C4DC3C785C56E221F9CF272F57FE14939559505AF156EA953DD17A72B4C3515BCD6769188E2B3BEDEA9BDD9A3471DA9C8BE7BB7FB3C58BF41D9175FD9E5F9C1962D4ADFFD60B716ED712AFBA97CF65972AAAA76796CECF8C972FAD7B4FBDC5FBC54B905EFEFF27C7FC932A51F794C0AADF81106801EB126D025A9FCE2F38DAD3896FAE96D4AFFFA37466A6DE35455AADF8FAE2EE83873EEAD054A5E768D82F51BBA7D8DC8DE7BA9F2E7372A72C88179ECACADE6279E56EA865B8DAD140800BD9D5581EE0CE8AFFECF3D6E640C36D8B049F5C74F57D89C2978AD361C47F1FF3C5515975E2845A3F9BB6E182A7DDFC34AFDE2EEBCEC33EF94C55471E5252A9B71521E9AFB54986E56EA865BD4FCC4D379BD2E0094BAC8F7060DBBAED84DE44D3A2DB7A65AD1230F2B7829A75F85824F36CA37B5E35B2BB9050B957DE57579E3C7CAA9ECF910435857AFE477AE56F36F7F9FBFC7D7BEAFEC0B2FCB5FB15A5EED58395ECF17B6F157AC52C3F99728FBF7D7F2D02000D8C59A97E2B649FFFA370AD3CD466A959F7B869CB298915A3BCA2D785FF5A79CADECCBAFF7EC3A0B17B55CA71363EBDD91796AAE123366C95FB2AC67D7993B4F89AFCD92BF68499E3A0300BBD875872E294C3529B2FB20450F1BBEEB837BC8A9AA94C250B9D7DF2E78AD0E35A59579FA2F92EFCB1B73A4E4766D9E79FAE1C794BCECFB0AEB12056AB045B8A55E993F3CA3C89E7B2872F0015D3B399355EA27BF50EAE6DBA54CB6300D028005AC1A43DFC61D3C48357F7AC4CCEE6899ACEA4F3A43FE8A5585AFF519BCB1A35439E7877206F4DFE5B1613AADC62B7FA8CCDC79063A6BAB6CC649EA77F5A59D1AFF0FFEB55EC98BAF546EE122039D014069B3EE91BBD4323DABE9F67BCD148B79AAB8FA5233B53E4376FEDB0A1B539D3B3808957DF1E5C236B41399E75E949CCEFDD8051B3713E600D0495606BAD4F238D95FBCD4482DAFF668C5BE34CD48AD9D891C7C80DCBD763D475D6AD9AC255AA4C55B5A6FC6B22BD1430F913B78F70277040076B036D0E5FB6ABCE116638B8E545CF1AD4E3DEE2E94AECE4D2FD61EE93BAE31FF991C47B169BD6B753B00E8ADEC0D7449B9B7FF616CBEB2BBFBE754F9E3EF176D03949D0665B6E317C9BC29E33B5C1EB6909C7899BCDAB11D7F73677D16E92F1E00506AAC0E74494ADDF25F3D5AF5AC2BBC89E3143FE77423B55A73870C56F40BED375EC93CF782B64C39A9657EF98EE70C1C6064BE7E6B5EED5839F1B2B61F86A1D2F73EA4BA6927773805CF3B7A9491E57C01A0D4591FE8615DBD92975D23F981917A15DF9AADE8A8C38DD4DAA6DDE3F65C4EA99B7EA9E4B7AF52B8B94E8D3FB845C9CBAF6FB7F67C6CAAD9AD4A77BCDB0E1B926AF83F972B35E70E051B37A961F677D474E7FD52D0EAFF55342A6FD2B146FB048052647DA04B2DEB9337DD768F996291882A6FB95ECE4073E3E95EAB400FD66F5062E6454A3FF0DB36EF0F649E9AABC4A9E7CA5FB662FB67B1E30C067AC46D79216EABDCC245AA9F3E53D9175ABD6D1F046ABAED1E35CCFE8EC22D759FF6C91EE900B04B7D22D025A9E99E0795FDFB7C23B5DC3D06ABEA8E9BE5C4E305AFE5D454CB1B3D5292947DED4DD54F3F4BB9B7177478ACFFF1722566CC52E6A9BFB4F4396CA82207EE57F01E25293A6AE4F697069B7FF7A41ACEBC40C1EAB51D1E9B7DF975D59F72F6F61DD7BCF1C748B19E2F1D0B0036EB3381AE3054E3153F50F0C94623E5A2871FAA7EB75EDFE9295ADD159B74ACE4BA6ABAF37E359CF76D859BEB3EF3F830D5A4E4E5D72975E31C29933576F71B9B3A41613AADE4F7AE57E37537ED72539B60DD7A25CEFC86D20F3D2AA75F85BC63C618E913004A55DF097449C1E62D4A5E7CA5B12D3763532614FCCDF7E8A8916AB8F0BB2D430A5D784F20FDF0634A9C718122C30F2A586FAD45F6FDBC12A79EABCC9FE676FEA45C4EA91FFD4CC94BAE963796400780CF62E5D2AFBBE21D33465577DF2AE56107B0CE48DFF3FF95FAD99D05B9B6D3BF46615D7DF7CFAFA956986828EC7CFD9827C7F33ABF925D079C01FDDB8CAB0300DAB26E7396CE0856AF95BF7A9D62C74D32326F3C3A7AA49CB232655F7B33FF17EFE9CE72CD0676A6F3839DCE33EF34434F5500A054F5C9409724FFA38F15D627E44D1C67A45E74D4E172F7DCA3659B5243ABD70100FA8E3E1BE892947BEF03492D8B9798101D7E90A25F3858D9BFBE24E572466A0200FA863EF5525C479AFEEB3EA56EFC59DBC54C0AC89B5CABAA7B7F2EA7BACA483D0040DFD0E7035D92D20F3FAAE477AFEBF9386F2745471DAE9AC7EE5774C47023F50000F623D0B7CA3CFBBC1A2EB8ACDDF2A885E2EEB5A7AA1FB95BF1B3FEA3681BBA0000EC41A0B7927DF50D35CCFCA6B1CD5C148DAAE27B17ABF2973FE6113C00A04708F41DE4167EA8FAE96729FBD2ABC66AC6A64D54CD130FB2090900A0DBFAF45BEE3BD59456E6E9E7143637B7BC016F60DF70A7AA52655F395E91E10729F7CE7B0A938D05AF0900B0479F5C29AE2BA2A347AAF2A7D7C91D32D858CD309D56D39DF72BFDEBDF1A7B510F0050DA08F44E706AAA5571C5B75476D20946EBFACB57AAE9CEFB9579F679C9F78DD60600941602BD0BBCDAA3D5EFDACBE5EEB5A7D1BAC1AA356AFAD5836AFEE39FB9630700748840EF22275EA6F859A7297EDE99722ACA8DD60EFEB55EE9FB1E51F393CF30C60E00688340EF2677D06E8A9FFF9F2A9BFEEF72E271A3B5C374B3B2CFBFA0E6A7FEA2ECCBF3BBB46D2A00C04E047A0FB90307283EF334959D76B29C7E15C6EB071B3629F3CC73CA3CFD9C721F2E26DC01A08F22D0F3C4A9A956FCF453143F73869C9AEAA2F4103624957DE31DE55E7B53D9F96FC95FBA9C9DDD00A08F20D0F3CC89972976FC14959D72A2A2A347167559D760F316F90BDE576EC932F98B972A58B14AFEEAB50A130D45EB09005018047A01B9C386AAEC84E314FBD254450E39B0D8ED6C173624156CD8A460C346655F7D5DB937DF95FFDE6285D94CB15B03007413816E883B7488BCF1C7C89B708CBCB1A38B32DE2E49C1AAB5CABE325FD9975E53F6B5378D6D460300282C02BD1822AE22071D206FD448450FFF822207EEA7C8FEFB489E97D732617D42B9454BE52FF958B9B71628F7EE7BE6369E01001845A0F716D1A8227B0F95BBD79E72870E51648FC172761B20A77F8DDCFE3552594C4E2422A75F3F857E4E61634A9214261B156EDEA2B02EA160F31605ABD7CA5FB556C1AAD50A366C2AF27F1400C014021D00000BB07D2A00001620D00100B000810E008005087400002C40A003006001021D00000B10E800005880400700C002043A00001620D00100B000810E008005087400002C40A003006001021D00000B10E800005880400700C002043A00001620D00100B000810E0080059CA6DFFFE98562370100007AC609C3302C76130000A06778E40E008005087400002C40A003006001021D00000B10E800005880400700C002043A00001620D00100B000810E008005087400002C40A003006001021D00000B10E800005880400700C002043A00001620D00100B000810E008005087400002C40A003006001021D00000B10E800005880400700C002043A00001620D00100B000810E008005087400002C40A003006001021D00000B10E800005880400700C002043A00001620D00100B000810E008005087400002C40A003006001021D00000B10E800005880400700C002043A00001620D00100B000810E008005087400002C40A003006001021D00000B10E800005880400700C002043A00001620D00100B000810E008005087400002C40A003006001021D00000B10E800005880400700C002043A00001620D00100B000810E008005087400002C40A003006001021D00000B10E800005880400700C002043A00001620D00100B000810E008005087400002C40A003006001021D00000B10E800005880400700C002043A00001620D00100B000810E008005087400002C40A003006001021D00000B10E800005880400700C002043A00001620D00100B000810E008005087400002C40A003006001021D00000B10E800005880400700C002043A00001620D00100B000810E008005087400002C40A003006001021D00000B10E800005880400700C002043A00001620D00100B000810E008005087400002C40A003006001021D00000B10E800005880400700C002043A00001620D00100B000810E008005087400002C40A003006001021D00000B10E800005880400700C002043A00001620D00100B000810E008005087400002C40A003006001021D00000B10E800005880400700C002043A00001620D00100B000810E008005087400002C40A003006001021D00000B10E800005880400700C002043A00001620D00100B000810E008005087400002C40A003006001021D00000B10E800005880400700C002043A00001620D00100B000810E008005087400002C40A003006001021D00000B10E800005880400700C002043A00001620D00100B000810E008005087400002C40A003006001021D00000B10E800005880400700C002043A00001620D00100B000810E008005087400002C40A003006001021D00000B10E800005880400700C002043A00001620D00100B000810E008005087400002C40A003006001021D00000B10E8000058E07F008B7854BDA8C097A80000000049454E44AE426082');
/*Brunei   */INSERT INTO "Flags" VALUES('Malay', 3, X'89504E470D0A1A0A0000000D49484452000001F4000000FA080600000057ABB54E00000006624B474400FF00FF00FFA0BDA7930000200049444154789CECDD75805CD5D9C7F1EF957159F7ECC603410251A0B84371B7E2500885529C162DD6D222058AE4A5688B9522054A712D2E4102C46593759F1D9FB9F7BE7F4C7693CDBA4B9ECF5FD9913B6756F2CC3DE7779FA34456E75908218410625453877B0042082184E83F29E8420821C41820055D0821841803A4A00B21841063801474218410620C90822E8410428C0152D08510428831400ABA1042083106484117420821C60029E8420821C41820055D0821841803A4A00B21841063801474218410620C90822E8410428C0152D08510428831400ABA1042083106A87AC63568EE8351F471C33D1621841042F491625996D5F28565D460C5BFC18C7D8B19FF1A2BF60D96593F9CE313420821440FB429E81DB192A598B18558F154913763DF83151AAAF109218410A207BA2DE8ED195889E598B18598F16FB0620B31133F8295189C110A218410A25B7D28E81DB0E298F11FB0E20B3163DFA40A7D623960F67F8442082184E8D6C014F48E98CD98F1EF369CC5C7BFC14AAE1B94971242082136778357D03B20A13B21841062700C6941EF8884EE84104288FE1BF682DE9E84EE84104288DE1A8105BD0312BA13420821BA343A0A7A47247427841042B41ABD05BD0312BA134208B1B91A5305BD2312BA134208B13918F305BD3D09DD092184187B36C382DE8176A1BB8558891548E84E0821C4682105BD3312BA134208318A4841EF850DA1BBF567F112BA13420831424841EF2709DD0921841809A4A00F38032BB16C43031C09DD092184180252D0878284EE8410420C3229E8C3454277420821069014F411444277420821FA4A0AFA0827A13B2184103D21057DD491D09D104288F6A4A08F0512BA134288CD9E14F4B14A42774208B1599182BE1991D09D10428C5D52D0377312BA134288B1410ABAD88484EE8410623492822EBA27A13B218418F1A4A08BBE91D09D10428C2852D0C58091D09D10420C1F29E8625049E84E08218686147431C4247427841083410ABA187E12BA1B54464821B14645715B3826C8F75488B14A0ABA189924743720429FEA945DE8C18CA7BE76CF3628F95B70780725841814FA700F40880EA93E54E7CEA8CE9D5B6F92D05DEF39261AB8B637882E55D1BC26FE9FC7877B484288412267E8625493D05DF7EA1E715073B713E716267AA141CEFC188EA9C6700F4B0831C0E40C5D8C6A8A5E82A69780E7B0F5B748E8AE33661C82EFDA08BE6FC3BF6F82ECF951ECE3654D5D88B142CED0C5D8B79987EE5ACED06D45268932B5F57645B7F01F9824FB9C28B6A2CDE37B21C45826055D6C9E36A3D05D4B41D7B32D92B54ABBFB151BA41D1A27FBEC287A9EFC7720C46825055D88F5C66AE8AEA5A06B7E0B23D0BEA0B750DD16853744F0EE2DCB13428C46B2862EC47A8A9683E2DA17D5B56FEB6D63297467C63B383BD72DDC730C7CFB24F0ED9940CB94CFF7428C5652D085E8C2580ADD599B5CB1967341948CA3E3A87E29E2428C0552D085E8150DC5B6259A6D4B348E4FDD345A42779B0C27F4B18DCC5363C3331621C48093822E447F297654C74C70CC44F3ADBF6D0486EE1C934D8CA042B22A35F51EFE4AA37681939CF3A2C33A2E21C4C090822EC46018819DEE6C8526136E0FD1F4929DBA471C24CA54EA1F76E09E95C4B36372C8C62184181C92721762180D45E8AE25E5EEDD35C9B8BB43EB5F5721F0AA4EDDC30E8C669589CF04D1B347D8128110A257E40C5D8861345CA13B45B7483B3481FFA004CD6FD8A87BC841EEA511146D405F46083184A4A00B31A20C5EE8CEEC60A95CD1C07F6002FFFE092C0390822EC4A825055D88916E8042775657CBE42A286A17F70B21463C29E8428C469D84EE1215FF23B6E213E2658B3002ABB0126DF73E0F7E6CC30C806A032DD7C45E644A331921C60829E8428C7266284CCDFFFD9D86A75F24BA6C659BFB347F0ED9E7ED06FC1745F5D3F87488E0876D3BC6D94B4C7CFB27C83A3986EA93E22EC46825055D88512EBA781995B7DE8315EF2838A7E2997D1459A7FA714C2A21F8D1E7C0FB6D1E112F5509BC62C3F7B324CEEDE5F23521462BB96C4D88516ED549F3F1CC9B45E8EBEF687EEB43CC4864C39D8A8296E66BFDD20C85B1121B8AB663CA44328EFE3956BC82E6F73E63E2D3DB8CDC4E7742882E49411762945B34650792F58D38B79C4ADAA107E098548251DF48B2BA86446535666443BC5DF379714C9E80EA7661C51384BE5848E08DF731A3511C532632FDF3D7520F6C17BA5B88952C1BA6772884E80929E8428C6246A099EF27CC6977BB62D3714C1C8FAD200F3415CDEB2159D740B2B69E4479254673B0DD7354A79319E5DF76FA5AC3DDE94E08D13529E8428C62A1CFBE66D981270CD8F1B65AF836F6F1E37AFCF80D9DEE52457E346F2F2BC46827A1382146B1E0275F0EECF13EFA9CCC5E14F4B1B4BDAC10A39D66463FBE3E1858435A5A365E5FCE708F4708D10BD5772E20B672CD801DCF4A1A641C7D483F8EA0A268D9A8F66DD05CFBA0F94E46F79F8FEADA17D5BE358A9A05C4C16C046472508881A4B0D15F55C9383BB3B72F64DEDCED99B7C35ECCD9E128FCE985C3383C214467CC6088455BECDC36D5DE4F8AAE31FDEBB7B08F1BE4BF7B09DD0931E0DA14F44DA92A6C31C5CDEC9925CC9D3B9B793BECCFCC3987E370FA3A7B8A106288343CFB326BCEB9143D271B2C93646DDB809A7BF67684BFFE0E368AC9289A866F9FDD08BCFE6EA7C7CD3DFF4C0A6FB87CD0C6DD1909DD09D13F5D16F48ED87485195BFB98337B3273E7CE63879D0E61FA36FBA269F6411AA210A2232B8FFB25D1C5CB98FCFC23246BEA587EF8A9ADCD65D20EDC8B098FFF95C6E75FA5F4FC2BB11249144D63FC83B7937ED801AC39F7321A9E7DB9F558B9179E8D2D3F978AEB6F035D63EB45EFA3A5F987EBADB592D09D103DD7EB82DE11AF4765E6B619CC9DB32573E6EEC40E3F3B9C495376EEFE8942883E89AD5CC3AA5FFC8AC9FFFA1BB6C27C001AFEF9126BCEBD0CF7ECED98F2D263A82E170081D7DF65F559175372CF2DA41F7600280A6624C2F2434F25FCD5B7649F7102E3FE7C1D280AD11F97B2FAAC8B493FE2E7E45F76DE70BEC54E48E84E88CE0C4841EF4856A6C69C99B9CC9BB30D73E7EDC6DC1D8F24BF70ABC1782921363B0DCFFF07DF1E3BA367A6B7B9BDE681C7C938FA60F4EC4C20B5CE5EFBD093649D722CF54FBF80738B29F8F6DA0580646D3D55B7DF4FE14D57A2681BF64D35A351AAEF5C40EE85BF4475BB86EE4DF59515C78C2F6A3B5D2F9DEEC46668D00A7A47247427C40031CD54C8A51B2D8D67ECE3C7115FB38E494F2FC0BFDF1E3D7A09CB30DA14FA51454277623334A4057D5312BA1362706DDA49AE37057DAC91D09D18EB86B5A07764D3D0DDBC1D0F62AB6DF797D09DD8AC598641BCB48C646D1D465D03C9862654B70B2DDD8F9E9D85738B29287AFBB3E99E1474CB30882E5A4C74D94A12E55598A110AAD78396918E9E918EAD301FD756D3501C63EF6F504277622C197105BD2312BA139B23A33140C3BF5EA6E93F6F11FAF21BCC50B8D3C7AA5E0FDE1D679379D251A41FB25FEB747C57053DBA643935F73E42E3CB6F603405BA1C8B62D3F1CC9B45DA817B9179C291681969FD7F83239284EEC4E8352A0A7A475A427773676FCDBC1D7697D09D18331295D5D4DCFF18B58F3C8519ECFDD9A273FA548AFF72239EB9333B2CE8BEBD76A5E2A63BA8B9EF11ACA4D1EBE3AB5E0F59271F4DEE79A7632B2AE8F5F3471D09DD895162D416F48E48E84E8C66563C41D51DF75375D78358B178BF8EA538EC94DC7533FE03F66C53D0273E713FF54F3E47D37FDEEAEF70515D2E0AAEBE889C734EEE51406F4C91D09D1881C65441DF94AAC2B4C96EE6CC92D09D18D922DFFD48E9F9BF25B268F1801E37F7A273A8BE7341EBD759A71C43DDE3CF0EE86B78769C4DC93D7FC03179FC801E77B491D09D186E63BAA0774442776224693D2BBF7301562239E8AFA7E85A9FA6D9BBB3599FAD7741427762286D7605BD2312BA13C321F4E537ACBBF8BA013F2B1F4EEE99DB50F8FB2BF0EE326FB887324249E84E0C1E29E89D90D09D182CF1D2322A6EBC8386E7FFD366E394B1C4BFCF6EE45D740E9E9DE674FFE0CD9D84EEC4009182DE0B12BA13FD115EF87DEA32B1975E1B9469EF91C83D6B0659A71C43FA61078C88CD5E460D09DD893E9082DE0F12BADB7C256BEA887CFF13F6F1E3B08F2BECB0E98AD11420F2ED8F043FFB9AC6175E25BA78D9308C746450EC365C5B6F896BBBAD718C1F879E9385EA71A7EE344D1295D5C456951259B418DF9EBB8CD08D61869784EE4477A4A00F3009DD6D1E8CC6003FCCD8A3CD75E29ACF0B9A8A198EB46E632A7A495198F6E63F71CF9A31DC2319152474273626057D0848E86E6CAABA73011537DED1EFE3B8B6D912FFBEBB639F5842E8E32FA87FFAC50118DD105014C62FF833B6FC3C1255D534BDFA368137DFEF53339C1699271C41C9BD7F1CC0416E6E2474B73993823E4C247437FA594983E5079D44E88B85BD7EAEA26BA41DBC1FD9679E8811081278E33DC2DF2C22FAC3E2D1B7BEAE28B8B69D4EE6B187927EE44134FDE72DAAEF7D98F8EAB5BD3A8C73AB694C7DF54934BF2C590D2809DD6D36A4A08F2012BA1B7D9235B52CFBF989C456ACE9D1E3359F97AC334E20F38423687EFB7FD43CF028F1B5E5833CCAA1A3BA5D641C7B18D9679C4074F132AAEE58D0A3EC806BEB2D98F4CF07B115E40DC1288584EEC62629E8239884EE4607A33140E9F957D2F4EADB9D3EC63EAE90AC334E20EDA07DA87FF279EA1E7DA6F30D511405CF9CED71CF9981BD781C55B7DF47B2AE619046DF736907EE45C1D5171359B498C05BEFD3F4DF77BA9C5EF7EEBA03D9679D846AB753FFF48B04DEFAA0DD06339ADF47F6D9BF20EFA27350DDAEC17E0BA20B12BA1BFDA4A08F3212BA1BB9429F7C49E34BAF135DBA12A3A101D5EDC635633ABE3D7741CFCEA4F66F4FD0F0DC2B9D06E6B4343F59A71D47E68947125BB282C09BEF1378FB4312E59543FC4E3AA7681ACEADA6E1DBFD67A41F7E00C18FBFA066C1DF49945574FA1C7B4911D9679D44C6113F27515D47A2BC122B1EC75654807BFB6D50ECB6217C07A237247437BA48411F0324743732457E5842E0B5776878EE3F5D4E3BAB4E27D9679E48E62F8EA2F1F9FF50F7D83F4954D776F8582DDD4FDA817B1378E3BD413D6B4F3F647F1C532650F7F83F3B7F1D45C1B7C7CE145CFD1BA23F2EA5FC86DB49D6D4757E5045C1B9C5143C73B7A7F8AE9B0667E0629049E86E2493823E4649E86E7885BEFC8665FB1DD7EDE35CDB6D4DF11DBF27F0E60754DFF3B74EF73C57748DECB34E22EB946329BFFE36026FBCD7E1E31C5326122F5DD7A3CBE63C3BCE26B26871A7D3E699C71F4EDE25E751F3C0A3D43EF234989D84A85495CCE30F27FFF2F329BFE6561A5F7EBDCBD7CD3CE9284AEEB9A5DBF18951424277238614F4CD8884EE869065B1EAB45FD3F4F21B1DDEADE81AB9E79F897FFF3D5933FFF22E13E1F609C58CBFFF4F44162DA6E286DB319A831D3ECEB3D31CB24F3D8E35E75ED6A321DA72B31977E78D94FEEA0A8CC68ED7F3F5CC740AAEBB14C784124ACFBFB2CB009FADA88092BFDE426CF96ACAAFFF73871F4EBCBBEEC0A427EE47F57A7A3446314A49E86E584841DF8C49E86E70598924557FF93FEA1E7BA6751D5CCB48C3BFEFEEE4CE3F8DE60F3EA1E2A63BBBDC652DEDE07D29F8DD85ACBDE85A429F7DDDE9E37CBBEF44D19FAE65D901C7633434F5788CBE3D77A1F0DA8B5971ECD95D4E977B769C4DF19D375071D39D5DEFA5AE28E4CC3F8DDC5F9D4ED32B6FA666002251F4DC6C7CBBCCC3BFFF9EA02840AA939EB483DD7C48E86EF04941176D48E86E70B49C016B693E8CA666569F7511CDEFFCAFCBE7E45E70166907ECC9AAD32E2459D3F19A3A807FEF5D99F0F7BFB2EA8473697EFF935E8FADE49E5B70CF9BC98AC34E255159DDE9E3F49C6C263C7C27A14FBFA2E20F77773E054FEA03C6E4171EEDF27503AFBD83D11C22E398437A3D66313648E86E60C9C6C5A28D44D2E2AB6F032C78782167CD5FC08C9987929EE662B79DB2B9F8FC9D79EAF1CB58B9FCA3411F476CC51A961F760A89AA1A009ADFFFB85F1DC8065BB2B69EE6F73AFFBE68E97EB4743F280A899A5A429F7ED5E96355878392FBFF8463EA44961F797A97C53CEDC0BD98F8C4FDA84E27C18F3EEFD3D8233F2CC6397512535F7D127B4951A78F4BD6D4B2E2C8D3D1FC3E263FFB20B6DCEC4E1FEB3F70EF6E5FD7BFDF1E54DDF100C18FBFE8D3B88782190CD1FCFEC70024AA6A587ED8293DEE3920BAA7E825689EC3D033AEC39EF722CE92A5380ADFC396F51734DF69A8F6ED4091AB207A4A0ABAE8563064F2E1A775DC79EFC79C78EA6D4C9EBA0BD9593A07EC53C83557ECCBCBCFDF4465F98F03FA9AB115AB087EF819A5E75E466CC56A561C713AAB4E3E1F80FA279E6B9D1E1E095DD5AC7882D5675C886BDB9E850E9D532731F9C547B117B7CD2FA80E076907EDC3B4F79E27FAE352D6FEFA2AAC58BCD3E3A41FF173263C7277EB655FDE5D766CBD4FD1B42EC7A03A1CA9C7ADEF5807A9B5FA29AFFC03E7F4A99D3ECF4A245977C58D34BEF81AD3DE7F91FCCBCEC3B9E554505554A713EFCEF398F4D403E4FCF2E4AEBF0900AA4AD6E9C7B3E6CC8BBA4EC70F9196DFA5644D1DF54F3C07C0CA13CF65C59167105BB986D2732F23F8E167C456AC1ACE618E711A8A6D4B34EFF1D832FF88BDE0759CC52BB0E7BF8A2DF31634CFB128B6A948E9EA984CB98B01535C6467CECC8109DD05DE788F95C79F03C0E47F3EC8AAD37E8D198E30F5F567587EF04938264F64EA1BCFB0FCC013483B783FF2AF387F20DF4AAF949E77050025F7DDDAABE7598924B1652B31E30954B713C7841214BB8DF26BFF44F55F1FEAFC898A42DE6F7E49C1D517B5AE470398D128D11F97622BCCA7E93F6FB1EEB2DF77F8743D278BADBE7A9344752DAAC38EADA8A0CDFD6624C2BACB6F6C2D6A9D29BEEB26B24E3EA6E76FB8034673901FB6DA15EF8EB399F4CF07DBBC9FA15479EB5F697AE50DA6BCFA24CBF63F9ED88A554C79E50996ED7F1CAAC7CDC487EF62C571670330E9E905F8F7DB6358C629D693D05D8734E0FAE11E84181B02CD068B9736F2F67B8B79FC1FFFE54F7FBE83A79FF8339F7DF40FD6ADF914D30C929B3B095D77747BAC647D03F5FFF817906A97AA6767125BB60AC7C41292F58D447F588C9E91467CF55A9A5E7A9DACD38E1F964E638D2FBD4EC54D7732EED66BDA9D717747D154F49C2C6CF9B9E85999AD67D5C9DA7A9A5EE9381DEFFDD95CC63F740799271CD1AEF829BA8EAD200F4551587DC66F3A5DA230C3115094D41EE51DF44D576C36D27EBE37EEEDB721B6AA94444555BBC738268DA7E896DFA13ABBFF59764575D8892E594ED32B6FA2BA9C78769CDDAFE3F545B2AE81D5A7FE1AFBF87198E1300DCFBE8C7BC67454879DE0879FE2DF6F771295D584172E0220FBEC5F60DFE4439018628A03452F4175CC43F31C8AEE3F07CD772A9AF36728FA24505D6036811519EE910E297DB80720C62ED384C5CBC22C5EB6987F3CB31878029B7E5A8F4277F6C2FCD67F87172EC27FC05E34BDFA3691EF7FC2B5CD9644BEFD81FA275F20EBD463097DBE90C06BEF9079D25143FAFE92750DACBBECF7D827140F6821CA38E610D0546AEE7D98D8AA52F4CC0C3C3BCC22E3A883F1EDB54BB7CF6FFACF5B1D16E18DD5DCF768AADD6ACB9EE41DF0EFBF27FEFDF724F4E537843EFA82D0D7DF6145A2B867CF20FBEC93072CA19E7EE801343CFB3215B7FC05FFCFF7C63975D2801CB7A79AFEFB3666344AC6910751FBD0930038B7DE92C8F73F01E0DE6E6B1A374AF66FFCBB29460E45CB4171ED8BEADAB7F5B6CD2D7427055D0CA996D0DD57DF2E64C1C30B8105AD9DEEE6CCDE82B9F37EC60E3F3B9C89137744D135ACA441A2BC125B6E56EAF995D578666F074074C9729CD3260310FCE8F3212FE86557DC48B2A68EFCD38F1FF0A9E28C230F22E3C883FAF4DC9E749033A35112155538A64CECF6B19E39DBE399B37D9FC6D213BE7D7645F57A308321CAAFFA436AEA7D0885D687091D138A892E5D01809E914E68C5EAD4BFF3724894A73E2029BA869E9F3BA4E3137DA7E825687A09780E5B7FCBA69DEEBEC64CFC34663ADD494117C3AE2574F7E1A71FC3BD1F03B79195A9F12FDB24D2518858511AAB52C9622B16476999E6B536C43F863A79DCFCCEFF6878FE3F00A41DB2FF90BE76777A32F5AF7A3DD88B3B4FB40F25D5E1C0BBF33C02AFBF4BE0AD0F687EE77F3D9A891828B195A5A97F685AEBEF94E2B06345A30058D118AAC70535A0E7E5761B381423D9FAD09D6D4B348E4FDD34863ADD4954508C4875F506ABC3A9FF50D754D471C9353703B06AC977BCB3F0C50D0F5C7F621C5B35B405BDF2D6BF02A96E6BAEADA60DE96B77C7B7EF6E6DCEBCF3AF389FE99FFD17EFCEF336DC76D979288E91D35BC0BBF3DCD67F975DFDC721BD7A21B67275EA1F1BC5836D057998EBDBE7AA6E17AAD309807D9CAC9D8F398A1DD5310BCD7706B6ECBB71147E88B37809F6BCE7D033AE46731F8CA28F8C0FBFDD91822E46ACE546EA92ADC99A1D97A2F241224476185E78E51B5E8CA5BAA1FDF2B443896BD0A0C7F8E4DD4788459B077D5CCDEF7F4CE88B850078F7F8D9B025B33BA33A1C4C79E971DCB3B723FDD0FDD1D2D3587BE9F54C78E42E9C5B4CA1E0DA4BC8BDE0ACE11E661B1B7FD8882E5E46C3BF5E1E92D7B5E2096C4505A81E3756320640D62F8E06CB22B67405FE03F6C20C855B37D7714E1F591FDEC420517DA8CE9DD1FDE763CBF91B8EA2AF708CFB1E7BEEDFD1D32E4175ED85A2660EF728DB91297731622D36A2401A0017BB7338AF791DDBE94E7EE7CEE3C26019DBEB2EA6D7DA991F5BCB84663BE93FBF94978D5F52B2957B503BDD55FEE9DED67F7B779A3360C7ED2F331261F9C12763049AC938F630A6BCF818969164C5516712FEEA5BAC44822D3F7A99E60F3F63C5516792AC6FA0E07717E2DF77F7E11E3AAE6DB74A4D73AFBFEEBEF6A127C93CFEF0417DCD645D03758FFF93EC334EC0317902F54F3C8773EA24FC07EDC3AA13E7A367659037FF34961F7366EB73DCDB6F3DA863122357C7A1BB3598B16F464CE84EAE431723D6D6BA937FF84A5ABF5E948CF242BC896BDC79949B09FE10AEE62FDE42E6379771812B9B6D75274D96C1E5C10A3E4F6ED818A4A3D05D5FB7970D2FFC9EA57B1FDDFAF5D4D79FC6337766DFDFE4000B7FFD1DCB0F39053312C1B7E72E8C7FE0567ED86A372CC360CA2BFF20B66C25EB2EFD3D9661E09858C2B4B79F4B75B01B0116EF7208D11F97B67E3DEDAD6771CF9A3128AF15FCE053569F7121C9FA463C73B6A7E0EA8B5871F4194C7AF201D65E721DF1B5E514FFE546EA1E7BA6F5723580696F3F877BE63683322631160C6FE84E0ABA18B1EC8AC2C7E953D0D830A5FDDB502517BAB2C957751E8AD63345B36343619911E75467060051CBE2D4E652961AB14E8FDDD7ED65CB7E7733350F3C9EFA425599B1FACB11B77358FD33FFA674FEE540AA894C4B17363D2B83647D235816AAC7CDB4D79FC13982D6FFD79C75716BD01052DBB7F6B6594F4F44162D66D9FEC7634652D728E75E7016911F16A33AEC38A74FA3EA8E07B08F2BA4E0DA4B58F3CB4B5A9FA7E81A33D67E33A2B207621418C2D09DACA18B112B6E59AC34DAB63E3DD191CEF3B146008E75A4F3CF58133BD8DCFC2F11C458FFD9D4A928DCEA29C0AB74FEEB5D576FF0FADB15DCF4A7B738F4A86B2828DA9A92710E8E3C64227FBCE108DE79FD1E028D9B6C156A9A343EFF6AEB97B6DCEC1157CC01328F3BAC3525BE714BD5645D436B8A3BFFD2F346543107704C6D7B095DC30BAF76BAAD6B5F1981E654D39DF5C55CB1E9A4EDB707C10F3E21FBEC5FB45E879E75FAF1D43CF0589BE73AB79C2AC55CF4DE1086EE640D5D8C688B9251A66A1BBA916DA33BB92F9ADAACC4A7A814A936D61A090E76A4F1422CC0D18ED49AFB04CDCEEDDE42CE6F2E23D1C349A8B56571D696ADE6855756032FA2AABF6EB3BDEC8EAE69D8AB376C9462CBCF19B0F739D072CE3DB5D3DDDC54B78BECB34E1AE21175CF96D7F6FB69C5E204DE7A9F8CA3076637362B9E60D529E7135BBEA1177BD6C9C750F7D4F338268E27B6B214A329F501C2336B5B2A6EBCA3CDF3DDEBFB1F08D16FEB4377AA73C3D2DF406C2F2B67E86244DB782D1C526B44D98A4E9395BAAC69179B87B712410EB1FB7927D14C8DB9616FF179BA9B3F7A0BDA4CD9F7464BA7BB7F3CB3980B2F7D82972EBBAFCDFD95E10ABEFFE6650CA3F30D5486CBC697816DCAB3C3EC2E3BC40D172D2BA3DD6D8137DE1F90635B4983D5675D44F0834F5B6FB3E5E79276D03ED43FFD2269871D40E0CDD46B691969242A6BDA1DC3B7DB8EED6E1362A0285A0EAA6B5FF4F4CBB0E73E89A3F8471C459F61CB5E80EE9F8FEADC1194AE6704A5A08B11ED8B64B8DD4AD376BA8B4F12A9423F577711B00C2E0C9671983D8D7B236DB71ADDCBE6E5264FFE80FCA2CFD4DBF68AFF68D19A61DB5EB63BAACB859E93D5E17DBDED393F54F48C0E0AFADB1F6019FDBB26DD320C4AE75F4ED32B6FB6B9BDE0EA8BA8FBC7734C7E66015A9A8FE087A962EFDF6B57829F7DDDF620AA8A775729E8626829FAF86EB6979DD1667B59997217235A9D69F05D32C2F61B15D383EC3EAE0D5551662638CD99C1C5AE1C6ACC243744AAF82911A3DE32C8543674F33AC0EE2381C54DA12AE27DCC807A1595899D5CFAD659A7BBBE84EE0652675BAF5AC96487B70F37456FDF81CD686822FCC5377DEE956FC5E2ACBDF85A1A9E7BA5CDED7A4E16FE7DF740CBC9A4F482AB485456A3E81A7997CCC7B5CD744A7F75459BC77B7698859E3DF2AE3B169B9BAE3BDDC919BA18F15E8FB76D16E35254FEEC2DA048B5716EF33ABE4C86C95175EEF014B2B5EEE0ED78FBE63287D8FD3CE22FA658B5B5BBAF27B6D19DBDFA63E953E86E00999108E6FAD6A59B8A2E5E3E68AF3B189ADFFFB84FCF8BAD5CC3D2038EA7FEA917DADD977EC87E84BFFA86D5279F4FA2B21AEF2EF398FCFC23C457AF65F5E9A9AD7ADB3CFEB003FA34062106DD46A13B39431723DECBF10067BBB2DA9C7543EACC7B679B8707A3753C1B6DE222770EBFF7E47353B88A631CE9ED8EB395E6E4EFFE12AE0855F05922DCEEFEAECCD0FABF356B77A1BBB93BECC7AC3947E070B6DFD2B4B702AFBD8B15EFF8DAD7C8F73F92AC6B40EF60CD7A248AFCB0A4D7CF697EEF23569FF19B4E53F2BE3D7E46E905BF43CFC9A6E8862B889757B0EAE4F35B43711BD373B2C93AF1C85E8F4188A126055D8C7821CBE4DE482DD7B8F3DADDE753542E76E5B0DA88735DB89283EC7E4C208E85BD83305C9AA271AFB788AB4395BCD6C1997C67A67630DDEEEE67CBD7CEB697DD762B1F73E7F4AFD35DC30BAF767A9F9548D2F8C2AB232EE96E74B27FFBC6CD667AA2E1B957289D7F79A7FDE015871D1415FFFE7B9279EC49FBC3850000200049444154A1ACBBEC06A2CB56767ABC826B2E1A9197270AB129997217A3C2F3B1A67653EF1B9BA0D9B9DF3B8ED5469CE5C9182BBA682AA3A17083279F797ACF93DE791D4CD5672A03FF793891B4F8FABB000B1E5EC859F3177418BA5BB1ECC32E8F613407697EF3832E1F53FFCCBF0772D803C2ECA4A0C756AFEDF4BE4D053FF894D25F5DD9E5E62EAEE953714E9F8A63F204961F794697C53CE3A88353BDDD851805A4A08B51E3FA70255F263B9F2A57810B5CD9E4AB36561B5DB75AB4A1709BB79074A5675B61E6ABED8BB7BF8BC63503A9257477E7BD1F73E2A9B73165DA6E6467E91CB04F21D75CB12F2F3F7F1395E53FB63E3EF0DF7730639D7FA001087FF52D89F2CAC11E7AAF18CDC18EEF304D223F757F969EACA963D5A91774BAD4D0C231651289B24A2A6EBA33354DD209EF2EF328BEFBA66E5F57889142A6DCC5A811B52C2E089671B7B788B99D9C5D2BC0759EBC1E5D7BEE5354F6B47B7961FDCE6D9DD151C8EAA0A0176A36548667D7E496D0DDEB6F57006F01D7505C6467CECC42CE2DCF24B707C768FEE0D341DF00A537BAFA80115F5BDE6DCFFCA657DFEA700D7C53A14FBF4AED9667757EC58377B71D99F4D403A8AEFE672784182AEAFC53DDCCDDDE86C33EB2B68014A22351CBE2D7C1B2760D673656A4DA3A3CA3EE484FCED07355BDC3A92C1B0A857D4CCD0F86B565715E7C65359E953D6B97DAB225E8489128EBBCA09B81EEF30EC986AE3F98B588AF2B27BE665DA7F74B3117A3957EC7EF5389DA441216FD94E08B6F937CF56D82AFBE4BB07879927EF6741062C0B514F55B3D85EC6E1BFCB092A78BA9F5099A9D75E6D0ECA4D413D9AADEE57837F6D3072F53F7CD9603BEBD6C5FC5BB28E846A093E9F801E63F602F263C7C27AAD33924AF27C4406A3D8DB1E930735B1B33B7B5C12F529F4C83218B6F7E48F0D5B749BE5C5FE457954A8517C32F66595C122CE73A4F1E87D8876FFBCF699A83FF25866FFFE34DF5665DFFF3CF97F3BB9987B6DB5E76DE4E873279EAAE8338CA8E4597747E7DBCD18333F4FECA3CF1488AFF7253870D6E84180DBA9C97F47A147699676797791B3EBDD7D59B7CF95DAAC87FF55D822FBF4D505D3B1CAB8862736760715DA89266CBE04447DFAEA976F533D836431F59D3B2895E34C26BD9B4662474BA3302CD5DAEA1F7A4A06FDA0CA63772CE3D85A29B7F07FDBC145188E1D4EB505C56A6CAFE7B38D87F8F0D3B60AD2D375267F1DF25F8F29B040BBF4F1008CA36EB62F059C06DE11AD2158D9FF7E14CBD277F005D4D61CFD09D28EBC73112345AA94D64372E4B1610B44C7C9BBC8F5AB3F316B05D85EEE6CE9DC10E3BECC39C1D8EC29F3E307DE1238B167779BFEA7074793F007D6C699B71CC2152CCC598302029F7E2428DE2428DC30F4CFDD199262C5D996C7316FFDD8F4962F191F2DF9E184B2CE0E67035B374778FC370BDD1D57FF3198AC644CDDE6EDFF6E112B00C961BB1D62D674DE08A50050B93611EF595306EA310DFF7C98E5BC376A66DA7BB9706B4D35DF8CB6FBBBC5FB10DCE0539F6718514DF7183147331260CCA5F89AAC2965374B69CA273D251A9708984EEC4600A5B262FC49A98EFEA7887B1FE085A5D2F29ED66F3B2D2E8DDBEC5836941B48E3F7B0A5180BF446A4858166739B3B82A54C123BE1254609D99E0E364FFD6FE07B2D35DE88B855DDEAF0C52482DF317478FC8AD6485E88B21BB0E5D427762B02DEFA23B5C7F34585DFF4EEE69F3F26874F80BBA5B51D95273F05922CCA5C1720EB4FB783DDECCF3FE09781495AF93111E8BD6B38BCDC365A10AB2159D62DDD6EBBEF65D69E974F7F5770B59F0F0426041F7A13BD324F4E9575D1E57B10FCEE581AEADA60DCA7185180EC3DA584642776220D57753783BE2E8C1546B93D9F571B7D19D64A93A755DAC490F05B7A2728BA700BFA2F248B49ECB43151CEF486FCD001C6EF7F39B60397F8BD673953B9703ED7E6E08570DFAB8BA0BDDED9ABB35B9750D5D1EA3276BE89DED2ED795CEF68C1762341A719DE2247427FA2AD087826EEB4147B9041621CBEC341CA702BBDB3C3CDF4DC7B9C1566B26B93058C693FEF19CE7CA662BDD49B1BAE1C3F214CD814751B9DB5BC4B6BA9347A3F5BC384C63DE387477BEEB1BCE7476BDD7B82D3FA7DB6376D7F2B5235AFAF05DF228C4401B7105BD2312BA133D11EE66ADBB3F1A2CA3CBB4FBCFEDFE612FE8004B8C18EF2682EC6DF3B287CDDBE6BE5C55E795B4897814957233C17D91BA611A655BFB6C32CE8EFCFBFDFF635A4EED806D2FDB42D6CFC558322A0AFAA63A0BDD7DFF63822FBF93D09D1878D566B24D427C53B37517D335073F0DD23A7E6F7C9B8CB0772745B2E543C9EBF1E6D6EBD087D376BA8BF13DE85277D53DAF5276D7BF076C7B5921C6A25159D03B62D361D60C1BB366741EBAFBF2DB04ABD74A851FAB42837886BED28833AB9B2632A73933B92254316863E8A9FA6ED6FC01968E800F1E905AD77714C5F16E17A1EED5B44E1F57B33E9FD055E8EE7CB388DE46DC345FF7B303428C1663A6A0774442779B97BE9C6FF6640D1D60650F0AE0DE762FF9119DCA610EC7D97A10F41BCCE5899ECA55F55433202541F14555D87292543ED63EA456671AC4BBF8E9B684EEF672EB4C7374FEA1A04372FDB91843C67441EF4857A1BB2FBE4DF0D5B712BA1BAD625D6C87D919470F5BBFAE34BB6F1CA3A170AA33935BC3D5BD1EC740CAEEC10E721D6D073BD44E7766E274809E6EB0EA8642C69D578DA258543C9ADDE6713D9D4DE8E9CF7263B2098B184B86FFAF7A0490D0DDD830986BC2AB7BD809EE48471A4F451B29EDC10780C1B25D0FFACBCFD09CBCC0F085F8B2559D23EC69D872134CBD7D2D158F66B364FE7826DD5C86116AA0FAD90DBDF9171BBDBF1CADA7A66F9DC6DCD9E3FBDDE94E8891400A7A072474273655652669B20CD2BA39FBB5A370A93B875F07CB8668646DA52B1A3BDABA4F6EEF67F7F1E748CDB04DBD9FE7CCC2A128C4CAEDD4BC9841DEC975388A12ACB8BC88924BAA48FB998DA68F53EBDB3F0C62415FB23CC292E59D77BA9BBBC3816C3DE34009DD8951410A7A0F49E84E2C4C46DA5D0AD6915D6D1E76B579F87018B655DDD7EE43EF412EC0ADA8FCDCEEE35FC370A9DDF6BA8BC35BD6BA4D28BB3F87DA97D398784339259754B1FAD6023276DFB0BBDAE2E4D005F8FAD4E94E88114289ACCE9379E40124A1BBE1B530A37739E737E3CD5CDEC364FAF18E74AE70E7F6E8B1A5669C639AD67419E61A0C8FFB4AD856EFD9BAF04F46941303A5833CA2B674149EF497B46E1EB331CD6332E9A6328CA0CAAAEB8AB04C586B2638B469558F8EFD274F01FBDA7B375D3EB36169AF1EDFA2A5D3DD9C595BB1C38E7B0CFAF6B242F4849CA10F3009DD8D2ECE5E04A9BE4CB6DD6FDB9E9B24FFD45A9C13E2043EF550F544162D33D825AA9D8BDD39FC7108037213357B8F8B39C074CDC9569A931F07714A7B53A73B33DA15733DC3C09E9320BCD4C9CAAB8A9872E75AF24EAAA3F2EF59BC1B0FF6F8D8BDF959F657DBED65DF66B0B79715A227A4A00F0109DD8D0D2B8C18F59641A6A2A1FB0D26FF692D4D1F795976613156B2FD34F7718E74BE4E467823DEDCC1D1065E4F96033675A8C3CF8FE1A129E8B37517E7BAB2C9DCBF0923ACD1F4616ABCBADF60CA1D6B59754D11CD0BDDACBD3D8FC97F2CA3EA892CDE49F4BCA00FB78EB6979D3AC925A13B3164A4A00F0309DD8D4E16F05122C421763FD94734020AE50FE5A4361DEFC4B5EE3C16276343927ADFD5E6E9F57376B779F923833F8B90A5EADCEA2920750EAD30E1EA72D6DE914FFDEB7EA26BEC347EE063E28D65ACBABE90E62F53EFA3D115E7FBBA4857871DD14C534277626849411F212474D77FCE216812F24A2CC021763F197B3413FAC9D965318754ABD55BBD059CDE5C4AB40FD7C9F7940A6CA5F5FE9AEA7C55A744B50FEA070E1B0AB77A0A987E6C33394735B0F2DA22CAEEC9A3F8D755180195A64FBCACBB2B0FF79418936E2A27F4839368A99DE7EB82DD7D7BFBCDA92883FA73D99484EEC46092823E8249A7BBDEE949BA7B53DDB76069EBCB64987233C18CEC2466B8676BB65B6A0EEEF0147161B06CD0AE952F546D3DDA0AB6235BE80E4AE38353D055E0464F3EB3751779279653FB521ABE99219A3EF6B2FA9602C6FFB6926517151359E1A0F2C94C265C5581E63659F1BB229E8FADEDD56BF5F667092DBF33C3BBD4D5D5F6B212BA13BD21057D9491D0DDC072F532486502AFC403EC5DA7A1A7B59D2DB1E727704D8E61346B84973930231B8EBD93CDCD1FBC055C1E2C1F94B34E7F17D7C79B409599A0A093CD65F207B16BDC95EE5CF65F9F3C8FD7E8E41EDF40BCC246CD8B19C4D6D9597B772EE37F5BC1D2F9E3714F8D1259E960D9C5C57C1288B2CEECDD76A8BDFD598E6412BA137D21057D0C90D0DDD07A2916E0FACFBCA96BA5555AA7DD27DD54869E66105EEAC43D2D4AC3BB3E2A1EC96E2DEC7BDBBC5CEFC9E7BA50E5809F137675767E4BB88AD7E2CD3CE12BE97067B3AE3E0CF495029CEFCAE618477AEB6DCB2F1DC716F79752F9F72CAC786ABC0D6FF9B16727D9F2E1D5685E83E597146346549E8D350EF898463B09DD89EE48411F83247437B8CACC042F3E65E7AC034DB2F66FA2EEBFA9262946B346F82727A5B7E7A3F90C8AE6D730F5F6B5ACB8721CC940AA681E62F763013785AA0674FABDB375E0FFC69BF93C11E668471ABF0D55F298BFB8DD863403DD2D4E05AE71E76D681EB39ED1AC115CE8A2E99354E8ADF83755347DE4A5EAE94C8CB04AF3D76E62EBECAC30E2BC3B8AD2EDC34542776253D258663336D642773614AEF3E47180DD87D6C3F5F44F1261CE0BAEEBF56B4DD31CBC7E6826259754B1E2774584BE77517269258E710996FDA638F52005A6DCB61623A0B1EAF76DA746BF4A46B824584E933530DFEF71AA8D97D326B6B9ADDE32382550CA3DDE22266A767E17AA609C6AE73C57DB1DCD7E17AAE0BF0374699D434905E076EFC12574E37F5B41B251A7ECFE9C0119CF7DDE71ECD483B6B7000616AFC59BF9FD007FB01A892474B7F990822EDA18ADA13B87A270AF771C95668267638DEC6EF37290DD4F6E07EBC331CBE2C344900F9221B6501DDC1FADEBD35EEAB77B0B396A5F8BA2F3ABA9F95706DE99611CE3E2FC78D22420D5F96CDABDA5449639587D7341BBE7979A712E682EEF53C27CB2963A93DDD893FEF14CDFA869CB95A10AF6B179D967FD1A76C032382EB086077DC58C5BBF9E6E020735AD6CB3E5AB4A2A2CD6DB2E7745AA8D3F790B7A9CB6CF3AB009C7B804E50F6ED85DADD48C7344D3EA5EE70C3C8ACA7C67168BCD187BE85E76B1793A5C86A83493FC371EE0FD4490631CE9E4A93AE7350F5E5871A492D0DDD824055D746B3484EE4A543BFF4E9B00A40AF68BF126FEBDBE4FF944CD81435168340D0218B85139D599C14CDD858AC205C132FED787BEEB5B680E9EF28FC7919B24F7D87A9C136354FE238BE0C2D45962FA2E417C734394DD9B8B19EF78C6A0C932B8395CCD9BBD3C23FDBD271FAFA2724FA4B67527B803EC3EFEE0497D70F82A19E1EFD106FEE26D3B33F04CAC9165468CABDD7900BC156FE6B2F5AD6F33158DC31C691C68F7716AF35A22BDF890B3B7DDCB75EE7C7C3D08A629BA857F6E88A2F935ACBEB980F0920D1F002E0F55F4FA7B01B08BCDC33DDE224C2C1626233C1E6D2084891F8D7455236659AC346228C0618E340EB7A7B516FCC39A560FEBEE78238584EE463F29E8A2D7466AE8EE3C5736673933DB4CB6579A49D69A71341432158D22CDD6660DB9D24C727460759FCED001FEE829684D7177C53535C684AB2AA8792E9DDA97D3DBDDFF5ABC993F84AB09F4700A7E4BCDC193FEF128C00A23CE3B89208F45EBB9D993CFEE362FD7872A39C8E167AEDE760A3A64991CD8B4920FD2A7506D2639B1B994F1AA8DE31DE9EC61F76243E1FE481DFF17ADEBD1387C8ACA85AE1C8EDA64BDBCC3EFC19418B9C7D5E39F1DC6B260DD5F7269FC70C3F7EEEB6484339B7B77A95A0B8FA2F29C7F02791BCDC824B0283312D45B060616C5AABD4DA2DF02FE16ADE7BE486D9F5E73AC5355247437CA48411703623843774E45E100BB9FAF13110A359D4B5DB94CEE260414B32C5E8E0778205A4B9DD9F74166A91ACFFB27B426C5275C5D41ACCC46C5231BA69115BBC516F79612FAC1C9BABBF3E8ECB343B599E4F7E12A3EEEE16CC14D9E7C0EB2FB5BBF5E6AC4B82A54C919CE4C1E8CD671BD3B9F199BF47637819F352EE31FBE122E095670B8C3CF691B7D085A6DC439AE790DF11E345B39D0EEE312570E593DB8ECCD373BCCA41BCB506C168DEFFB58774F2EC9A60DE97A133829B086C546DF7756CB5275CE75667188DDDFED35F92B8C38B745AA293792CCB2B9782D1E18D20633A3954D57247437824941178366A84277BF5A7F666E02EFC6833C1EABC722350D3B5975E0535534149A2C8306D3E0F36498CF936176D0DD1C6CF7335B777165A8820FFAB8DDE9918E34AE593F853DF5AEB5D832932C993F1E23A8A2A850727925006B6ECDEFB487892D2B8911D430630A1F2742FC3552CB4FDD14379FA2F28C7F7C9BEBCB9B2D931BC255BC156FE658473ABFDD6477B8961DD672559D3F780A98A5BB5AEF4B607146F35A1625BBEEEDBEADEEE47C5736F3F49E05D05487C5F44757115B6BC73921C69273C793A86FFB21E0D95823B7F471239BDD6C1EFEE829E0AB648457E2013E5BFFB39DABBBC95035D2140D038B66D364B919E3A344080538C599C99E362F2AF060B48EFB223D9B95106D49E86EE490822E86D46084EE76B679B8DB5BC4C6ABB7EBCC04EFC6832C3162D459491CA864A81A05AACE569A9359BA0BF746EBBD6736AFE5EB64DFFA862BC0DF7CC5CCD25D686E9382B36B48DB3944F02B37CEF1318CA0C68AAB8AB0121D9F35BAA6C4987AC75AD6FC399FE0576E8CB08A456A6BD77B23755DAEEF4ED4EC3CE42B2663936BC9971931EA4C831D37497D7F9D8CF07922CC49CE8C36EBDD26706DA892FFC4039DBED676BA8B5F3A33F9594BCF781532F70D50FFBA1F45B3B04C0545B598744B199E6D22543F9349D59399E41CD540E159B5FC70FC2426DD58C6CA6B8B48D46E28E8EBCC04C705D6F4F9F2B9D9BA8BBFF98A5BBF0E5B265F2723FC6044A93012345A26714C32159D2D34077BDABDADA1C096F77E41B0ACC73323A27B12BA1B1E52D0C5B01B88D0DDB6BA93CB5CB9BDDA3E1452A1B4BF466AF9D7FA005D5F8DD7EC3CED1BDFDA4FDEBB5D9829B7AD235EADB3E4971330C22AFE392132F60B60C554CA166463346BE8E906D3FE5A4AEDBFD3F16C1DC13921CE9273C663C652C731B0F83011E2B958131F27421DA6BF276876EEF21652A2F66DDA338EC56F83151DEE6CE65014F6B5F938C291D6E66C1E0015728E68A0E6B90C265E5F8E1953087CEAA5E8BC6A565E5544C119B5685E13E78418AAC3C208A934FDCF4BE96DF9AD873081B3FBF161AAC5B18E747EE5CAEA75939CEF9351FE1CA9E6FB6E662544FF49E86EF0494117234E6F4277BBD93C9CEBCAE2BB649417634DA4A91A07D87CCCB5B929EAA4D5698365F04922C4078910EF25827850996B73B3D288B3AC1F6BB8FBD97DDCEAD97079DAC4EBCAB16527097CE12163CF66A2ABEC987115CD63B0F2DA2214DD62F21FCA08FDE424BAC64ED139352CFB4D09B1B28EC75D63267931DEC46BF166566E72C99A4751F9952B9B631D693DBE061FE0BB64941BC3552CDFE87DDB15859D7437FBD87DEC61F3E2ED41727DDCAFABC93EA491D83A3B8E71719A3EF4622F4A60CF4D507A5B3E91950ECC904AB2596BB3ECF058B481BF446A7A3CDE4D4DD51C4CD2EC7C910813C2640F9B97DD6C1E76B279DACD5AB4586726F83211E6B5443301D3E070471ADBEA4EEE8FD4F1A19CA50F994D437773E6EDC3ECB94749E8AE1FA4A08B51A1B3D0DD5F5DE3DA4C2B7F9B8CF0663CC8078920759641916A4347415520601A042D93A065325EB3B393CDCD1E362FDBEB2E54FA97B26E71892B875F38335ABFCEDC3F40C9A595F0FD8E24F2BEA5F91B1B6BEFCA43D12C265C5341B251A3F6E5F4D454F4D5458417F76C86A1C64CF27932CC1789309F25C3ADD79117A8368E75A4B18FDDD7665A79634D96C1E789302FC5037C9C08A12B0ADB6A4EE6E86E66DB5CCCD05CED4265197B07087CE6C5B3550447719C9AE732DADC6FCF4D32FD9155D4BFE3A7E11D1FF6DC04DE6D22A86E8BD537B6BF061F5297D69DD3BC0EA31FD7803FEC2B66A6EEC204BE4946782F11E493449835461CAFA2E25554FCAA866941128B32334196A2B19BCDCBBE762FDB6D34EBD0D7264362E048E8AE7FA4A08B512B18B2F8FE6D13FD1E1FBEDAF6C5AB6AFD256B0DA6814D51F02B1A3E4565BC66C7BEC9596C4FD6907B424361816F1CB3D7178AFC53EAC83BB11E966F8D32F52792018857DBD0D30C1ADEF651F79F74A6DCB196B27B7368FAA4E3EE6A0567D452F16876975BB5D699499618317E34622C31622C3762442C8B71AA8EBEBE389B16949B095C8ACA14CDCE34CDC176BA8B6D3427F62E52E19EE951A6DE554AE91DF964EE1300C562F925C5B8B78CB6F90052726915665C61DDDDA9209E3D2F41DE2FEA597B7B5EBB635699494E08ACA1A19F9DF20EB2FBB9C193CFA6730871CB628D19A7D93209580649CB2243D529566D1D361B5A62C4B83254D17A4DBF18395A4277B3674D63DE0E3B4BE8AE0B52D0C5E86741F05D1B758FDB897CA7F76A37CC26CBE09D7890A7638D2CEDE574BB5D51D85273E05254CA8C44EBEE60198AC663FE128A551B53EF5A4BCDF3E934BEEF43759AA82E0BD56992A8D1513498764F29D5CFA553FF7AF7D771F79681458D6990C422665964AA5AA7D3D05D516C1653FFB296649D4670919BFCD36A29BD359FEC839B587ED9B8D6C7955C5689195559774FAAA0A7EFD18C7B8B28E50BDAB6768D5A166705D7F2C300AD5B6FA13938DE91CE9E762F69BD787F26F0FDFA2634EF26829B59AFB8D14D42771D93822EC69464AD4AF84B8DC80F1A89329564B54A226E110A5B34C52DEAC306EB9A137C138DF17532CC5223D6EB36A3A94B9E3238CB99D5667DF9EB64843F84AB596EC4C857751EF6153365DB24A11F5C1D1EA7F8A22A14CDA2F4B67CF43483BC13EBA97E3603C7B838895A9DD8BAD434A362B7F06D1726F085A78FDF95FEF3CD0C33F1E6327E3C6112D31F598DE633B00C85E5171513FAC9896F4E88493794B3E2CA7104BF4BBDDFF15754125EE6A0E6F90DD3F3092C7E1D2CE3D3441805986773B3B3EE215DD568340DDE4B04FB1C905349F5D89FA5BBD95A7790A668B81415D7FAD907C3821A2BC93A23C18F46942F93116A376A792B46B7718576E6CEDABC437752D0C566A7BF9DEEAE70E772BCA37DB737484DF5FE2152CD8BB1268A551B0FFA8ADB742F6BA1F90CB6FDD70AAA9FCDA4E2E16C0ACEAC21F7E8061A3FF662CF4DB2EC8292D6063499FB07C83AA089651715B73B8E2D23897F871075AF0DFC197E1B0A4C7F7415150F65E39B1526EBA0D45501564221D1A061CF4952FEB76CAAFF99991A574E92E98FAEE2A7D32692A849BD7F13B82C58CE3B8920B9AACEF5EEFC0E3753F9773CC08DA1AA7EADAD0BB13986EEA4A00B41CF3BDDCDD25D3CE46B5F5837D5D23E758266E76FDE62B2D4F653C139473590775C3D8AC322BCD849CD8B194CBAA18C15578CA3F9EB0D852EFFE43ADCD3A3ACBCAA889C231A48DF2548F943D9A9337F155487D9BAE7FA602A38BD165B5692C60F7D149C514BCDF319D87313182195E0B76E222B521BC3282A4CBE751D91150ECA1E484DB727B0B83654C96BF166A6680EEEF116B569C3BAA97FC59AB8395C35E8EF496C5EC67AE84E0ABA109DE8A8D3DDE9F5391CBA51BBD5AE3CBFBE2815AA36EE5EBF85E9C6728E6C484D472B80057ABAC136CFAE60E9F9256D362C99746319893A1D2BA9E09B134675998416B93A4D8FF786A2D2692BDA4D79B68930E1EA0A169F3D9E928BAA587543FBE94C4585922B2AB0E726597EF938AC8442C832B93858CEE7C930F37437B7790B7BB489CBF181352CE9C7658442F4C4580ADD494117A217969FE021B9B8FBDEE52DDE4F84F86DA8020DF893A7B0CD14B3EAB05A1BC8B4987CEB3A5C9362D4BF9146ACDC8677FB30BEEDC394DD97CBF8DF5650F158368E71713C5B46597CE6042C33155A5354DA1DAB3B3947365070662D665825F4BD8BE0F76E82DFBA88AC767498A8576D16DBBEB28C1F8E9B4CCE110D6DFAD543AA988FFF5D058A6EB1E6D67CCC884AB599E4C260198B8D1887D8FD5CE3C96BB3394E57EE8BD4F260B4BE57EF498881305A437752D085E885D5C779892EED7D37B20B8365042C93CBDC391CD7C9FA3BA48A73D6014DF8668551748BE0221775AFA6A1794DA6DD538A9EB67E0DC084E81A079609CEF1711ADFF7B1E68FF99D1EB723693B05D1330D348F41EE310DE8E9A9A05BF3176E4A6FCB6FB3794A8BAD9F59C9AA6B0B49D4EBAD6BE32D6C19491C13E2ADDBC77E92087355A88246CBE01C5716BF7466F5A2E54DFFFABB0B31D04643E84E0ABA10BD5076919BE6F73A6ED8D295722BC1A5CDE5FC64C438C8EEE772774E9B36A5AACDC2ECA4D77B0BCFF42853EF2EA5EAC94C2AFF9E853D3F81774684E28BAAA87FDDDFA6A5EAA6348F8911EA649A5B81A2736B30E30A554F6676BA1EAFDA2DB67D61393F9D39817865E7DF03038B05917A1E8AD6E153346EF4E4B3ABADF384BE6B728C78B58ED1DCF603446FB6711562A88DC4D09D1474217A21F0BA8DF22BDDF87754F0EDA050FD8449A2A7DB69DB60D91E4DBC620558F98DC5719559ECA2A70A5DC9A555B8A64669783BD5696DE3CD4B14BB45DA8E410ACEACA5F1031F150F6D34D5ADC2C4EBCB7196C4516C26AAD342F398289A45E0130FA1252ED2776EC65E94A0E6D90CECF949423F3969FE3275169DB67390CCFD02342F74A71ADB9810FAC1856F6618FF4E413014E2D53AF11A1BDE6D22380AE3ACBCA6A8D3B7B8CC88717DA88A1F8D28B37417B7780A3A4CF9B7F0CD0A33EEC22A969C3BBEDD0789F382EBF82411EEE1375788E137DCA13B29E842F486056BCEF0105BA25370B646DA2E0A4BCF314836F4FCCF28ED9004795746085B268BFF4FC3F98C17776692F19755E2D936750D76CB75E88ADDC4599CC032A07C410EF56F751FC8B36527293CB3163D3389195631422A46440553C13531867BCB28AA2B958C0F7CE5A6FAE94CC24B9C641FDC44C1D93518CD1AF6BC0491EFC131155427C42B6D34BEEFA3F21F9998D1F667F031CBE2C1681D8F451B501538CB99C519CE0CEC5E8BB49D8224031A81CF369CA53B27C6C83FA50EDF7611565D5FD87AED7A8BC5468C13036BE4C23531EA0D65E84E0ABA109D48D6AA4417AB581105D50B8EA9067AB6497499C69A133D58498549B7A5A68957FDD6C04A6C78AE9E0ED947AAA040ED7326C9C6B6C7B6159AE45F1DC5B35302A351A1EE71078D4F39D0BC49DCD3A3D8731328BA8511D488ADB513FAC18965F42EF4D6194505D563D7E67300000FCC4944415463604654ACE48663BAA6C4F0CD4E6D4E927B4C3DCB0E31C9390BD4423FA5B7763C9D6F022FC7033C10A9A5D24C32537771AD3B8F09EBCF4826FF711DDE99611415965F3E8EE04237FE792126DE504ED3475ECA1EC869B7160F707EB08C65468C79BA9B99BA0B9F92DA52768991DACF5CD2EF62341BACD09D1474213611FE5AA3E62E1791EFDA87C21C934CBC7B24087DAE135DA4E118A730EDFF34423F5A54FDDDC44A807F27859C63541255E098000DAF9994FE61436CDCB39D82E655087C6492766882BC4B22A87E8B649D4AFD430E1AFE656FF3E160384CF9D33A54358CEA86750F14B73B83368177E2CD3C10AD638511275BD599EFCCE208475A6BF0AD656BD8C5674C60DA7D6B087CE6A1FCC11C728F6D40759A543E9E856AB7C83BB9AEED3202B0C68853ACD9DBF5686FF15122C4B5A14AEAFBD90B5E88916220427752D085D848E0751B1557B9E94D9D708C53C83A4CC13545C19E0FB64C05D50D3F1E9364CB27744A6F32687C37F567A6F9619B1775AAFE6E52F948AAC86B1916596745C938268E6203A35EA1F1DF769A5EB0135F3BF80D633AE29E16C5BB7D98D0F76E423F6DB8263E6499BC186FE2A96823656602B7A272B22383539C19B837B9B6DC3525C6A45BCA587CC604B658B09AC0675ED6DD9D4BD1FC1A920D1A554FA7BACA695E1323D8FBF7F99311E58CE6B5442DF92F4C8C3D7D09DD494117623DA35161C5413ECC70FFA6B6DD5BC0B4BFE95806543F6552B160C3D979FA9E0A85BF52597CA28165806F8E42B209C28B2D6C452639E7C5F01F104F35263721F4B94EE3F376421FDA3007662F935E8B63F14922C47FE3CDBC9F0812B52C3C8ACA518E344E766490DD49E84DCF30D8FAA995587105D56552F3623A65F7E632FEAA0A428B5CD4FEBBF3CBF77AEAE67015FF8A35F5FB38428C06DD85EEA4A00BB15EF37B36CA2E6ADF5BBCB7341F8CBF56A3E61993E62FDBFE79955CAD11F8C8A4F15D8B2D1ED1D0D360C999669B509DBDC420E38438698726F8FFF6EE3C368EEBB0E3F8F7CDCCEE2C97CB4B07A9933A2CCB5665BB7091286EE4C451E34668111B6E63244802184DD2238151DB09A2364190B875FE7084A07690266E81C66E0EB871DAB8551AC768913A682C0796ABC33A2CDBB46E4AA2C44B3C977BCCD53F4612B9A42891222991BBBF0F40405CED4502DCDFCC9BDF7BCF4AC7B7870518FA3F87ECCB0906B627F0DBA7E77AFA784E861EAF7943ECF0B3ECF472F49F1FB25864397CDC6DE0236E1DD51358EDADE183FD84050B2B15E22EF638FBA3F9DCF8ED563A9F6FA0F7D7539FDEF35CA197AD9AAB2E156C64E96EE24B5E899439AB6A7A8E6D830138BA25C0724B4337313FFEBA30FCEE2E311CFBCAD8867CB1D5A67D6B155DDF49517B5F1CECA9B50199F7F964DEE7D3448EC2518BFC9B0EF9B72D0A2D36F9169B7060F2219F23A42DF039767E1FF596A0C0DB4181CE11BB90B9C6F0A1640DF7246BF9DD441A7BC4F23089061FBB2624DF7AE969393D2FC5ADFCC59FEAA27836819D0949DF5820772875C9FB4FD61195E3A4C20D6643B6EFE866FB8E5715E82217A4DFE5E33486F81DD373DD7AC5570D03BBA06B5B1CD88D9FB469FB4E3CFC9E5A65C81D8BC69CC18F14640D3DCFBAF43CEB925C115073B74FEDDD1EEECD01EEEA10777591BA0F0FDFDFEFB0289E3404E72C82FE51E16E819D8920111FB8D83511892521767DC4FCD301DE7E9F33FB3CAC7D1E85030175599B3B1269EE70D2DC9DAC29D926D65D56A4F65D43746EAB67F9E7DB093DEBB2EBCA27E6FB2CB8A78FB7FF7C050BFFB887A1432E85B6C92FCE335A7F14F0627160CACF23522E14E822E7191BEA3FE2D1F50FEEB43CDF500B2CFB828D950AE9FCD790EE6D21F9D638C0177DC6D0F99389EFC45E3C61D3FDB44DF7D32EF6BC88AADB7DAA6F0FA8BADDC75D136092E03486388D00936B7E372FB5594C820F2633E46B6C86920EB937EC4BAEE70E50684BD2F5621CC86160B06B2EF37A06963DD841DF6BD538F5018DF7F77078CBB249BDBFF1FC30DFC3D044779611A9000A741120F20D03FF9DA0FF17D3F727D1F15C4862A161C9E72CDCE570E69FE2F05978BF45FA66C38947AF2E8C827386C197120CBE1487AAB1E379EDC9E690C4CA80446384551D61D7969EFD0759439435045943D867F0DA0D7EA745E1B84538FA8CFE7242888AF1FDBD4E87A830FECFB1F8D35DA4D7E539F470332B1F6DE3C4371695EC24371555C6E2779C2ADE08F214D5741751294E6470BB43FBE355786766668A586A9561E1C72CEADE0B5160482C80EE17224E6E9D9E39D4C686D41A43AEE5DAFE29271A7CD63ED58AD7ED70E6FBF3C9EE4B0FAF476F60D103DD2CB8B797C35F5C46E15412CB8DAE6A7ADA9564A3909F147AF96EAE6BBC4105918A707D26B98ACC127DFF99E0D4C3D53316E600F9631127BF1170F08F024E3C16100E41F5AD711B7E3AACFEA645D32786DF7FC3870CEBFFA374A4C14AC2CAC76CDCE5D3F39A763A64CD932729763A387501373C7E9AA50F769C7FAD88955F3D43C3A6010E3FB29CFC3197C8333312E600D5C6E2D3A9793C58B5E0CA771629630A74A9586101DAB75671AD160C8F02187C3DE2F8D7029C5AB8E96987797F68618FBF11D984B8CB2D0AA7867F8886BB2D82FED2FB249718EA37199CDA5143EB131969378CF9A4B06B03CE3CB380430F3773E8F3CB090B86BEDF640058F2D94E72875C5AFE6205F993D766530A808FBBF5B86666A7F389CC66BA862E15AB78D82E5944C65918927EB74FD5BA107B5E844944108177DA22FF8E4D768743D03BF5C0E87F2DE2E0FD0175771AEA365A343D6013E6A1D8064116C26C84DF0B5D3F8B26B4E98BD71551681DBE5F3018911FB5084DFE7844F10C582356705DF2399B9AF7C0914782316BCD8FB4E4CF3AE97EB18EC2A9E1702E9E4D5CDC42D52422865A52F4EF8A8F4C4E7DBB7102BF852B0B8878CB2F702828D01705E4A288A43124302CB41CD6D849D6D8EEC563922A63B1CC4A7024284ECBEB8BCC350A74A9589167C082CC1D1EF51F2B92B9D3BFEC9855E41BB2AFD9F43C9B24FBEAD4A65D4545E8FD5544EFAFE2EBE8760D241642B2C9507D8B61D1672CFCBE80BE57E2E5648B67A271B769350EE45B4B6F1B19F017E48F4798F36FDBAE85851F351807966FB139F6954B5FCF4FAD28B2E0C37D63D65ABF20735B8E650FB573ECD1A5A5231D86AB1EF9E8A82DF242D4C70FDAFAE8F72F7F55BCC1D86C4ED670AF5BCB3A3B35A1C56E44CA95025D2A96BBCE67F5BF0F905C31B12A957122321B7D321B7DF2076DDA9FA822B767EC062E1361B9F190FF05C140FC953F1ACF4D4F2E8E87CE1B3F614834C2E0EE90235F084936C543E703BB2272878717A8C91F294DCF0B43F0C6819A771BFA778C6ABCF7C35B9F0C58F9371675EF3754AF37640F8E4DE0BA8D8344BEC1D894AC6F5F754381C68F9E237D539EE35F5F42E1747CA460672216FC659EECCB09067F33B98F97E48A90C687F2DCBCC9E3FD26C9D7B20BD87BD063D75E9FDDFB3D76EDF3387EB2F4C0A3270A78AED0CB73855E56DB49CE8C581047A4D228D0A562592E130EF3D152EB03567C6F90BE9F27687FA28AB06F7243F1F3FE244F6A6D48FBDFA5F0DA4ACF2A230F4E3C16BF2F2B05EB9F7748AF33DCF8944DF5FA7854E1D49321B9C311D5B71ABC2E08478C325BAEA1D01687F3D2472C1A36591CB8676CD015DB224E7E33E4A6676CD2B75C3AD08B1D0E762660CD132719DC9BC669F0A9BE25875317D0F5B37A4E7EAB893017BFFF9ADFF768DA92C75918927D65E22318C686790F1498FFD93CD6884BEE996AC39D1B92DCB961F8C6EE7321BBF67BECDE371CF21D5DF1EFEAA886DAA5C229D045AE9681BA7B3DD21B7CDAFEAA9ADC81899FADDB0D1199DFF3486FF4E8F9914BF73FBB97DC14262C42EBD680300F5E3B841EACFD478B459FB248AF33D46C30B47DB7F4AC35D1347CC69E6C3C1FD4E78F5BFC9ED2E7CF1D8A08B2F190FEA5F4FC4F2DD937AAC8DC9623D9E8513C9B20FB6615BDFF5BC38D7FDF4AC7BFCD23B93CA4F1AF7364364EFEECD8AA8958F2F8D0841F3B7F9EC5E60FB86CFEC0F0E23FADA703F6ECF7D9B9CF63F73E8FD70F78F40F6A36AE541E05BAC814251645343F93A5F32997733F70C75D616DA464731C38960BF3FFB440DD7D1E1D4FBAF4FF57B2F4F121F4BD5C1A4E47B684D4DF65C040EBD74B378031360CEE0909B2E7BF7722BA7F1EFF7F1440FE44FCEFD42A43E63643FA5643F15444DF2BE30760F16C8273E70B70A9E545967FF12CDDBFA8E3D4F716D3F4A502359B3D8C53FA78F7A680C1ED97FF787157852CFDD610C9E6A9CDC76F5E6AD3BCD4E6BE3F88433E0CE19DA3FEC5B3F89D7B3D0EBCE553282AE4A5BC6961199169947BDDE1CCDFA6289E18FF6C3DB92264D54F07C78420C48DFA9EE793F46D4B12F44CBE516F6CC0017791A16173BC47FBD12F051042FAB70C436F46D835B0FEA70E5104DDDB42DAFF251C33CD6D3C565544E62E9FBAFB8A54BF67FCB3EA300FA71EAA6668E72542DD8286FB8B2C7C387F7137B999E6F970E04D8F5DFB7D76EFF3D8BDDFE3EDC33EC1F4ACED23322B28D045A659E41B065E72E8F97192FC419BC88F83D9387118367D398F33FFF2A7F15111067E99A4EF8504B93D4EC935F28B0C347FD9A2F6BD1651312218042243720914DB237A7E19D1F1E39068D463AB7F3B6ED2776F1B3E93BF1CBB3E22BDC1A7669347E62E7FE2BBD24530F86A82A19D367EA7893B0B2B43327779249BAFFF9A6E83D9E88AA53B91B944812E3283C202145A6C220FDC1BE2DDCD26FD1C7918DAE590FD7582C11D0EDEA9D2129D5D0D765D7CD010E620E88B98CA9E254E5344EA169FF4FA80F4069FD4BAA06296A0BA5CE94E64B653A08BCC31619F21DF62533864937FC7A670D8C2EF30043D56C9D4B27159F159B7333F24D118915C1990688E377749AD0DB0E7E923612495EE64AE50A08B948B10825E43386408B3A624DC8D1B61B960AAC0AE0FE36BED725554BA93D94A812E2232452ADDC96CA040171199012ADDC9B5A6401711B94654BA9399A4401711B98E54BA93E9A2401711994554BA93ABA540171199E554BA938950A08B88CC412ADDC9680A74119132A1D25D6553A08B88943195EE2A87025D44A482A87457BE14E82222154EA5BBF2A0401711913154BA9B7B14E8222232212ADDCD6E0A741111B96A2ADDCD1E0A74111199362ADD5D3F0A74111199512ADD5D1B0A741111B9E654BA9B7E0A741111991554BA9B1A05BA8888CC5A2ADD4D9C025D4444E68C308496233E7BF6AB74379A025D4444E6B4D1A5BB5DFB3C5A8E545EE94E812E222265A7124B770A741111A908174A77BBF6FAEC39507EA53B05BA888854AC722ADD29D0454444CE9BCBA53B05BA8888C865CC95D29D025D444464926663E94E812E2222320DAE77E94E812E22223243AE65E94E812E2222728DCC64E94E812E2222721D4D57E94E812E222232CB5C4DE94E812E222232075CA974A74017111199A34696EE14E822222265C0BADE6F40444444A64E812E2222520614E82222226540812E2222520614E82222226540812E2222520614E82222226540812E2222520614E82222226540812E2222520614E82222226540812E2222520614E82222226540812E2222520614E82222226540812E22225206FE1FBD63565DE18C9AA60000000049454E44AE426082');
/*Cocos    */INSERT INTO "Flags" VALUES('Malay', 4, X'89504E470D0A1A0A0000000D49484452000001F4000000FA080600000057ABB54E00000006624B474400FF00FF00FFA0BDA7930000000774494D4507D907160A0835AD4AF8E90000200049444154789CEDDD797854F5D9FFF1F74CF685842D6CB2EFA002AEA022B800222A286AB575A9B5ADD55AABDD7E7DACB6B5EDE353FB5C3E5DD46A6B6DABD6D67DAB0B022AA2288B0A28B2877D27EC24649FF9FD71274D0833C9249939E7CCC9E7755D732599CC9CEF1791B9CF77BBEF00F71046444444925AD0ED0E88888848EB29A08B8888F88002BA8888880F28A08B8888F88002BA8888880F28A08B8888F88002BA8888880F28A08B8888F88002BA8888880F28A08B8888F88002BA8888880F28A08B8888F88002BA8888880F28A08B8888F88002BA8888880F28A08B8888F88002BA8888880FA4BADD816415007AE5408F6CC84D830EE990936A8FDC3428AF86922A385001C595505C054565B0EE105486DDEEBD8888F88D027A0C0A32605C3718D10186B487C179F6C869C17FBDAA106C2886D5076155CDE3835DB0E650FCFB2D22226D47807BD078B181F6E916C0CFEB06E77687133BD8883C91B61D817777C09C1DF6755349821B1411115F5140AF9111848B7AC1F503614A4F484B74046FC2277BE08975F0EC7A282A77B72F2222E27D6D3EA09FDE196E180457F5858E196EF7E658956178732BFCA3105EDD6253F62222220DB5D9803EA107FC64049CDBCDED9EC46E4331DCB70C1E5F0B150AEC221245ED04639BFC706FC3DA54400F0097F4B6403EBAB3DBBD69B96D47E0FE2FE0D13570A4CAEDDE8888D79C51605FE717B9DB0F71569B39877E4A27987F31BC7A5E72077380E3B2E177A743E1E570ED80C46FD81391E432BD8F3DA46DF17D406F9F0E0F8E864517277F206FA87B16FCE36C7867320C6FEF766F44C42B14D0DB265F07F46B07C0CACBE03BC320E8E361ECB9DD60C954B8EF14C856660191366D5447E8DFCE1EA33ABADD1B71922F037A5E1A3C35CE46AFDDB2DCEE8D33D283F0E31361E1453034DFEDDE88885B2EEB1DF97BF13FDF05F4511DE1934BE09AFE6EF7C41D2774808F2F86EB06B8DD131171C3E57D237F2FFEE7AB807ED310987F110CCA73BB27EECA4D8327CF86BF8FD514BC48B23BB913A4C4B86438380F8EAFB79FE6F89A54D5B14809585B92BC7C11D08301786034FCF90CC84C71BB37DE71C34078773274F260C21C11894D9F1CD87CA5ED91696A392DD246B8A636C70DCDB76B6FBED2DA92E495F4E7D0D383F0E438CBF42691AD3A089367293FBC48B27A7A3C5CDDCFBE9F5F048F175A5AE8839547BF6ED1C5705A83D33C1FEF81D35F3FFAB9FC34B8AABFDDF4D79E597F66037C796E62FA2FCE48EA809E9B062F9E0B937AB8DD93D83D5E0827B487531BFCA32B0FC13BDBE18BFD1678ABC2F68F6E44072B14D3BB9577CEDB8EC0E4D9767D11492E9D3361F9A5D025B3EEB9D26A7869937DA6BCBB037A66C3C62B8FCD4B1106FA3E0F5B8FC079DD2D884FEF0359F566337797C1F1AFC09E3227FE349228491BD0F3D360F605C7DE8D7ADD9D9FC247BB61EE85F6F3912AF8FE22BB3B6E78B75DAB7B166CBFAAF56DEFAFB091FAA23DADBF968838EB8ABEF0FC39917FB7B9C44A324F8C32B899BD1D86E4471F185CF91EBCB0B1F57D147725E51A7A7A105E3A2FF98239C0A14AF8646FDDCF3FFC18FEBC267230EF946147D1E64D894FDB1DD2E1F58930B08D6F1A1449462F6C84E73644FE5DEF9CE8C11CEC77D182F9731B14CCFD22E9027A4A009E3DC7A68E92D19E721B951757C2B2FD968F3D9ADB86C1F78FB70411F15290013327424F6D7E11493AB72EB4E9F178D95D66D7147F48BA80FEE018B834899325AC39685F17EF839BE74375230B1E7F5903EB0FC7BF0FFDDBC19B136CD9424492C79E32B87541FCAE77EB02AD9BFB495205F41F9D00B70C71BB172D571EB2752E80F367DA5A7A3497F686A553614C816D6A292A8F6F5F4EEC002F9C1BFBF95611F1861736C6678A3C5ED711EF489A803EB62BFCFA14B77BD13A7377DACE5480AA46EA998FED6ABBF73B67C2CCED30F045E8F2349CF5667C37B44DE8013F1F15BFEB8988336E5D00FB5A7193BFAF3CBE237DF186A408E89D33E199F1C93F9A7C7D4B6CAFCB4C81926ADB3077E1ACBA69F78F76C39F56C5B74F3F1961815D449243F72C2B9FDCA11509A33A64D835BAB7915A176D85E78FAD05803726C285C7B9DD93D60985A1F7F3761E3C16992950567DF473E777B7FF161971BE0DDB5506A35E859DA5F1BDAE88C44F7A106E1F0E3F1B693938E2A1B8127EF919FC61055434326B28C9C1F399BEBF7FBC73C17C6FB92577D95C626BD6072AECF9EC14E89D0BC3F2E1ECAE90D382FF6AF38B620FE6706C3007689706DB4AE2BBEB1DA06BA655A69B340B6FDFDD89B451937AC01F46C7BF92626E1AFCEFA970E320B87D21CCDA1EDFEB8BB33C1DD07BE7C02F4E72A6AD79BBE0E2B7A32777A9951E848B7AC2CD439B97A1AEB59B4F02406508DEDF15FF800E36EDFE95FEF0CFF5F1BFB688B44CEF1CF8FDE8C497411D9A0F3327C1CB9BE18E8536A891E4E3E935F43F8C6ED968B82596EC6B3A98834D4BBDBC192E9805E7BE05CB0FC476FDD7B7B6AE7F0F8C86D72758DAC644B9FF341D6513F182AC14F8E9485835DDD99AE697F5B6367F3AF2E8D4B0921C3C1BD02FEAE9EC79F3ABFB5B6AC5E6786FA7153DF84B23C961C07694AE3BD4BC6BE7A4DA7F838CA01DD7FBCEB0E6BDBF25BA65C17F9F9CF8764424BAF6E9360D7E591FFBEC70726DBB22646D5ED6C7FAD03EDDB9B6A5F53CB9292E3305565C06FD729D6FFBEDEDF0E34F61F1DEA65F5BDFCF46C12F6A8E806D2A81270B6D5DEAB86CDB9D7ED69BB15F6B501EBC35313153EB4DA90EC369AFD98C858878438774E89A05059956A0A55BCDF7277668BA3C6A432F6DB22C954565B6117677997DBFABD4EA3D48F2F26440FFDE70F8EDE9EEB51F069EDF00772D81C2668CACEF3BC572AF3FB10E6EF8C08EDB3D350E2AAA61EA3BB15F67D1C530BCBDFD037323A8CFDC6E455C44C4DB2EEF6309A29AE38A39F0E2A6C4F447DCE5B929F78C20FCF00477FB1000BED4CFCA15FEF6F4D8D7F1EF5A6CC1F09A7ED027C7522A4E9E055737A3C6704E2AAC2F86E12FDB3F3C375CD023390BDF88B4352D29B4A4E24CFEE5B980FEB541D0233BF1ED6C2A81FF5B0ED3DE85412F41C77F41A7A761C4AB564AF0D1D536FDF4BDE1F0D93498D6CB96021A531D866F7C08A521B8EFD4BAE78F54C5DEAF922AB8FA3DDB65FAF9FEC8C7D720B60D7CAD71D7C8C45E5F445AAF7F9465C9A2F2E8E9A2A3BD47929FA78EADA506E1FF9D98D8367694C2DD8BE1F1424BF6D2D0BE725B5F7A61237C77215C3B007E7422BC723E6C3F6205555E6B24E3DBD612B8F31378680C3CBFD1D6AB5A2A3BC58EC96D2C8659DB203B15D25260C616BBEEB786C2C5BD6C36A0226419E54675B4F5B5D69ADACBD6E796ED6FFDB5442431064538977EB012A6CCB6EFDFBEE0D8932B91DE23FEE0A935F4EB06C0936727EEFA8BF6C0D4B72D335A73A406E1A6C1B6E9AD5326DCFB19FC7449F4D70703F0C18530380F4E7ACD827C4BFCFA14F8AF1361FC0C3B7F1E8B2179F0D9A5F1C926F7AFF570CDFBADBF8E8824C6C62BED86BED6912AB860B6E5D500AB0B3173A20D066A6D2A81BECF3BDB4F7186A7A6DCBF393871D75E7B0826BCD5FC600E5648E5E15530E46578649505D9C666124261B865BEE54B7E7A9CDD1034D71DC36D831D584299C6040376C4ED95F361D965F14B0D7B455FE8D88A7CD1229238E941E8556F79B2220497BE5B17CCC1BEBFF4DDA38FBEF5CAB6F78AFF78E6AFB55FAEDD4D26CA75EFC3E17A6BD901E0AC2E961BF9B661F67D536A2B140D7E098ECB82768D2C587CBE1FFEB1CEFE4C778F88BD9F01AC68C2EF4EB7EF571C804F9AA8B0F6E1144B3A33AD17A4C5B1804D7A10AEEE17BFEB8948FC0C686737F360838E2FCD81D91152B7CEDE6EBFABADF0180CD87BC57F3C13D0AF1D60012C11561D8485F582E2491D61C9349837057E7FBA6561FBEBD8D8AFB7A1186E5F74F40D4224F72CB14D6D778D80D131EE1ABF67948DCEC1EEAA6FFA082A9B5814796E43E236C95D3B2031D71591D6A93DD25A1D86AFCE83571BD9DBF3EA167B4D75F8E8F78ABF7822A00780EB131838EA278999D2D302F9C80E47BFE6A195F16F775309FCEA339B727FECACA6A7B9D20270C7F1F67D7908BE3C173EDCDD743BBF5B01FD9EB71981783BA3C012DD8888B70CC8B39C19B7CCB7FD2E4DF9D77A7B6DB8E6BDE23F299CC33D6E77624C416277B7BFB303666E83933BC18C061B4400DEDD613BDA4FEE04B70DB79DE3BB4AE3534EF4A3DD704A679B7ACF4C893C25562B841D57DB5B065FFF30F68D70603301EFEC803B9B31BD1FABFDE596E65644BCE3DAFEF0EC06F8E3AAD8DFB3782F1CAA8081ED60C6B6C4F54DDCE1895DEEBF3CC98A0124CAF31BE18679F0E925C7961F3C5001D77F00370FB1D17BAD30B62B7EF636F8FD0A2BADDA5219419BD6FF4A7FE8FCB48DBEE365520FF8C66028ADB212AFE7748BDFB56B2DDA03A35F8FFF7545A4E5CEEC620306A7DF2BDEE58980FEC18589DD10571E828F8B5ADEC66F97C30F3E6E7D3FBA66B66C977D636E1F6EFB0012A93A6C37220794E75944C4B35C4F2C93930AA71724B68D8C60F383F953EBECA8DA277B9ADE9416AB780773808545B6792E3D08A5D5F0D93EF874AFED8E0F87615A1F4BE5DA1A290118D70DFEBD393E7D161191F8733DA08FEDE2CC99C837B6DAA690E5FBA1A41ABA67D99AF9F43E30BAC0827E59352CDD07BF5906AF2449F05A5064696B3BA6C3B6D263B3DF3DB21ACEEB0ECF9C0305AD38537E9E02BA8888A7B93EE55E5BA12C51AAC370CD5C787663E3AF0B80FB6B0F0934BE2BBC7761CBDFBF6CBFE5B91711116F72FDD8DAC99D127BFDBFAC693A9883BF8339C0DC5D360DDF52C7B76FBA388D8888B8C7F5803EB47D62AEBB78AF6DE2FADBDAC45C3F19AD3AD8F2F706032ABB2822E265AEAEA1E7A442CF04944A2D0FC1D8376D9398D4B97581158AF9EEF096BD7F683E7CA1EA6B22229EE4EA087D505E62D2BDBEB955C13C929DA5AD9B761FA4749122229EE56A406F98E4251E7697C1CF1B296D1A6F7D73AD90CAF503E37BDDEE5970EFC9F0CF71F1BD6E9756D44A1F96A0E5111111693D57A7DCFBE6C6EF5AAF6FB11AE5AB0EDAF1B3782BC8B060D82513BA6743B72C3B9B3DA5A7ADD7FFF893F8B5755C362CBF0CF2D38E2E85180F0FAF8269BDE194166C46EC1DC7BF2F1111892F57037A7E7A7CAEF3FA16B87CCED1357F1B1AD0CE660436951CBB0E9C99623701796970EB500B7A87ABAC1EF8CD43ACB46AB4B3F2EB0EC325B31B6FBBB9B61D817367D8D9F16F2F88DF75C152D8BEB9B56501BD639CFEBE444424FE5C0DE87969ADBFC6AB5BACD66FB4803A341F1E1A03E777AF7BEEC3DD70DB021BCDFF7414DC3E0C6E5B68654B4FEC60D3E79521FBBE293F5F024511F2BCA705E09FE3E1F1420BA00D6505E0D435B03F13BEE875ECEF97EC83E12FD7953BACAF6BA665AFDB17437EF960E0E86433D70F841F1CDFF4FB22691787BF2F1111490C57037A6E2B5A0F03FFF705FCD7A716F4FAE4D828BB7E7AD54B7AC1BFC6416E8340745617583CD576C367D48CBCFF7A56DDEF635DDBAF0EDBEC4024DF190657F6B5CA6E9102FA5733A0FB4A088760627FF85D847AE6918239408F6C5874319486E0F37DF0E91E283C0C5B4AA0B80A7AE7582299A9BDA17DBA2D09FC7489F5A3ACFAD86A73B152401711F12E77037A0B0344280C17BF6DE5FFBA66C24F46C0CD4361F22CD85553E6F3D2DEF0EC398DA795CD68E596C0C2C3703042200E06EA8E8645FB339E096C084120089766C1813EF0F7C2D8DA5DB20FEE590AFF7DB2DD9C9CD5A5F1D79FDC095E3B1FBE32D7CA2DDE7F1AF46AC1714105741111EF7235A0B734400403F0B35170CB5098D003B2526CFA7C4E4D30BFB857D3C13C1ED64449D432A567DD86BF991146E75D33A1A01CD655434A1A6464D9B2C0927D964B3E16F77E0EA941B867546CAF0F06AC8D133AB4FCEC7F7AD01EF1DC2F2089D7A166EFC37E55CB13F13557037AB429E5588C6950A1AD778ED505EF950D3F3AD199822FCBA39CE99E58B35EBFEE30FCEF17C7FEFE94CE50B61A42559002A4A4DA34F80BE7C249AFDA86BC58FC62A99D2B7FF44C9B5A6F4AE74CB8BB9575E715CBBD23330506E7C1907CFB3A341F06E4D90D634E1AE4A41C3B4374A4CA1E872A614729AC39046B0FC2DAC37683BAE22054E92F592429B91AD08B234C57B754762AFCE5CCF85D2F16D18E94D5966A7D6953E49B967EB9507AB8A6204C00D26AAAA00D68070F8C81AFCD8BBD0FCF6F844545F0C89970E171CDE97DF39556EBC3DE4D992970468155CF3BB7BB951D4E6B6666A6EC9A9BC7CE99D0BFDDB1CB35C595F05111CCDD698F8FF7684646BCA7E1665F31EE06F41847A25E547808666E3FF6F994009CD8D1BE7F6953E4F7F6CE810345FC67B89B9159F7BB1B06DADE80E736C4DE974D253065365CDE077E7D8A65E04B84C371BC0193D8E4A6C1157DE0DA01167C135D2027370D26F5B00758807F65B3951E7E7BBB9DAE1071DB2D43E08FABDCEE85F7B89A292E5903C4CE52B86A6EE4D1EA71D9366A2AAEB4D14D24BD73E1E05E2CA08721A5C174F96367C1B01664D17B71138C79C376B52742B2FE7D259B948005D4A7C6C1AEABE0EF63EDD8A51BD5EE72D3EC66E2CD89B0FD2A78F80C18D5D1F97E88D4CA08DA86E06EADC87AE957AE06F4641DA14F991D3D68D66E865BB4A7916367995072080221A806D2338EFE7DBB5478F1BCD8D6C5EB7BEC2CDBCD9E884C7990BC7F5FC9222308370D8135D361E624B8A67FCB8F182642E74C1B192D990AB327C1053D12538B41A431137AD867E3B408F93BDA3A5703FADEB2A65FE33547AA1ADF895E50337DDED82839BB1CC2612004A1106446D8753E2C1FDE9D6C1FA2B1FAD36ADBE8746613C7D85A2A964436D27C39A996D468DD15F0E7336C6DDBEB26F480B726C1D26970555F057671CEE57D8FFE2A755C0DE8EB0FBBD97ACBEC2BB7A436D174AE196DEF6D24F8651C84D4D49A4D7121488F32757452479873018C8C21631DD86EE5444ECB161E4ADCB5DBA26000BE3918365C69057E8E4B4029E1441BD1C152147F74D1B1274F44E22D3508536B46E6E774AF3B9229C6D580BE3A090344878CC67F5F7BE42CDA5469762A146FB1E36AB53706198DAC059DD0C1B2DAFDF5ACC6A7E083015BE7BCA867E3FD6B8D3549F8F7E5552775847953ECC8614113FF4F2583310516D49F186B95024512617C57E854F3EF252D6085A6A48EAB01BDF050F21D83CA49B547342B6BCEA68F88B27168701E6C2B84AA12FEF35F3FA38991593000370EB2C01EADA8CA557D1337D55E6B5594443A12BBBC34F8C3E996BAF70C9F8D680358AD8095D36DFD5FA4299D332D9575AC2EEBD3E0E76604F48E19D03327F6D7272357B7DC54846063310C4CD031AB44E9910D6BA38C56536B82F4A41E566A7577837D02C3DBC3D63540CD483E980229314E93F7CB857726C3D96FC2B20615E3AEEE1773F75B2C5A663C89CDA88EF0DC39893B56D852A1B01D7D5C7DB0EEB1A71C0E54D8698D922ADB68D92ECD2A24E6A6D9C6CDFE35150C07E7C190F6F61C58D9DFA7C6D9E8E9E6F9DA7B21D1ED2F87F7265BA2A3C70BE1DF9BADC64624C1C0B1017CD271F6FF63B49C262901B8E0383B0E7C7C7B38FDF5F8F6DF6B5CDF43BBFA50F205F4C6CABEF6AAB903CC4AB1233E573738DE767C1EECDB05C12A080721AD996B40F969F0E60438F155FBC0AD95A08DEDFF511986F5C5096EC4C76E1E62EBE46E1C3D6BA83A6C1B3BE7ECB074C9EFEF8A4F92A7E1ED2DE9CD79DD615C572B4E34B62B5CFB3EBCBBA3F5D717FFA90EC3373FB29313537ADACDDFBFD6C3636BE0B3068396D19D8F1DCD67A6D8FB1AE6ED189A6F41FCBA01F69E305692BAC4E727755C9D72075850E4760F9A2FDC60575C4AC072AADF38087E512FB7FAE57DE08FA38F7EED809AB3E781101038F6C85A2C7AE61CDD0ED89D6D227D5C947CCB235ED02ED546E58F9CE17E30FF648F9509EEFA0C9CFA1AFCE813ABC017AF8C8D2B0EC0432B61FABBD0E519183F03666EB33FFF2D43E2D386F8CFAA83F0F3A5F67DC70CAB54B9741A7C72897DDFB1E633727A9FC8EFAF7D3E37CD3E833FBA08565E063F3EB1EE06E0811530374A664F3F09704FA39BB613EEAC2EB63928595485ECC3AA7EA18BF15DE1BD0BA3BFE76BF36C3A69746778301B66FC09C2BB21940EED07C2F71E6E7E3FAAC3D0EF79D872C47E0E0660D9341B2525C2FF7C0E772D4ECCB5FDAA6B26BC3131FABE07271CAE823FAF82BFAE756F0F44568A7DE866A5DABF03DD184A4329010BC4A7773EF677E5211BB09C5110790DFC7015BCB8D1322A46AA6EB9EE308C7CD5FFA373F0C094FBA222FB0FDDD846332F7961D3B155ABBA34B1ABF76F63E1CE11D0AF1DCC7814AA4B6BA6460290D5C2A34A2901987901DCFB197CBAD7A6E213E91D4D99364BDF5C4BBEE2D672D2FE0A787005FC61A5FB6BD8A5D5F0CFF576D3D93D0BB61D71B73FE23DD561B8711E7C3AF5D8B2D619415BBE89A65DAA4DAF471206BE3EAF6D0473F04040AF0CC307BB6072820B8BC4436935DCFCD1B1CF37550636806D1C0258FF1950F3011B0E42760B52BCD61A966F9B8F12ADAC1AE6EF4E7C3B7E31A283255D71E3F8564508EEFF027EB3CC361A794928AC602ED12D3F003F5F02F79D12BF6B3EBCAA6D4CB5D7727D0D1DEAEA987B5D560AFCE6345B26A87F17196B7283D262D8BB1302F576B0B58B31698C9BE617D9CD8C34EDC40E30F7427782F9BB3B60C42BB634E2B5602E128BFBBFB0B4D9F1B0A118FEEBD3F85C2B59B83E4207786D33FC268E776589F4ADC1F6A80AC1F2833077075C12E359C8CDABACF6796D400FA6414E2B46E84E792DC11BEEFC62609E9D40686E0EFED63A5001DF5D08FF58E76CBB22F1D6D8D47B7384816F7C18DF12DDC9C01323F495076D076E32490D5A4AD6EF0EB7F3E1B1D8F00504EAADBF07D320DBE379BBAB42768C441A5790013326389FB862D11E38F9DF0AE6E21FCB0FC0AF96B6EE1A8FAC6A9B47253D11D0019E6C031F486B1743A8B4EEE7400A647BFC0CFEEC1DB02B098BE838292FCDD2EE3AB9012E0CFC76398C7DC3A61625B24E3E48ABDBD65CD003AE8BB2C92D56537B39936CCB6B3C13D09F596F1BE4FCAABC14766F8540BDDD96E10064C538BA77CB3F0ADDEE81F73D7A169C1AE1B84DA254D64C4BFEE0637FFF9B8987FB4F73BB0712AB3E39F0D279B6A174482B6F8E7BE6C0D3E361CE64CB10D7567826A01795C38C2D6EF7227136ADB414AFF537C45587BC3DE57EA8125EF5F1DF493CDC32C4F2E83BA5A40AA6BD6DE7B9A57103F3EC3853B265A26C6BB252E067A3AC06407372B3C7E29C6EB074AA6569747A6F8B1B3C13D0011E59ED760F1267FDE71068B0412354E5ED29F7BFAFB5FAEF12D9491DE1B7A73BD7DEC14A38FF2D98B1CDB93693596D7088779090F899D60BBEB8D4325F66252893626A10EE186ED9E36E1868C788FDCA5301FDAD6D9624C58F567F02A1FA6770031008428E4747E81521B87FB9DBBDF0AE76A95607DCA974AE47AA60F22C5898649B47DD549B12345ACA5071CFC03C9831115E39DF8AFC38A15B16FC7DAC65A43B294A35CC64E7A9800E9662D46F4A8B61CFF6A3A7DBC34120E0DD11FAE36B616B89DBBDF0AE7B4FA94B169468D561F8F2FBC959F7C02DC765C3E89AF2B4A30BEC67F186715DE1C9B3E184F6D12BAB254A65187AE7C05FC7DAEC80DF78E21C7A7DAF6CB6630B7EDAC8B07E19A4A6707449B420E47A34985785E0375FB8DD0BEF1AD511BE3DD4B9F6BEF961E28BEFF8CD657DEAA65603353F3FB4D2CD1E49ADF777C1996FD4FD9C9F66A3E7822C3BFED93D1B0A32ED31B537F46AC6CDD8BE72786603EC29B37D59BB4AED515466A5ACF7FABC94AFE7027A280CBFFEDC9994A64E59FA1E844A8E9E0E090721CFA3D33E4F6F80F587DDEE853705B0CA69290E2DC4FD6935FC5D1BE0E89D03937BC2B3EB6D2F41531AAE9B5FD63BB6809E9F0657F587B7B6C266CD5039E260A53D561F3AF677233B342FA01FAE825B17C4AF6FC9C67353EE6001C52F6B85E5A5B06631041ADC198683D0BE9B3B7D6A4C7125DCD5C6D22536C73706C3980267DA5ABA0FBEB7C899B6BC6E738955DBDA71B5DDEC4FE861C55E22E99C09E31BFCDB1ADFCD9E8F2418B0EB3D35CEAE7F468182B9570C68E62C66AF6C48F76454738627FFE8A130DCF291AD1D26BB958BEC3F72A0412EF4602A74E8E24A971AF5ABCFEB4AB2CAD172526DEDDC0987ABE0EAF7AC308E98EF2F82FDE5704D7FAB64B7E10AF8E54930A0C1A6AAA9BD8E9D414909D8F3F50D6867EFDF70855DEF9AFE76FDEFEB26CA1372D3A2D744D814E5862B18706E939D177932A0032CD967E9FB92DDA21936DDDE503013DA3B34D28BD58A03F03BAD9D47F5CDC1B6C6E784FFFA24F214645BB6BF026E9E5FF773EF1CF8E948587BB915C4B9612064A7C2157D23BFFF8ABEF6FB1B06DAEBD75E6EEFEF5D2F5DEFCDF38F2D8F2CEEE81F25E9D65BDB60C88BF04494ECA20D6FF0DA12CFADA1D777F762FB47D8CD85CA55F1B0671B6C5D03C108A9534340170FEDB20C636B4FCA3C16597A107E7882336D7DB207FEECE39C0CADF1DA1678B210AEAF971A3480ED9C1ED7157E3FDA827624137AC0F6AB6C9D3C92270BEDFAE20D9102F3DC5D70F91CDB1DFFF579909372EC0D5C73A7E9FDC4B32374B08D12B72D74BB172DB77006A48421D0E0684638005555D0C543092FFEB616DE4B9232B66EF8DA40678E3E85C2F0ED05FE586E4A943B16C1F628CB42F9699016656D3D2D103D986F3F62D715EF6898E16FE11ECB92589BECAA3A0CD7BC0F6F6E6DF0BE363C42F77440077861A315A94F3687F6C2C7B3201C69B7782A64E5408E47EE24971FB0F29B12594A00FEDF89CEB4F5D81AF8D8271B4213A5E1D47B3C68AADD7BEA8FB497ED8729B38F3DE15011822BDF3BBAB25A5B9E72F77C4007DBA4B2649FDBBD689E37FF06541C5D8CE53F3261A8478A461CA9822BE728C56B6326747766A34D4508EEF56162A544786D0B3C15A70A8D4FADD354BB170DA859435F7B0826CCB433E6911CA98269EFD69D8CD294BBC79587E0AAF7AC58483258BF0C562C00226C6A0A0364C2088F9CB3FFF67CAB472FD15D3BC09976FEB95EC7A59AE3F645B0B3B4E9D7356667A95D47BC67609EED663F6FA62585694C71255C30133EDB0FFD729DCB13E1354911D0C1EED2BEF1614D40F4B0EA6A78E56108961EBB760E104E87D40C1830C2F9BE35F4B7B5D1778A8A69976A59C6122D1486FB343A6F967DE5AD2FE8F4C8EAE8233F714F7A10528236328F3505F5C14A98F89625C5EAD94653FD264D4007787E23DCEEF1B5DE8FFE0D878B201065E410CC81532740D0A1A21ED1FC7B33DCF491BB7D4806D3FBD8F9F3447B750BACD131B59875CFB24430F78C6ADD75EE1965D78976DE59DCD13EDDD6CC0B9BF96FA2A81C26CE820C973F5FDD9254011DE0C19570DF32B77B11D9C1BDF0CED3103A48C4A98430501D8491E39DEED9D13D8131F50000108F4944415416EEB1621FDA49DD34A7A6DB9F58EB4C3BC92E3D083F381ED64CB74430AD9D590D60D75933DDAEDB96B38C79C9EE32F8627FCBDEBBB5A4EDDE1C27E5FFBE3FF9D4A68BBDA4AA125E7A00A8806094B5FE00100CC2DA253635EF8665FBE1A2D9DA04178BCC1418DB35F1EDEC29538DF3584CEC014BA7C1FDA75916B178CA4DB3EB2E9D66ED8824A3A40CE8616CBAF8990D6EF7C45456C083DF854DCB81A63698ED87779F86FB6E800F5E86B083A3E4358760CADBFEAF38142F67143853EFFC990DB6C35D22EB9D032F9E0BB326C1B0FCC4B6352CDFDA79F1DCA333C8892483A40CE8509754E0410F9444DCB81C0EEE81C01E083411A003551028828A9DF0CEBF2CD7BB133EDE0363DF508DF3E638AFBB33ED3CB7D19976924D560ADC3D12564DB7BD0C4E9ADEC7DABD7BA4F5432419783AF56B5342614B88B2A71C7ED1CACD31ADB16D9D657E4B69E6C69AAA2A286EE13A5173CCDA6EE9128B93E4D89F573811D08F54C1C2A2C4B7938C4EEB0CD5214B835B90095D33A16B565DADEC781E4DAA0E5BCDECA2B29A1ADA35DF5787AC1FEFEF8A5F5B228992D401BDD62F97DA79D287C7B873FEB0431718340A52D39BF7BE4010862438C1CC3FD7C38DF334A5DB5C9929709A03C5733ED8ADBF9B68DEDF153D9006A80BEC0599F0D01838BE7DECD75E7E00BEB3A02E88179579FF48AC48537C11D0011E5D0D2B0FC0D3E39DC9B95DDFC871F6F092CA30FCF863F8FD0A7D50B5C4E0BCE839C1E369CE8EA65F23C70A633BA16B138E442BC8124D76AA6A1788FF24ED1A7A241FEC82935EB529E6B66C43B1AD97FF4EC1BCC5862478F355AD799ACA6DB5B400F46AE64D7CAF6C676ED8449CE4AB800E9658E0C2D970E7A750D506A7325FD90C27FF1B16A9C047AB0C76281FB4D2EEB65E9F76901AE193AC3A0C0FAC889C6F213568EF13F113DF0574A849A3B90C46BF5197B0DFEF7694C2B5EFC3F477E180AA46B5DA500746E845E54A3B1A0F91CA6586B154D1B72F8A9E32BA2D97D9147FF26540AFB5782F9CF9067C6BBE7FCF5E57856C1432FC65DB00A729F6F818E440405FA3D1795C442A97F9DD85F078A17DFF7861E4F2C06DB9CCA6F893AF033AD868FDD1D530F465F8EB5A7F4DC3CFDB05A7BD6EA3108DCAE3AB53334F2CB4445B4D4F196F0DCB65DEF9293CD4203FC5432BEDF9C6DE2792EC7C1FD06BED29B3A9B7A12FC3636B92FBA8D09C9D70DE5B70F60C589A6475E29345BC538B46B2DFA7B3464EAB3F757EEFE7D16B3DDCB7ECE87AF39A7217BF693301BDD6BAC3F0CD8F60C08B9665AED4A59CEACD1506DED80A67BD69C17C8E8EDC24543B0702BA12FDC447EDD4F9032BE0EEC58DBFF6EEC5F6BAFAEF13F10BDF9C436FAEAD25B6AE76CF52F8723FB86680E5EEF69ACD25F08F75F0D43A58A53557470470A664EA6115C869B500D0BF9D156BBA23C634CA772CB21998AFD4546BD3BE13F18B361BD06BED2B873FAEB2C7E03C2B97F995FEEEDEBDEF2BB7E3674F14C2BCDDB60F409C93E7C0E81C34428F879ED9564BFEA68F620FCCB5C59D72D2ECFD5B8E24B28722CE09708F6E5023E9970BE776B77CDEE77587EECDCCD3DE1C2555961467CE4E7867BBAD8BAB56B97BF2D3E0C035896FE796F9F0A7D5896FC7CFDAA75B3EFC96EC89490F5AC6386D286D99533BDBD74FDAC8D1E064D0E647E8D16C28860D6BEBEAAE0FCB87133AD8287E68BE65121B9C6F1FFEB1AA0841E1219B3A5F73C88E2D2D3F004BF65AAA56F186430E8D9C9DD878E777AD09C61521A850306FB19B87D8D76F28A07B86027A8C561E8C9CD52B3FCD3E987353ED6B870CBBEB3F526553AAC5355F0F5658A0D0C8DBFBC2D8DF59A2036E3BFDEB9324D53E1DAEEE67DFFFF063CD7278853E525AE960A53DC45F8AAB121FD03542976475FDC0BA8DA3D70FAC3B3920EE6A73C7D64462E1C486B50E19896F432411BE3538F2F7E22E05749108F63A3085E854011891781AD71586D7AB3D3FBCBD3D27EED394BB48046B0FC2E8CE896D63B043255A455AA35D2A74CC804E99D039037E70C2B1AFB96B24647E017BCA616F991DBD559E05E729A08B44E044129F820CFBA054C535F19A1B06C2FF9C029D32EC785F5326F5B0477D15212B8AF5934FEB0AE5486269CA5D2482D50E154E19A651BA78D0E385F0B3251008B4FC1A81805D43C1DC390AE822113855DA74ACD61EC5A31E5B0313DF6AD90CD2BE727BEF636BE2DF2F894E015D248235879C49F6736EF7C4B721D2527377C19837606D3366ACD61EB2F7CCDD95B87E49640AE822119455C3A2A2C4B7737697D8D62845DC521BA0DF8F2140BFDF821B00891F7D948844316747E2DBC84E85311EACF22752DFBE724B51DD94257BB5C9D34D0AE82251BCE3404007F8523F67DA11698D71DDE2F31A491C057491281614416975E2DBB9AAAFA6DDC5DBDAA7C3C80E4DBF6E64077BADB8431F23225194555B59DB44EB9C09171E97F876445A6A6C5708D63BC2B6AB0CAEFBC01EBBCAEA9E0F067472C34D0AE8228DF8E77A67DAF9EA2067DA116989F135413A14864757C3D097E0A975F618FA923D170A1FFD5A715E807B50414F912872D360E7557595A512251486612FDB713911AF59783164A6C02DF3E1A3DD915F73661778E40C9BD91AFDBAB3FD1393C239DCE3762744BCAA2264D9DC46744C6C3B8180DD3CBCBA39B1ED8834577AD06E68BFFE216C2A8EFEBA2D25F0D85AC84D854FF742B5868A8ED3085DA409937AC0CC49896FA7320C835E804D25896F4B44FC476BE8224D787B07AC3B9CF876D20256B54A44A42514D0459A100AC36F9639D3D6D707C169092EDB2A22FEA4802E1283270A61AB0353E1C1003C3C06525A51E54A44DA26057491185484E0FEE5CEB4756A67F8D61067DA1211FF50401789D1A3AB617759D3AF8B87FB4E852179CEB42522FEA0802E12A3D26AB8F35367DA6A970ACF9E0B5929CEB42722C94F015DA419FEBE367A628D781BD9017E37DA99B64424F929A08B344318F8F67CA80A39D3DEB706C337073BD39688243705749166FA6C3F3CB4CAB9F61E3903A6F676AE3D11494E0AE8222DF0D325B0DAA1BCEB2901787A1C9C51E04C7B22929C14D0455AA0B812AE9AE34CBD7480EC54983109462BE98C8844A1802ED2429FED873B1639D75E7E1ABC3319A6F474AE4D11491E0AE822ADF0E86A787A8373EDE5A4C2ABE7C10D039D6B5344928302BA482B7DE34358B8C7B9F65283F0B7B1F0DBD3ADA08B880828A08BB4DA912AB86436143AB4490E20007C6F387C7811F4CB75AE5D11F12E05749138282A8789B39C29E052DF699D61F154B86E80B3ED8A88F728A08BC4C9C66298F2361CA870B6DDF6E9F0E4D9F0CE053034DFD9B645C43B14D045E268D97E183F0376943ADFF679DDE1B369F03FA7405E9AF3ED8B88BB14D045E2ECF3FD70E61BB0C6C135F55AE941B8F344D87825FC621474CC70BE0FD10403705CB6DBBD10F1AF00F71076BB13227E5490016F4CB4756EB71CAE823FAF82BFAE855507DDE943560A4CEF0359A9F078A17379F045DA1A05749104CA4D833F9D01D7F477BB27F0E95E78A2109EDB00BB125CD73D2500E3BAC2F503616A2FB86B31FC697562DB1469EB14D0451C70D310F8C3E990E981FAE6A1B065B97B77873DDEDF65A96C5BEBF8F6B68E7F6E7738A71B7448876D47E0DAF7E1BD9DADBFBE88344E015DC421277480E7CFF1DE4EF450183695D89AFFEA035674A6A80C0E5640719505FBB26A6897663BEA73536DE661601E0CC987C17930381FDAA51E7DDDE736C02D0B605FB93B7F2E91B646015DC44139A9F0AB93E1B6A196F1CD8F0E54C0AD0BE05FEBDDEE8948DBE2D38F14116F2AA982EF2F82935F8379BBDCEE4D7C85C2F0B7B530FC650573113768842EE2920070FD00B8EF54E896E5766F5A6741117C7B3E2CD9E7764F44DA2E0574119765A5C0D707C38F4E80DE396EF7A67996EE83FB3E87E736A20F12119729A08B78447AD072B2DF390206B473BB378D7B7B3BFCE60BFB2A22DEA0802EE231C1801DFFBAAEBF2564C9F5481AD7A272787E03FC658D8DCC45C45B14D0453C2C370D2EEB0D5FE96F895AB2539B7E4F3C1DAA845736C1D31BE0ED1DCAF226E2650AE82249222308630A2C71CBF9DDE1F4029BA68FA7C355B6FB7EEE4E787F277CBC57415C245928A08B24A98C200CCA87217996DC6568BE257B29C8B4917D6EDAB1C95E4AAAEC515C6959DCD61C82B5358F35872CDFBB02B84872524017F1B9F6E976446EBFC375DA45C4590EAFC88988D30E28908BB409CA14272222E2030AE82222223EA0802E2222E2030AE82222223EA0802E2222E2030AE82222223EA0802E2222E2030AE82222223EA0802E2222E2030AE82222223EA0802E2222E2030AE822223E93936A0F695B14D045447C66F271F690B645F77022223E73455FFBFAE22657BB210E53401711F1918C204CE959F77D79C8DDFE887334E52E22E223137A405E9A3D26F470BB37E224057411111F99DE27F2F7E27F0AE822223E911280A9BDEA7E9EDACB9E93B641015D44C4C36E1808E3BA422C71797C37E89C59F773E74C7BAE2901AC8D1B06B6B497E205DA142722E2611FEC82CFA6C1CE5278A2D01E9B4B22BFF6B2DE919F7B7747E4D7F7CE81AF0EB447B72C18F96AFCFA2DCE0B700F61B73B212222D1DD3E1C7E7FBA7D1F0A5B807EBC105EDA04A5D5F67C00D8F225382EFBE8F76E3B02BD9EE33F1FF45929B6B67EC34038AF3B046B86FE772C823FAC70E24F2389A2802E22E271C100CC9D0C63BB1EFDFCC14A7876BD05F73030FFA2C8EF3FE30D0BF8370C84ABFA437EDAD1BF9FB70BC6BF65370B92BC14D0454492C0A03C583A15B2A32C941657426E5AF37F77A40A46FD1BD61E8A4F3FC53DDA1427229204D61E829F2C8EFEFB6801BBA9DFFD64B182B95F28A08B8824890757DAF478BCCCDB65D7147F504017114912A130DCF861DD46B8D628ADB66B69DDDC3F14D0454492C8DA4370772353EFB1BA5B53EDBEA3802E2292649E2884BDE52D7FFFDE72BB86F88B02BA8848920806E0C641B0EA32E894D1F2EB74CAB06BDC38A8EE1CBA243F1D5B13114902A7758607C7C0E8CEF1BDEEC23D70DB02F8784F7CAF2BCED3085D44C4C33A67C25FCE840517C53F98835D73C145D646FD3CF0927C34421711F1A0D420DC3418EE3D19DAA73BD3E6810AB86B313CBA06AA42CEB429F1A3802E22E23163BBC203A3E1A48EEEB4BF641F7C77617CCFBC4BE2A9DA9A888887B44F8741EDE0858D307727146442D74CE89A65DF1764C6AFC67975188ACAECB1AB147695D5FD3CA81D7CB1DF46ED921C34421711492201EA02FB841E7555D86275C722787B7B5DE05600F00F8DD04544924818D85D668F535AB0496E7F052C3F10F76E89076897BB8848921AD4CE99F7487250401711495203F2223F3F67A73D9AF31E497E9A7217114952FD238CB617EE81696FDBF7B3271F7B763DD27BC41F3442171149520DA7CF3FDF0F9367C1E12A7B4C9E65CF35F61EF10F0574119124D43E1D3AD6CBE7BEFA104C78EBE86366072AECB9D5F5AAAA75CC702E518D384B015D4424090DACB716BEA11826CC84A20815D88ACAED771B8A23BF57FC43015D4424090DC8B5AF5B4B60D22CFB1A4DC3D7D4BE57FC45015D4424090DC8B3D1F705B3A1F050D3AF2F3C64AF2D2AD74E77BF524017114942059970C14C58D18C24312B0ED87B0A5455CD9794FA5544240975CC807D11D6CC13FD5EF12E8DD0454492506B02B282B93F29A08B8888F88002BA8888880F28A08B8888F88002BA8888880F28A08B8888F88002BA8888880F28A08B8888F88002BA8888880F28A08B8888F88002BA8888880F28A08B8888F88002BA8888880F28A08B8888F88002BA8888880F28A08B8888F88002BA8888880F28A08B8888F88002BA8888880F28A08B8888F88002BA8888880F28A08B8888F88002BA8888880F28A08B8888F88002BA8888880FFC7FB726785B76E43A580000000049454E44AE426082');


/* mww   Hmong Daw,           */
INSERT INTO "Locales" VALUES('Hmong Daw','mww');
INSERT INTO "Languages" VALUES('Hmong Daw','English','Hmong Daw');
/*Thailand*/INSERT INTO "Flags" VALUES('Hmong Daw', 0, X'89504E470D0A1A0A0000000D49484452000001F40000014D0806000000F6139D3700000006624B474400FF00FF00FFA0BDA7930000058349444154789CEDD8B15143411005418E924110C2FBF990850C0584418EF2F19620CEB862AA3B82E74DEDAED7FD9A3700E05F7B3F3D0000D827E8001020E8001020E8001020E8001020E8001020E8001020E8001020E8001020E8001020E8001020E8001020E8001020E8001020E8001020E8001020E8001020E8001020E8001020E8001020E8001020E8001020E8001020E8001020E8001020E8001020E8001020E8001020E8001020E8001020E8001020E8001020E8001020E8001020E8001020E8001020E8001020E8001020E8001020E8001020E8001020E8001020E8001020E8001020E8001020E8001020E8001020E8001020E8001020E8001020E8001020E8001020E8001020E8001070FB783E4E6F000036AD9999D32300803D5EEE001020E8001020E8001020E8001020E8001020E8001020E8001020E8001020E8001020E8001020E8001020E8001020E8001020E8001020E8001020E8001020E8001020E8001020E8001020E8001020E8001020E8001020E8001020E8001020E8001020E8001020E8001020E8001020E8001020E8001020E8001020E8001020E8001020E8001020E8001020E8001020E8001020E8001020E8001020E8001020E8001020E8001020E8001020E8001020E8001020E8001020E8001020E8001020E8001020E8001020E8001020E8001020E8001020E80010B0AECFAF393D0200D8E342078000410780004107800041078000410780004107800041078000410780004107800041078000410780004107800041078000410780004107800041078000410780004107800041078000410780004107800041078000410780004107800041078000410780004107800041078000410780004107800041078000410780004107800041078000410780004107800041078000410780004107800041078000410780004107800041078000410780004107800041078000410780004107800041078000410780004107800041078000410780004107800041078000410780004107800041078000410780004107800041078000410780004107800041078000410780004107800041078000410780004107800041078000410780004107800041078000410780004107800041078000410780004107800041078000410780004107800041078000410780004107800041078000410780004107800041078000410780004107800041078000410780004107800041078000410780004107800041078000410780004107800041078000410780004107800041078000410780004107800041078000410780004107800041078000410780803533737A0400B0C7850E0001820E0001820E0001820E0001820E0001820E0001820E0001820E0001820E0001820E0001820E0001820E0001820E0001820E0001820E0001820E0001820E0001820E0001820E0001820E0001820E0001820E0001820E0001820E0001820E0001820E0001820E0001820E0001820E0001820E0001820E0001820E0001820E0001820E0001820E0001820E0001820E0001820E0001820E0001820E0001820E0001820E0001820E0001820E0001820E0001820E0001820E0001820E0001820E0001820E0001820E0001820E0001820E0001820E0001B7DFEF9FD31B00804DEB75BFE6F40800608F973B0004083A0004083A0004083A0004083A0004083A0004083A0004083A0004083A0004083A0004083A0004083A0004083A0004083A0004083A0004083A0004083A0004083A0004083A0004083A0004083A0004083A0004083A0004083A0004083A0004083A0004083A0004083A0004083A0004083A0004083A0004083A0004083A0004083A0004083A0004083A0004083A0004083A0004083A0004083A0004083A0004083A0004083A0004083A0004083A0004083A0004083A0004083A0004083A0004083A0004083A0004083A0004083A0004083A0004FC016C8C1379208C8C3A0000000049454E44AE426082');
/*Laos    */INSERT INTO "Flags" VALUES('Hmong Daw', 1, X'89504E470D0A1A0A0000000D49484452000001F40000014D080200000079710A6000000006624B474400FF00FF00FFA0BDA7930000119349444154789CEDDD79749485B9C7F1C93A594942860809104248C21AC084DD02118C175C4AA1455444965B4B2B8B965BEF55ACF7F47A6D3D5011AB1E0B0A18152FD60A541491CDF40621AC81B0432010202C592064230B33F71FCF49AFA59D9964669E799FF97EFEE458FD9DBCE9D7D777DE795FBF0331A92600802EFED2030000AE47DC014021E20E000A1177005088B8038042C41D001422EE00A01071070085883B002844DC014021E20E000A1177005088B8038042C41D001422EE00A01071070085883B002844DC014021E20E000A1177005088B8038042C41D001422EE00A01071070085883B002844DC014021E20E000A1177005088B8038042C41D001422EE00A01071070085883B002844DC014021E20E000A1177005088B8038042C41D001422EE00A01071070085883B002844DC014021E20E000A1177005088B8038042C41D001422EE00A01071070085883B002844DC014021E20E000A1177005088B8038042C41D001422EE00A01071070085883B002844DC014021E20E000A1177005088B8038042C41D001422EE00A01071070085883B002844DC014021E20E000A1177005088B8038042C41D001422EE00A01071070085883B002844DC014021E20E000A1177005088B8038042C41D001422EE00A01071070085883B002844DC0140A1C09FC60C94DE000070B1C0FDC131D21B00002EC66519005088B8038042C41D001422EE00A01071070085883B002844DC014021E20E000A1177005088B8038042C41D001422EE00A01071070085883B002814283D00702F7370605848F0F7FEB0EE56634363B3C81EC033883B94E896109B9E9690DCA543627CFBC484D8F80E5171B1919698888830F31DFFFA9ABA86B2CAEAB2CA9AD2B2AAF3972ACE5DAA3873A1BCF0E4C5F3A5951E5E0EB803718751C546870F1F983C6C40D2B001DD07F4EA121D19EAD4FF3C22CC1C11664EEA6CF9DE9FDFA8AE3F78FCC2CE82B3BB0E9EDD5970B6B2AAD6759301CFF133F59C2DBD017042469FAE0F8CEAF7E0E87E197DBAFAFBFBB9F59F65B5DAF61E39F745EEE12F738F141CBFE0D67F16E05AC41DC6909E9630657CE694F1997F7FAEED19674ACAD66CDCB766E3BE23A74B4506004E21EEF06A499D2D4F4E18FAE80399A9DDEE92DEF29D93C557D76CDC97B33EBFF862B9F416E01F22EEF052997D1317CC183B297B60506080F4963B686ABEFDE9A603AFADDA7AE05889F416E00E883BBCCED8613D5FFCF9F8518352A48738E49BDDA75E7EE7CB6F769F921E02FC3FC41D5E646466CACBF31F1A99698CACFFADDC3DA77EFD870D3BF617490F01BE43DCE115D2D31296FCC78FC70CED293DA44DB6EE3AF1ECEF3EE513577883009325537A037C5A78A8F995677EB8E295275212E3A4B7B455F72E9659934684879977169C696EB64ACF814FE3CC1D9226650F7CF3C5473A7588921EE262A5D7AAE6BCBC66DDD683D243E0BB3873878C8830F3DB2F3DFAEA821F458687486F71BDC8F090C9E332E2E3A2B7E79F6C6ABE2D3D07BE88337708189999F2E1A2E95D3BB5971EE276E74B2BA73EB78A0F5AE1799CB9C3D3E63C3E7AF5EF67B68F0A971EE209D191A1531F1A5C7EBD76DF91F3D25BE05B883B3C273CD4FCE1A2E9BF9A951DE0EF432F120808F07F7074BF9EDD3B6ECA3BC6251A780C71878774B4B4DBF4EEDCFBEFE92D3D4446DF94F8AC21A91B720FD7D6374A6F814FF0A1132808CAEC9B7860ED0B83D3BB490F91346C40F782B50B33FA74951E029F40DCE17623EE4EDEBA72BEBEFB1D5B213E2E6AEBAA6786A427490F817EC41DEE75DFF05E9B57CC8B72F24D1A8A4547866ECF7966EC30637F1717DE8FB8C38D460F4E5DF7D6CFFEFE15A63E2E2C2478DD5BB37F90D1437A083423EE70977B87A66D5C36273CF4CEAF30F5711161E64DEFCDCD1A922A3D046A1177B8C5E0F46EEBDE9C1D1A12243DC47B858504AF7B73369FAFC24D883B5CAF67F78E5F2D9FD32E42E173055C2B2A32F4EBF7E679CF4BA6A00971878BDD15DB6EE3B2A77DE40BA86D171B1DFED5F23971B191D243A00D71872B0506F8AF59324BEA1DD606D5BD8B65F5E2990101FC9F11AEC43754E14AAF3FFF9347C6F31BE5B4EE5D2CE1A1E6CDDF1E971E023D385980CB4CCA1E3877EA68E91546F5CBE9631EBE375D7A05F420EE708D94C4B8F77FF7A49F9F9FF410A3F2F3F3CB79757A62BCFEC720C333883B5C20283060F5E2991161DCD2DE26D191A11F2D9AC1C577B804BF467081679EBC7750BF44E9151ADC93D163EEE3A3A5574003E28EB6EA95DCF1E5790F4BAFD0E3B7CF4E48EEDA417A050C8FB8A3ADDE7861B23938507A851EA121416FBC30597A050C8FB8A34D1E7B70D07DC37B49AFD0E681517D27650F945E016323EE68BDF050F3A27F9B28BD42A7C5BF9A1862E6C93C683DE28ED69B3F2D2BE1AE68E9153A2575B6CCE19355B40171472BC5C5463EFFD4BF48AFD0ECC5D9E378440F5A8DB8A39516CC18CB8DED6E151519FACBE963A457C0A8883B5AC31213F18B474749AFD06FEED4AC987661D22B6048C41DAD31EF892C4EDB3DA05D44C8DCA959D22B6048C41D4E0B0F353FFD18A7ED1E32E7F1D1BCD00AAD40DCE1B4C71F1AC4077D1ED3A17DC4630F0C965E01E321EE701AB7E879D8BC27B83203A71177386768FFA47EA909D22B7C4B7A5A02EFD186B3883B9C3363E270E909BE881F3B9C45DCE184E0A0C0C9E332A457F8A247C66504F29C7738835F173861ECB09ED191A1D22B7C912526226B489AF40A180971871326660F909EE0BB26DEC70F1F4E20EE7094BFBFDFC359FDA557F8AE1F8EE9CF2B6AE138E20E4765F4E9DAA17D84F40ADFD5A943547A1AF729C151C41D8ECA1ED15B7A82AFBB9F4300871177382A6B48AAF4045FC72180E3883B1C1218E03FB47F92F40A5F377C6072003744C231FCA2C021FD5213C243790CA4B0761121BD933B49AF803110773884AFBF7B89CCBE1C083884B8C321FD7B76969E0093C9644A4FE340C021C41D0EE1263C2F91CE53DBE018E20E8770A9D74BF4EEC1818043883BEC8B8A0CB5C4F0F525AFD0D1D28E171CC211C41DF625C6B7979E80161C0E3882B8C3BEC4F858E90968C1E18023883BECEB6869273D012D3A76E070C03EE20EFBB8E0EE552CD11C0ED847DC615F6C74B8F404B4888DE170C03EE20EFB22C343A427A04564188703F61177D8171C14203D012DCCC181D2136000C41DF6050751132FC2E18023883BEC0BE431B3DE242888C301FBF82D817D4DCDB7A527A0455393557A020C80B8C3BEC626E2EE451A9A9AA427C000883BEC6B6C6A969E80168D8DFCBB16F61177D85755532F3D012D381C700471877D15D76BA527A045C50D0E07EC23EEB08F9A7895F2EB35D2136000C41DF65DABAC969E8016D72A381CB08FB8C3BEE28BE5D213D0A2F8128703F61177D877EE5285F4047CC766B37138E008E20EFB6AEA1AB8CEEB25AE5654D7DFE23E77D847DCE190C3A74AA527C06432990E9FBA243D01C640DCE190C29317A527C06432990A4F12773884B8C321474E73E6EE158E167120E010E20E87EC2E3C273D012693C9947FA8587A028C81B8C321478B4AABAAF9D6BBB08A1BB527CE5E955E016320EE7088D56AE39C51DCAE83676D369BF40A18037187A3F2F617494FF07579FB380470147187A3BECC3D2C3DC1D77DC12180C3883B1C75E8E4A54B576F48AFF05DE74B2B8F9DB92CBD028641DCE1289BCDB669C751E915BEEBABFF3D223D014642DCE1848FBFD82B3DC177F1C38753883B9C90BBE754E9B52AE915BEA8E472E58E0367A457C048883B9C60B5DAD66E29905EE18B3EDB5CC04D90700A718773967D92273DC1E7D86C367EEC70167187738E9C2EDD5DC8B7993C6AD7C1E293C57C3115CE21EE70DACACF764A4FF02DFCC0D10AC41D4ECB599F7FB98C8F553DE4C295EB1FFC255F7A058C87B8C3690D8DCD6F7FFC57E915BEE2AD8F729B9A6F4BAF80F11077B4C6B24FF26AEA1AA457E877B3E6D6BB9FEE905E014322EE688DF2EB35AFADDA2ABD42BFC52B375FBF5927BD028644DCD14AAFE76CABACAA955EA1D9B58AEAA539DBA557C0A8883B5AA9AABA9E9377B75ABC720BD7BED06AC41DADF7FB955B4F9FBF26BD42A7A3459797E66C935E010323EE68BDC6A6E6E716AF955EA1D3738BD736DFB64AAF80811177B4C9FA6D87BEDE714C7A85361BBE29DCC8037ED136C41D6D3573E107377877B6EB5456D53EF5D26AE915303CE28EB62ABD56F5E2D2BF48AFD0E3F925EBAF94DF945E01C323EE7081B73FFE2BAFF774893F7F7D60F99FF8D6125C80B8C335662EFCE06A05E79B6D72A5FCE6CF7FF33FD22BA00471876B9455D6FCE2376B78A144AB59ADB6A75E5A5D7EBD467A089408305932A5374089E367AFD86CA6AC21A9D2430C69E1D2CF577CF6ADF40AE841DCE14A79FB8B06F54B4C498C931E62309F6F2F9CFBCA27FC670F5C88CB327025ABD5F693F9EFEE3D7C5E7A8891EC2E2C9EB2E03DAB95B4C395883B5CACEE56E38439EF5CBC725D7A8831945CAEFCD19C65F5B79AA487401BE20ED72BBD563569FEF29B35B7A48778BBAAEAFA897397F15A2BB80371875BEC293C377ADA129E45FE4F5456D58E9EB664FFD112E921D089B8C35D0A8E5F983877596D3D0FADBD839ABA86094FFFF1E0898BD243A01671871BE5EE393572EA12EEDDFE9EB2CA9A91535FCBDB5F243D049A1177B8D7816325F7FFEB9B6595F4FD3B572B6EDE37EB8D82E317A4874039E20EB73B70AC64F0E4578F9FB9223D44DEC11317EF9EF8DB435C8D81FB117778C2B94B15A3A6BDB6BBB0587A88A49D0567C7CE585A7A8D7B63E0097C43151E5257DFF8FEBA5DE6E0A07BEE4E96DEE269369B6DD18A2DD3FE7D556D7DA3F416F80AE20ECFB1DA6C5B779D3877A922FB9EDE418101D2733CA4A6AE61D68B1FBEFEFE362B8F178007117778DAA113173FFE626F669FAE5DE3DB4B6F71BBBCFD456367BCB1831B63E071C41D026E54D7AFDEB03724386868FF247F7F3FE9396E71FBB675F1CA2DD39FCFE19B5C10E167EA395B7A037C577A5AC2BBFF3575707A37E9212E967FA8F8A7BFFEE8C8E952E921F05D9CB943D2D58AEA9CF5F9F50D4D43FA270507054ACF7181EADA5B2FFD61C3CFFE7335EF41852CE20E6156AB6DC7FEA2659FE4859A8332FA261AF72A4DF36DEB5BAB73273CFDC76DF927787E2FC411777885FA86A64D79473FDF5ED8A943545AD25D7E7E464ABCCD665BBFEDD0A30B56E4ACCFBFD5C0C37BE115B8E60EAF93D93771E1EC710F67A57BFF59BCD56A5BBFEDE07FBFF3158F1380B721EEF052298971CF3E3966DA8421E1A166E92D77505BDFF0FEBAFCA539DB8A4ACAA4B7007740DCE1D542CC410F65F57B6AF20FC60C4DF3866B35369B6D5BFEC9E57FCAFB7C7B614363B3F41CE01F22EE3086F4B48429E333A78CCF4CEA6C111970A6A46CCDC67D6B36EEE3064718027187C10CECD5257B44AFEC11BD47DC9D6C0E76EFDD93B71A9A761C38B3F9DB635BBE3DCE8B35602CC41D46151A1234B47FD2A841A9233353FAA5C65B62225CF2B72DBF5E5378F252DEFEA2DC3DA7F20F1573F70B0C8AB843094B4C449F1E9D5212E37A24C62577B174EDD43E2E36D21213111176E7CF636BEA1ACA2AABCB2A6B4A2E571695949D29293B75EEDAB13397796F147420EE50CE1C1C181612FCBD3FACBBD5C8C7A1D04DC317BE817FA2A1B1998EC307F12626005088B8038042C41D001422EE00A01071070085883B002844DC014021E20E000A1177005088B8038042C41D001422EE00A01071070085883B00281498D1785D7A0300C0C5FC0EC4A44A6F0000B8189765004021E20E000A1177005088B8038042C41D001422EE00A01071070085883B002844DC014021E20E000A1177005088B8038042C41D001422EE00A01071070085883B002844DC014021E20E000A1177005088B8038042C41D001422EE00A01071070085883B002844DC014021E20E000A1177005088B8038042C41D001422EE00A01071070085883B002844DC014021E20E000A1177005088B8038042C41D001422EE00A01071070085883B002844DC014021E20E000A1177005088B8038042C41D001422EE00A01071070085883B002844DC014021E20E000A1177005088B8038042C41D001422EE00A01071070085883B002844DC014021E20E000A1177005088B8038042C41D001422EE00A01071070085883B002844DC014021E20E000A1177005088B8038042C41D001422EE00A01071070085883B002844DC014021E20E000A1177005088B8038042C41D001422EE00A01071070085883B002844DC014021E20E000AFD1F8D040AD01F9DD6EE0000000049454E44AE426082');
/*Vietnam */INSERT INTO "Flags" VALUES('Hmong Daw', 2, X'89504E470D0A1A0A0000000D49484452000001F40000014D080200000079710A6000000006624B474400FF00FF00FFA0BDA7930000151C49444154789CEDDD6B8C5CE579C0F17399FB9CD9FBCE8CEDB89404379092D489006363C0F8864DC9DA4E6CCC2D048512B50A2AA90AA852E42A6AE27EA8A3A6D5A68A545A55F6A7B81F228BAA8068940BA5409A4022300419C57867767DDB8BF73AF799D30F4B1D036BEFEECC39E79DF39CFFEF13D8B07E7735FBF7BBCFBCE71CFDC49AD51A00401643F5020000CE23EE00201071070081883B000844DC014020E20E00021177001088B8038040C41D000422EE00201071070081883B000844DC014020E20E00021177001088B8038040C41D000422EE00201071070081883B000844DC014020E20E00021177001088B8038040C41D000422EE00201071070081883B000844DC014020E20E00021177001088B8038040C41D000422EE00201071070081883B000844DC014020E20E00021177001088B8038040C41D000422EE00201071070081883B000844DC014020E20E00021177001088B8038040C41D000422EE00201071070081883B000844DC014020E20E00021177001088B8038040C41D000422EE00201071070081883B000844DC014020E20E00021177001088B8038040C41D000422EE080A23DE30620DD5AB003C42DC11145D0FCD763E34A77A158047883B82C2BABB90BA9BB8232842AA170078410FD9916BAA9AA6E9A666D755AF06701F3B7704827567513735DDD4AC3B0BAAD7027881B823103AEF9D7DFF1FEE9B55BB12C01BC41D01606AB1B595F97F8CADAD68A6DAD5005E20EE902F7E63598FDAF3FFAC47EDF80D65B5EB013C40DC215FD7FD3397FE6BE7FD4C66201F718774BA96B8B574E92F246F2D6ABAAAD5001E21EE102EB6B66224ED4B7FC5B0ECD81F5554AD07F006718770A95D0B5CB8D4B1D02F0292107788A66BA99DC58FFEB2B5B3C06406B211774816FD54C5EC5EE08254B3A711BD8EC90C2423EE90CCBA73816DFBA2BF050840DC2159C7C06567EB8CDD211B718758913FA886565EF62661A195F5C89AAA97EB01BC44DC21D6A283172633108CB8432C6BE72237804C2DF61F00FE45DC2153E4E3D5E8358B4C5D226BAA91AB6BDEAC07F01871874CD6B6258D5C92DBD9BC4326E20E9996384F67EC0EA9883B040AAFAE45AF5FD2354AB1EB2BE1D54C6620107187404B9CC9BCFF1F6F65F30E81883B045AD6835299CC4024E20E69422BEA171FAAB714B1B5E550E6B2D73A013E45DC218DB57599CFE2309637C6017C81B8439A65CD649AFE5F803647DC218AD95F6FE2F9D7F11BCA662F93198842DC218AB5A5D8CC8BDAE4CC0CA421EE10A5E9A32F9C998130C41D72989D8DF8BA65CF64E6C56F2E9B9D0D67D7032844DC2147726B510FD9CDFDBF7AC84E6E61F30E39883BE46871B4C264069210770861A41A890DA5563E42E296926131998110C41D42243795F448933399797AC44E6E6AE9AF07A07D107708E1C885485CCD0431883B2430E276F2360736DDC9DB4A46BCA5ED3FD026883B2448DC5ED4630E44598FDB0927FE92009423EE90C0C1832E4C6620037187EFE9313B798763714FDE51D4A34C66E07BC41DBE97B8A564241CCBB191B413B7309981EF1177F89EE3171F7135130420EEF0373D6C5B9B9D8EFB96A21E6632037F23EEF0B7F8FAB2D1E1F065A54647237E7393372003DA047187BFB974B8853333F03BE20E1FD35D7BC886B5ADA89B6E7C60C023C41D3E16BFB16476BB72AB2FB3BB11BB91C90C7C8CB8C3C75C3DD6C26406BE46DCE15B86666D7731EEA9ED4D3D8E15680FBC78E157F1B565B3BFEEDEC737FBEBB1B54C66E057C41D7EE5C1A5465CCD04FF22EEF0275DB376BA3E134F6D2F6ABADB7F08E00AE20E5F8A5D5F09655D9CC9CC0BADAAC5FEB0E2F69F02B881B8C3973C1B983099814F1177F892759747E714AD1D1C88842F1177F84FF4DA6AF863356FFEACF055B5E827ABDEFC598083883BFCC7E3CB8BB89A097E44DCE13F1ECFC119BBC38F883B7C26F2896AE41A4FE7249135D5C82798CCC067883B7C46C93EDAD5FB1C006E20EEF0192513702633F01DE20E3F095F558B5EA7604212FD5425FC7B1E9DCF011C41DCE1270AC7234C66E02FC41D7EA2F054220722E12FC41DBE115A558B7D5AD99D5E629FA98456BA7E371BC029C41DBE616D537A8F465DB3B6B179876F1077F886F2232BCA17002C1D71873F84D2F5F867153F1729FEB972C8CD673F010E0AA95E001C6568BD8F4F991D0DBBAAD965DDAEEB7649B76B9A5DD3ED92AED9AA97D782F8BAB2FAAD88A1F5FDD564F17FA3AAD7D1025DD363B61EB2F590A6C76CDDB4F5A8AD87B5FAB431FE8F9D5A43F5F2E01CFDC49AD5AAD7002745AFABACFAB751B3876F532C557DC21879385D7E27AC7A217092F2BD101C56FE4DE4E48655D33F4CAA5E08FC61FA87C993EB57517679D8B98B95D8585AF1BD3123E1E7590CDCD428E8671EEB2BBC1453BD10B8829DBB58859762EF6D5C597CCDCF0362B8A6F88BE87B1B575276C188BB648D5963F8FEF4F8DFF346192E51D7C6BED339FC60BA31CBB7BF648C650221F2F1EACAA7C7C2ABB9F555D055F3A1D38FF6554E3261978FBFBA03A172323CB4333BF5034BF542A0D2D40FACA19D59CA1E10ECDC8325B1B1B4E21FC68D0EC634C1D29836CE7CBD97097BA0B0730F96C24BB1533BB28557F8260F90C22BB1533BB2943D68887BE0D4C7CC9187FB470F76D94CE0A5B36BDAE8C1AE9187FBEB63A6EAB5C06BC43D906C6DF2706A787FA63ACCFD27C4AAE643C3FB33938753BEBEED049A46DC83ABF466243790997926A17A2170DECC3389DCAE4CE9CD88EA854019DE5085D6B17BAEFF9B17B896558646411FFD66F7F431EE3F1174ECDCA14D1F4BE6F764CB6FB3CBF3BDF25B91FCEE2C658746DC31AFF25E28BF373D31D8C1B5AC7ED5D026063BF2FBD29553BC8F024D632C830F496C28650E4DF0480A7FA98D9AE79EEC29BCCC6147FC0E3B777C40E1E5586E2033F72299F08DB91763B9810C65C787B073C74274ADEBA199BEA7A6F430EFB2B62FBBAA8FFD5DE7E4110E3B6201ECDCB190F70FC2A7AB430C70DB54F55468787F9A63ECB81CE28ECB2A1D8FE4766767387AD17E668E25737BB2A5E31C70C2653196C1E2AC9D85CCB72E70BBB176D09836CE1DE89E7D8E4BCFB00876EE58DCEC7389DCAE4CE957EC13152BFD2A92DB95A1EC580AE28E25A98E8486EFCF70105E99863631D8317C7FA63AC2BB205812C632589EC4FA52E6D04428CD4178EFD4CE9BE79EECE146CD581676EE589EC22BB1DC4076EEA771D50B098AB99FC67303DC821FCBC6CE1D4D993F08FFE4941EE1209E5BEC8A3E768863EC68123B7734C5D6260FA7F2FBB993895B2AA742798EB1A305C41DCD2BBF15C90D64278FA4542F449AC923A9DC40B6FC16C793D03CC6327080B5A390F9D605A3939334AD6A4C19E70E74CF3ECF6147B48A9D3B1C30FB7C626877A6F87A54F542FCADF87A74687786B2C311C41DCEA88D84461EE08EF0CDAA6B13831D230FA46B1C63874318CBC061F19BCBD943E3A10C07E197AA76CE3CFB646FF1557EEE8193D8B9C361C557A3B981ECDC4F3808BF24733F8EE706B2941D8E63E70E77E85AE73DB3FDDF98D4631CE55B985DD447FFB66BEADF2D0E3BC20DECDCE10E5B9B3A6AE5BE98299F08AB5E4A3B2A9F08E7F666A68E5276B885B8C3459577C3F9BD190EC27FC8E491547E6FA6F22E7FEDC1458C65E0056B7B3173708283F0F529E3FC377A665FE00D09B88E9D3BBC30FB427C6857B6F85AA0DF362CBE16CDEDCA52767883B8C323B5D3E6C883E989C10E2D808724E78FB13F98AE9D36552F0541C158065E8BAF2B670F8D87B241697CEDAC79F6C9DEE2CF03FD530BBCC7CE1D5E2BFE3C3A747776F6D9405C643FFB6C62E88FB3941DDE63E70E653A76CFA5FFE682D483F076493FFFD7DDD3C792AA17828062E70E65A68F252FFCABD8539217FE2545D9A11071874AB1CF55542FC12D823F35F802718732664F23715349F52ADC125F5732BB837EAE1F0A11772893DC52D4E49E0CD44D2DB9A5A87A15082EE20E65AC3B0BAA97E02EF19F20DA1971871A466723B1A1AC7A15EE4ADC52E68E0B5085B8438DE4A6921E927908F2223D64276F17FBA602DA1C71871A01195904E4D3441B22EE50C048DAC95B03B1A54DDE5A3212C27F40417B22EE5020717B518F0622797ACC4EDCCE99192840DCA1406A7B807A67DD19A04F16ED83B8C36B7ACC4E6C0A50EF929B8A52EF9F837646DCE1B5E4C6608DA18D849DD818883718D056883BBC16C00324811A43A14D1077784A8FD8C9CD81DBC6263717F570807E58413B20EEF054627DD94805EEA24DA3A391582FFC725CB41BE20E4F057026332FB09F385421EEF08E6E6AC9AD019D3E27B71575B9B7C0441B22EEF04E7C5DC9EC0ADC4C669ED9D588CBBD793DDA10718777027E394FC03F7D788CB8C32BA6666D0B74DDACED921F4E827643DCE191F867CB665F5DF52A5432FBEAF1B59C998147883B3CC25042E38B000F11777842D7AC1D9C05D4AC1D054D57BD080403718717629FA98432819EC9CC0B65EBB14F5754AF028140DCE1052EE1B9882F05BC41DCE13E5DB376AA9F35D7278DFA94FA177C3B7C291004EA5FEB102F7A5D25BCAAA6760D733F8B0DEDCC0EEDC8CEFD2CA67625E18FD5A2D755D5AE014140DCE13AB54744ECAA3E7AB0EBF457FBEBE3667DDC3CFDD5FED1835D7655E5DB9A4C66E001E20ED7593B95B5AC7A2A94DF9F9E3C9CD22EDE70D7D6260FA7F2FBD3D5532155AB52F80541701077B82BB2A61AF97D353399A9A3566E4FB67C3CF2D1DF2A1F8FE4F664A78E5ADEAF4AD3B4C8D5B5C8354C66E02EE20E772999C934A68D337FDE7BFE407763EEB2E397C69C7EFE40F799C77B1BD30ABE0BB89A096E23EE7097F7F3E5E2EBD1A15D99D9E7134BF98F679F4B0CEDCA945E8FBABDAA0F61EC0EB71177B82872752DFA490FE70F0D6D62B063E481746D6419F3F4DA4868F881F4C46087E6E1DD88A3D756C357293E4104D9883B5C94DCEEDDFEB476CE1C7E383D3ED8692FFF4A58BBAE8D0F768E3CDC5F3BEFDD6D1BD9BCC355C41D2EF26CB23CF7E3786E205B7CB5A5E94AE1D558EEF3D9B99FC49D5AD595317687AB883BDC125E5D8B5DEFFA7D54ECA27EFE40F7E93FEBAB5F70E0C55CBF609CFED3BEF307BAED92EB07E163D75742AAAFED8260C41D6EB1DC7F5C6AF94438B7373375D4FADD31F6D6D9DAD4512BF7C54CF944D8B90FBA105DB3B6B379875B883BDCE2F6D861F2482ABF375379D7950457DE0DE7F766268FA4DCF8E0173199817B883B5C114AD763AE3D75A83E659CF95ADFE8B7BB5C1D9ED8257DF4DB5D671EEB73EF7663F1B5E5509A3B21C315C41DAEB0B6175D7A71157F19CD0D6467FFCBA3B73D675F88E776658BBF74E720BC11F4E7CAC23DC41DAE70E59C5F5D9B18EC18FE52BA76C6D3E74CD74E9BC35F4A4F0C76682E6CB239100997107738CFECADC76F707826531D0EE5EFCB8C0F76BA51D8C5D5B5F1C1CEFC7D99EAB0C3B71B8BDF58367B99CCC079C41DCEB3B6943447F7D633FF99C8EDCA947EBDC02DC0BC54FA7524B72B33F3EC926E6CB054A6666D2E39F901014DD3883BDCE0E0A8A151D4CF3DD573F62F7A1B336DF15A6DCC1867BFDE7BEEA99E46D1B1F77299CCC00D6DF10D0349CCCE467CBD333399F23BE1FC1732D3C7928E7C34074D1F4BE6BF9029BFE3CC29CCF886B2D9E9E17D6D100CC41D0E4B6E2EEAA196AF29B2B5C923A9FCBE4CE5B72E5F49D4ACCA6FC3F97D99C923A9D6AF9FD24376F20ECECCC061C41D0E6BFDC29CFAA4717AFE187B59E5C3F0166597F5D16F779DFE5A5F7DB2D5EF23AE6682E3883B9C64588DC4AD2DBD3D58F8EFD8D05DD9B91F79748CBD75733F8A0FDD952DBCD4D273B713B7950C8BC90C9C44DCE1A4E4A6921E6E724E61D7F4D1835D237FD25F1FF3F4187BEBEA63E6C823FDA307BBEC5A933F6AE8613B793B6766E024E20E27357DF0A39A0B0DDFFBC12759FB8BAD4D1E4E0DDF9BAEE69A3C08CF6406CE22EE708C11B7939B9AD97ECE3C93C8EDCE94DE507C8CBD75A53722B9DD9999FF68E6207CF28EA211F7E9DF6C6847C41D8E49DC56D2A3CBCB53A3A09F7BAAE7EC13BD8D59212FC5C6AC71F62F7BCF3DD5D3282C6F44A347ED16DFAE002E25E43B0AEDC0DAB9BC994CF9ED487E4FB60D8FB1B76EFA5832BF275B7E7B793F8B2CF70B085C01718733F4A86D6D5EF2D4B8A14D0C76E4F7A62BEF397CAB96F651792F94BF277DE19F97F1DC6D6B4B71B93FFA009743DCE18CC42D253DB6A430D546CD91AFF48F0F76367DB6C42FEC8A3EF69DCE9147FA6BA34B3AFFA3C7ECC40626337006718733529F5FD24861EEC5586E205378B9A553E1FE52F89F586E2033F7E2923EE5257E198145117738400FDBD696456632F3C7D84F3FDA5F1FF7D931F6D6D5C7CDD38F2EE920BCB5B5D8F48502C0A5883B1C10BFB97CE5994C351F1ABEC7CFC7D85B377F10FE9E74357FA5B719F4981D5FE7D6E3091128C41D0EE8BC67F60ABF3BF34C3237902D1DF7FD31F6D6958E477203D99967AE7440A863DF9C67EB8160C41DADD24DED7297CE378AFA99C77BCF3ED1D39813FEDEE9D235E6F4B34FF49C79BCF7727784B736159D7DD4098289B8A355B19B169EC994DF09E7EECACE3EE7E8738BA4987D2E91BB2BBBE01DE1F5B81DBF91C90C5A45DCD1AAAE87663EFA8B179E4EE5F764AB23628FB1B7AE3A12CAEFC95E783AF5D1DF5AF04B0A2C0B71476B0C2DB9F1033399C6AC31F2E5FEB1435D368F7D5E8C5DD7C60E758D7CB9FF43775F486E2CF1AD8916F10A424B121B3E703F99D21B91535B57145E09D031F6D6155E899DDABAE2D2FBA6E9313B7E339319B484B8A325DD5FF9FF0182AD4D7CBF23BF2F539FE045B56CF50923BF2F33F1FD8E8B4745BB1F9956BA22F81EDF876881AECDBFF5D79831F27B33E3DFED0CEE31F6D6D9DAF8773BF37B33F3239AC44D658D134668017147F3ACCD453D6A177F113DB97165E94D8EB13BA0F466E4E42D2B8BAF47F4A89D5CFA8DD8808FD04FAC59AD7A0DF0AB15DF1B2BFF2632F14F1DAA172250CF63D3D16B2B671EEB53BD10F8157147F3423D8D1A1376D7F0E5452B78E9A079A4C7557C79D10A5E3D00201071070081883B000844DC014020E20E00021177001088B8038040C41D000422EE00201071070081883B000844DC014020E20E00021177001088B8038040C41D000422EE00201071070081883B000844DC014020E20E00021177001088B8038040C41D000422EE00201071070081883B000844DC014020E20E00021177001088B8038040C41D000422EE00201071070081883B000844DC014020E20E00021177001088B8038040C41D000422EE00201071070081883B000844DC014020E20E00021177001088B8038040C41D000422EE00201071070081883B000844DC014020E20E00021177001088B8038040C41D000422EE00201071070081883B000844DC014020E20E00021177001088B8038040C41D000422EE00201071070081883B000844DC014020E20E00021177001088B8038040C41D000422EE00201071070081883B000844DC014020E20E00021177001088B8038040C41D000422EE00201071070081883B000844DC0140A0FF03D02E9648935C9DDD0000000049454E44AE426082');
/*China   */INSERT INTO "Flags" VALUES('Hmong Daw', 3, X'89504E470D0A1A0A0000000D49484452000001F40000014D080200000079710A6000000006624B474400FF00FF00FFA0BDA793000018CF49444154789CEDDD799464557DC0F17BDF5655AFAABA7B961E866D00D92441654766C688CB21F1A8C425713D26E8D1B88D415440C5233186189710252071C705342EC7851CC105440E125111843038EC023DDD33BD57D7F6EAD57B377FF4303DDDD3D353D5DDD355EFF7BE9FFFA6A939F3BA9AFED67DF7DD779F7EE4843E050090C5EAF4010000961F71070081883B000844DC014020E20E00021177001088B8038040C41D000422EE00201071070081883B000844DC014020E20E00021177001088B8038040C41D000422EE0020107187CA6F0C9D83E24E1F0580E544DCD32E7342B3FF7DD5785277FA40002C27E29E6AEE21F1411FAE28A3E23A71074421EEE965F79A833E5AB67B4C3441D9016988BB28B9539B56D1B4F24A6DABFE8B2BEEFA5829153127038843DC45894B7AC3D74AEB3E50C99DD45CE87596EABFB0927BD6AED74413FC6F0048E374FA00B09C8207EDF2CD6EF1AF1AF9CD61E321BB7463A67CB36B82B903F3556FA8E79F13EEFE23D332803C0CD9A419BB261795B452CA3B265ABBA57AF8574AABCFAB39EB66563AF6BC38E87B557DCFBFC2C81D90C73EBF3FDBE963C072320D1D572DFF8C5D03732BABB27F1EF59E1B648E8BE249CB3B22EABFA03AE733BDF22B37D8C6391C200ABFD2024DFDD4EB7951E01D1DCD7CC952FE19A17F4668E279CED6B8A00AC8C3F9B844911AB9C257D13CFF45CFF703675A069087DF6A998287ECA95F782DBE381E67E40E48C39CBB58F5FB9CE2390D2BB3FF57E64E69EAAC0AFF649B90CA03421077B1E65C595D805D34B9939A3D2F69B8EBE2E690154D723E07249E7EE484BE4E1F030E185B1D7675C93DB49D1D1F2355BDC32D5D9FA9DDEBA896EE7505D08DD2BB5AC63D3C0A9FB03B7D140756E1B90DF79036F7F2B595BF31F43786E19035756366EA462F9E62AE06489E949E80DBBD66CD5B6A9D3E8A032B7B4273ED969A5A6C99DDF5F1EAF36A877FA9D4F7FABA4EEF180048AA94FED6FA6785D9939B768F99BE99531EEF88E8A08F54746651132BB10A1EB183AD4EFD3EA77EBF1D8DA6740400245A4AE39EDFD8D096F2CF08A77EDEEA7AC104B1FBCC419756AC7C1B653781AEDF6F07F739F5AD4EB0CD8E6B323FF380F44863DCADA2C99ED4544AF99B05C65D7B66DD2595D61F9B57BDDD9DBC3E136CB3F7DE5F0C4072A5F18CDB3F33D4B6524AE54E09AD82AC1521B65AF7C16AF6CF16DCEF77B6CA1D6EFD1E87B203C2A431EEF98DBB967E6B5BF9A7ED7F197882ACFEFB9A7FFAACEFC8C42A78D02EFD20B3F35FF3E5F9EE5965BF5F40A4D44DCB58BEC99D3293BFFCA6B07C8B9099999E9705BDAF0C9452CD61AB7EAF133C6407F7398D476CF3D40C4DED0F4EEE94D0EE9D75B2C2C6328048A98BBB7F7AA8DD993FE64E6D5A5923E0F1D0DE5151E6C868F4AA5C7DABD378DC56F34DB9C7653DFEF5DCDA2DD5595F64631940A2D48DDAFC4DB3662D74C6E44E6B6386BA6B351EB5873FED977E9C693C367FD9A74DDDE805F7EFF1896E18B90332A5EB175B678DBF57CAF39B1A1D3998CE306AE4EADCEEDD80E38A36F3ED0C0C20E9D21577FFD4E6DEF7F5E4CE98E78B82351EB64B37ECDA2B321A4FD7FF00407AA4EB777BCE9CCC342B6B72274B989969DDF8D7B3D34F5F62A90C20558AE2AE3DB3AFFD6FF3F3455FB0B8ACC7BF9C533C600F902B4571CF9DD4B472F34FBFF8678669DB1B6BEA26AFFE7F0ED332805429FADDDE7DEFD2DEACBCC99E94AEC1BB326AF4EA5C34C6C81D90292DE355ED287FDF71574AE53785B5DFB90BBC409EC66336237740AAB4FC6E679FD95C7897C4FCB3439D9637630673EE805469E9597EE37E16B35B3D26FB8C74AD995916969FA255A44082A422EEDA9A7F11E41CFEE6944DBB2F07F7B078B5F4675A0149948AB8674E6CDA3DFB1F60E6373694F087AA2EBF70D0EA7D59B0EA75F54E1F0880595211F705D6C9ECC9EE33D9A73333D39E784AC753BAEFF5F5BE57D377A08BA420EE96CAB73CDF92B6BB999645386829A556BDA1DEF3E2A0C5BF927D66B3F715ADBE18C022C88F7BF6F8A6BDAAD567CEF99B43C5FA913685DB6DA594D26ACDDB6B3D2F5930D95AE53787875E3975F065E5DA9D6959860B7484FC5FB0562EA5EEE6AC8933C745C136A6DEDBD01C786A88A0D59AB7D54CACA67E9C99FB225B15CE6EF4BE22F08E8C9452E59BBDC69F78938103487ADC75AB13EEBBE53735826DB90374382285DBF738FFD36AED3B6A2AD2533FD9F57C2B6DA9FCF31A7D7F13B81B766D2E6C4235FE8DECCA1F27902AC2E39E3926720E6A754E665A7E5338F665E2DE865DD332BB69B5F69D5513A8CAAD5EE12F1B7DAFAC3B07CFFA114CDD9869EE903F1F087496F0B8B7352733CD591F7B4F8B1A8F3069D0AA7068AF52DB6AED05D5BED7D6DDC3E67EB29A404F7C67AF491B00CB4DF8006A714F5962CD4C5BE2928EA7E65E86D68EDABBEC4AA9C91F64A251E1FFD701DD40F2AF997754E41ED2DE9CCCB4FC73D2F4E0BDE5306BDA7DDFE2929EFC1EC3766025488E7BBB975277730F8D775FFDC37E69CF98B0A505A493DFCFC415969A022B4172DC97B2574CEBF73DA5999537AB5E573FFCABA5EC89FBBFB3B7396A4DFE80613BB042C45E50750F8FBC258CBEF31BC389EB58AEB74F56D6145FDCE87D65DDEE6D7557C8A91B3CD360D80EAC10B1715FF49CCC34EFA8C83D2C0E9F947C66B338F6AAB8EF5541E19C86956D6FB3DFDE9707B5DFB9C1832C430256C2CAC55DBBCA3B62E526B2973EAF523C27A8DCEA2DCBC1EC571CA8F0896EAF9EBD3AEEFBDBA0784E43B799F56956DEACBFAC3CF88142E3E16EFF4E0101F42327F4ADD83FE69F15F69F5FB58A3CDE6196FA5667F8937E7367F79E25D83DA6E7E541CF4B82A53F9A231AB106DF5F98DE6B0CC081639FDFBF7233CBE19376E5162F736CE4AC5BCC0A45812235F1CDECC8A7FDB8DCD593D126D08D87EDFA5D4EE3313BDA699950DB45A31775D667F926FF178DEA6FDDB844DF8103684547EEBBD8AAF715C1AA37D474BACFCEA3116BE7E57EFD0F89BCECA19D5D97ACDD2363EF88C8DB1039EBE3D637D46C0E5A8317179ADCCD041C309D88BB524AA9CCF1D1BA0B2B73761D498FEA1DEEC8A7FDA8D4D503F6B6AC7A5DBDEFF56D3CAFA3396C0D5E5C609319E00059D169993D45A356F926CF5967A6F7804D0F13E8D1FFF2C7BE9C33819CB22BA59CB5F1DE2B94EAF73A93DFCF44C396696ACB377A8FEBD356DEF827372BB779C2DE07A04B746CE4BE5BE1058DB5EFA82D6E0146E2341EB3873FEE371E17382195393E3AE4F2A9595F8AD5C096E29EFBB65B05E36D88DC23626F43E46E88BCA3A2B8AC072F2E44E38CDF8165D6F909DFF24D5EF080BDEEA2AAF734E143F8D28F3263D764A50E54F75E0053B9CD9DF3448EB8ACEB5B9DFAD6A7FE6C2BF7E0D82A98687C450E114893AE1831854FD8DBDF532CFD28A3840EDFE329BDE3B2FCE8E7A44DC5EC69CEDE90A6A9C6AED9DFB6F8910A9FB4BA7F813F90445D1177A59409D5E8E772431F1678865EBFCF19D852ACDEEE76FA400EB83DF786E4891C406775D7AF5FEDF7CEC09662ED4E291D8CD4C4B5D9C10F149A23DDF53E1F20E1E0AE31B8A9EB896FB14718D0495D179D68420F5D9A1FFD7CCEEC7F9FC1AED61CB2B65F5418BF2EAB845F4A98B1FB49D9933FCAC83B030392A5F31754E76154E9879960ABD37F71C54DE642F8CA2FBD91AB7269DBBB7C7A5A269ED293DF65D80E7458F70EAF8207EDEDFF582CFF6285B6EE5A2EA6AE872FF7777EC24F5BD9D553D33213DFCBA6F07B07BA4DF7C65D291557F5F0A7FCE1CBFDB89E8C58341EB507DE5D28DF94B00FA4E5126EB79AA356E98729FDF681AED2B13B545BD778D4AEDCEA658F8F9CB55D3C456354E9FACCCE8FFB699E6B360D1D4FE8C6C35D39D707A44CE7EF506D91B654DF6BEA7DAFAD77E1C9465CD2C39FF1ABBF96B2C80740F22526EED3722735FBDF5BB55777D110BE76A7337C793E9A48C6C41180944858DC955276AF59FB9EAA7F5AE71F606D2235F6A59CE01B6B012457F2E2AE94525AF59C1BAC7E536D71CF8B5816E19035FCF17CF000B7CE03E846C98CBB524AA9CC3151FF4515F7D00E4CD1946FF146AFCAC555A6620074A904C75D29A53366F579F59E738315FB17E3BA1EFD6C2EB58B1D012445F72D3D698709F4D81773716DE546D0D55FB9941D40F74B76DC9552B993432BB7721734FD67871D9CE8078016253EEEFEE6155D3663E54DF69909DFD20C400A243BEEDA52F933577A4D647E636385FF45006857B2E39E7D46D3EA59E945E6FEA65027FB6D03205FB22BB5C27332D3EC1E9339919919005D2DC971B73B364392DFD8F9FB63016001098E7BF6E94DBBAF3337FEE73787497EE700C897E044E537756CF86CAF8AB3C7333303A07B2536EEBA9371574AF91DFDD7016061498D7BE6B8C8EEE8B33BF29B42C5D632FBC23B03745A52E39EDFD4E1C5E6CEBA38734CD4D963E85A3D2F5AB9DD7E00CC2B9971EFF49CCC346666E665F798556FAC5B5936B9073A299171F78E8C9CF54B9A93690E5A13DFCE9AA5C539FF6CE23E8FDC29A1E51B9FD5A240472532EEF9E72C291CA51F659E7C6771FCABD98177151B8F2EFE691BEEE1917714333373E54E6B2AA50ACF679306A0939219F7CD8B0C475CD63B2FCB8F7E2E6702AD940A9FB0B7BFA7B094E7E47137D35C96CA9D1A2AA572CF6A3A6BBAE851B740DA242FEEDE8668714F5FAA6F7506B6142BB7BB7B7ED134F4E8E7723BFE251F9716B3C2A323FB1F74B3CCD1913DBDDB8FA5F2CFE3CD013A2679715F4C4F2335716D76E8E2427378FEEFB7FA6BF7C9B7F7D4EE6C7BA7766F43E41ECECCCC8CDC19333F9DE20B9899013A2679716F7726A4396A0D7EA8307E5DD62C38DC8F26F4D0A585D1CFE74C9BAD6666664FFEA933EF86BB21F28EE6930FE88C84C5DD3D2C6EEB1A66E55677E0EDC5FA3DAD0DC98D2AFD3033F8BE6238D4C6DBD20D8B32BB84DD6B32C7CEFAE9705915E89484C53D7F56ABB130811EBEDCDFF9F17C5C696F323D78C0DEFEAE62F996561F94EA1D1DB94B5B972946EEE4B9FBA9159ED760EF7BA02312F69BD7E27D438D47ED81F30B8B7E92755CD5C39FF4872FF7E37A4B1F0CDCCD342D77CADCCDD4EC5E933D691F3BAC6965158CDD6B9C8363ABC81D4FC0324BD2C39E9DF5F19CB3FE791855BA3E33F695AC692C757F93F24D5EB0CD59775165BF13C7F94D8DC9EF6596F8CF7539AB60B4A574DE685B5959A35DA3334A678C76959535CA5556CEE44E9FE7436EED3BABCD314B7BC6CA28ED189D37DA5256DEECDE7FA6F67B67E727F32BFACD002990A4B8E7CFDACF00392EE9E12BFCEAFFBA0BBFAC75E193D6F60B8A7DAFAEF7BDB6BEC0494EE6B8C8E98FF7B5144786CCF1D1DAF3AB8B58BAEEAC8FF7793B71A4C6BE9E9BFCEEE2EF3300B02FF6F9FDD94E1F43AB56BFB9EEF4EF332EF57B9DA10F15820796FBE3CAA8FABD4E70BF933BB969E5F61121AD9A3BAD605B923E29DBD51CB4CA3FF5ECC2DC4BA68B164DEA1D1F2D546E5EE4D41980852526EEF69A78CD9B6BF3EE256B2235F6C5DCE8D57E5C3D505BCD3687ACF2CD9E7744EC1E32FFA78B9555E59F09EF940975F5376EF0809D7B4664F94B1A6C07DBECA10F1696B2F70380852526EEC51736FCD3E7B934D71CB4765C5AA8DEEE1EE8537B13E8F22FBDB8AC73CF6AEEBD02C4591B4FFDC43335F91B9937B7DB533F5BD2107EEA466FE7BF15E2B2FCF70AE8A0C4C47DF51BEBCE417347CDE55F7A3B3E926FB6B32C7D89826D4EED4E37FBCCA63D67818756CD412B7850F2CCCC6ED343F8C6836D0FE14DA047AEF027BE9555AC1D050EB064C4DDEE356BDE5ADBF392A6A9EB912BFC896F644DB8D203C068CC2AFFDC73D69A39B753E98C5AF4E2CB240ADB1CC23787ACA14B0BB53B97ED72378005246381877F56A8F6989E6D3C6C0FBC7BF1CBD8972EAEE9E17FF7777E6CD61D52B9139B766FBA967DC4653D72A53FFC1F7E2B2F1EB9D26F3CC4243BB0429211F7FCC6A76E4C8DD5E47732DBDF5B0C9FE87C262AB7B903EF2AD6EF7F6A2AC656FE9969BC9B297CBCA59F453ADF1CA053121077ABB8EB2EC768DC1AFA7061EC9ADC129FA0B48C9A3BACA18B0A13D7EE9A444EE73E33F3DEBBB4B7C2D90DCD940CB052121077FFCC50DBAA76A73BF0CE62EDAEAEBB626962357E5D76E89242346A654F0EAD42BA6666D4EC9D201760154DAEB5570258BA24C4FD8C70E2BAEC8E7FCA4793DDBB78AE768F337041A17E9FE39F96AE7E593D2673CC3C1754E7DD60B970369B44022BA4EBE3AED5E477B2E3D7EE6737F66E108D5A439714C281CE5F0C5849FE29B3AE752BA54CA446AEF49FF8BB9EEAAFE7CEC2F86785564FEACE6C808EE8FAB81B153C989C5CC6893ADAE5909B7D675934660DBDBF307583178D5B3B3E9ADFF9B17C3C3573BEA59DC53FFF16405BBA3EEEE86696CA9D32330D55BBC719D852AC6F9DB92E52B9CD7DF21DC5EA1D3343F8C2F3D3356D05740A71C7E2658E7DEA71D84A4D7E27B3E392C2DED745A2316BC73FE7777E2C3FBDDF40F684E6E29E6F0EA02DC41D8B37BD4EC6D4F5F027FCB16B720B5C17A9DCE60E6C29D6EE76945285E73233031C70C41D8B973B3D0C9FB007DE5D28FF72FF770B3787ADA10F1546AEF4FD4DE1BCBB7B0258465DB76C1C4961F598A8640D5DEAC7A596536DD4D40D5EFD5EC72A9A36FE1680F6E9474EE8EBF43120912CDFC48156CBF3E80E00CB8C913B16E9C03D1A05C0D231E70E00021177001088B843CD79EA08000198734FBBDE97053A67785635200C23F754CB9DDA5CFDA65A1A9EEB0DA40D714F2FE7E078DD851565ABB84EDC0169887B4AE98C39E8928A55344A2953EBF4D100586EC45D0EAB68B227365BBCB37FCD3B6ABBAFA3327207E421EE72C453BAF8C2C686AF96D6BCB5E61DB9D00298DE9707C517CEECDE45DC017988BB28A35FC819A57ACE0D0EBD6AEA90CF4CF5FC75303DF1B2A7DCA9E1EA37CE9A8831DC6B0A88639FDF9FEDF43160D998503707ACC2D9A152CA596DFC539BBDE736BCA74526D4E190AD8C720E8E0FFEE78A9EFD339FFC41262EF1310F88C23A7769AABF712BBF72F39B763DF0487B26BF39CC6F0EC327ADF2CF3D7F53B8F758DE302D0388C3784DA0912BFD68626EAFDDC3E255E7D533C7CE33171FB3CE1D1087B80B1497F4E8D57EEBAFE72626401EE22E53E53677CFC7522FC4A89E7303BB6FEE5C0D8044E3611D62D9BDE6D0AB4B766F6BD58E55FD8F4EF966AFFC0B972978400056CB8865021D8D59F98D614BAFD6CAE98FFD33C29E9734BC0DB1A9E9E60ECEEA800463E42E9A56877DA1E41E1C2FE2AF361EB6A77EEE956FF178D8299044C45DB29E97066BDEB6A48D634C5395BE9F19FF66D604241E4812D6B98B953B2D5CF30F8B2C7B3462557FEBD4EE76EBF73AD12459079287B8CBE4AE8FD7BDAFDAD6622813AAFA7D4EED6EB77687D3789C677700C946DC05D29EE97F7F65EF3B51E7159574F576B7F67BB7F607272E3348078420EEE268D57F6175DE3B51E755FD953B72651B773C01480496BB49D3F3D260FEE58FB18A2BF30CCC63AE94021231721725775AB8E62DB32EA2868FDBD53B9CDADD6EFD8FB6DD6B0EFDEC94959D355DC37EBF8048C45D0E777DBCEEC2AAB2545CD1B5BB9CDADD6EED6EA739387372D6ACEBF1AF65E72CA161E40E8844DC85D09EE97B4D7DEAA75EED2EB77E9FBDAF65E9A5FFC914CE6E648E9B9991E701AA8048C45D08D3D0C39F6EE1BA68A4863F953FF43FA77466D7E40CCFD80344E2826AEA8403D6F875331B0AB1DF2F2012714FA3C9EF67820776DDA6C49C3B2012714FA5480D5FEE9B8656CCB9034211F7940A9FB027FE3BA378C61E2014714FAFC96F6783876CE6DC0191887B7A99588D5EE9C7DCC40448C452C8540B1E64F747402646EE00201071070081883B000844DC014020E20E00021177001088B8038040C41D000422EE00201071070081883B000844DC014020E20E00021177001088B8038040C41D000422EE00201071070081883B000844DC014020E20E00021177001088B8038040C41D000422EE00201071070081883B000844DC014020E20E00021177001088B8038040C41D000422EE00201071070081883B000844DC014020E20E00021177001088B8038040C41D000422EE00201071070081883B000844DC014020E20E00021177001088B8038040C41D000422EE00201071070081883B000844DC014020E20E00021177001088B8038040C41D000422EE00201071070081883B000844DC014020E20E00021177001088B8038040C41D000422EE00201071070081883B000844DC014020E20E00021177001088B8038040C41D000422EE00201071070081883B000844DC014020E20E00021177001088B8038040C41D000422EE00201071070081883B000844DC014020E20E00021177001088B8038040C41D000422EE00201071070081883B000844DC014020E20E00021177001088B8038040C41D000422EE00201071070081883B000844DC014020E20E00021177001088B8038040C41D000422EE00201071070081883B000844DC014020E20E00021177001088B8038040C41D000422EE00201071070081883B000844DC014020E20E00021177001088B8038040C41D000422EE00201071070081883B000844DC014020E20E00021177001088B8038040C41D000422EE00201071070081883B000844DC014020E20E00021177001088B8038040C41D000422EE00201071070081883B000844DC014020E20E00021177001088B8038040C41D000422EE00201071070081883B000844DC014020E20E00021177001088B8038040C41D000422EE00201071070081883B000844DC014020E20E00021177001088B8038040C41D000422EE00201071070081883B000844DC014020E20E000211770010E8FF01A4FF8EA31F8002050000000049454E44AE426082');


/* no   Norwegian,            */
INSERT INTO "Locales" VALUES('Norwegian','no');
INSERT INTO "Languages" VALUES('Norwegian','English','Norwegian');
/*Norway*/INSERT INTO "Flags" VALUES('Norwegian', 0, X'89504E470D0A1A0A0000000D4948445200000140000000E9080600000055F4EE3800000006624B474400FF00FF00FFA0BDA7930000000774494D4507D70B1211280C072003F40000041B49444154789CEDD7318A95570086E1FFCE5C451C104CE5A0D80981CCB881888D0BB0D1C615B8085114D3A55018A61A57109B2CC02C220611C1C242EC1485912162AE75048B1B32F7E0BCCFD31FCE571C5E38B3773F6D2F260EC5C6EECE74ECF2E5A5CF3D7DF17ABA78F5FE212CFAB6F39B3F4CAFFEF8E53F9D3D78F0703AD87BF43F2F82C3B7367A00C028020864092090258040960002590208640920902580409600025902086409209025804096000259020864092090258040960002590208640920902580409600025902086409209025804096000259020864092090258040960002590208640920902580409600025902086409209025804096000259020864092090258040960002590208640920902580409600025902086409209025804096000259020864092090258040960002590208640920902580409600025902086409209025804096000259020864092090258040960002590208640920902580409600025902086409209025804096000259020864092090258040960002590208640920902580409600025902086409209025804096000259020864CD4FDEB93D7AC391B57EE1C2E8092B71ECCA9569EDECD9D1336069F3E3D7AF8DDEC0776E7D7B6B5ADFDE1A3D0396E60B0C64092090258040960002590208640920902580409600025902086409209025804096000259F3771F3E8EDEC0573EEC1FACFCCE7F168BC95BA06636FD7873317A04C008BEC04096000259020864092090258040960002590208640920902580409600025902086409209025804096000259020864092090258040960002590208640920902580409600025902086409209025804096000259020864092090357BFB7E7F317A04FFF6ECE59BE9D28D5F577AE7B933A7A73F7FBFB5D23B61B4F9E95327476FE02BA7364EACFCCEB5D96CF216A8F10506B20410C81240204B00812C0104B20410C81240204B00812C0104B20410C81240204B0081ACF9DFBF3D1EBDE1C89A5FFA795ADBDC1C3DE3D07D7EFAD7F4F9F9F3D1336069F38F77EF8DDE70646DECEE2402F8E9C993E960EFD1E819B0345F60204B00812C0104B20410C81240204B00812C0104B20410C81240204B00812C0104B20410C81240204B00812C0104B20410C81240204B00812C0104B20410C81240204B00812C0104B20410C81240204B00812C0104B20410C81240204B00812C0104B20410C81240204B00812C0104B20410C81240204B00812C0104B20410C81240204B00812C0104B20410C81240204B00812C0104B20410C81240204B00812C0104B20410C81240204B00812C0104B20410C81240204B00812C0104B20410C81240204B00812C0104B20410C81240204B00812C0104B20410C81240204B00812C0104B20410C81240204B00812C0104B20410C81240204B00812C0104B20410C81240204B00812C0104B20410C81240204B0081AC2F339D3B5B490232D80000000049454E44AE426082');
INSERT INTO "SpeakLocales" VALUES('Norwegian',0,'no');
INSERT INTO "SpeakLanguages" VALUES('Norwegian','English',0,'Norwegian');
/*Solo pongo no, tambin hay nb-no, pero debera ser lo mismo.*/


/* pl   Polish,               */
INSERT INTO "Locales" VALUES('Polish','pl');
INSERT INTO "Languages" VALUES('Polish','English','Polish');
/*Poland*/INSERT INTO "Flags" VALUES('Polish', 0, X'89504E470D0A1A0A0000000D4948445200000140000000C80806000000990438AB00000006624B474400FF00FF00FFA0BDA793000002B249444154789CEDD6411180401003410E0DC8C1BF0ABC2C32F631DD0AF29ACA9999B90082EEED01005B0410C81240204B00812C0104B20410C81240204B00812C0104B20410C81240204B00812C0104B20410C81240204B00812C0104B20410C81240204B00812C0104B20410C81240204B00812C0104B20410C81240204B00812C0104B20410C81240204B00812C0104B20410C81240204B00812C0104B20410C81240204B00812C0104B20410C81240204B00812C0104B20410C81240204B00812C0104B20410C81240204B00812C0104B20410C81240204B00812C0104B20410C81240204B00812C0104B20410C81240204B00812C0104B20410C81240204B00812C0104B20410C81240204B00812C0104B20410C81240204B00812C0104B20410C81240204B00812C0104B20410C81240204B00812C0104B20410C81240204B00812C0104B20410C81240204B00812C0104B20410C81240204B00812C0104B20410C8124020EB7CCF3BDB23003678804096000259020864092090258040960002590208640920902580409600025902086409209025804096000259020864092090258040960002590208640920902580409600025902086409209025804096000259020864092090258040960002590208640920902580409600025902086409209025804096000259020864092090258040960002590208640920902580409600025902086409209025804096000259020864092090258040960002590208640920902580409600025902086409209025804096000259020864092090258040960002590208640920902580409600025902086409209025804096000259020864092090258040960002590208640920902580409600025902086409209025804096000259020864092090258040960002590208640920902580409600025902086409209025804096000259020864FD69D507B6A427017C0000000049454E44AE426082');
INSERT INTO "SpeakLocales" VALUES('Polish',0,'pl');
INSERT INTO "SpeakLanguages" VALUES('Polish','English',0,'Polish');
/*Solo pongo pl, tambin hay pl-pl, pero debera ser lo mismo.*/


/* pt   Portuguese,           */
INSERT INTO "Locales" VALUES('Portuguese','pt');
INSERT INTO "Languages" VALUES('Portuguese','English','Portuguese');
/*Portugal*/INSERT INTO "Flags" VALUES('Portuguese', 0, X'89504E470D0A1A0A0000000D494844520000025800000190080600000072351E9800000006624B474400FF00FF00FFA0BDA7930000000774494D4507DB020204121B917CCC440000200049444154789CECDD799CCDE5FBC7F1D76C6665C660C83EF6355BF67D2B7BA2445A141121ED1469215A68B155F22D8592D2A6B44A0851D62C651FBB6198C5CC98EDFCFEB8667E6366CE30C331B6F7F3F1380F33E77CCE399F733A396FF77DDDD7EDC6401C88C855C9F1DEE53E03111171C6FD729F80888888C8B546014B444444C4C514B0444444445C4C014B444444C4C514B0444444445C4C014B444444C4C514B0444444445C4C014B444444C4C514B0444444445C4C014B444444C4C514B0444444445C4C014B444444C4C514B0444444445C4C014B444444C4C514B0444444445C4C014B444444C4C514B0444444445C4C014B444444C4C514B0444444445C4C014B444444C4C514B0444444445C4C014B444444C4C514B0444444445C4C014B444444C4C514B0444444445C4C014B444444C4C514B0444444445C4C014B444444C4C514B0444444445C4C014B444444C4C514B0444444445C4C014B444444C4C514B0444444445C4C014B444444C4C514B0444444445C4C014B444444C4C514B0444444445C4C014B444444C4C514B0444444445C4C014B444444C4C514B0444444445C4C014B444444C4C514B0444444445C4C014B444444C4C514B0444444445C4C014B444444C4C514B0444444445C4C014B444444C4C514B0444444445C4C014B444444C4C514B0444444445C4C014B444444C4C514B0444444445C4C014B444444C4C514B0444444445C4C014B444444C4C514B0444444445C4C014B444444C4C514B0444444445C4C014B444444C4C514B0444444445C4C014B444444C4C514B0444444445C4C014B444444C4C514B0444444445C4C014B444444C4C514B0444444445C4C014B444444C4C514B0444444445C4C014B444444C4C514B0444444445C4C014B444444C4C514B0444444445C4C014B444444C4C514B0444444445C4C014B444444C4C514B0444444445C4C014B444444C4C514B0444444445C4C014B444444C4C514B0444444445C4C014B444444C4C514B0444444445C4C014B444444C4C514B0444444445C4C014B444444C4C514B0444444445C4C014B444444C4C514B0444444445C4C014B444444C4C514B0444444445C4C014B444444C4C514B0444444445C4C014B444444C4C514B0444444445C4C014B444444C4C514B0444444445C4C014B444444C4C53C2FF70988C8F915DA011583E06818ECA90AF865BCFD083038142A1785A01D30F2C4E5384B111149A380257215084880550BE1C59761F642F0F6031CD0B7AA0D43479E81467DE1991761505940014B44E4B252C012B99C528028203AF51203F91CE0970F7CBCECE29B0FF225D9E1450AC2571F40CD9A191F66F36658B1C27EDE991F869703E2D32F6EB1100884A65ECA02A5008F4BFE024544AE4F0A582279251E08074E80770214CE0F2181101A0AD59A41EDEAD0B416142B94F5AE4386E4FC692A3787B7A7677DEEC8CDB07B0DECDD0CEB7740D81E483E0E1ED116BA6E04EA01F92FF4F58988C8FF53C012B9544E0147C13B128A0542F992D0B21B74680E0DAA673CF4C409D8BB17FE580A7BF6C0C1839092026E6E76FBD6AD397FDAAD5B61C408BB3F80B737942A65412EB425DCDC0FFCFDD38F4F89803D3FC1C65F61E22A381D065ED15017680914BFD0D72F22721D53C012719544E000F84440E920A853137A0D846EADC033752E2E2A0A366D82E9D361E74E484A9DFA2B54C80250D9B250BF3E9428011E67CDDFE56604AB5A3578F3CDF4DFCF9C81FDFB2DC0AD5C09F3E6414C8C85B77CF9ECF81B6F844EDDA1874FEA7DF6C0DF7361CEF770681B049C8236403320DF85BE3F2222D711052C918B110FEC81224950B104F4B90FFAF704DFD4A0B27B377CFA096CDC08F1F110146461A66D5B1834286388BA54BCBDA14205BB649690005BB658E89B3F1F1213EDF8468DA0E9206832DA8E8BD904BF4E85677F85A430689C045DC8B29851444452296089E45602B0074212A07625787C02DCDCD46E8A89819F7EB482F3C4441B916ADC187AF706CF2BF0FFB67CF9A04E1DBBA4397D1AD6AE851933202202FCFCA04307E83C1D6EF5044714AC9C04E33E81F8DDD03C193A01DE97ED5588885C79AEC0BFF245AE5047A1C011A8130A8F8F85AEADEDEAF07078E71DAB7DF2F787F6ED61FC780B2F57237F7F68D5CA2E009191F0CB2F3072A44D693669025D9E86A62F40CA4958F62A8C9903DE07A02F50E5329EBB88C89542014BE45C12C1630794F5823B3AC173436DFA2F220266CDB2A9BF2245A0674F78E8A1CB7DB2974660A0BDBE9E3DC1E1B03AAE71E36CCAB37973E8F43CB49A00916B61EE3330FD0F681A073DD15F302272FDD2DF7F22CE9C06BF3D50A738BCFA1634A96B572F5F0E5F7F0D010170DB6DD0BFBFEB9EF2C8115B41B877AF5D8E1CB9B855840E87DDBF68519BAA2C57CEFE2C5AF4C2CFD1CD0D9A36B54B4A0A2C5B0663C658DD56DFBE30E467E00CFC391146CD801247E101A0C0853FA588C85549014BE46CA720280C5AD786295F408962B6F2EFEDB76DD55FF3E630610278795DF8534446C2BA755658BE678F0521B0E093B692B0552BFBDD3D75B7D00B5D45989202478F5A60DBB5CBA6FAC2C32139D96AC2CA95B3A6A575EAD848556EB8BBA74F254646DAEAC41933A04103E8F50C341C0BBBE7C1AB63C173270C014272F7142222572D052C11802828B41FBA378329B36D1A70FF7E78FE79AB3BEAD7CFF92ABC9CD8BBD78ADE376CB09609050B5AA0E9D2C5024EDA2815D8EDBB76C34FCB61EB2ED87FD802D2F1DD397FBE2DCB606403285C040A9580E29520B436D4ED0ADE6775114D49B180B771234C9A6421C9CB0B6AD786162DA074E99C3F6760200C1E6C3FFFF9A7D56B952C69237CE3EE828895306310B0051E7280935EAA2222D714052CB9BEC540F03EE8DC1066CC027F3FD8BEDDEAAB424260F870080ECEDD43C6C7DBD4D9D2A5B622AF4C1968D62CE34AC29818D8B419E62C8435EB213C1A8E47436402447A41B21FE00FF8000150C637E7CF5F3D06C66EB1ED088F0307819F807DEE70A600B81502CFC250E546A8D5116EB9057AF4B0FB2626DAE8DAE79FC3BE7DB682B05D3B1BB9CB69D17EC38676D9BD1B5E7DD55EF39021F0EC6638B614A60C06DF7FE1610704E4FC6589885C5514B0E4FA9404F97742C71BE1DD191054C0A6D066CEB4919B71E3ACAE28A7E2E260F1621BA9727787366D60F4680B28602345B33E821F97C181137034168E7AC199FC40102EDF9FC61728997AA99D76650AD65DFE1424EE82ED7FC2E699F0A51FC41405EF1250B71D34BB171E7BCCEE121303BFFE0ACF3E6B23792D5A40C78EE0E373FE732857CEDEC788089B3A74386C94EBF96D70E80798F81054D807F7621B568B885C4B14B0E4BAE3B907EAF9C307B3A06A059B0A7CED15AB791A3B167C73385A949262354D8B17DBE84EA74EF0FAEB16B06263E1D7DF60EE42D87D148EB9C1FE7C9012CC15B1F78C175033F5422CB00712F7C0BA15B060228495049F72D0B20FB4EF05B7DE6A755BCB96C173CFD9CF1D3B5AC3D4B3A7389D090EB680161E0E53A75A387BF86118B717D64F86C75F823B4E41934BFDA24544F2901B03715CEE9310C913A7A0FC7198F804DCDED1469D66CCB06EE64387DACAC09C3874083EFAC86AA3DAB5B3269C1E1E56C3B4E00BF8F267088B82BDDE10130CB8A05B7B996DB077999D6FB36656987EB6CD9B6DF46CF060185216A6EFBBF8E78C079601BFDE00F1E5A0414FE83600F2E7B7D1ACEFBF87254B6C5B9F7BEE8162C572F6B8870ED95641152AC0BDF7825B22CC7F00FEF91C1E4D507D96885C1B348225D7BE1408DC0D773680E9F32C0C7DFAA9159D0F1992F362EE356B6C3B9922452C18142F6EE16CC1E7F0E922D8711276FB437C10D7445F021FE066E0E6C3C06158F307BCFA1A44558256FDA14B6FE8D60D0E1C800F3EB0A9C0DEBDA15EBD733F6EF1E23675B86E9D4D45F6EE0DBDE742F4B3F04677A8BC03EECC83D7272272292960C935CDED04D48C83D96F43EDEA56783D7D3A74EF6E5FECE79392028B16D9546083063071A2ADB4DBB103063F067FFE077B03E06420D7FCC67C0D80068721E5302C5F09A35E8680FA70CF181835CA0AE4E7CF87B9736DEAB053A7734F1FD6AD6BAB29E7CFB7D1B0C71E83E7FE833F5E80275F8511B15022CF5E9D88886B2960C9B5C90105F7C2C0B630E1290B4AD3A7DB88D3C489E7DF17D0E1802FBE803FFEB0519AB7DFB6EBBE5F6C6D1C7626C0AE40AECB04E00EB44C8496DB21623B7CBC18F6DD089D1E83BBEFB6CB2FBFC0A38F5AB17FD7AED9072D37370BBAA74EC1E4C916BABA8F859B06C2DB1DA1FC46E891A7AF4E44C435B47847AE3D3150250C7E7A0D263E0DDBB6C1934FDAA8CA8811E70F578B16D9712121F0C61BD6B57CFA7BD0B43BDC3D0B7E0C825D21687763201878E4384C5A0267FAC0630D61CE3468D9D29A9DFAFB5BD05ABCF8DC8F1314042FBE687F8E1C09519EF0E406081E05CF7B434C9EBC1A1111D7D108965C53FC0EC1ADA130FB430B52B3665941F6A449E75FEDB67E3D7CFCB1AD8E7BEB2DBBDFEB53E1D31F619B3FC4E6B088FB7AE406748E86CE6B60ED4618F93FA8D50FEE1A6CC176F1629B027CE001A85123FBC769D5CA7A684D9A04F5EBC32D2F43AD3B614217B8FD00D4C9A3D7232272B1348225D70607DCB00FDEB91FE6BD6D05D723475ADDD4A041E70E57C78FDB7E7A1B375A9B85B66D61DA4C68D01D9E590E7F1787D85C6E23733DAB7F0626AD83EA4FC1D38DE1D3F7AC99E96BAFD946D163C7DA7B9E1D5F5FEB219694042FBF0CBE9561FC5ED8D0093E3D4F481611B95268044BAE7EF1502D1C164E83CAE5AD83FA8A15F0C20BE76E88E970D808D79123F0F8E3363DB5E84778711AFCE30B71D7617D952BD58B877A7FC1CA2DF0E887D067020C1C68F55653A6D8EACD7BEFCD3EFC76EE0C37DD64DB15F5EF0FF77F07AB26C2CBCFC3136720878DE545442E0B8D60C955CDF314747487BF1742A572F0CE3BF6053E7AF4B9C3D5BFFFC2134FD808D7E8D110710ADAF786BED361ED0D10179477AFE15AD7240EDE5C057B6F87913D6CF3EC3163AC97D7134FD826DAD9295AD436D7FEE1075B69D87824F45F02630BC3B1BC7B092222B9A6802557AD80E3F0C88DF0FD07369D3476AC6DE5D2BD7BF6F7494EB61581BFFE6AFBE455AB06C3C740B3C1F08B3F44A9CEEA9270037A1F87B15FC28236307D0CD4AA05AFBC62C169DA345BE9E9F4BE6E306C9875C87FEB2D28D2085EFC17665682ED79FA2A4444724E014BAE4A850FC3C46EF0FAB3101666AD179E78C2025376F6EDB37E4D9D3B5B83D1DF5741CDCE3065271C2E8D26CCF3802FF0F82E68FB0A3CD91CB66EB40DB5DBB7B79AB9FDFBB3BF6F870ED6F2E1F9E721C11B9EDD0ABFB5B06EF32222571A052CB9EA943E041F3D0A0FDF67DDC03FFBCC96F8173847F7F4CF3E83050BAC68BA7469E8FB08741F0FDBCB724D745DBFDA544E8449AB60CDADF0C6A3B631F4F8F1D6617FE1C2ECEF57AE9CB5DC78E51538120E837F87F07EF0858ADF45E40AA3802557958A87E1BBD7A0636BABCBD9B4C946AEDCB3F924C7C75BF82A51C28EFBEB1FA8D609E61D87E81C6E912397861B30E020F49802A39AC2FE3D169E82832D08272438BF5FFEFCB6E1F4071FC0962DD0F30328F21CCCD308A4885C4114B0E4EAE0802A4760F15B50A38A6DAF929202FDFA657F97B0305B49386488350B7D7202DCF204EC0C0572B8B1B35C7A659261E21A58D41EE6BD61BDB0FAF7B79ABA83079DDFC7D3D3A67B57AC8055ABA0C5F350FE15F89F96168AC81542014BAE7C2950331C7E9E01E543AD1968C992B6D75D76962CB129C171E3C0CB079AF482497F4154796CE844AE281EC0F030081D032FDD612D335E7AC9F6355C768E22AB418360EF5E6BCDD1F031A83315DE51877D11B9022860C995CD01B58EC3AF33A1647178FF7DA85AD546A4B2336F9EB50278FC7158BB05AA778355BEE0289C77A72D17A6F16978E87378BE011CDE074F3D05E1E13662999D3E7DE0E4499B32AEF320B4F81FCCF0CDBB73161171C68D81382EF7498864A7C651F8F95D2856D47A5C35690237DEE8FC5887033A74C84F505001828260EF21F8370C92FCF3E65C13921370381C78E4F3C0CDC385C3640EF03F055DDB5ACFA8E06008C834C5191565DDEB2B5582BFBE859B4EA7DFE6B2019DC444484E269F9B1BFEE7DB77E822A5007F0542F13650B2A24D15C6C6C63273667CB68D49172FB653ECD60D36FC0FD60D8607B2A9E31211B9D414B0E48A55E5287CFF268496B591AB860DAD39A5330909D6AAE1D75F4BF2D5579BF2EC1C1D0E07A74E9DCAB3E7BB1CA2A3A3494A4ABADCA7C1C891DD68D9F210234766BF61F7E2C5D637AB4307583315763E067725E6ED798A88803AFFC815AAD27158F8AA85ABD9B3A14E9DECC3557CBC350D1D3A14D6ACF1A060C1827979AA040707E7E9F35DAF4242F2316890AD301C3912F2392968EFD811BEFCD26AB25A0D85B818583006EEB8FCF95044AE330A5872C529190EB39E86AA95E0934F6CDAAB5E3DE7C79E3E6D1B343FFA287879C3CE30BBFEF30F3F64ED9B6F12EC7DF5563C9F4E4A2221BBF6E6D789E59191FCB17B370007B7D9F4E8F0E1B67DCE934F829F5FD6FBDC769B7D6E56AD82962361C121F86D2AB4D658BD88E421052CB9A2148E80717742B386F0DD771012028D1B3B3F3632D2B64E79F24938930C757A4072EAB28D84E8681EDEB89173B5BAFACA07F6FA408D38D8EA0F35A2E09F40B8F92454B98273CD3BF921C801496E1003144B81304F7828F2CADD00F9533F38E50525CFC04E5FA8116BEF79F708CEF9DF6854F9F2FFFF73919330A1358CFCD51630BCF61A3CF698F5C5CAAC4F1F9831C36AD5EE781B66EC801B7E802AAE7F6922224E6915A15C310222614453B8EF4EF8F34F387E1CDAB6757E6C6C2CBCF9263CFD34C42440EDDB61B71FB825E7FCF97E2E059BDBC3E381C028E8E70D419361CD153EE8B5BD29CC28055FD680EFAAC32B45E1683788BBDC27760EBF55823F9AC30B8560FF9DD0DF1B825E86CDB9788C931ED072398C6F04F93C2C584F9E6C9F0567060F866FBFB5558883BF876FEA40B84B5E8D88C8F92960C915C1231EEE280ECF8EB095727FFC01F7DDE7FCD8B8382B686FDA14C64D800E5DA09C2F3C5619CAE6A21543616F98F5196C3C0AC39F80B018DB2CDACB352FE992295A007EDF0A5FAC846F57C1AA5D50BCF095DDDEAB900F7CFC2DAC3D009366C0BE48082D93BBBF80026AC0E697E04861E8D91626BC0C75EBDA7461765DDF9F7EDA46B262E360C432985C1AB4B05044F282A608E5F24B812671F0CE449BF69B33C7BA7867B67DBBF53AFAF967080D85234760D00078E9F9F4633A7674FE141BB08D86D3BE5CF30165F740C75A704319484EB22F69B78330200E7603C780C2A97F96E4DC535997420CF02F100C449CF5E799A5D0AE1E942E014967E0641454DE073BB006F531D8F68AA7804A40601E9EB303580F140422B1F73C1928B3156EAE0D254B437222C4C683FF7E1890FA1A4FA5BEBEE3402850CCC9637B7BC390D1E9BF87875B108F89819E3D6DC3E84E9DA04285F4633C3CE09147AC30FEA59760C46298D40446455E92972F22F2FF14B0E4B2AB160E9F4E072F2FDBDAE6D9676DA9FD993316A87EFDD5C24FD5AA70F3CD306284DD2F31D1F622FCE61BD8B60D92936D5AD199D79BC17F7B21391F900C294950B91C340E84E7BEB1639292A05F65F861182C7807BA3F0C1F4EB3A269C75FF0C1EEBC7837D26D00E6F4832FE642D7DB60C9F750A106148A807BEF867B1FB5E316CD8739A3E0D5B6B0ED2F68DB1716CE821E83A1D57B706B365368974214F06A0B38B61BDC0A437234B8794289C2D0B018BCF4B91D77E8103CDD1CBE1906336740BFA1F0E114E8370CBC3F878907B23EF6A143B652146CD3E79B6EB250D5BDBB5DB77DBB4D09EEDC69C5EFAD5BDBB63B818170FFFDF0F6DB16B65A4D86790FA97D83885C5A0A587259153F01938743F1E256B07ECF3DB6C4FE871FECF60E1D6C9560BE7C16A0D6ACB1D1ADF0700B64B56A41CB96F0D043B6E173972ECE9FA7467918F37EFAD2FE8404F87202C447D9A8D933CFC0B4699094027DEE87874640B162306C9815DA8F6F98276F47169D6E830787DA885D58989DD3F84EE01B688B00A2A2A0680804FAC26B0BADD96848080C7B1C0E1C80E899797BBE8140EDAAD06D86059BB8381B459A3F0A12BCEC9CA64FB7A93B0F2F78FCD98CEF75B162F0F657CE1FBB7469983AD57EDEB913FEFACB02D5E9D350A8907D0E060DB270151B6B9FA33163EC1C5AB4803265AC4F56C707E0BF95B07E16D4C9AB374644AE3B0A5872D9789F86FB6AC32D6D60CA142B6CDFB1C346255E7BCDA6840E1C808F3E828D1B6D54AB6E5D2B5E2EE66C0EE91C6257C29383E08622F6FBE170A87618BC6EB480B529B53769514F78BA0F789E35AF16150963235CF39A73A30630702C143C6BCA2B6C1FB40B07BF200B5C919150B62C943D051DEADB1E7E69124EC29C3C1CBD4A73E03718BD138AA4B623DB77109A1F03B756B6A5CDA64DB6F2AF5002DCDD06BCCEEA4A9F701AC69D3CFF7354A86097DEBDEDF713276CCFC2E79EB37055AE1C74ED6A5386C9C976DBB7DFC2AE5D70EA14DC3B1346AF858A9BB4EFB7885C1A0A5892F7CE00D1502D02826E841E3D6C0B9C99336DF461CD1A9B2A8C8CB420D5A1033CF0808D505DA85B7640C357A070711BC53A7608FCBBC02FF56DF42C6DAFBBC27ED00218FDA79DCF030FC084DBA0FDB7AE78E1B913045439092F2EB066AB77DE0913FA41DDB5E015027DDB414A0AECDF0F95A2A04B33786A2E7CF8210C1800E3AB40B1CBD0FBA9E34128FEA94DD7962B077F7E0F5586C36FDDA07265EBCAEFEE0EF93DA1417E18BF1ADE7DD7469F46B784465B72FF9C850AD954EE6DB7D9EF3B77C2A245B6D2B440010B5B9326D9C8E5DCB930702094EF09130EC0F8CB109E45E4DAA7802579E704543808CD6F821BEB40A992101D6DE12A2C0CEEBDD74255C58A36E557AB96EB9E3A19082C02EBD6D9EF356B429C1BE4F3B76D578A17B7EB1DDE364D083672D6AB17C4BBEE34722D9F8FFDB96081D514393C20D61F6EF0B3E000362213EB0DA7536CBA6CF66C0B580997E9FFEE680F7B4F972CB140E357C88AD8FD0A58B84D1B7D4CF104BFD49618D3A659C072D69DFD4254A8905EAB1715055F7F6DC1AA7061B8FD760BCE9B36C15B3B60C0AF30E970DE2E0610916B9F0296E499CAFFC26F3FD9D6369191360558B8301429927E4C52927DF1FDF4938D2005065A2FAC162DB2DF7F0E2C64AC5FEFBCC83D0558EF039E1BA15123BB6EDD3A88F085F5FBE0975FEC5CFCFC607B3C9C89B5958C8306D9B4D2FAFDB6AAB09C2BDF8C1C8802B625C0DF7FDB885E7838EC8A000F4F28B4D2EAAD0202ECCFCD9EB02DCCCE77D0203BFF2D317002289487E79C08ECF4827C3B2CC8007CBFD65A5FECDC61EFB58F0FF8FAC2BE1438156EE7FAD453F6E7BA70D80F9472F2D8A74FDBE7E35C9F03670A14B0DABE7BEEB1F770C102ABE56AD60CA6BF0F7BF7C088C170CB3AE81D7571AF5F44248D367B963CE1BD0DCE2C87264DE1F69E56839390605F7891915627E3E909B56B5BA04A1B518A8CB42FE5DF7EB310D4BDBBAD1E5BBFDEB642D9B3071C0EAB3DAA5307DE7BAF0C3FFDB4977953A6D06CF8704A03AF5684E02170E048FA34634A0A140B814347329E67FE003B97D8B3BA763A1CE095005DA7429D3CECF03EA20994E90CD131E9D7252543896270F070C6F32B7103EC3F6805E56902FC61EF5298B634EF7A64BD501D8A3E0047C3AD660EECFD2C9EE99C01020BD84AD1F833E9D7797A42DC211838DBDA358C2A5F9E093B7702D0AE5D28D5ABEF2539D9025A9D3AD0A041C6B60CB9B162854D0D87845881FDE2CF61DD6878EDE8853D9E88C8D934822579A2E021183DD546ACEEBCD3F931494936B2347B361C3E6C234A1D3B5AA8EAD9D3FA1D2D5860DDBB7D7C6C9AE7F1C733DEFF9D77B23E6EED63F0DE22F0F6CD78FD8E5CD4FAB84740B93CDE3EA7E07158BB323DA8A4D9B535EBB1BBB767BDCE019408CFDB06A4158FC1D73F8267A6A9BE9D4ECE393BDEE150DCC9F52121B6D214AC907DDDBAF4B60C6075580D1BDA68A7B3ED73326BD6CC2EFBF659717CE5F290D015BE9A0DDDD5C241442E920296E489D2556DDAEFAB6C96E0838D5E34686017B0FAACEFBFB7CD7D3D3CA05B37EBEE7EFFFD70EC9805B1A953E1642CC47942443C4EF742291305258A43D9EACE9FD701243BC0339B24E270C0812FF3BE46A7F869F06B009ED96CDD93B62B9087F39B21193C2FA060FC62948D86B2E5A05859E7B7A70029E779AF4F7E06CE5EF29EF5F07053082803F53B41FDE61690D29C3861A39AE3C6D967A770611B0D6DDCF8DCB55D65CA588FAC5F7F85399FC29785A0EB9173BCAF222239A0802579222A025E7E31EB68CCB9E4CF6FA35D77DE69755BDF7E6BABBF428AC280FEB617DD934FC2D265F0FABB70FC30389CAC34ACEC00EFE570EBF3596F5BF40184C741F91AB07105F4BA1F8ADE90F1989FBE84BBD6E4EAE5BAC48307E1D12530EC7F19AF3F730666BF022135C0DD034E85C15D83B3D626BDFD30BCB927EFCE17A0493C7CF13BDCFA64D6DB3E9B0689BE50B434FCBB16FA0ECED85602E0D3A93070BDF3C72E170FD35642F44AF86B3ECC0F817D41E008811BAA5BE86AD224BD175A78B84D2D3FF5944D47972D6B81AB4E1DE72B52DBB6B551B1B7DE8446BEB0F64ADEDC5144AE780A5872E92541F9E0EC376ECE091F1FB8E30EBB8485C1C71FC3DE7D56D3D5BB172C6A6185EEED6F767E7FBF82D632E06C9F4D869BEF80A2A5AC29E5EBEFC2BBE3A1DB7D50B24CFA71F55BC1615F2ECB6ECA8145339E777232BC390CC64C83DDBB6D5AB44C1978FF2578FCF58C355821A5ADE83CAFF756F477F25ECF1C037D1E061F7F6BC3D16F1A4C190D039E81C0B34256DD5670E80DE745EE69F203AD53A0F511E008B01D8E2C83B5B36072089C280A8195A1F55D16B67AF5B2FBEDD9632B1B3FF8C07E6FDEDCA6A0D35663023CF1047C3E0F3AE4A0179788C8B92860C92557621F8C9FE4BAC72B5DDAB6D3713860F9721835CAA6F8FAF4B6AEE6CE380A64FC7DC7564871839092D697A97E7DEB93F4C4687869208C7D3FE3F3FD19449E07AC78C03BD312C039AF438F47ADC8FF486AD17E7434DCF9087CF41ADC3F32FDD89255E000562C9E97DC32CDA5AEF90D4A54B22D73BEF802CA97B7F77CE84BF0FA08787646FAB1A52BC096406898CBBD028B015D13A0EB01E0009CFA1B967E014FDC004743A1562B68D3C6A698FBF74F6F3E3A6E9CB57168D4C8563D0604C0B477E0EB5617F71E88882860C9A5150FAD4AB8B6A7551A37372B686ED1C20AE03FFDD43ABF03381C1917C7BA652A7AFEEC2D786AAA758C7FEC311B21F3F0B0118E9AAD61F306A859DB8E2D5204C2FD5D7FFEE7B31F285939E3757BB642AFE1F0D942DB6E062C18D6AE0D617B6C7564DAF457E91B21CC536B65E70000200049444154034293C95399DFEBC51FC1D80FE0C5176DEB1A3737EB4BB5650B8494B33D06D3568D962E0D8B0B603B455F846820DC071CBE107D126A56B72EEE2FBC60AB0E6BD6845B6FB5DE6260B55B63C7DAFE963D7A40443BD8BC086A5EDC6988C875EC227A638B9C5FF97D30FEC54BFF3C0101D65CB36449FB3D2A3A3AC3ED2999BEF41313AC2EC7DBDBC215D894D1EAD5D0A9272CFE38D3135C862E9487DCA178D5F4DF0F1C8092A98B053A764CBFFE8E3BE0B3CFA04E5BDB52284DE95008CB54E374A9C5027E45335DE96EDDE66FB821BD06AF5B375BC0D0B10F2C9A9D7E684000C45CC0DE3587814FFC60443918DC043E1E0A757F81E95BE0C775B06225DC7D37BCF28A8D56356D0AB3665943DB89136D85E2A44916B80F1C80F810783C04F5B011910BA6112CB9744E428B7256237439ED06361EB6469669761CB1158D274F5A23CF349B37DBC8CA1F6B331EBF21D656C0E5E5BF48560740F25F70F898FDBE650B142F6AC5FEFDFB673CEFE5CBA1736798F126B4686FD72526C26A2FB8270FCF7913F0CFA1F4F72E3919C24ED98895C391F19CB76C81A34761D10FE07756D1D5E6440B36D9AD87880336006B0BC17FC19052048AD680367741CFB3560C3A1C16387FFED1DA7E0C1D0A3366D8163A5DBA586B0680BD7BAD1FD6EEDD50A386ED2870F7DD369DF9D0D33071171474E59B2422D705351A954BA6DA5AF8FD275B2E9F57BA7429C3A2457B99317E3C9D478FA61430B41534BF2FE3716E1E3695B6F99F8CD77B794195CA160C38ABEF9523050EBC024FFE77895F40AABF3DE1DB2150A54EC6EBDD3D6D3A74EFBE8CD70707DB345B4A1219865DF6EF823A93A15D1E6CFA1C0B3CD9119AF7CA78BDBBA74D5D6EDD96F17A1F1FA85821EB7B9D74064EBE0CC3C232361A6D523594DA05F6E25B126AB783FAADA152A5F429D1A4240B702B57C08E5D76FD8D37DAE6E1A1A1367A75F7DDE0EF0F6FBC61D385997DFFBDF552AB5C191E7CD01EF3A9AEB068B7CBDE2611B94E68044B2E8D3DD0B659DE862B67DC806211B02F9BCD9A9D9556ED76D23B2A2505AA4567BDFE52299E04899B60DF01E7B7673EEF3380B38E0CD151107AC6C90D97800F50F0482EDFEB4D59AF4B4E82FAA7B35E5FB60E4C9F97FEFBFEFDF0F557F0F73A1B89F4F2B2160CDDBA5B217D66C386C14B2FC184093695FCCF3F366275B64E9D6C95E33DF7D85E94FFFD07291560E51E68A27F8A8A482E2860C925517E1F4C3C4753D1BC34661336777515B90118BFF4729F45EEB803E3D603D9F4B1BA58274F5A21FAF1E356CB55AA946D9BF4C41359FB6939E3E7678B2D56AD4ADF05E0CD37B31E3778B0AD727CE1059B46DCB3077AFAC16127A14F44243B0A58E25A89E0F71FD4A80AFFFB9F152D57A902D5ABE76CFB92ABC1FF0A14E0C73A75082D56CC658FE9E9E1417E3F3FE7373A1CD669351B91B1B1A4A45C9A7D7C0AF8F9E1E1AC2B27D82A81E464D66CDBC6946DDB9C6E6FE34AEEEED6D5BFD045EC5E7DE79DB66AB4614368D7CE160CDC9CA9775AD1A2366279EC98D56DF56D0C9B15AE44249714B0C4A54297C2CCF721B4ACFD1E1D0D5BB75A617674B41520376A643D8982832FE3895E041F2F2F464F9942CD9A5AC40F3063CC1892C68DBBE4CF13147471E10AE0F4692856CC46A75E78011E79C46AB432EF303078304C9B6623660D2A838F6AB044249714B0C4650A6DB61A96FD61B073877D91952E6D2BB6FAF4B1631212AC15C2DB6FDB0841B972D6E0B16CD9CB7AEA728D4A4E864D9BAC53FFCE9D364DD8BA35FCF083DDD6AD9B85FF6EDD32DEAF7061BB3D3A1AEE7F153E5C0143F3B0064F44AE7E0A58E232A7D640404BAB7179E41178FE79B8E51658B0C0460EF2E5B38EE9EDDA597350B0A5F19F7D66752EA1A1D0BBB78532910B91B69270D932FB4C797ADA4AC2AE5DADC12858703A7A04C68F85E7C6C18811767BE651AC7BEFB55E592346C0CE1A90B44A7F618A48CEE9EF0B718D64B8E37EF0F186F1E32136161A34B07E4D69CE9C81B56BE1D147EDCBAC460DEBA6FDD45376FBAE5D307B361C3C684D3F7BF4005FDFCBF372E4EAB073A77DA6D6AFB710EFE909F5EA59F3D5B3474577EC80F75E818D3F81FB7EA87FC49A93268DB6A6ADDF7F6F7DC4CE56A1827D169392E0CE31B0F036E895472B3245E4EAA78025AEE101078F42A98236BDF2FCF3F62FFFB3797B43B366D6D471CA14EBA03D6B966DD25CB1A28D5E8D1993718F413737B8EB2E1BF992EBDBE9D3306F9E35834D6BD45FBEBC7D366EBDD5A6FFC03E3FDBB6C13B13E09F259072102A9D8056C7E041D21B985602E63F03774DB2D09F396001F4EC699FD7BE7DE1D3F2D06B6B1EBC5011B926286089CB1C8FB52FBA33676C04CBD9D2F9D5AB6D74CAE1B0CD8AD396C9EFD86161EBE04168DCD8EAB25AB4B02FD2B973E1DD77AD38BE4F1F6B1429D79F98189B46EEDA35E38AD4A82858B502567F0B873683FB51A87C0C5A46C020B2EF08DF0898BF10FA4E86BA75E1AFBFACED4386631AD9E7AF6F5FA8D0C13609AF78895E9F885C5B14B0C46542026C8FB74F3EB1E93D67E6CD83C993E1C71F33EEA757B162FAD625AB56C1E8D1B6F9729F3EB65F1C58381B35CA46C2FAF7B7F60F72FD285AD4FA586DDE0CEB97C0B615907C18F21F8706E1D02F1E4AE4F2315B85C1CFB3A1771F78F6D9AC010BA05A35F8F75FB87B34BC3D17C61E75C9CB11916B9C0296B8844F2CDCD2D87E5EB52A7DD5E0D90E1CB0E6909E9EB61FDC9429CE1FAB7163BB4445C1A79FDAD62575EA5877EDB7DF8613276CB46BF2649BC2B9F9E6AC05CAD78A9DFBA358B2F6E005DDB742A940DAD4BFD4DDA9F2CEEE8DF07C35A87E029AC4D8749FC7453E6657073C3E15DADF07050BDAA86AE6F6667DFAD867EDC51721AA3A241E05AF8B7C5E11B9F62960894B548A8107EFB7AD452A57767ECC471F5907ED7FFFB55181F385A2020560E040BBAC5F6FF559DEDE30608015C62726C2C285369AD5B0A105B06BCD9A2DC718F4F2F20BBAEF5D1D2A5C5301ABDC697875DFF98FCB0D77A0EC36D8FDAFAD1AFCF86378F2C98CC70405D994774202741C063F2C87AE89AE3D0F11B9F664D3A25924774AF95A71FBFCF9D62D3BB39414080FB7D18179F3AC703D37EAD481B7DEB260F5E597B611EF4F3FD96AB1FFFD0F6AD7B62FC663C75CF37AE4FA71F769F8F859DB9FF0C001AB0FCCAC634758BC185A7785DFD44644447240014B2E5A400CDCDAD67E0E0F77BEC1F3E2C5D0A1838D026457009F13850BC3D34FC38C19101707FDFAC11B6F586DCEB46917FEB8573A9F7C1EBCFB4C73E68D6F43E1209F2CB7BBB9C184A10DF87AF22D542A1D7819CEF0EA550888DA60ED18DAB685254BB21ED3AA15FCFEBBD5057A5585EC372E1211310A5872D1CA9F863B7ADA345E9D3ACE8FF9E517DB9264C182F426A317C3D3D3561A7EF491ADF4EADD3BBD30FE5AD4A34D28037B54A5CF2D1578A867B52CB737A81EC2C87EB5E9D6A20CCFF6CFE63F8264ABCB0158F479FA4855661E1ED6283736163A0E81EFBDF3FE1C45E4EAA2802517AD4C808D1C7DF515DC765BD6DB6363C1C7C736EBFDF34FF8FC736BCBE02A8D1BDB73B76F0F6161AE7BDC2BC9FA7F8F733A2E89C4A414566FCEBA8C6DE7FE288E9C88C5E180151B8E5C8633BCBAB53C034BE78097978D069E71D250B473676B48DAE21658AE694211390F052CB9287EA7A15DEAEAC193279D4FD12D5A645F4EA74ED9EDEFBC03AFBF6E1DB85DA9654BEB93742DDAB6E714A53BCFA54C9779FCB226EBAAC21391F154BC6D3EA1DDE631F3CBED97E10CAF6EEE80FF3EEBB5D5A183ED559859D3A6B06285FD43C1A322A8CE5D44CE45014B2E4AD958B8B52B6CDF0E55AB3A3F66E54AFB72FAEC7358BDC9BEA0A64F872F16C29C39797BBE57B388A8331C3E1E0B80BFAF273347B760CE4B6D082E60F35531B189EC3B1C73394FF1AAD6752F7CFB557ABD5566EEEE76494A82463D60B5FEF6149173D05F11725142DC6C73E61F7EB08D9D338B8BB3E941373758F41B2CF18116DDAC97D5C409B6F1EEA851F6A52539D7AB7D790674AF42DF8E1518D05D1D575DA1610CACFE22BD8E2FD1C91055E3C6D6F0B6FDEDF0F30D797B7E22727551C0920B9708D5CBD88F7BF640B972590F59BAD48ADA6362E0D069480E8435C5A0794F58BF01EEBBCF8AD5FBF7B7158892337F6F0B27363E8984C414FEFC47BD295CC10DC8B70FE2E3ED33BB6245D6636EBED9DA830406C2A952797E8A22721551C0920B56220EBA75B0F01410E0FC98DF7F87D6AD2D681D4EDB43D007FEAB02DD46C0B49950AF9ED5643DF104AC5BE7A293BBC687C436ED88A074E77994E9328FDFD71DBEDCA773CD687512962D8376EDE0E79FB3DE1E1868B58600C56A8176CD1191EC2860C9052B7C1A9A34B1AD711A37767E4C5C1CF8FAC2373FC021DFB36E70870395E1D9AFA0CF00EBDA3E6B167CF6197CF8A10B4EEE1A0958EEEED6EEDECD0D1EEE559D51F7D7C6279FCD619D888CE7C889D8FF3FF6EE4E1579F9E106140AB43E599E1EFADF3BB7DA84C192EFEC1F0CA74F3B3F2624048E1F876677C272B56B10916CE86F60B960213EF645F4C71F16B432DBB3277D55DF8E4338DD382EB2242C8886A69DE1E041983811FCFC60E8501B19BBDEA53515BDB56559A63ED594971F6EC0903BAA6739AE76A5427CFC626B46DD5F9B9706DB8EC521C1591B92CAB9F9A640EC2EFBB94409FB4C66D6A4897DE61B3486B5C5B2DE2E22020A5872A152A0546AC7F69327213838EB21CB9641F3E6B07B379C3AC7EEB8C941F07729687D377CF135F4EA058F3F0E0F3D041B365C9AD3BF5ADC5821187777378E45C4FDFF162EC74EC665392E22EA0C6712920138146EA35A752A3B69A92FE75532DAB6CC69D60C963BD906B25123EBE7E6E303F145F3FEFC44E4EAA080251724E834B46F6133719ED96C19BE71A36D61B372251C3ADF604A3ED8530D064D87FB1FB67DE13EF8C03ABF4F9BE6F2D3BF6A8404FBD2AC7631566E3A4AC3FBBEA4DD90EF98F37DD62EAD614762A87DD717741ABE98973F588FAFB7271D9AA80AFB42343B66235437DD047FFD95F5767FFFF4D155BF72109BF5101111052CB9302513A141030B51356B3A3F2639D9C2D7B295702C5FCE1EF7445998130E0D3BC0DEBD307E3C94290303075AA3D2733978F0DA9C567CF601DBFA66EDD6707E75D26434CDF6BDA758BC723F29290E06F5ACFAFFFDB1AE154E9AAB5F12F576C05F2B6D6B1C67AD1A2075F42A1EEA7582756E797462227255C966EC41E4DCFCCE587DD56FBF41FDFA596F8F88808205EDE7FD278102397FECA482B03E00DA0D80A7EF8521FD6D8FC3E1C32D68356A049B37DBDE875BB7DAB626C9C950AA14FF3F8D96133158376E6FECCB3BED4F7F208779304FDCDCA824037B54E5BD85DB72747CE53241BCF8D04D97F8AC72270A7060657867BFE7F9C9F95F42C76F802115C03D02F29D80AA9150EF14D404CE31039D6BDEC99090BAE55281021015657F9EAD5A35D8B2056A36809F83A1D909179E80885C1314B0E48204FBDACAB66DDBE0DE7BB3DEBE6103D4AD0BD1D170E242861EBC20AC0A3CF3252CFC06EEBE0D8A16854993207F7EEB5354BB36DC75978D26A4F9E38F9C3F45BFA2B0DD0B82A320A8061CFA1B2AB684F6BFC30379355C9243539E6C4A644C02F37FDA75CEE32A950E64F1948EE4F77365E4B8787787C2E1240848847077088E834295E1A9D590CD02D42C4A84C2F4B9F6734202FCF30FAC5F0AB37F83A4C3E0170EF5C2A1611C5CEC8E49BE276D056CAD5AF659CEBC4179AD5A367A7BCF3D30230850C012914C14B024F71C1012683F9E39631BE466B661836DFCFCCF3F10ED97CBC73F0145A2A17012140B84DAD5A06C28DC7187D5BFA4898CB4FD0C376F867FFFB57AB0C3B9680955B930BCF0096CDD004DDBC092EFE1A6E6B0AE5E2ECF370FE4F372E793F16DB9B95149C6BEF317078E65EC21E0EBEDC9E0DBABF1DC8375090CB892C6DF4C934AD0E639888C80E2A561EB26F04B8280D5397F8CDDBBE1E187A15851B8F146A8551BFA3F063C66B79F3E0D7FAF852FBE833DEBC07108AA1C8756C7A106B9AB87A89E903A4255D3FA61650E58D5AAC1A79F5AD7F7E460E0DCB95744AE430A58926B3EB1D020B52D838793D60B00616150B62CFCF8231C3CDF37DB29088E842289502208DA35851E9DA172E5F4436262E0EFBFADE878F76EBB2E7F7E1BC56ADDDAA60E3D3DA14B979CBF8E0A91F0C270487683AFE7D975CB16C0902B6CF42A8D9B1B3CD0AD32FDBA5462D5E6A3FCB72F92D8F824424BE4A765DDE2F8FB5EB9FF3BBBED81F123C1CFD73E332929E017051372F118E5CAD9828723472C542F5800FBF6D9B470D110AB096CD0105AB44ABFCFB66DF0FB57F0DE12483E08958F43DB709B563C979AE1F0F746E8D70FDE7D37EBEDDEDE109B5ADDEE5EC4A63F558A252267BB72FF46962B56310754AD02870EC10DD9ECC79692628160DD6688CE5C6B9D029EC7A0440C94F483960DA1F7AD50A386DD07E0E851FB025DBDDABEC8F2E7B729C76EDDA04285DC9F73F78A109408BB13A0A017389220C51BCA038FBC6FC7C4C5C1C4CE30A10194580FFF5482A03D10511CCA45C27B4772FFBC9782BBBB1B4D6B15A369AD2BAF09D321605855A81E093F7B403D2F581707372440D1001839D58EDBBC19BE7E0846D4038FED70A43C54FA0F0ED484363B61F8C9EC9FA35831BBB46F9F7EDDD1A3B0660D4C9E6CF57FF9F2C14DF5A0790B78681430CA8EFBEF3FF8E95398F60BF81F821607A0ED19C8BC1141B5BD30774B7A1874C63DF51F0E25AAC0C1EFA164EEDF2E11B986296049AEE54FB0D1A9DDBBD31B899ECDE148FFF2391A89558D2742C011281E0FE58A40EF5E705BD7F4E2E18808EBE2BE6A95D5D7848440CB96306E9C7582BF588D9A40FE72D036189212203606A277436C84B584F8E61BDB1331D10D86BF069FBF0D335E8619CFC333C360FEFDC01512B0AE644940BB9E702A1AC636875D9BA149086CFA06024BD914EFE6CD16A6BF0982B11FC38C1760EC7898FA0CBC3E1E7E6E099C23603953B42874ED6A17B0CFD05F7FD934DEBE7DF6796CD410DAB587A1CF01CFD92AC0DF7F86B1B321E65FB8E900F4380585807C499098BA0F4E72B2F3E7F4F3B369C9B275602F0A582292910296E49A57BCADD85BB9122A55CA7AFBE1C336C2909464538595BCA05A0918F614B46C9E3E2AF0F7DFF0C30FD6D43138D846245E7DD5461F5C6DEF36883B0DF952EBC51212C12B0C4A96B629A7B7DEB28015E80ED32780BB373CFF941D3BE575A899CDB629925110B0FC37F02E01BBBFB0EBCE6C8642E1E0570B76EC80850B61CC180B31935E80D8C4F4F77AE228E8E282C652F9F259C7F5B41D0692926C84EB9D776CB42B2808DAB486D6B7C02DA9A1ECAF3530690A44AC8746FB21EE905D5FA4089C3801850A657C8EB265AD9548F9AAB035109A455EFC798BC8B543014B72AD80B715B6EFDD0B1D3A64BDFDF7DF6D85D5B061306A18DCDACD6A561213E1D75FE1FBEFEDE7FAF5E181076C4B924BEDAE35B0A917346E65A3197F2C85EA9FC38A4AF665FBD043765CC90008DF013DDF83FDFB2D487EF8348CD877E9CFF15A500068B31D4A3F67238F458AC0FBAF42DF75F0774F0B25DDBBDBE84F8538D8B41D06BC95FE5E7F3204BA9FA7DFD985F0F4CC18B84E9DB2CFE2E38FDBEFAD5A42C74E70D3C73602BB7A25AC98619FE122456CB43673C00A0DB5FF071A3582EF0A000A58227216052CC9B5B4456AC78F43E1D4DD58525260F162F8F65B9B729B3EDDFA602526DA2AAC1F7FB4A996D6AD61C204D74CFB814D2D6EDC089B36C1AE5D5617E68C3B50BDAE8D62B8BB43AD9BAC3039C5CBA629FBF6B5E3123D20BFAF4D4F366F6E61F017ED38932B0E0FA852055E79C5DA68542863D9C32FD03E1B254B5A8889F5844A45EDBDAE5DDB569EFE5E28FBC7DDB307DE7CD356F6D5AE9D35F0E4465010F4EC6997C444EBE736668CD5FBB5690DDD6E85C673ECF739736C64B56D5B2B7A4F6B0B52AE9C7DE63B7786E32EFA3C8BC8B543014B722D20F50B2639D982D5BC79366AD5A993ADF2F2F0B0A9A0C9936D6AE5965BECCBD6E722F71E8E8CB480B47AB54DEB814D2DD6AA051D3B5AF17BB76ECEEF1BED09F9BDE0E69BEDF7E3C7E1800FF8E5CF74A017A4759578F1453B679FDCB699B8CE2579DAA284FEFDA17469D8B7CE1A8D0616493FC6CD0D1CF9203E7551C3ABAFDA9F09E778DCD050ABB1DAB001DE7EDBC27572B22DB468D0001A36B4E0945B5EA99F8B9B6FB6CFF39225F0E493F6DFFECE3B6D85EAC081D612E4D147AD4544FFFE1614F7EFB7C770F89FFB3944E4FAA38025B9E697BA2AF0E851183408FAF48199336D2460FE7C58BAD4C2CEB06156AC7E211C0EEB43B472A5F5D24A4AB22FCFFAF561C0808CAB171D0E9BAAF9E22B38E4A410FDCB1B606935383816FC53471A62E320A4316C5D0EABDB9CF5581E101F079D1AD8EFAF0151D110DD12862F83E2E7E8141F1B9FC4772BC22EE8F5FAF978D2B959E92CD7871D89E1CF7F8E5DD063962E1640C31A59FF03ACDB7E9C5D07A22EE831EB56294CF992D9B7E5FFA002AC2D0E2BEE02CFD4161EC74F429996B0FD55F8DF3BE9C7E60B811347D2DFEB37470349F04C0318BBC6BABD9F2DFC88B5EBE8D6CD469ED21C3E6CC1FBF5D72D74B9BBDB085A8B16564CEF9E8B0658EEEED0AE9D5D2223EDF3FCEEBB36B5D8B72FCC9861C5F3234658A08B4BDD77DB5D014B443251C092DC89878245E1B1C76C6AE4DE7B2D58CD9C6945EBBD7BDB1792DB053405FAEF3F1B3DD8B4C9EE5FAD1A346B66755A691B4A2727DBF6389F7C01BFAF86639170FC344479C2716F289594F571C3BDE1A43FB827415C6A4072F38170A048E6A91D5F082898F1AA80227024194EBB03D9AC2803387E2A9E5E237FC9FD0BC7C2D0BE457765B97EC58623F41DBDE4821EF3AE0E15983BAE4D96EBDFFF6A3B333EDF7A418F397D643306DF5E2DDBDB0F7A417C2024254362EA7BED1F04C781C2994248B22F0405667D8C0351E95B179DCD67B785E10F02ADB9674A21A8DC081A74B45AC05B6FB5E3525260FB7658B6CC3E8B2929D653AD654B1B7DCAAE775B668181E9A357CB97DB564DD5AAD9E8D5F4E9B64063DB365BC8E17691A3B32272ED51C0925CF13F0507136CD55D7030BCF79E4DD9DC771F3CF860EE1E2B22C2BEA456AEB4E054B9B2D5680D1A941ED08E1D83050B61D12FB0E7301C3B0D115E70320008C65A409CCDC95EC875F681DBE3D0B6D305BCE054530641C573842B31658F4293A956CC7EA166F671BE75657E6050041001ECB11ABA7F7F82356FC0678521A108E42B01377582961DD3172E8085F765CB60D62C0B5C75EB5A282B99C3DE0ACD9BDB65E3461839D2A62B1F7ED846B65E7A09C2E22FFCF58AC8B549014B72CC2D06DAFBC3DC39B06E1D8C1E6DFF9A1F3428E78FB16387F59CDAB1C3025A870E16D6D246158E1E85D973E1EB9F61EF51084F8223BE905C18289ECBF34DFDF32607BCF616ACDF9A75BA28F224FCBB0DF0809060A85C23EBE3ECDA0EF7AECADD73BF34D8C13D9DCA3269CE6EA6CCCF3A64D2B04608437B55E7ABA57BF962C99EF33E9E773E0FDE7CBC31FEBE5E3C367915C74F65FD467FA05B656E6D5596D73EDAC88A0DE76FDAE5E7E3C9C461363F3772CA1A62E3330EFFB9BBBB31F6C17A142FE2C7B3D3D7722C22EEBC8FD933026E7F04425B66BDEDE821D8BB0F708352C521B462D66336AD86A9EBCFFB34600F4315A04A34DC1B0DECB191AF355FC3ECA270A030B897803AEDA165379B5A86F416211F7C60D38B850A599D609326E79F4EAC55CBEABFD6AFB780D5AB17BCF61A4C7C19DEDE06C3B527A188A452C0921CABF81F7CF80BBCFFBEADAE9A312367D32DFFFD079F7C625F66152B5A0D4DC5D42FD7F878F8F127F8E80BD81E06E12970C41F528A00652EEE7CD34641DC802A3EF0E2F48CB76F5C091B56C1C773ADB6E7F061F8EA5D78EC958CAF6BF9EF90F0D3F99F2F29D95A7EBBBB3B18DDFF6EC09F498FEE65CAFCAC777EEFD916DC5831983BDA956351AB0FCFFBD83D5A87F2504F9B9AFB6F5F24E366ADCB70BBBFAF27EF8D6E8187BB1BA58AFA53B7EFC2F33EE6FDDD2A33EC4E4B945B769DE4DD85DB32DCDEBE61099E7BB02E00A7A21378F2ADF36F1CE80BDC54085E989AF1FA5FE7411CD0B98F7D76FED90C5B7E810746673C6ED644F05B79DEA7C99637D03C059A1F060E43F266D8F8037CF32AFC5704FC2A40D3DBA14D275B35083692FADD773077AEAD28EDDEDD5A2F9C6B9ABB4E1D1BBD7DFF7D1BD17AE105782B01C6BF01CF5E58799B885C6314B024C70AF8DA6AC0962DED5FFCE772EC9875D1FEE71F6B463A60407ABFAB0307E0C557E1E71570281A0EF9417C08E0A42BBCABB8659A738A89811FE7C093D360EA540B572D5AC07D4FC18C3130F4E5F4634B978525415821D1399C8EB311A09414376262FF23C0AF0EE127773B3D76F3CE086EAC18CCBFFB22399370FEB9C74D3B4E101B9F443E2F77D66ECD5AF41E1B9FC4E69D11D4AE5488559B725614BF7967C4FF87C27F76656D9DBE737F14A7E392F0F3F164D38E9C0FCD647EAFF7ED82836170FBF0F4D582DDBB43A35B61C10CB86370FAB1A56BC17E3728758EC504B9E101D405EA1E058E42FC3FB06211BC5A1C4EDD00659B42F78170CF3D7639750ABEFA0A66CFB6FE57FDFA41F9F2D9BC4E379B16DFB6CD167A0C19021FCDC4964C8AC8754F014B722C6C17AC7487975FCEFE98E5CB6DE555C182B6C47DF870BB7EFF7E183D0E7E5E09FB13E07041E086D44B5EC8D48E61F62BF0C00BF0D14756AC1F1A6A5DBE2B57B682E563C7D257409628010703386FC03A5B992E6BE8D16615F37EF0C0D936C0FD9E5FCAD4CFFE711A6C9CD9B2FB2465BBCE239F9707078F656D2BEF7040E37E5F51AE6401B6EDC9D9632E5B7798CA3D3E23C5E160EFA1E82CB7EF3A104585EE9F5228D09B2DBB73BE778D23D37BFDD10478E65D5BE5376C9835197DFD75183C183E9F66F577692386A5CBC1FA406872099A8D02F800ED92A05D1810067BFF848573E08DE250F426E83ED84255BF7E365DFDE187D664F4965B6CE4D5D3C9DF9855AB5AEDE0430F416DD5E989482A052CC9B1B812E0E6644A3021C19A31AE5A65ABFE264DB2CEED274FC20B13E1BB657020010E17024AE5F96903E09E69B55A7818140CB6E097B69FE28001564F73FF40F86A160C4CDD20D8D313929DAC763B97882837DEFF2AFD7FAF1E6D42B9BD6D2853E76F61E5A6A32425A7B07A73EEDA2F849FCC5877F5FCC07AD4AC10CCC8A96BD81116497C42325B73118400761F4C1F6EC9EFE7C584A10D389398CCB3D3D6129F90CC9113B11C3991F3BD6B8E038532FD374E4E86F0705B95E797DA53ECEEBB6D94A8454FF8FD2768D3D1AE2F5D1ABE2E005CA280955959E0B163C03138B201BEF902DE2903E5DBC1DD8FC2D34F5BCDD68F3FC2D0A1D6E474C000FB7C9F2D2000F2A7C0DDB9DC435144AE5D0A589263D175C071D696310E874D03FEFE45B0C5D40000200049444154BBB56B78E001BB6EE952F8F24B58B21AB6958594CB14AAD2C403F93275FD7678C1CE9DE9B56060412A21C1F6513CBC37D383E432609DCDCBD39DB9E3DAE093CF831B2B16A246AF0517FE60A9EA552DFC7FEC9D775853671B87EFB03708880A6E54DC7B8FD6AD75CF5ADBAAB575546DABD65A67AB56EBAEA36ADDFAB9F7DE7B5BF7DE13110165EF9D7C7F3C5010820282D5FADED7958B98BC39E7241C39BF3CE3F730AA572500C2A3E2E8FAEB9137DE66CFB625E8F7692940D287FFDB712FC3DBF004F2267371080F079B3C70F6ACD43525923BB744883A7582D533930496B93944A6347F7D4BE4067A050281F0F00AFCB5066E1683AFFA438B1662667BE992988D962E2D422B716EA606F8F431B4F9770E5DA150BC832881A5C81467CF4A91EF679F496A2D26460A7ECF9F970BE79A3550BF29B804C0B338D03AA22F53F656F8BD8C985DF6FF32E931132B58350F4E5C84F5AB931E0F098549BF827FF4CBEBE39C605B1E68ED9DF1FDC7C669B9FD38900A6E8EDC781090F937928CC7CF42F1F18F20B78305A7AF3ECF926D5E7F1040BC568756ABE3D6A38C8790A281FF5585D87D129502D002B60EE0B30FD6BC7839F2131A028B6682C7E3973FEB5857F8DB036AA4CE5ABE35F20055FCE1949738BD376B066DDB4AEAF0AFBFE43CEFDD5B4456AD5AA031D06F2DA150283E5C94C052640C8D148583988BC6C5C9CF4B97248AD5A307F4EF2F9188CA6561E76858BB0936ED05CF60F03185507DFE55D9840E087284FA6914E59729A7FFF1C285536C271EEE5F073221B000EAF4D84E69577B2EDECE4021D72B080889C6ADDD7A9CECCD78F0346BAAAA0F9CF5C4ADDD3A62E3B478F88465F8F5C180617EA8D548FFF355D2785DCACF3A2A0C6E9D7BFB02EB3E70D01EAEE5010B3768D40DDC768BB8DAB9132A551283DDC285A5DE6AF162190DB57327B8167EEDE6150AC5078612588A0C11190C952B4BBA67FD7A387448BED52737198D8D959FEEEED29DD7AF97DCE2E365A4C9EAAD70E936788783B71944E524B56D7716A1017E3B028FDE308366007478CD1A63A32413A5528573D0BA6E41D6ED7FC8434FE9C64B3EF2A6A0B3355F7E52945D273DB87CD70F3313FD7E17060612F6D3682485676B65C2CC35D78989D512121E434878D2F4BEBA959C695A332F0BB7DCE1A167088606AF0E191A1868E8DED20D030358B2ED2EF15A5DAA113A9D9B14218FA3057337DE22325ABA18D3C209F86923786D7CE56E5F8B3990B6577CD6F10C386C0DE77241BC3314A9018DBE803E6592D6ECD8273F2D2C644C53952AD23538648808AE7EFDA408BE7F7F68FC168E59A150BC3F2881A54837F6F761EC181917F2FDF712BD9A3F3FF53ACB84E854810270E408CC9A2517A8BA75A141039855439E8F8C84A3C761D36EB8FD189E87819F0904DB029918DA9B1639804A59B739C987EA21977DD2DC9DBDB39B91D7C992CF1ABB52F6B3D48A63EDF806542BEDC480CF4B93ABD10AF238EA9F289DD34E66B0B4AC5380F9C3EB001017A765FAEAEB2FADB3303362F79F4D313735A246995C7CDC6B073973A49C0324D8DB889AFDACB12B8B7EF948DE52AC96653B5FAEB9AA532137AB7F97513B96E6468C5D74895CF6AF9E7CFD361B4333CA1DE0B42D5C7184B85CE05201EA7D069DAB2775074645C997862347C41FCBDD5D1E8F4CE6B15AA28444AE8E1C91DAAC397360C912F8BA2974B8022E6FFB8D29148A771225B014E9267F38B81593D96C43864867953E122F461A8D08311073C9A34761D428F1A0727515C1D5A8017C9290BE8B8B9351243B0EC0A98BF03C0402E2C1D70C627200AFBEB6BF3DE2F5F7E2E7B031257F6E2B3C7CC2884C70458F4AC3E32AD1332B2A3A1E1D50BA88BDDE75658AD86360A0C13F381A9D4E3ED38090E854EB6262B50487C5606E6AF48FCB7BB962FAB759AE9854FC27776E4F3C9EE44444C5FDB3CFD008094B962DAA7F9BEF1A41C02503389F139E3880260F14AD06B5DB42D7F249822A2E4E86371F3D2A3305CDCCA413F6C71F65D240E2F9ABCF50B75E3DD8B4499CDD6BD6845FE7C1A036B0F6F526FA0A85E20340092C45BAD119C0E0C13254D7D55544933E122F46C99DB02D2CA496A559C23CC0478FA4FB70C50AB9C8E5CB27469F55AB4AEA25117F7F38730EF61C819B0FC03714827432D839DA06F1B7FA978AE7F5D1A66E41FE5C7B83867D77D1A4465E761CF7D0BBAEE39003B4AE5B902317BCD06A75B4FA48BF6DBD93BD39B5CAE5E2C4651F6A7DB30D1B4B63F6FDED996A5D5CBC962A5DB650BD4C2E769FF2C0D4C4904F6AE6D7BBCDC6D5F3626E6AC4D6A3EE34FB610F86861A769E487D9C176FFBF151CFED38D99BB3F5A83B15DC1CC99FDB2A039FC6DBC117B86A00979CE0892DE872825D21A8D8183A7F24D60F890405C1BEBD70E6AC9C5B666650BE3C7CF1859C832979DDD0724343983E5DCE6B1717304BE720698542F1DF47092C45BA79FC10FA7C95D07A6F03C1C1FAD7E9125CB84D4C203A3AB5671048A170E1C2D0BDBBFCDBD353A2081B36480D97B5B50CE4AD54099A7F22B744FCFD65C0F4913370F906BC0881C02808360262B3F00D6782819F9761DEA65B78F884B170CB9D34D7058444B374FB5D002A97CC49A36A694F1D1EF94D459A7CB79BBFAFBDBA5BD0F345381B0F8973FC779F9622670E33BDEB6CAD4CE8D3A124D3565D63CFE9A7AFDC66F2998643BAA5D111F09688060E6AE0B63D3CB081383BC01E7215813275A1530D494B2712152511D19D3BE1EE5D39AF1C1DA15A35B15AB07F4D302E3C5CCEC3579178AE172922B3164D537BC02A148A0F1425B014E926A4258C580DDF4B59CE3F1797B470721231E49C8E21CD79F38AF9E49709EDFAA1A1D299B87DBBF855693460672745C665CB4A7AA64183A4D7C7C7C3C387F0F537997B6F594541676B267C579541D35F3FB70FC0DCD4880523EABC3252D2B87A5EBE6EE5C6920441F63A8AE4B3615CDFB47AF68451BD2AB2EBA407779FA4CF8EA1F5C705F9B4511A3363C8B61E8597F07781D049D0A43CF429FCB2AB7A48888C65DABD5B8AD0E3E3A593B55C394945F7EE9DBEB999C9F1F5154106AF1F02EDE703E5FF86A16FC92055A150BCFB2881A5483F46E05F0C9E2534C3A5250A0C0D457C5959492A303D022B25D6D632F3F0E38F931E0B0C947A992D5BA4F8383E5E2E7C2E2E50AA9414DFDBBE036644033F2F8B976F047FACBCF6CA75166646AC19DF800A6E8EAFDDE65F436B131A11CB8683FA671B26E29AD786DD333FC1D6CAE495EB6C2C4DD8FD67539A7CB7FBB5360FF5AB38B3FCB7BAAF1481FA6365598B730168D116EEDC910ED6EBD7A59E0FE45C2B574ED2CCBD7A655C4CE9C3CF4F22B57171690BACC4C76D5FC030AF37DFA742A1F8EFA004962263184044EA1AEB977070906FFF050B8A67D6CA9512756AD224EDC1B9E921470E68D4486EC979FA54A2163B7680CF3B5060ACD1C0D401D5A95EC689C133CFEA9DF357BF8A33337FAA4969D7F4158D9B9A18B2767C031A567561D4FC8BA9C6D7989918F2756B37C6F6A9F24F97E0EB28EC62C399FFB5E1D7791758B8E50EB171DA979EB7B13461E857E5F9A94BD9972C28FE2D1E3F8661C36478789932D2C16793C5825AAB152B919D3B2582FAFDF732973257AED46B6363930496914A0D2A148A142881A5C830E1AF1158050B4A84A950218940F5E923E99BAD5B258D6762227530F5EBEBBF7065947CF9E4D6B8312C5D9A7183CCECA24383C2B4AB5788D3D79E73E98E1F8121D138E7B4A45E65678AE4CBB8323030D0D0AB5D09BE69539C53577CB8E31E4464743C059DADA857D9191BCB5747ADF4E1606BC69C21B519DBA70AFBCF78E2EE158A89B101C5F2DBD1B09A4B9AFE5CC9898C8A7AED9AACC0DC3C92A953B37EBB8F1EC1E1C352D7A7D5CAB9D9BFBF4C23707393E713E75526C7DB3B293AAB49FFB8468542F181A0049622C304275C4C120BDD6D53CCE92B54480456CB96F0BF5510A7818E6D60D020793E3616CE9C91113BCF9F8B6F56C58A327224BFFEC6B774636D9D704A6B3444F1462304D3242332C6C04043EDF2B9A95D3E7796EDDFD040C34715F3F051C5AC739CB2B731E5B3C6990B2FC64445655B23A749428828363696B0B0D728FB74E2E101C78FCBB89B981889AAD6AB27B334132352616170FA847C39387D5AA2662979FC585E1B1A0AD62A82A5502852A0049622C384C6C837FDC44855B914CD65850AC1891309837BAD60C03E98B801721B43D922D0AD83780DD511DF4C2223A5B66ACD1A78F244526C458B8A5B7CF9F2D24A9F5EF2E411F963E5E04028900501B25458C5C410129235E369FE0B44040767DF1C3E6363D9474404A54A59230E57E927D15BEDC409B87F5F6A030B1490F3AF53A77F364F4C0C9C3C0E8757C18BEB60ED0D4676F2FCE3C732E839258F1FCBB9EFEE0E85DE9DC0A942A1784750024B9161624DC1CB2B2952955260E5C993540B656B0E5A27F072022FE052186C9C02B97E03676BA8580A3A3617319528B800EEDD9381D21B374ABBBDA1A114B257AE0CA54B4B9A511F899D8DD63973925DA3ECACE2E2080B52ED62FF109D3591257DC427FCA2E3E2E23033D36FDAFACFDA78A9C5BB7811AE5D13E16E642422BD4913183020696D78389C3A0EA73683D73530F1826A3ED0374246FE000C48982FF8E285D415A6E4F163F1843B7E040AABD341A150A440092C458689304DAAB1DAB62DF5F31A4D92D9796E3B64E272620EC914C2F24218F01038F104168F03A728C86D05A58B40C71650A53274E922379048C4AD5B12E95AB54A220E3A9DD83B942D2B45CFF9F281B5B58E888808AC9D9CC8AEA0823DE0FDFCD59E541F129A3446076505C6E632EE273838184BCB245F9067CF444CDDBA25361E5AADA4F74A94907473A74E2F473E9F3C810DCBE0DC0E88780216BE50F5397C1305FA92B7B18071C2CC9BB43A088382A4F1C2FD0AB47CB5F65328141F204A602932CC738DA45B6AD6940B973E12DBE4AB95878DA7908180FAB082302B115C8F80D37EB07C1AE48C047B6370B281AAE5A1E9C750A18288A9E4787A4ABBFEEAD5D24DF8F8711CBEBEBE58595BE3676626E1AF2CA600B0F3D22529DA5160909D11AC841C5E40400057AFC6D0AF9F3CEEE22262AA695331AC4DEE89F5E409ECDE0C97F641D023C0170A04419517F09B4E8649BF8E9B8650BC9608B7B42C1F12A3A5EED7E10D4B07150AC57F1025B0141926C40CCE5C1417F6B8D423EC0029567FFC186A5505A7A3F022BD1BB780280B788ADC000E5C83E927216734D89B82A3151477858FAA42F9B2D23D9858233361422C7E7E7E585B5BF3289B04962510E6997A5CCD874ABC9F5FB66D5B979022F4F7F7A775EB887F0416489AEFD62D58F627DC3903915E801FE40F82CABEF09336F333C3AFBB40994A121D2B5C38F5F3F1F149F55B712FD41F528542911AF5774191710CC13B50EE1A1B27A5679253AE9C4496EAD503FB980C082C7DD841841D3C416E00073C61CE0DB08F059B18C8610E392CC02836943265BCF9E8A38FD8656525799C6C40E3EF9F2DDB4DC9B14BDEACDEFB2053AFFDB8621E3E6F5A248B8FE86562636331CE468165906074E5E5E5CECAE5915CDE07E661A0F503EB6028190015C2E00BB2D6ECF4A61D742803BB7649FA3925F7EEC9781C00B2EFED2B148AF71825B014992220C1AAA17061F1B62A5AF4E5E72B548059B3A0552B49F5653996A0B5946BDB4BD7B7C731D4BE7995162D5A10962387E410B301632F2FA2A3A331D53768310BB9F52890059B6F67EAB586069A6C1758B76FDFA6783689CD60C0B66041001E3DBACCC2C5B0650198AF83412FB277C677444EE982BD762DC95E2439D7AE89F0F2F08042D9D54DA15028DE6BFE7D7B66C57B49A881182D962B27068D29B1B7878000B95FC011D0A65E932DE4849BF76F02A0737CFD089ACC52F3D933CE9E3C996DDB7F5F38B17E3D75B2C9B2E2AE46835BCD9A005CB9720F4747F8E54FA8B4147ABA4276C5106300D384B46050506A9F3790E86CB97270FD3294F1CDA603512814EF354A602932859FB974F455AE2C6DF1FA3034945A95C61F81C5DBF209B284078F13526AF6E91B4393196A4447736AEDDA6CDB7E4A9CECCDB9B0A21DF73677A278C1D4954506061A568DAB8FF7BE2FE9D8504FD15036E17DE182DE2EBCACE06E8E1CB82578801819F93374A8987ED66B06E34EC2E0DA70221B86205E70864AF5A553352D3B90D0509997796127544AA30E51A1507CD82881A5C8145E2670F068829968A4FE3589D1AD8F6A4381ECEBE47F190D04854BDD55CEA245B3AD3CC61C88BC71239BB69E9AA635F251A9842345F3DBEA755CCF9FDB8ACF9B1621B783057D3A947C2BC7141D1D8DB1BB7BB66DFF919D1D850A1542ABD5626212C2E2C570F4284C9D2A2396161D8393BD61AA933881641527F38911E9C58BF2052225C98557C01DB1ED5028148A942881A5C81CC6F0D05BEE9A9B43849E596C75EAC0C99352A765FF167D82220C22F0F7F7A7449D3ADC34CE8E0230A1D49D3BDCBA7E3DDBB69F9C7D7F3FE5E6A3403C7CC2D878E871AAE73D7CC2D87AD49D90F018166FBBF3768E69D3263E79F428DBB6AF7374C4D0D090478F1E51B870148686307C3854AA043D7B4260200C9B91F529C36739C45FEDC409115A29B974496A0CE3E3C1D03B8B76AA5028FE732881A5C834CFC3E4DB7CB56AE2BA9E92C28565502E405167E02D892C7F2B7F4E9C3A41CDBA75399B376FB6EDA77550105BA74DCBB6ED27E7794024A53FDD408116ABB9F13020D5F35AAD8EB63FEDC7F6E3FFB16A4FE6BA0E33CAB955ABA81A1B9B2DDBD681CCB401FEFEFB08356B26153AD5AB07E3C649F1F999334929C341D5E1F21BEAE94863307793FB9E9E22B45272EA9408AF2B97A1DC1BB5C72A148AFF324A6029324DA0A50CCCFDE823199EAB8FC41462FB6690474F942B3B88728A62EDD6B5585858109A2F5FB6EDC70CD09E3F4F645A39D26CC4DAC298138B5AF1787B67AA97717AFD0BB2186F6F6F9CAE5DCBB6ED5F3730A07482B9D9D1A31BA953E765759E3B372C5E0C070EC0CC9992325C781CD67F062BD232B54D07874B42FD6632ECD9DA5AFF1A0F0FF1793BB9196AAB0E42854291064A6029328DBB29ECD92F73DA0252075500115FC78E41DDBA9037EB3D3FF5630937EE4B7D9475C99264A7AEFBFCF66D564E9D9A8D7BD04FEDF2B9A95D3E37059DADE9D2ACD85BDFFFF2D1A3E99A8D66AB47F3E4A15EAB56008484B863A7C731D4D0107EF9451CDD7BF716E3D109CBC1601C0CC92BE36E32CA314739670F1E84860D533F1F1D9D6430FAE834A4AE865328140A41092C45A68937850B77E5BE93930CC54D49BD7A52986C6505F9ACDEDEB1056983F0F5F5A556A74E9C30CB8656B3040A6BB5786CDA445C5A96F6D9C4E96BCF3977F3053EFE11993622CD2C81818170E448A65DD2D3835FBE7C383838F0E0C1038A14097EE5DAC68D61D428F8E1077176FFA22F7CBE157A14878C9448E93410534066189E3A05B56AA55E73EC989CD3D1D1609CC698288542A10025B0146F884F9444AF1A3582FDFB533F6F6E2ED36A743A685E0FECDF5236ED85F50BF61DDC47D55AB5389F3F7B27C57D71E3068BC68DCBD67DA424382C866ADDB692A7C94A4E5DF579ABFB9E3D70203DEEDFCFB6EDC70346AE121B3A74683BF5EBBFBED0C9C505162E84458B60F366285709669C8611B5E1621A560B29395B1CAA3690E2F5B838FD160D870E41FDFA706C3FD4F3CAC09B5228141F1C4A6029DE080F4BD8B3E7D57E58356B8A7F51BBB650F42D09ACD85CB1ACDDB616636363628B15CBD236FE94148F8FC77FC50A7C7CB25EE8181A885FB9B9A9114B7EFD988D931B91CB5EFFB8E25F7B56E4D0DC16FFD4649999A431A5F80DB87FE70E0E070EE090E55B4EE2888505F5BA7503E0D4A96DD4AE9DBEDF9EA9294C9B067E7E30668C18842E38021B3AC2A634EAA992B323AF4C1E38760C3EFE58FF9AA828F9D2707839D47B5BD6230A85E2BD44092CC51B116809DB0FC82C426363499DA4A4797399E9666707856DDED28199C1ED27B7898E8EA6E6D75F733A0B47DAFCEE04BB52B87BF77FF48819BD7A65D93E12C9E52062AA5DFD82746FE546FBFA85E8D5AE44AA7505F25831A67765EA5771E6B76FC5BCC9C5C9324B8F45A7D331BB470F7A78BD1CBA99EC08E7F56BBE4C71B258316A376C4868682846461E986770DBBD7A4944B5674F29569FB8125EFC0C5372A5ED97A53586B08292CADEBB3769787872AE5F87D2A5E57EC41DB0C8D86129148A0F0C25B0146F86061E07C937FB4F3E81DDBB532FB1B4149F2CAD165A3582826FA95CE999DD33D66D5C47A3D6AD39582CE385E0BE40CADAFDD3C0F942E0DE0F0E2413595640EDE3C7D9B470E11B1C716A6A94C9858181860BB7FC08098F212656CB89CBA923653EFE91DC7C2413B80F9E7D0640B5D259DB5D386FF468BA9F3F4FF2CCD9823CE0F6070C71048F14EBFDC8B80168186059AD1A1A8D868D1B97D1A1C3B34C1D6BCD9A30762CF4EF0F77EE409F91506E2EF42F007ABE0370ACB2D83DC4C6CA79AA4F8F6FD902EDDAC1D54B503EE59B5528148A142881A578639E5888B0FAF8E3B4ED1A1A3592CEAC76EDA0E05B6A6D8F768966FECAF9181818605CB1221969620C06BE2E01C3CA4060C263E373C2CC7A50BC2834EB011B73BEFC9A16C1C1DC1C3F9EC70FB2AEE8DCC9DE9C7A959DB9FB24887CCD5693AFF92A8E5E4C5DFC131D134F85CF37E1F2C94A262FBF4A41676B6A94CD9565C771E9F469A2972CA17CCCCB79B1632ED0A01D98E480FE35E0588230790AF42D03FD3258FEB6C5D1917609D395F7ED5B46E3C699F7D9727686050B60F66C69B468DC16FAEE82DEC52028C5DA9D0ED0A28544AF9A36D5BF3D7F7FE998DD3203DA66CFF8458542F11F42092CC51BF3C20AD6EE9034A19999B4CBA7A46953A9D53231818A85C02C3B8BA200C2C0DC077C9F3FE1F9F3E7B4193488AD39D26790F402E8E52446AA938EC35437989A13B647C097FDA0F76FD0BA215855850329529E43DDDD99DAB93311FAACED33C9E85E95D06820243C8617016917B1C5C669F1F295FDFEDAA3E23FF55B6F8A9F9F1F2B7BF6A47F0A5B8605B9217F55F8B20DECBE0C2E05608A299CB684595561C65E38130ADF3BA5DF63F6418912B8162DCA93274FC89BD70B23A3373B76535398354B260A2C5B06C54BC184A3F07D99A40E437F07B0A9004646F225A04183D4DBB978112A5694FB8117E10DACB6140AC5078212588A3727214D181E0E6DDAC0B66DA997181A42CE9CF0FC39F4FA1ACAEBCBD364162D18BC00E74750D6031A07C3E0A2B07B30CC9BEACDAA55B32959A60C574B957AEDA6FC80A139E0EB25B07C0F2C9D0E77A2643EDDF4BD50BAA288AB69F361F27278D01F16E7805F4AC3495B3001865DBCC82FEDDA111F9F35D6F5B5CBE766E43715D3BDBE7DFD427CD5D22D4BF61D1111C16F6DDA30EAD62D34C0F65C30BB104CCD0BF966C0D0F1D0BB3FB46B0C1317C2A04DF0AB039CF5054F7798B4128A7C0F7F9ABC5E64DD3134C4B5756B0056AE9CC9975F664D9B9E46032347CAFD71E3C4A474D67118561DEE19C2CA8AD0E5AB24E7768D1E5DBA7933B46D0B17FE864AEE5972580A85E23F8E12588A2CE1A1256CD8286373CE9CD1BFA64B1758BE1CDCDC20FF9B065702C0C91DCA3C81969130BF0D5C5E0557F7C0BEB530793454AE0446465AB66C594B6C6C2C75070CE0B045DAA5C941408F12E09E472EB4BBD7C3A3FB306E3BE408838D93A14135D87158E6D10D1D0AB53BC0447368B314E6E791FA9EBC3A1D7D0E1E6470BB76E8745913AA1BD3BB32C3BA97D77BF14F4EA7C6AEAC1A57FFB5EBD2435C5C1C23DAB5E3E7D3A7B145D2A6EBF342D945B0CB051AB587D6ADC1C402FAFF0CADEBC1FAD190DF0EE6EF82713F83AD1DD859C1AEA2F04321D0BE627F2B4B96A4F30F3F101313C3A54B3B285FFECDDF4372BA75136FAB1F7E000B0B987704FEA80F976C64ACD38A15728EA62426466AB36C6C60CB5468F796261228148AF71B25B0145942A025ACDB23F7DDDCE0DEBDD46BF2E59328415C1C74ED08A55E75B54D4904D87940F147D0281026D586BFE7C2B5BDB07D257CD355A26373E7C2C0813060004C9A242DFB5DBA78B262C55C9AB46FCFBEB265D3DC853550341CE6AE86BD1BC1FD01FCB90A723AC36FFB21F231AC0B82054360F060B19DF8B22D2C5D0BE34742FBF17020A1E3AD487C3C5FECDFCFF04F3FCD9248964603E3FB55E5E4E2D634AE9EF7A5F49F462305ED9BA73466EDF8069866813D43747434835AB6A4DFC183E44D1089F35CA1F7549834067E1E095F7782F5EBA1460DD8300A265E943F28334E40C142F0BFED306E3094AC06BF4F839C9169FFC179686040818E1D31363666D1A25984863EC52B1B7CA6EAD583BE7DE5A6D3C15F7BC0D45E463E050448742B259B378B908C8A82B84BD2D0A0502814AF4343AF6CB508527C40140F802D63E522356D1AFCF65BEA35A74EC1B367D0B123B4ED06DB5ED5821F0AB9FC21AF21542B053DBF8072E59252388F1E89F1E30D998A43E9D232E6A458B197D33C5A2D74E8508CF5EB6FB277FD7A727CF30DB5A2F497BCC703B3F2C0050D749B091FB7927DCE9D0B65CAC0A866D0F62AAC690817EEC0ECA530FD77983207BEFF160A3D8371B7F9C7E5FC9EA121B3EBD767D2B66D9867D46FE0150485C6F0D82B84D8382D859C6DC89923EBDCEA83838319D1A205434E9F269F5654B09706869685F86230E21718FC1D7C3718562C04C730F8EC046C6C00E3B748B7DDF2E552733779083C5907A5A2A1EF2B6CC246952AC5F08B17313434A463C7522C5A748F61C3C4E223216B98A53C7E2CE7E7AC59E26BD5B3A7882F7D11AC010360C60C583D135C7F846A19F962A050283E5854044B9165DCB586398BC4EF2A2A4A522B29A9554B449646032D3E02B79445CC81E0F218AA79C1E022707A2E5CD80D73A6885BF7DAB512A1FAE107D8BE5D52923366C8C0DF9E3D257A96323D6660001D3A78B26EDD529A77EECC8E5744B10C81A8388877834D43E0F2DFD221191C2C1D64130FC1C232F0DCFD6571F5F300D8B00DC69E8251F5E166829741B1F878861C3CC84FF5EAF12C0B67F7D9599B50C1CD91AAA59CB2545CDDBF7387A175EBF2DBC993FF88AB33E630BD25CCFF1B868C8449BFC394D9307B0A7CDE1D9E3D86CD2D60CA4E6972F0F484952B61FD5C78B2119EE684128169EFD343A321579B36989A9AB262C54282829E121B2B1D80CF9FC39021FAFDD5DE84428544607DF71D84868A0BFCB97370F9F2CBEB1E3C90B5007FAF50E24AA150A41F432A31FADF3E08C57F0443D0794857599E3CB06F5F52E75572C2C3656E618B16706823DC8B03A767502A0C7AD584B9BFC2C0DED0A89E5CFC962D93FA98DBB7657BDDBB4B64A37A75C8954B7F51724A4A968C65F4E8FB7CFA695F62ADAD7978E00045F45CB52738C19E48F8763C44E8E0C25428D71E6A27387BBF780EEBB7C088992F8BABE5EBA4AEC7DC1C9A7481FF3D07AF57BD8246000020004944415487502A126C8006CF9E316DC70EE29C9D712D59F2CD3EE76C62C3FCF91CEFD3877177EEFC93065BE604EE7D60E4223192CD950B8AB8C194DF61CC4418FF2BF41B0F27CF41AB8ED2CC50AB169CD90F277F81DA23212C1CB6DE8782C6905F8FEBC2849225E9BF6205868686FCF65B5756ACF061C408E9EAFBEC33D9E7902150A102A4B311345DD8DA4A7A73D020A853478AD8478D92FDD826789CCD9801DF7F0FEEF721642A54CD62A1A75028FEBB2881A5C852420DC021005AB51451D4A4496A0154BCB8A466CCCCE0C249A8ED080B46C1B0FEF0712DF0F59588C2EAD5120D69DE1CBA76159FAD7CF9242295510C0C40A78BE0D429633EEFFE2DF38E1CE1A3478F481E403B05AC2E0EBF2C05B75230E677496BADDB0FA55A437010F4EC0CBF4E8669E3528BAB44341AA8DD1C1E39C3E4CB70D30E6A0441E38000CE1F39C2A61B37A8D4B021A659E82EFF26F8F9F931F6CB2F715DB8906F9E3FC7CF0016E785B5B650693674FEFEE5F52945D6D811D07B208C1D0A2DDAC9EFF4442FB0888485D760D9562854137EDD07F542796948F4114B4B1CC68EA56CD5AA2C5C388D8A15B751AD5A2C2D5BCA6CCBDDBBA14307B1F9183942D2BDC58B67DD7BB7B282DAB561F870F16AFBE41318364CCEB5B030A9CD6ADC182677871F6E403AC71A2A140A85AAC152643D7503E0F07AB940C6C589404A24264684D7FEFD525BD3B1A34446828361C306B872055C5DA17D7BC8AA19CD5AAD14DD9F3D0B73E6E463C78EF3444745B1F6E38FF9F9C913002639C0B5F290DB097E9800DF7587955B60C95828B418B6E4012F5B183315FE182BE2EABB3ED0B903C4474089AA50B99A44701299F30778B9C3271D21A409344B28FB7A014C2F5182CA3FFE48FB1E3DB2E64D6602AD56CBFF264FE6E99225F4BF7FFF1FE133A5307C7912BEED0263FF80B2E5925E131D0DE78E83CF43F00D85D31760F848A9C9EA3F04A64F822A5EE01409F9C6418C31FC3915F69C80CE1F83B129F4BB040DA221161852AF1ED30E1FC6D7D797DEBD2BB36993C74B82FCCC1998370FA64C119B8F1933246D38762C6FEC91951C4F4F983001FEFC531A23468E94F3B05B3730368205A561F8EB674E2B140AC53FA8089622CB8988812226D0BC19FCF597441F626361E95258B244220503074AD1F8EDDB72F13C79121A36841E3D246D9398A2C90C3E3E929E5CB50A76EC800307241A51B122B46B17CAF8F137E9D2B51F17BDBDB13B7306479D0E6B2D785796D4E0F7DD61EC7489B2FD3A1536F8C0030FF8756692B8FAF453E8DE032A578722A5C1F309AC9E061E0FA05C8D2471D5E76758D819BEF596FA2E004BA0A19F1FBE870F3377D72EE26D6D29F216D386F1F1F16C983F9FD5DF7D47C3B56BF9CCD797E4555CF94260FA0D98BE1E06F48452E5C1D111E68E86836BA17865A8F509E42D0CEE1EB0662D4C9C2A91AC41C361D17A683B13EAB480790BA1F3E7D0A30BAC3B00573743FBC7D28937CBC5852FD6AFC7DED1911F7FFC9C61C3CEE39462BA4FDEBC92721C3C589CD9DBB7971ABF2143E43CB14EC710E7F4606323827EE64C11FEF9F3CBF9D3A3074CEF035FFF2D5DA60A8542915E54044B912D340B855DABA58D3F34540A88BFFA4A2E8A20A267F366285952A204366F30043A284846A1FCFDB714D7E7CA25DD84152AC81CC4E4EB4E9F81297F383062C81AEAD6ADC7A06AD59871E9121AE086292CCA0DE1C561C11EB17968DE0C867C07C37F4FAAB9EAD71B3A7795AEC56DDB203E5E0AA13FFB0CAE5F823143A06265E83318A6348529B75E9D5A3A6261C1FEF2E529DEBE3DED7BF5C2CA2A7B8C005EBC78C1A659B3F0DCB58B0E376E502136ED3134EE8630AB31FCB21ABA77044B43183E059CF3C9EFCDC444223DDDBAC1E45FC1CB0F860C974856BF9F60F410983407BCBD45B0D47383FA5630F01EE4D281BBA1211BFAF461F0AC599C3C79949D3B3F65E244DF348F272E0EC68C11E1D3B3270406C24F3FC137DFC8DCC1ACE2F061995DD8B72FFCFE3BB46A05AB5BC004357B50A150641025B014D942BE4058F11D5C382F02E4A79FA40E6AFF7ED8B409EAD797F46066EAA92222A413F1D831116F767650B7AE8837B384504C74B49881EE3E0217AE834F08F8C5C00B3388B18162F78A71EDE4356E5FBDCA91F6ED1998ACC3EFBA29ACEB00FD26C3379FBD2CAE06F787964DA06613A9111B3D5A5EF3F4A9A4978A1481002FE8D2237DE22A390F0D0CD8E4EA4A78E9D2946FDB967A2D5B626767F7FA17BE82A74F9F7268FD7A1EEDDF8FD3AD5B74F0F4448FD5935E928BAC6183E0A38670FFBE880F4747F97C9F3F87A70FA1767D983436B5C83A7C0E7E6E06634E40E2E8C6186060E5CA4C3F750A030303DAB62DCB9A35B7498FAEDCB449E65D4E9A24A9E5B16325B2D5AB57263F203DFCF1878CCB2959123AB781497BA048D66D5EA1507C202881A5C836EA3C84C9E3A4DBEFD933B928D6A8019D3A655C58797949BAEFE64DE9D4AB53470A91135344919170EC38ACD90E779FC2F308F03581705BA48D2F05C6CF8D699FA33D6B96AE61C9C489B88E1BC7C7C98628EEB382117961C68264E2EA0758B101B62F87AA8D2585F4CB2F49DBDCBB17E6CE8239F3322EAE92A303AE181870C4C585E00205D0E5C98373A95214AF558BC2C58A616363F392F08A898921343494172F5E70EFCA15EE9D3943B887073A0F0FF23D7D4A7D5F5F0A67E238E06591D5A615AC5A2376190077EFC2C387E0F718BAF6835BB7528BAC3E5FC1F1402890ECAFCC984285E8BA7F3F858A1461F8F0DED4AAB59CE6CDD33F8AFBCE1D1156BFFF0E050BC2C68D22B8274E94D9836F4A7CBC74164E9F0E0B6643C58150256BA61E29148A0F0825B014D982990F2CE8045D3E97A8D5E1C3D29D9591DA2A6F6FF1BD7AF8506A715AB490B41C48CAE8CC5958B315AEDC03EF08F03285E89CA45BD5D8DFB1E78F9E7FF0D5975F31B8756B066FDF4E6209D09822D0628D38B44F99033FFD002B3748B7E0EDDB70ED10581796F753AB9688AB154B61D2D437135769E103DC3232E2B19D1D81666684191961686A4A6C6C2CE6717158C5C5E1181141B1A0208A91B5F5428922EBE7A5D0AD0B2C5E2A226BFE7CE9F05B3E01064E95B5C945D6CFDFC3C8B1F0BC15B40E92E7B7D9D9A19D368DB6DDBBB367CF560E1DEAC9D4A97E193EA6B030898AB66D2B9DAA376F8AC09A3245BF1B7B463973468C6C3FF904669685D1596761A650283E1094C052640B5677604637B0B3057FFFF4A7706262240D74F2A45C283B7796B41B404808ACD9081BF7C29340F03681300720B306E93A7039EFC291F547C893270FC36BD562FAB56B18020F8DE18F5C506A206CDE023BF6BD6CC530A4134C5C2B2EDF0D1AC0BA5522AE263785A9592CAEDE05928BACAFBAC28449B075AB149BCF180CC36627ADBD750BC6FD0A057380E951E8FB107226D45D2DFDFC73C62C5FCED3A74FE9DBB7169B363DC524931F964E275126801F7F945137030648417C99326FFC96F9E17B9834194616873F540D9642A1C8204A6029B20DB7D3E0565852398991A7B4F0F686C58BC503AB5D3B49FF8114522F5D0D3B8F80471878588136279005C38C01888452F74A71E1E8051EDEB9C3CA366D989060DDA0032E1AC09E7CD07E1B944C665770622F3CBC0DB60561C36A983CEDBF2BAE12492EB25A3483F51B61ED2CF87200E44B66A971600BDCE905B543A042829B7F3030AC7A75661C3B86818101EDDB57E3CF3F2F51A0C09B1FD78E1D528F37695252BD5F8B16E25F95596263A14E0DF8A83ED499092DF54C255028148A57A1049622DB30790AAEE15021AFD42BE9E3D933983D5B6A677AF64CAAEF39761C26CD855B7EE061073AFBEC3B4EA3E74634366CCCCE8D3B397BE810A7BEF986411E49218B78606069187BF2E5146787C650A10A74FBF6BF2FAE12495E93D5BF0FB81582E1E3939E7FF208163586B10F931E8B000657A8C0F82347B0B5B565C080EE3468B096962DD35F77F53A2E5E843973A4D1C0CA4A52853636D0BB77E6B6F7DD77D2F96AEE0BC7DCB3EC30150AC50784F2C152641BF1B6E0E708363AB0E76507EEF07089385CB820699D66CDC401FDAFBF6450F0E9BFE1443C78E7022CD2DA43D6A0B5D2E2E3EF83FB3977FAF4EB8F9FA323C74F9DA25242D1BB0150F305FC720E1A7F2905FA73A680A931F4E8FFE1882B003B1DB83D86295760C252983B53227BB97249A3C19816F0FB8D24CFAF7860B09B1B4377EFC6C9C98929537EE1EEDD65B8BB8763659534E7EF4D7176165B8E8103653E65D3A65243B57973523434BD5CBD0A6B9789683BEAAFB74742A150285E8B12588A6CE7A911041F870EEDC47D7BFF7E1152BD7B4B917264A4441C0E1E14E1D5BF3F74E9021EC7A1501C587883911F448643BC0990850EDE89C4D8C6F0F0D64342DC43E8DBFF47EE9B9B73FBDC394A4546026006E4F784A53E70E536F8788889E8940F485C25925C644D5B0B037B8AC89AD51F7E3C0C89E30275C0F02245E8B37D3B055D5D59BA783ED7AE4D61F9F2009A3593CEBF99334558172B96BE9992AFC2D656EAF5060E148B85060DC4C663D122B99F9EED6BB5D0B3214CB90013E3E58B8142A150640625B0146F85285388BB275181F878E928B4B484A953E1D021F8F65B71E9AE5F5F4696346E2C175D5D142C9C0E3DDA429DBC90E305587B83952F18058838D31A9325A22BDA319A3BE7EF601D6F4DF76FFB713A2A8AFB376E503A220200272D5C7C02DE79A1EF1098F249D6770BBE2FA41459FDBA43A7635031C1BB341E1859A810ED972DA374C58AECDABC991D0307E17ACF97B57B21770968D61C5AB6940EC0C993C5DFAC4489F45B7844464AB7DFDAB562D5B077AF189076EA24E398B45AA9C5B2B292ED376AF4F228237D8CFF05DA6F851A3A307EA34F48A1507CE8A81A2CC55BA381178C1B21BE58C78EC1CA955290ECE6F6F2BAC78FC5217DC00019AD13182817CA94510E3F3F387701F61E85DB8FE1790804C4C30B5388CD41A6BB0B735ECCC9F49FA6F3C5675FB07EDE3CFCC68EA5AF9717008B7282D544F87B1A4CB9F9618AABE424D66415AA03754742692D4402C34B94A0F7FAF5142F5D9AD3274E30E3B3CF58E9E585095293B5C41E2EBBC16723A051C2ACCA7DFB24A557A488D4E325F7580D0991D4DD952B92FAD36AC50FAD6A55490926D6EE25B26307AC5B27A9E7CF3F876BD760EE5CA9F74B4B64B9BBC3984AB03420EB3F278542F1E1A10496E2ED1003AD0261DB56A9B1F2F595F44DA2137A4AD6AC1113C91A35C4CC33674EB9008244BE2A5582CA95C51F2B39FEFE70FE22EC3902771E837F380444429009049A22F9ABD785267490F36A4E86771DCE807E0338B4752B67060C60784277E1650D94D5654BA6F2BDC40F703781CA3110080C2F578E913B77E292372F7BB66E6549DFBE2CF3F64E554A1707ACB181C345A0797F68F7A508A7030760E14271E377711121656303E5CA499D55E1C22F0BEDD050898C9E3D2BDDA8919162E1B060419280EFD953C4D9D2A532305A5FBAB06115587F41A505150A45D6A00496E2AD51EE2A74E908172FC1EA5512A5B2B696B4A03E7EFB0DFAF5930BECD8B1306E9C441FC2C3E5827AE102787ACAC532470EA852456EF629AE90B1B170EF1E9CBF0CC7CF81E70BF00D85A0180830861073C08E548AC9FEB63DDDEB7467EAEF53B978FA34EBBFFA8ADFEEDF270BCCC2FF937868344CAE5993B13B769023470E56CC9BC7D151A398F7E2452A4D1B03B80337CDE0A603DCCA0191CEE0941FCA578452A5E4E6E0F0F2EB6263C567EBFC79F9A9D5CA3954B9B244B39C9C60E448995B18142442CDC141C6EA7CF30D9C3E0DDBB78B296972FEF803E287C1CF698F675428148A0CA10496E2ADA1790179AFC08FFD253255AD9A5C08BFFF3EB5280289448C1D2B370F8FA4B4A13EFCFD45705DB82029459D4E0612172D2A1E5C254A248DD549243A5A2ED2672FC1A90BE01B0C4111720B03828CC130C08696255BB27CE1723C3D3C98D8A913032F5EA468BC9A9D929C5DB6B6FCDDAC1923972CC1CCCC8C494387E2BD6811DDFCFD796C060F72808F25600BD8818923142C03256A41E932A985148878BE7E5DD27BDEDE529B656424BFCB2A55A4903D65BDD6D4A95283E5EC9C24B44C4CC475DED6560672EFDA25DBEBD1435EF3E205B4AD00A7BCB2FB535228141F124A6029DE2E5190D3072A18C3C63572811C374E0ADBF5E1EE0E5BB64867D891233222A565CBF4ED2A317275F3A6DCC2C3936A778A179708498912F2EF940404C8889EABB760CB764B7451D558BB660B1616164CEEDB97229B36F169802AD6890526142C48C961C3E8D0AB17B1B1B17CDBA31BCF6EECA66AB9605C2B806B05A9ABD237C2263A5A7E4777EFCA4F5F5F795CA3119154AE9CB8B2A767FCCD860D924AAE5B572C40BEF8E2E514F2B87150B3A6444CC78E85D6ADA16C5968521F161F81BC696E59A15028328E12588A7F054D0C7C690ACBE749BAEFD62DB166D0C7810312CD6AD54ABAC5F2E593E85766498C5CDDBA257305A392F95DDADA4A8D4FE1C2E2D1947861BF70C18011230A3369D23ACA97AFC8AED5AB393D6A14BF3C788059E60FE5BDE6898101532B5562C0CA95B8162B868787077DFBB6A24F9F3B346F1EFDCFBAE868294CBF7F1F1E3C90C85422A6A61265747313D1AB2F92951E8E1C91A6878E1DA550DEC141BFFFD5C0813256C7D959CC44AB5703AFDE304C39B52B148A2C46092CC5BF8643084C690EDDBF943139952B4BC4421FCB96C905B85A3519BDD3A143EAEEC3AC203858C4C0A347D2CDE8E393F45C6C2C5CBA949BCE9D7FA26FDF413CF3F464FAD75FD3F0CC199A868666FDC1BCA3C4010BF2E421A4654B06FEF927A6A6A66CD9B296BFFEFA9956AD9E1216961489021151850B4B14AB4811892ABDA9E755721E3C1081D5B3A7B8AF3F7B26FE6AFA58B50A76EF960ED6132760647738F628EB262F29140A45224A6029FE554AF8C1B64950B4887414F6EF2F05EBFA98364DA258AEAE323C5AA31141D6B061D61855BE0E9D4EA22F7FFC61CBF3E73559B0601DD6D6D6EC5CBD9A131327F2DD8D1BE4D3FDB7FF3B9D34376753E5CAF4FAEB2F4A942E4D4C4C0C3FFCD093A74F77D1AD9B3F850A49F767CE9CD97F2CF7EF4BB4EACA1558BD5A52BABB76C939A48F6BD7A4D3D0C949C472FBF630C00D66DECFFE635528141F1E4A6029FE5D74502B10F62F937F8E1B27F531FABC8A743A183F5E523B565672FF934FE0D225B8734704969D9DF86C55ADFAF2DCC0ACE6C20543468FCE4FB76EA3E9D8B12B919191CCFAE9274CB76DE3DB67CFFE739D863EC0CCE2C529FFC30F74EAD3078023470EF0C71FDFD3BFBF3B8D1A45BF7A036F4868A834309C3E2DA94090F13C8181721E0404C82CC251A3F40BEDA020983E5D8ADE6FDE14A3DBF1E3615463D8E49DAD87AE50283E5094C052FCEB6862A09319AC992BA9B9DDBB4544E92326462E8C83064947D9E8D1307C7892980A089034D1D9B3624EA9D349317BB56AFABBCEDE84B8389833C79653A74A3261C20A5C5D5D79F4E001CB860E25D7DF7FF3959757768F51CC763C351A96162B86659326F4FAFD77ACACACF0F6F666C488AFC997EF024387FAE96D127813B45A11CC67CE88188A8F97DF6FA54A229E9D9C24953B73260C1D2AF5797FFE09438648C7604AE2E3C54B6DE448391F7EFC515EE3E50E9B4FA859830A85227B50024BF14E60150EC32AC1F08122903C3DA15D3BFD6B23226476E1E0C110180A0D9A41A1A2D0AA2134F8488AA613A318C92FD6B76FCBBF0D0CA426A87469E9504BEE189E199E3D83E1C35D285AF453060DFA1D7373733C9E3CE17FC3866173F2245F3F7DFADE5DC41F1A18B0A244091C5BB6A4FBC891585A5A121717C79C39E339756A11BFFFFE94A245B3665FFEFEF2FB397F5E84934623DD9DD5AB8B284E1ECDF4F585037BA50375F95A3030923138C38649AD973EC68F87AE5DA5F66BF4689981E9EC0C136C616870D6BC078542A1488912588A77863CC130A70BB46D2E2DF78E8E50AF9EFEB5A1A15293356C1878F843D5CF20D0061CE2C0311E72DB82AB3334AF07B56B4AD423119D4E0AD8AF5D831B37247DA4D3895D43891222BADCDCD2BE60A7C5810326CC9F9F8F9A353FE7DB6F87626161818F8F0F4B870F27EEDC391ADFBB47B5D877D7C93206D86363C3453737F2B76A4597C18331353525262686FFFD6F16BB77CFA76BD7A7B46B17F5DA6DE9E3D93311B977EFCAE70F2278EDED25C2A82FAD7BEF1E9C3A08D78F81C61DCC3C2024374C3D01188B61E8E0C1609146A870C912F1CC2A5306467403CF03E06C0235BCA195EA1C542814D98812588A778A82CF61FDAF50A5A2CC8EAB5D5B2E8EFA484C13FDF4133C0B869A9F835F3E926610C682A11F3845414E23115DE5DDE0937A50A6746A4B80E8684949DDB82122203A595991BDBD14D7BBBA4AF44B9F316A22070F1A317F7E7EAA54E948DFBE23B1B2B222363696039B377366C50AEC6EDEA483BB3BF9DFE483CA42FE3636E660B16268CA95A359FFFE54AC5A1580888808162E9CCAF1E32BE8D6ED292D5B46BFB6912034544C611F3C90C8E18B1722A20C0D214F1E8948B9B949217CF274AD562B9FF9E5B322A6A23D40E309AE01F0911F94049E034B6AC2CF4720364EA2980306A45D6BB77BB78C55FAF863D83B1A4CC7423D6D167C600A8542910E94C052BC7394F5859D33C5EFEA8F3FC492A14001FD6B1323593FFE08A17150A51378399076614D38980681632CD86AC0C10A72D942A55250B3B2A40DF589A744E3D1870FA54E2CD16354A713A1903BB7145DE7CD9BF4F3D22523E6CECD47A1421FD3ADDB108A172F0E407070301BE6CCC1F3D8310CDCDDA9FAF429B52323B17AE34F2E7D78018773E4E05EBE7C50B020D5BFF88226EDDB6398908B7BF0E001CB974FE5CE9D03F4E8E141E3C671FFBCF6F97378F24444948787D8582437B5B7B191DF55C18252FBA6AF9B3022421CDAAF1C87BB67E5800CFCC0CD1F2A044059520FD1BE67089B9BC0E0ED62363B6386086B4B4BFDEFF1D83129866FDF1ECE2E81077DE00B15B15228146F1125B014EF1E3AA81502BB17C8789B2953C495DBC545FFF2C84859F3FDF7606806B5BAC18D182057FAF747289885824382F072B406271BA8580A2A94824205453898E97115D5E94478F8F8481ACCDB1BBCBCA4C81E2405E9E1E1447CBC33CD9B7FCA575FF5C63E41C5C5C5C571FECC194EAC5E4DD8EDDB183E7D4AE1C0408A0704500C992CF3263C03EE1A1971CFC1011F4747B4050AE05CB52AF53B77A658B162FFAC0B080860F5EA45ECD9B30633336F5C5C9EFF93228D8F1711A9D148AA357F7EB915282051A9B4A25A2F5EC09DDB70F71C3CBC0431CF411300E64150D60FCA854311404FC3E84B9C3487AB5DA1DF3C114D73E648717B5A29DC73E72482F6F9E7F0E020EC680B03C332FAC929140AC59BA10496E2DD240EEA46C1AE8572219D3C5966C7A5E5AF141323F5385DBA408182D0EE27D87E13746944BED24582F0320C053B2D58C680B531D89A839D3938D94189A250DA0D0A27F83FE913608968B5B073A7011B37BA101353907AF5DAD3A245075C9229C7B8B838DCDDDDB973E50A774F9D22C4C3038DBF3FDAA02074111198474763A3D56292DC7EDEC080301313420C0DC1C282780B0B34397260903327798A17A758CD9A142F558A3C79F2BC743CB76EDD62CF9E6D1C3DBA139DCE932A553CA95B574BAE5C12854BCB8F0C44D47A78C0530F787A133C6E42B03768C2C02014B421E01401C502A04414B842AA81CFE9619303688740C7C1E27BB56E9D740B1AA7B1B1EBD745607DF30D789E81B54DE12755C8AE5028FE0594C052BCBBC442E338D8B1486A78264C900EB0B444964E27A9A35AB5A4607AD43C98BC06A2DCC81EAB6E2D1006066160170F560902CCC2182C4CC1DA0C2C4DC1C901F23B437E17C8934B8AF7ADADE1C60D0376EFCE8D8F4F0E1C1C0A53BB765BAA56AD8DABAB2B0669F84944454511191949585818B10905F3969696989898606B6B9BE6EBA2A3A3B97FFF3E67CE1CE6E4C9AD84873FA554A960EAD6F5A3460D1DC6C692F64CBCF9FB4380170478C8CF8840D086822E44DEAF7918E48D80FC41903F0EF203D67AF79C39E2811945A1CA54F8A895F85F5DBA04FDFAA51D31BB7E5DDCD9FBF685E7576071031816A05CDA150AC5BF8312588A771A4D2C3403B62E907F4F9A04DDBB4B9B7D5AAC5C2902A6756B3872013A0F82E785E05F73FF8C012281283089054B1D98C58169BC88317313D0C441748821C63A47B4D1E6989BD9E060EF48F1E2252859A2022E2EF9707272C2C1C1012B2B2B341A0D767676C4C7C71392908B0C0C0CC4D7D7177F7F7F1E3DBCCD8DEB1778F4F001D191A1C4454760611C8583A11FB92C7598C403D172D34583261A1CB4E0100DF611601F0A0E31608FDCDEA69F97AF06A6D5843E2B207F21D8B4499CD73FFB2CEDD79C3F2F8EEE3D7B82FF5D985B0786F9BE3EFDA8502814D98512588A771E4D347C62005BE689B9E8D4A9F0E9A792924B8B4387E0EA55199B12120ECD7AC0D978D039BEB5C37E7362810020185C9E5BD0E70B73CE9E35C1CACA003333080B93D84C8E1C3A22232138388EDAB563D8312382AE5ED194405273A648CDFFFB2036CEE580BDCDE0E745F2BB9E364D2C1CF40D6E4EE4C40929BCFFF24B895C2D6A0C837D5317CA2B140AC5DB44092CC5FB410C348885ED0BC4AF6AFA7468D2443AD5D2E2C91398374FBACD1C1C60E844587018020BF2DEE58D0ADC06F7E3695B577878C81CBE3E7DA06F41F8EBC9BF729899261E9853121CBF83CFFB4881FCF4E9E2E89F5673038815434484749A7A9E82E52D6148E0FB2126150AC57F9B2C1C1CA25064232670C8049A7C2D6DFA3FFE08274FC2E1C369BFA44001994D377BB6D4F04C1C0A07A6429967A0097F7B87AE78351EE630AC2134DF26E2EAD83158B8505CD75F25AE962D937AAC0E1DE0D13E58FD090C53E24AA150BC232881A5787F3086939650AF1B3C7D2605EF2121B0766DDA2F31331391E5E929E9A67225E1E256E8E50CB97DDEDEA12B52A3031697800DFD61FC1EC85F40D2BF7E7E306244DA360C5AADAC2B5D5A867D5F5C0C3BDAC1E0D0F72E30A95028FEC32881A578BF30828B8ED0B00F9CBD086DDA8827D3F4E972E14D8B4F3F95D986C386C1D3A7306F326C1901D59F8359C4DB3B7C8570D70E7E6A0A9557C3A009E0EE2E43BB3B751273D0B4080B13C1FCE9A732FC79F760B8F92DF48F50E24AA150BC5B18FDDB07A05064180DDCCB031DC6C2D4EED0A9B5185E8E1C29F556698DB1295850BCB266CF161FA5DEBDE1C446183B05B65C84EBB6A8FF11D94CA401FC5519CCDBC3A41FE5B1D9B3C56263D2A497C7E7A4E4EE5D58BE5C7CB06CACE17FED20CF56E8AAAA48150AC53B88BA9C28DE5B3C7341DF6570ED0EFC3E047EF9452ED26DDA40F9F2FA5F6368289D8577EFCA90E0AFBE8231C3E01B0F183C06CE86C093B4C6EC28DE887525E17255E83B46A28E972EC1AA55F0ED66FE60AE00000DA049444154B750B4E8AB5FBB7DBB441EC78D83B810185F1E3EB90615DECEA12B140A4586512942C57B4D404E9872099A7F255190D1A3E5C2BD6CD9AB5FE7E626730ECF9D938BB68D0DAC5B0C4B7B41D35070897D1B47FF6170AE00FCD81C5CE6C3C4A5F2598F1D2BC6A053A7BE5A5CC5C4888BBFA5A5988C7A9D825F8BC2D74A5C29148A771C15C152BCF7C4DAC1EE68A8FE29AC9B0E5F7F0D172F4A4DCFA04162D1A00F8D46C6EFF8F989D8727585AE5DC57369D97258B91BAE5B816F6666BC28B8EC022B4A43C5CE30B58B3CB670A1341C7CFFBD38DABF8ABB7761F1621830408C654F4C845363606C94FAC3A55028DE7DD4DF29C57F0353B8EE0C0D7F809FDB43FF1E50A2840C81AE5D1B1A3448FBA58E8E1251B97C596AB89A3583EE5FC1975FC0A225B0E518DCB6044F15EF4D17170BC01A3728D901267717C3D03D7BE0C00149C9F6ECF9FA6D2C5B2605ED132702D1F06703703E024355BD9542A1784F50970CC57F070D78E58721BB25651817271D67E1E1F0DB6F62E9F02A2A54102B87C848F8E107387306FAF4861D4BE1D76AD034180A47BD7A1B1F2A3A604F09E8DF1C6E8C86F13BE0EB9EE2B23E6080AC99360DCA967DF5763C3CE0E79FC548B55F3FF03C0C430B40B3C3D041892B8542F11EA122588AFF1CD13961770C54EC00B38642AB5632007AF264A85E1DFEDFDEBD47775DD7711C7F6EC4D840D436673AC1C1A0A40C30093CA272F17840C41B2056132B022D51533BE631F5A4473D1DEB6869763589F4185D00152FA9CB8A9629E485A9A102320611E864136203C6B6DFFAE3BD8591C0A00FE3E2F371CEF700BFFDF6BDB0737EBCF87CDE9FF7E7CC3377FCFD679D15EF993307AEBA2ABEFFA2A930754A740EFFC56FA1B2095ECD83C60F7857CB75B9F0CB81F0662F387D32DC392AA65E9F7E1A1E7D14468E8C161ADBDBA0B94D2613D3871B36444D5C4E679833052AEF876F35F9412569FFE3E7960E4C39B0AC379C7F3B9C3E0BEEBB23FEE12E2B8BDAACCB2F8FD60EDBD3D6217CFC7878F8E118D11A3A345E1B3B16DE78037EFA73787E192CCD83EA6E1DF7687B5B0BF0973E30B718BA0F81D2C970E9C762C470E64C58B0004E3B2D82D58EDA2EB459B83056134E9E1C5B1FADF92BDC590A67AE841DB4C492A47D9A014B07B4BA9E30BB1E5E381B6EB904264D88D1ACBBEF869C9CD8BB2F2F6FFBDF9F9D1D216BFCF8D86EE79A6B22985D78217CEF3BD0D00073E7C26F1E8365EB615937A8EBDE71CFD791FED6131E29860DC5306C1CDC7676F4135BBD3A6AA56A6A60E244B8E082F69D6FEDDAF8391417C7E8625613FC6202AC79046E6A821DFC5824699F67C0D2812F0FAAFAC0D41930630ECCF8365C7B6DD4FBDC78239C78228C1BB7F3D30C1D1AC7AA553063466C483C7A74741E3FFF7C58BF1E663D0873CA60C57A58990BF5F9ECB79BE36DCE86F2BE30EF70A83B0A068F856BCE89360BCDCDF0D453312278C411B1FAB2A8A87DE76D6C847BEE8177DF8D29D8430F85D7EE83E957C3A4B5F0C53DFA5492D4310C58FAC068380AFED808C77F01C60D811FDE1C2327F3E645F3D1B3CE8AA9AD9DE9D123B6DCC964E0C92763E561972E51B7F5A52FC0D4C9B071233CF914FCFA5158BA1AFED10835DD8102F6D9A5254DC04B47C0B33D60D921D0B51F0C3F036E18015DBBC6F33EF34CD4A13536C2A85151B8DE9E694088503673265454C44AC27EFD606D05DC38098E5A04DFC60F2449070E3FCFF4C1D2196A3E0AF7AE803F9C015796C257BF0423464451F61557C434D7C927EFFC54D9D9D1D2E18C3322503DF6588CC8E4E6462FADD347C3F8D691B1CA4A98FB1494FD0556D5C25B9BA026075AF28143E8F08DF49A80A5B9F06A8FD822687D3E742E864F0D87734F8E6D85209E6BDEBC38B66C81534E8951BF1D4DAB6E2B9381D9B363556669694CAF36AD837BC6C29ADFC3558D7068FA4794A4BD2A8B8B71F1B33EB0B2D6C0319BE11B5F86CF4F886EF0B367C748CDA851119E76B6026E5B9B37C39FFE1447434334303DE9241838307A4241B48C78E679282B879717C1DA3AA8A983DA0668C803BA035D81DC388A17435539FCF8C711FEFAF7FFEF6BAE5C098F3F1E3565D37AC19D2BA08638FE79302C2F80E579B0F920201FB20F87634E8001C7C1273F19D37E1085EA1515505E0E2B564407F5112360D8B0088EBBA2A1011E78203AB64F9C187F07CD7530F36258F8304CDD049FD8B5534AD27EC38025019D5642BF66B8E90A386F6C04ADB2B2980E1B3000264D8A69C0DD515919FDA05E7925A6D60E3B2C7A6EF5EFBF75A4A8CDA64D50F11A2C5C044BAB60D51A78BB1AD6AD84579E6F5FC01A311806F585822238BC048EEC05BD7BC7B1EDC8D3F2E511805E7A296AA23A758A7B3BE594FFBDB7F65AB70EEEBD17DE7E3B0ADE8F3B0E329B60D63458300B4AEBE1D3BB776A49DA6F38452801CD47C322E07377C337EF824B27C1B40BA388BDA2223692CECB8B29AE638ED9B5739794C4D1A6B63602CD830F46306A69FD2F4E51D1D62034710C14166EFD9E69D3DA7FBD4F0C863B7EB4F5CFD5D55055151B262F5F0E6FBD15D7CCCA8A157C0306441B8AFCFC5D7BAE6D3DF75CF40EEBDE3DB62BEAD9131ADE86E9E7C1DF9F84F3EAE133FFDF252469BFE10896F43EB256C1D1F530E134F8D6D763F46ADDBAE8D7B478319C70029C7B6E4CA1A5D0D2026BD64400AAAC8C405453135F6B6E8E51A679F3DA3782357C788C1AB54D6D16146C0D6E25253BEEFFB5ABDE79077EF52B58B66CEB6ACC2E5DA076214CBF02AA17C0055BE0B8749794A4FD822358D2FB68E9012B80EF56C07DA7C2A012B8F96BB17D0B4433CD5B6F8D29BD61C360CC985D2BFCDE5656568C60151545ADD2B6766504EBD863E1AEBB76FF5E76A6B6161E7A085E7E3946D94A4BA3CE8C6678F67678E867D0AD12A6B440CF3D771B92B44F3360493B5200350550B605FE7825947C08C68F86EBA6C52856261305E137DD14C5ED830645D87AEFF4DE81E0CD37A325C592253195386E1C4C99125FAB5E00775D0295CFC2D07AB815D8CD7235493A6018B0A4F6C881A67EB004B86D3EFCE041E89B0F13CF842BBF182BED321978F1C568A2595D1D4164F870183C38DD546247A9AD8D9594F3E74703D57EFD22385E7659EBD72B60FA4478B91C0AABA114E8B357EF5892F62D062C695715425D2154B440C51370DBFDD0271F468F80CB26C1F5D7C7DB6A6B6374EB965B62742B2707860C89FAA89292F637E8DCD31A1BE1F5D7634FC0B6958E0505315579C30DD1649416A8FA1DFCE46A786D01E4BF05E380297BFBE625691F65C09276571650041B8A5AC3D67CF8EE1C28CA85FE7DE133E7C084D3A3181EA25EEBC517E18927A290BDA929FA621D7D7404AE5EBDE2D7EE7B682FC3B56BA388BEAD907EF5EAA8FDEADC3946A88E3F3EDA2AB4F5EADAB018CA6F81F2DF41FD9BD06B238C01BEB2676E4F920E28062C29852CA0101A0BA3387EC56678ECFB30F56638F220283E02C69C1A81EBF2F77489CF6462C5605515BCF002CC9A051B36C4AAC29696E84BD5D2024B97B6FF56162F8E8EF4994C04A8ECECF87D616184B8DEBDA3CFD57B5713B66C81AAA761D60FA162016C5A0507AF8793801B889EA792A4F63360497B422ED0071A802AA0AA11FE3C17AE9D0E0767A0A01B7CE4C330B03F0C1A00270E849123B7DF35FEA28BDA7FE9BE7DB7BF8AB0693DAC9C0FAFFF1C1E7E0196BC01CD6B21BB167A656008301E8BD425E9FF65C0923A4267A0471CFF228EE51998BF08782E5EC8D902DD73E1905CC8ED0C5D73E1B002F8C8E1B07255FB2F55FD06FC6822D4BC0335EF021B215317D7E8BC315A27F4064E052E063AA57D524912062C69EFC9060E6B3D802D6CDD3F10800CB019A884E2D617EBEAE19AEBE0D0D6DD91739B6276B27E231C7B7CEB6B2B6064799CB6A0F53292A48E65C092F655D944F15357D8B80CBE7A2DFCA10C5EFB28FF298A6AB9277EFD27F0D925D0A5063A6D848FEF9D3B9624B572AB1C697F90011A89E1AA9CAD2FB7052C80F5AD6FEBF6DF6F9124ED058E6049FB836C765A797E4887DC8824A93D2CCF9024494ACC802549929498014B92242931039624495262062C4992A4C40C589224498919B02449921233604992242566C09224494ACC802549929498014B92242931039624495262062C4992A4C40C589224498919B02449921233604992242566C09224494ACC802549929498014B92242931039624495262062C4992A4C40C589224498919B02449921233604992242566C09224494ACC802549929498014B92242931039624495262062C4992A4C40C589224498919B02449921233604992242566C09224494ACC802549929498014B92242931039624495262062C4992A4C40C589224498919B02449921233604992242566C09224494ACC802549929498014B92242931039624495262062C4992A4C40C589224498919B02449921233604992242566C09224494ACC802549929498014B92242931039624495262062C4992A4C40C589224498919B02449921233604992242566C09224494ACC802549929498014B92242931039624495262062C4992A4C40C589224498919B02449921233604992242566C09224494ACC802549929498014B92242931039624495262062C4992A4C40C589224498919B02449921233604992242566C09224494ACC802549929498014B92242931039624495262062C4992A4C40C589224498919B02449921233604992242566C09224494ACC802549929498014B92242931039624495262062C4992A4C40C589224498919B02449921233604992242566C09224494ACC802549929498014B92242931039624495262062C4992A4C40C589224498919B02449921233604992242566C09224494AECDF19B7171890F5228B0000000049454E44AE426082');
/*Brazil*/INSERT INTO "Flags" VALUES('Portuguese', 1, X'89504E470D0A1A0A0000000D49484452000002D0000001F808060000006340DA5A00000006624B474400FF00FF00FFA0BDA7930000200049444154789CECDD777CD375FE07F0575693B469BA17DD834E4A1905DA8A28E3445114F5C413D7E9B1C4BDEE4E3DEFF4709F1BF5182A0EDCC8391041FD09C892D94D5BE8A27B8F246DD3A4497E7F142AB52D90D2F69B26AFE7E3E1034848F2A242FBEA279FEFFB23C2BA340B8888888888E89C88850E4044444444349AB04013111111115981059A88888888C80A2CD044444444445660812622222222B2020B3411111111911558A08988888888ACC0024D444444446405166822222222222BB04013111111115981059A88888888C80A2CD044444444445660812622222222B2020B3411111111911558A08988888888ACC0024D444444446405166822222222222BB04013111111115981059A88888888C80A2CD044444444445660812622222222B2020B3411111111911558A08988888888ACC0024D444444446405166822222222222BB04013111111115981059A88888888C80A2CD044444444445660812622222222B2020B3411111111911558A08988888888ACC0024D444444446405166822222222222BB04013111111115981059A88888888C80A2CD044444444445660812622222222B2020B3411111111911558A08988888888ACC0024D444444446405166822222222222BB04013111111115981059A88888888C80A2CD044444444445660812622222222B2020B3411111111911558A08988888888ACC0024D444444446405166822222222222BB04013111111115981059A88888888C80A2CD044444444445660812622222222B2020B3411111111911558A08988888888ACC0024D444444446405166822222222222BB04013111111115981059A88888888C80A2CD0444444444456900A1D8088887A93892CF86B582500E085D240182D2281131111D1E958A089886CC834372DD6C6152151D50E0058E8D780A57991D8DFEA2A703222223A855B3888886C804A62C22BD125D8939CDD539E012051D58E3DC9D97825BA042A8949C0844444748A08EBD22C428720227264F3BC9BF1666C3142159D67FC7D27F472DC991F812D0D1E23948C8888FAC31568222281F83A19B161DC316C9E9077D6F20C00A18A4E6C9E90870DE38EC1D7C93802098988A83F2CD04444234C04E0D6803AE4A6A663917F83D58F5FE4DF80DCD474DC1A50075E5E484434F2B885838868044528F5581D5784399EAD43F27C3F35B961795E248A3B1443F27C444474765C8126221A015291050F8554212B2563C8CA3300CCF16C45564A061E0AA98254C4F51022A291C0156822A2613649DD86B5B18598A46E1BD6D739A271C1D2FC281CD1B80CEBEB1011393AAE4013110D13A5C48C17A24BF1EB94AC612FCF407751FF754A165E882E8552621EF6D7232272545C8126221A06733C5BB13AAE08114ABD20AF5FDCA1C0F2BC48FCD4E426C8EB1311D933AE4013110D212F5917D6271462DBA45CC1CA33D07DB1E2B649B9589F50082F599760398888EC110B3411D110B9C1C6C6CB9D3E2EEF86418CCB2322A2FEB14013119DA753079C7C64A3079CF83A19F1911507B61011D199B14013110D925804DC135C8DECD40CCCF36E163ACE59CDF36E46766A06EE09AE86D81696C8898846295E444844340889AA76AC8D2BC23437ADD05106657FAB2B96E645225BE72C741422A251872BD04444565088CD5819598643D332476D790680696E5A1C9A9689959165508839F28E88C81A5C8126223A4733DC3558135F8418E70EA1A30CA9827625961D8DC42F2D6AA1A310118D0A5C8126223A0B776917D6C415617B728EDD9567008871EEC0F6E41CAC892B82BB9423EF8888CE862BD0444467708D6F2356C59420406E103ACA88A8EE74C2DD05E1D854E725741422229BC5156822A27E042A0CD894948F8DE30B1CA63C034080DC808DE30BB029291F810AC7F97313115983059A88E83462117047500D7252D2B1C0A749E8388259E0D3849C9474DC1154C391774444BFC32D1C444427C5BA74606D5C11A6BB6B848E625376B7A8B1342F12F96D4AA1A31011D904AE401391C3731259F0CFF072A44FCB6479EEC774770DD2A765E29FE1E5701271CD8588882BD044E4D052DDB4581B57840455BBD05146855C9D3396E645625FABABD051888804C31568227248AE12135E8F2DC1AEE46C96672B24A8DAB12B391BAFC796C05562123A0E119120B8024D440E67BE7713DE8C2B4690034DD7180E159D4EB8332F02DF36780A1D8588684471059A881C869F93119F241EC3D713F2599E874090DC80AF27E4E393C463F073320A1D878868C4B0401391DD1301B87D4C1D8EA6A6E37ABF06A1E3D89DEBFD1A7034351DB78FA90327DE119123E0160E22B26B514A3DD6C41761A647ABD0511CC2F666372C3B1A89C20E85D0518888860D57A089C82E494516FC3DAC129929192CCF2368A6472B325332F0F7B04A4839F28E88EC1457A089C8EE24BBEAB02EA10849AA36A1A338B44C9D0B96E446E2905625741422A221C5156822B21B2E12135E1C5B8A7D53B3599E6D4092AA0DFBA666E3C5B1A570E1C83B22B2235C812622BB30D7AB056FC516235CA9173A0AF5A3A4438115F911D8D6E82E741422A2F3C61568221AD5BC65467C30EE38BE9F7894E5D986852BF5F87EE2517C30EE38BC651C794744A31B0B34118D5A37F9D723372D0337F9D70B1D85CE11FF9F11913DE0160E221A75C2957ABC155B8CB95E2D4247A1F3B0ADD11D2BF22350C291774434CA70059A88460D89C882FB43AA909592C9F26C07E67AB5202B2513F7875441C2917744348A70059A88468524551BD6251421D9552774141A0687B42A2CC98D44A6CE45E828444467C5156822B2694A8919CF449DC0C169592CCF762CD9558783D3B2F04CD409282566A1E310119D1157A089C866CDF468C5EAB8228C75E6740D4772BC5D81E57991D8DEEC26741422A27E71059A886C8E87AC0B6FC717E2A7C9B92CCF0E68ACB31E3F4DCEC5DBF185F09075091D8788A80F166822B2290BFD1A7034351DB78FA98348E83024181180DBC7D4E1686A3A16FA35081D8788A817166822B209417203BE9E908F4F138FC1CF89076D50373F27233E4D3C86AF27E423486E103A0E11110016682212985804DC15548DDCB474CCF76E123A0ED9A8F9DE4DC84D4BC75D41D510F3AD092212182F222422C124A8DAB126B60869EE5AA1A3D028B2B7C515CBF22391AB73163A0A113928AE4013D188938BCD7822B21C87A765B23C93D5D2DCB5383C2D134F4496432EE6C83B221A795C8126A21135DD5D833571458873E9103A0AD981BC362596E54562778B5AE82844E440B8024D4423C24D6AC29BB1C5D8313987E599864C9C4B07764CCEC19BB1C570939A848E43440E822BD04434EC16F83461554C3102159CA240C3A752EF84BB0B22F055BDA7D05188C8CE71059A88864D80DC802F120BB029299FE599865DA0C2804D49F9F822B100011C794744C388059A88869C08C092C05AE4A666E05ABF46A1E39083B9D6AF11B9A919581258CBC378886858700B07110DA968E70EAC8D2FC20C778DD05188F04B8B1A4B8F46E258BB52E828446447B8024D44434226B2E0B1F00A64A464B23C93CD98E1AE41464A261E0BAF804CC4F522221A1A5C8126A2F336CD4D8BB571454854B50B1D856840D93A672CCD8BC4FE5657A1A310D128C71568221A3495C48457A24BB027399BE5996C5EA2AA1D7B92B3F14A740954128EBC23A2C1E30A34110DCA3CEF66BC195B8C5045A7D05188AC76422FC79DF911D8D2E0217414221A85B8024D4456F1753262C3B863D83C218FE59946AD504527364FC8C38671C7E0EB64143A0E118D322CD044744E44006E0DA8436E6A3A16F937081D8768482CF26F406E6A3A6E0DA8E3C83B223A67DCC241446715A1D463755C11E678B60A1D8568D8FCD4E486E5799128EE50081D85886C1C57A08968405291050F8554212B2583E599ECDE1CCF5664A564E0A1902A4839F28E88CE802BD044D4AF49EA36AC8D2DC424759BD0518846DC118D0B96E647E188C645E828446483B8024D44BD282566BC105D8A5FA764B13C93C39AA46EC3AF53B2F04274299412B3D07188C8C670059A887ACCF16CC5EAB8224428F5424721B219C51D0A2CCF8BC44F4D6E424721221BC11568228297AC0BEB130AB16D522ECB33D1EF4428F5D8362917EB130AE125EB123A0E11D900AE401339B81BFC1BF04A740967E10E834EA304A5B56E28A9714355A30A8D5A251A5A9CD1A855A251A340A3468946AD129D46092C16115A74720080A14B8236BD0C00E0A230C249DA7D6A9EBBAA132291057299095EAE1DF05277C04BAD87B7BA1DDEEE1DF072ED40A0B716617E1A84FAB6422EE3697B43ADCE20C3FDC7C2F1498DB7D0518848402CD0440E2A54D18937638B31CFBB59E828A39AD92C4271AD3B328B7C9053EA83C22A8F9ED25CDDA48245A0CFB0221110E0A943B87F2BC2FC5A1135A619E3C2EA9114598F08BF1688C5FCD47F3EB63478E0CEFC089CD0CB858E42440260812672306211705750359E8A2A834AC2154A6B984C22E49CF0C1AEDC206417FB20B3D817B927BC7B568B470B95C28084B0468C0FAFC384C83AA4C557625C683D24127E39B086CE24C13F0A43F0464500CCFCD01139141668220792A86AC7DAB8224C73D30A1D6554D07638617F7E00F6E406614F6E10F6E70740DBE12474AC61E1AA342035AE0A690915488BAFC4B4D86AB82A0D42C71A15F6B7BA62695E24B275CE424721A211C2024DE4001462331E0BAFC05FC32A21E3011103B258808C223F6C3D1C8E6D87C2B13737105D66C7BCD6DA496AC2F47115989B5C824B934B9018562F74249B66B488F04269209E2E0982DE41FFCE1039121668223B37C35D8335F1458871EE103A8A4D6AEF94E1FB83E1F86E7F14B61E0A474D330FCEE84F90B716972697E0D229C5B82CB9184A39A751F4A7A05D89654723F14B8B5AE82844348C58A089EC94BBB40BCF8F3D81C581B510091DC6C6E80D527C7F301C5FEC8AC5B7BF468DBA3DCC4253290C989F52848517E563EEE412289C58A64F6701F076A51FFE763C142D5D52A1E310D130608126B243D7F83662554C0902E4DCC37A8AC924C2B6C3E1F864473CBEFD350A9A76FBDCCB3CD2D4CE065C957A1CD75F94874B934B38DDE334D59D4EB8BB201C9BEABC848E4244438C059AC88E042A0C5815538C053E4D4247B11965F56AACDF968877B78D4779BDABD071EC5A888F06B7CDCDC66D73B311E2A3113A8ECDF8AADE13771744A052CF6FDA88EC050B34911D108B806581357826EA04DCA41C4DD76516E3DB7D9178675B12B61E0A87D9CC4D2C234922B160EEE4122CBE341357A414412A360B1D4970AD5D123C5A188A3595FE1C7947640758A08946B958970EAC8D2BC27477AEF869DA9DF0CED6F178FDAB649CA8E3455CB620D457837BAF3E84BF5C9AC5B1780076B7A8B1342F12F96D4AA1A310D1796081261AA59C4416FC3DAC028F845742EEE02B7CE5F5AE58F5D564ACFD7E02F736DB2877552796CDCBC09D571E4190B763CF21EF348BF16C49209E2B0D82C1C277478846231668A25128D54D8BB571454850B50B1D455005159E78E693547CBA230E461367EF8E0632891937CCCCC3A337EC4374A063EFD5CFD53963695E24F6B5726F3ED168C3024D348AB84A4C787A6C1956045643ECC00B57C5D5EE58F9511A3EFA39DE610F3A19EDA462336E9E938BC76FDC8B30BF56A1E308C66C01DEAA0CC063C743A03549848E4344E788059A689498EFDD8437E38A11E4C0A3E9CAEAD578E6E354ACFF21912BCE76C2496AC26D9764E3B145FB1C7A6B4745A713EECC8BC0B70D9E424721A273C0024D64E3FC9C8C7835A604D7FB35081D45302D3A399EFE240DABBE9E04431757E9EC915C66C25D571EC16337EC85BBAA53E83882F9ACD61BF71584A3D6C0C37D886C190B34918D1201B86D4C1DFE33B6141E32C73CE9CD6C1661CD9609F8D707D3D1A0E1D40247E0E7DE86A76FFB057FFE438EC31ECAD26C94E2E1E361585FE50BC7FC0810D93E1668221B14A5D4634D7C11667A38EEDED01D59217870ED4CA417FA091D85043031AA162F2DDD8E8BC797091D4530DB9BDDB0EC68240A3B14424721A2DF618126B2215291050F8556E1F1F07228258E399AAEA6D905F7BE35075FEC8A113A0AD9803F5D9C875797FF1F7CDD1D73E24C87498C9525C178F1C4187471E41D91CD608126B211C9AE3AAC4B284292AA4DE82882B05880F53F24E2E17533D1ACE38A1BFDC6D3558F9796FD8C5B66E740E4A01D3253E78225B99138A455091D8588C0024D24381789094F4694E3DE906A48448EF9CFB1A8CA1DCB5E9F8B9F3342858E4236EC0F134BF1DF7B7E4044408BD0510461B288F05A5900FE551C8C368EBC2312140B349180E67AB5E0ADD862842BF542471184D92CC2ABFF4BC6E31F5C888E4EA9D071681470961BF1D49F77E1DE05871C7635BAA4438115F911D8D6E82E74142287C5024D24006F99112FC794E226FF7AA1A308A6A2C115B7BD340FFF97CE5567B2DE9C8927F0FEC3DF21C053277414C16CA8F1C1030561683072E41DD1486381261A6137F9D7E3A59852F8C88C424711CCA63DD158FAEAA568D272AF330D9EB7BA036BEFDB8A0569C7858E22987AA30C0F168461438D8FD051881C0A0B34D1080957EAF1566C31E67A39E6FE4D00D0E99D70FFEA597867EB78A1A3901D597259265E59FE339CE58EFB4DE9B64677ACC88F400947DE118D081668A261261159704F7035FE1D590E178949E83882C92BF3C2B52B1720BFDC4BE8286487E2431BF1E5E3FF434C5093D05104D36692E09F45C178BD3C00268EBC231A562CD044C32849D586750945487675DC7D9A00F0E5EE68DCFED23C683B9C848E42764CED6CC0FB0F7F87AB521D774B07001CD2AAB0243712993A17A1A310D92D09AE0C7E42E81044F6462931E3DF9165782FA110417283D07104633289F0C8BB17E3FE35B3D169E4D82D1A5E9D46093EFF250EC62E092E4A2C83582C7422618C911BB038B00E4A89197B5BD53C8085681870059A6888CDF468C5EAB8228C7576CCD174A7346894B8E1D92B39658304F18789A5F8E4D16FE0E9EAD8FF0E8FB72BB03C2F12DB9BDD848E42645758A089868887AC0BFF195B8ADBC6D4C1D1D77B8E5779E0F2C7FE88C26A0FA1A390038B0E6CC2772B3722728CE35EB80B001600EBAB7CF1F0F130341B396F9D6828B040130D81857E0D782DA6047E4E8E3B05E094DDB941B8FAC9ABD1A8510A1D85083E6EEDF8EA894D488DAB123A8AE06A0D32DC5B108ECF6BBD858E4234EAB140139D8720B9016FC61563BEB7E35EF97FBACF76C6E2B697E6416FE02A17D90EA5BC0BEF3FFC1DFE38BD40E82836E1DB064FDC9917818A4E5ED44B3458BC88906810C4226045700D3625E52351D52E741C9BF0FCE7D3B0E28DB9E83239E8955B64B3BA4C627CB93B062E0A23D2E2B9121DE3DC81C541B5D09AA438AC5581AB6844D6638126B25282AA1D9BC6E76359502DE4627EE9018047DEBD084F6EB840E8184403B25844F8F148380C4609664F3C21741CC1C9C516CCF36EC61CCF16ECD7B8A2DEC0E3C089ACC1024D748EE462331E8FA8C087E38E234CD929741C9B60B100F7FC770E5ED93445E82844E764776E109AB50ACC4D2E81C8D1AFF60510AC306071602DA462605FAB2B0F60213A472CD044E760BABB069B27E4E18FBE8D90F0EB0B80EE19CF4B5EBD0C6BB74C103A0A9155F6178C4165A32B2E9F52E4B0B3A24F27110117796870AD6F23B2742E28D3CB858E4464F358A089CEC04D6AC2CBD1A57823A618BE4E5D42C7B11946931837BF301F1B7E4E103A0AD1A0A417FAA1B0CA1357A61642C2AD5800001FA72EDC1A50073FB9117B5AD4E834F3BB0BA281B040130D60814F13364FC8C32CCF56BED57B1A9349849B5F988FCF76C60A1D85E8BCE494FAA0B0CA030B528F7325FA24910898A2D6E166FF7A94742890DFCE719444FDE1A70CA2DF09901BF04562013625E52350E1B8C770F7C7620196BE7629CB33D98D4F77C461F9AAB9B07011BA974085019B92F2F145620102E4FC3C48F47B5C81263A49046049602DFE97548049EA36A1E3D8A47BDF9A83B5DF73CF33D997F4423FB4E814B8744A89D0516C4EBCAA037F09AC4393518A74AD4AE838443683059A0840B47307BE4C2AC05DC1355088CD42C7B1497F7BFB62BCFA55B2D0318886C5FE8231307649306B0247DCFD9E426CC67C9F66CCF46CC5DE1657341A39F28E88059A1C9A4C64C123E195F838F13822957AA1E3D8ACE73E4BC1CA8FD3848E4134AC76E504412E3361FAB80AA1A3D8A45045271607D601007E6D758519BC38841C170B3439ACA96A1D364FCCC39FFC1B20157103E4403EFA391E77BFF507A163108D889F3343111FDA8084D046A1A3D824A9C882599EAD58E0DB84231A152A791C3839285E44480E472531E195E812EC9D92C563B8CFE2D7FC31F8CBCB97F1022B7218160B70DB8BF3B03F3F40E828362D51D58EBD53B2F04A7409541293D07188469C08EBD2F8A5911CC63CEF66BC195B8C50054F123C9BC26A0F5C70DF8DA86F75163A0AD188F3716BC79E573F425440B3D0516CDE09BD1C77E647604B8387D05188460C57A0C921F83A19B161DC316C9E90C7F27C0EEA5B9D31EFD13FB23C93C33AF56FA041C339C86713AAE8C4E60979D830EE187C9D8C42C7211A112CD064D744006E0DA8436E6A3A16F937081D675430994458F4DC7C14567335891C5B61B5076E7A6E3E4C265E2C772E16F9372037351DB706D4F1F242B27BBC8890EC5684528FCFC617E081D06A384B389AEE5C3DBAFE226CF83F1ED14D040045D5EE309939DEEE5C394BCC58E0DB840BDC35D8D3A246739754E84844C382059AEC8E5464C10321D5F86C7C01625C389ACE1A1B77C7E0FE35B3858E41645376E7062129A20EB1C14D4247193522949D581C580B83598C031A1547DE91DDE14584645726A9DBB036B69027090E425E991752EEBD19DA0E8EA522FA3D37974EFCFADA8788096289B6D6118D0B96E647E188C645E8284443867BA0C92E282566BC105D8A5FA764B13C0F824EEF846B572E6079261A406B9B1CD7AEBC1A6D7A9EC267AD49EA36FC3A250B2F449742C9ED74642758A069D49BE3D98AEC940C3C1452C5035106E9FED5B3905FEE25740C229B76F484171E5C334BE818A3925464C1432155C84EC9C01CCF56A1E3109D3716681AB5BC645D589F50886D937211C163B807EDCBDDD17867EB78A163108D0A6BBF4FC2D7FBC60A1D63D48A50EAB16D522ED62714C24BD625741CA2416381A651E9068E4B1A12950D2A2C7BED52A163108D2A8B5FB914D54D2AA1638C5AA78F17BD81E34569946281A651E5D4C0FE8F38B0FFBC592CC09F5FBA1C4D5A85D051884695468D12B7BD388F47DC9F275F27233EE20157344A718C1D8D0A6211707770353626152041D52E741CBBF0F2A62958F3DD04A163108D4A45D5EE7057752225AE4AE828A3DE58673D1607D6A1CD24C141AD2BF87D098D061C6347362F51D58EB5714598E6A6153A8ADD28AA72C7F83B6E4747270F39201A2C17851159ABDF45B83F2F8A1B2AFB5B5DB1342F12D93A67A1A3109D11B77090CD5288CD5819598643D332599E8790C5022C7B7D2ECB33D1796AD3CB70C7EB73858E6157A6B96971685A265646964121E6C83BB25D2CD0649366B86B909E9289C7C22B20E368BA21B5FE8744FC9C112A740C22BBF0C391307CF05382D031EC8A4C64C163E115484FC9C40C778DD07188FAC5024D36C55DDA85357145D89E9C8318E70EA1E3D89D9A66173CBC6EA6D03188ECCA436B67A1BE955B0E865A8C7307B627E7604D5C11DCA51C7947B685059A6CC635BE8DC84DCDC092C05A8EA61B26F7FD77369A759CBA4134941A344A3CC00356868508C092C05AE4A666E01ADF46A1E310F5608126C1052A0CD894948F8DE30B102037081DC76E6DCF0CC1E7BFC40A1D83C82E7DBC3D1EBB7282848E61B702E4066C1C5F804D49F90854F0EB04098F059A042316017704D52027251D0B7C9A848E63D74C261157C8888691C5023CB86616CC66BE7F369C16F8342127251D7704D540CC0F350988059A0411EBD2811D9373F0666C31DCA426A1E3D8BDB7B72521B3D857E8184476EDD0717FBCF7E338A163D83D37A9096FC61663C7E41CC4BAF05A1912060B348D28279105FF0C2F47FAB44C4CE7D5D523A24527C73FDF9F2E740C2287F08FF76640D3EE24740C8730DD5D83F46999F86778399C38AD8946180B348D9854372D0E4FCBC41391E59073BEE78879FA93344E08201A2135CD2E78F6D354A163380CB9D88C2722CB71785A2652795E008D2016681A76AE12135E8F2DC1AEE46C1EC33DC2CAEAD578E39B4942C7207228AF7D3519950D2AA163389404553B762567E3F5D812B84AB82D90861F0B340DABF9DE4DC84D4BC75D41D5BCE043004F7F9C8A4EA344E818440E456F90E2D9CFB80A3DD2C422E0AEA06AE4A6A563BE372F4CA7E1C5024DC3C2CFC9884F128FE1EB09F908E2683A411457BBE3BD1F12858E41E490DEFE7E3C4A6BDD848EE19082E4067C3D211F9F241E839F9351E83864A758A069488900DC3EA60E4753D371BD5F83D0711CDACA8FD26034F19F3891100C5D123CF30957A18574BD5F038EA6A6E3F631753C9C8B861CBFBAD2908952EAF1D3E45CBC1D5F080F198F5D15524185273EFA395EE818440EEDBD1FC6A1B0DA43E8180ECD43D685B7E30BF1D3E45C4429F542C7213BC2024DE74D2AB2E0EF6195C84CC9C04C8F56A1E31080673F4D459799FFBC8984D46516E3998FB90A6D0B667AB4223325037F0FAB849423EF680888B02E8D7F9368D0925D755897508424559BD051E8A4B27A35A26E5D7ADE055A2197C2C753050FB512EE6A05DC5D9570572BE1EEAAE8F9D1C5D9091E6A25A412315C5DE450C865502A6450393B412695C05DAD8048D4FBCDD353F79DCED86582AEBDF75E798BC582168DBEE7BE0EBD11FA4E23B46D9DE83299D1ACE9405BBB012D5A3D5A341DA7FDD881168D1ECD9A0ED435EAD069E0BB21241C27A909251FAC4180A74EE8287452A6CE054B72237148CB4929347852A103D0E8E42231E1C98872DC1B520D09BF9BB7296F7C35E98CE559AD5220D8DF0D2163DC11E4EF86001F357C3C5D10E0E30A5F4F157CBD54F0F776859BAB62C432CBA41278A8957D6EF7743BFFF9D5AD5A3DAAEBB5A86FD2A1AE4977F2E76DA8AED7A0A2A61565552D28AF698546C7B77769E819BA2478FDABC978F6F69D4247A19392546DD837351BAF9505E05FC5C16833715211598F2BD064B5B95E2D782BB618E1DC4F6673747A27C42FBD0FBEDE81880AF54244B0272282BC1074B23007FBBB41AD1AB9623C9A68747A94F714EA16945434A1F044238ACB9B5058D6C8824D83E6AEEA44D986FF42A5E044225B53D2A1C08AFC086C6B74173A0A8D322CD074CEBC6546BC1C538A9BFCEB858E4203F8BFA2173067F6C343F25C9D26239A3A3568EAD4A0B9538BA64E0D5A8D3AF828DC316BCC64388965FD3E6ED9EE17F053E54118CC5D6833CB46720000200049444154EBEAE8B95D269662BC671456C45D8DABC32E1AF07513BFBC19277435908A2550CB5C201189E12E778518A29E1FDD9C54B879ECA5981F72419FC76FADF81501CEDEF0557820C0D9EBFC3F1027D535EA5058D688A2B2461C3FD180FCE27AE41CAF41E1894618BB7870039DD96B2B7EC2DD571E113A060D60438D0F1E28084383B1FFCF6B44BFC7024DE7E426FF7ABC14530A1F19676ADAAA2E8B13EA9DAB31C6CFF3BC9EE79B13BBB168FBBFD0D635F08A6B943A089FCC7A12C9DEB17DEEBB71FB93F8B8E88733BEC6D2D8ABB07AFAC310F5335C2AF4D36B50A6AB3D6BCEB72E780877C45DDDEBB6F62E3D5CDE9BDDF3EBE2EB3722DC35A0E7D7471A0AF0DEF12DF051B823D133120B42679CF575CEC6D865C2B1D2061C2DAC455E511D728ED722E7780D8E9536C064E291F5D42DC44783C2F7D7422AE6DF095B556F94E1C182306CA8F1113A0A8D02DC034D6714AED4E3ADD862CCF56A113A0A9DC5E1F2A54899D1B73CEFAC4EC787855B7142570BB5CC1997044DC52D5197412995F7FB3C0AA9539FF22C82089E7235543225CADBEA50A8A9C0D53F3E829C6B3F849B53FF17E25C1238158B63E7C355E60CA94882126D353E2CDC8A5D3599589BFF35C67B46E2CEF86BFB3CCE60EABEE8EF8DB407E0ABF480C6D00E93C58456431BCC16339A0D5A582C168CF388E8F3D8EAF6C65EBF3ED250D0AB40BF9CF3293E2AEC2EF79706A50C49819649254888F24342945FAFDBDBF54664E65721FD6815324EFE9855500D8391ABD58EA8AC5E8D2D072270654AA1D05168003E32233E18771C3706D463457E044A3AB8DD8D06C6024DFD92882CB827B81AFF8E2C878B845FF0470389DB6DBD7E6D8105CB77FF076BF3BFEE75FBA6D29D782DE70B7C73C9F3885207F5791EB5CC0500E0AFF4C2AEF96FC153AE86A75CDD73FF8EEA74CCFCEE2E54B4D56163C90EFC25E68A7EF344AA03715DF8AC5EB72D8E9D8F5B773C850F0BB7E2F9CC0D58117F4D9F55E80E532700607EC87484A87A97D2B369D0F71EA378B8211FD7865F0C0068EED46253E96F1772F93B9FDF4AFDD9382B64489D108AD409A13DB719BB4C385A58870359E5F835B30C07B2CA71B4A8166633DF087404EBBE4F62811E05E67AB5202B2513FF2C0AC6EBE5013059780C0BF5C5024D7D24A9DAB02EA108C9AE1CBB345A54B5C66372E2C45EB73D95FE5E4F799E193009B3039351ACA9C20785DF23AFA5147FF8FE3E645CFD5E9F1564B5537781D675B5F75BB02F0E98082FB91B1A3B5B51D156D7E77E5759F7E40C83B9EF761F11447829E56E6C28DC86F2B63A9CD0D620ECB41562003DFBA60FD41FC5B1D632B839A9201689E17EF2470FB92BDC0758F5AEE9E85E819689A5309ABB70B8A1A0E7BE4F8A7E44475767CFAF7D1483BF68A8C5D0FD6F63A01C03914925488A0D40526C00962C9C0AA0FBE2C583D915F835B30CFB33CBB02FA30C0DCD1C0B698FB61E8A4045832B82BCB54247A1B3709198F05274296E0868C092DC4864EA5C848E443686059A7A2825663C1E5E8E8742AB38687E9439DEFA2002C5BFAD92D47634E1998C0F000077C55F8B55690FF4DCB72CEE2ACCFCEE6E946AABF14CC607787EEA8A5ECFA53E598075C60E18CD5D90897FFB34D16AD0E1ED826FD1D8D9BDD23BDE33B24F16F1C9B9CF1D5DFD4F1CF051B823423D06459A4AD4EB5B7A15680B2CE83277BFE371DDFFFDA3DFC707387BA16AD137FDDE776A05FA02BF44ECA84EC791C6DF0AF4BA826F7A1E5FDDDE087FE5E02F307CB760331EDCBF0AC12EBE88F708C778CF48C4BB8723D1331271EEA170969EFB5BBF6A9502B353A3303B350A40F7FCEBA34575D8B1BF18BB0E97E09783C5A8AE67E1B207269308EF6E4BC43F6FDC2B74143A47C9AE3A1C9C9685174F8CC1CA926074987840157563812600DDA734AD8E2BC258678EEA1A6D4C2629A2637B5F4CF7CD89DDD09B0C707752E185A977F6BA6FAA4F3C1E9D700BFE71682DDE3BBE05CF4DBDA3D7368A532BD00070E1E63BA031B4F74CE3309ABB7A3DCF55A1170E2AB344D4FD45A8D3D47B955A63F86DE5F502BFF1D09B3AD1DED5894E9301BAAEEE427FA6727A6A053ADE231CA5BA1A946AAB51AAAD4653A706198DC711E8E283F19E91A86E6F848F72F02BD0B9CD250080F2B63A94B7D5615BC5FE9EFBC42231225CC70C7891E5D98844A29E3DD577DED87D8ADDB1D206FC72B0183B0F16E3A7BD85A86910B6508BC52204F8A85159CB9347ADB57EDB78FCE3867D108BB948315A9C3A6DF75ADF462CCF8BC4F66637A123910D608176701EB22EFC676C296E1B53D7CF3C041A0DD2AB6EC1940B3D7ADD96DBD25DF0D2FC12FBBD58F0BAF059F8C7A1B5A8EB6846B1A60A91EAC09EFB4EED810680FD7547FBBEA008F05378E2FD8BFE01B1A8EF6A8C42E204A07B35B93F3A63078AB55500000FB96BAFFB0C270BBA935886DDF3FFDBEFE3CFA45EDF7DB1ABAFC20393BCA251AAADC691C663F8A9F22000E0CF63E7E187CA0300705E2BD039CDC500809753EE81975C8D9CE662E4341723B7B90465BA5A146A2ACE6B8BC8EF458779233ACC1B8BAF9B0A8BC5829CE3B5F871CF71FCB0E718761D2A41BB7E64A7E35C72413466A544E2AFFFD932A2AF6B0F4ED4A9F1637A18E64E2E113A0A5969ACB31E3F4DCEC5FA2A5F3C7C3C0CCD46562847C6FFFB0E6CA15F035E8B29819F1347D38D6606F9CD7D6E335BBA4765C94F96D9DF3BFDA2C0F67EC6D5B939A9D06AD0E18EB8AB31C93B061E4EAEF054A8E12A73C6DFF6BF859FAB0FE3D1436BB069CE337D1E7BEA354F5F4D3EDD3F0FAF4397D9042FB91B62DD437BDD776A8FF2401342CEA6E6E4140E3FA527267BC76253E94EECAEC9C4C7453F420411FE12331F1B0AB70118FC1E680B2CC83D59A01784CEE835E503E8DEE692D35C6CF50590A7CB6A2AC4E6B2BD9835663292BD632115FF76529A48244262B43F12A3FDF1C06D1742DFD985BDE927F0E3DE63D8B2B3005905D5837EDD7375EB82C9181F1BC0023D489F6E8F63811EA544006E1F5387CBBD9B716F41383EAFF5163A12098405DA0105C90D7833AE18F3BD9B848E42E7496F54617C424A9FDB63DC4200007B6AB360B698FBAC1417692A7B7EEEA7EC3B8D422D7346AB4187CB8253FB1C56F2D6F48710FBC50DF8E6C42EE88C1D50C9FA1EC10D7417F3626D152C160B5A0C3A54B6D5E383C2EFF165C90E00C0BDE3AEEBD9CA71CAA90B086562098AB5559088C450CB5C20154B7A2E4E3C939E1568A5474FB15D9DFF153ABA3A317B4C32C25D0350DBD1FDF77EB053384AB5353D63FE2EDABCA2DF3DD017F88D1FD4739FF245C9763C95FE1E80EE770466044CC0AC3193316BCC648CF78CECB5E546219762564A2466A544E2D9072EC389AA667CB7231FDF6ECFC38E0345D077760DF02A8323128930272D0A9E6ECEF0727746634BFB903EBF23F86ADF58AC364A209771C2D168E5E764C4A789C770634003EECC8B404567FF8B1564BF58A01D885804DC11548367A24EC095A3E9EC4266F52D4819DB774FF0E5C169B847F42AEA3A9AF1C6D12F714FC275BDEE7F39E7130040A267247C951E7D1EAF767201DA80E64E4D9FFB62DC4210EB1E8AFC9613D85797833F044EE975FFA952BCBDFA08223FBBAECFE301E0CAD0E97874C2AD7D6E3FB5C7BA41DFDAEF639DC432B8C814908B9DF0E7E8797876CAF25EF79F2AC77E4A0FC4B875AF6E9F5AD5FE4BCC15D018DBA037755FDCE82D1FDC0A74765351CFCFFBDB03FDE8845BF074F2B2413DF7293F541CE8F9B9C6D886CD657BB0B96C0F80EE8B201F4CBC010F26DED0EF6343C77860C5A254AC58948A76BD113FEE398ECD3BF2B0797BDEA0F74E3FB67C166E9C3F115D270F86F1F6E8DEE6F3EB6777A2ADC300855C869D078B71F7CAAF39E7FA1CB4B6C9B1ED703847DAD981F9DE4DB838AD158F1686E2BF15FEE0444AC7C102ED201254ED58135B8434775ECD6F4FCCCE7FEAF7F630D700DC163D0FEF146CC6C3FBDF4473A7164B62AF84D1DC8567323EC0E7C53F03001E1AA0849D1A6DD7D44F810680048F70E4B79C40B1B61240EF023DD08AB4542C41827B3896C52DC0D2D8ABFAAC3E0380C670E6D54C83D9084367F796A35643DF318BA7EF81F656B82144E587325D2D3CE56A5C1D7611CA4F9E70E8AD70EBB52DC21A474FEE2FBF39EA52DC3B6E21724FEE7F3EB5073AC1237C50CF7B4A53A706871BF201008716BC8B424D057EAE3A8CEDD54770BCB51CD5ED8D7868FF1B3059CCF8EBF81BCFF85CCE0A19AE9A1D8FAB66C7C36CB660CF91527CB1351BFFFB29071535E77E01E0D3AB7F46B3A603AF3C321F4EB2DF3E6E51A1DE305B2C78FD833D78E885EF78F2A215BEF8259605DA4EB84A4C5815538C1BFCEAB12C3F12B9BAB3BF5B46A31F0BB49D938BCD7824BC127F0FAB801347D3D99576A31B9212A60D78FF4BD3EE466E73097EADCBC51347DEC11347DEE975FFCD5197E2E6B197F6FBD85317129E5AADFDBDDBA3AFC0057EE331CD27A1CF7DCBE3AEC6C288D970124BE122FDAD4CBBCA9CCF5A5AA7FB8F8765F11EB41874305BCC6831E860329BA031B6A3CB6C82D6D80683B90B6D5D1D883EB94DA5D7E3FDC6A3B6A3197E27B767247BC7A24C578B9BA2E6422171429DBE1900E07D1E17F8653775EF7F9EEC1DD3F3DF50FAA9F2104C1633C6BA05F73CFFF511DDC793976AAB71E7DE97B0A57C1F9E4A7F0F77C55FDB672A890516ACCDFF1A9705A5F6DA872D168B706172382E4C0EC76B8FCDC7FEAC726CFA21075FFE908DE2F2B36FE77AEBE37DF871CF71E46C7EA0A7445B2CC0BC25EF62DBEE6343F811700CDFEC8B82DE2085C26968B7D89070D2DCB5383C2D13CF9506E1D99240749A39F2CE9EB140DBB1E9EE1AAC892B429C4B87D05168186455DF82D4B103EFBB737352E1E779ABB0327D3DDECAFB5FCF8AADBFD20B7F4BBA11F78E5BD8E714C053BE98FD145C648A01EF9F179C8A79C1A9FDDEE7EEA4B2FA8091FE9E03E87DB1E3B9F8F27717357E34F309D4EB5BA03A59E4835DFCF0EC94E5E7B49F7A20D9CDDD5B38E41227749A8C904B64837EAEFEFC78724AC8AC80C97DEE0B730DC0BF272FC196F27DD01ADB91D1781C697E89BD7ECF81BA3C2CDFFD1F00DD257F41E80C2C089BD1EBE87391488494A410A42485E08587E7E1706E253EDE9C8ECFB6649D71349DB352D66B055A2402BC3DB8DA3618DA0E276C3D148E0569C7858E4243C84964C13FC3CB719D6F0396E54562778B759FC368F410615D1A9725ED8C9BD48467A24E6059600DC49C4D67B7F6D46CC3F4944BCEE9F776994D38A629871822C4B8870C588CE9CCBACC26A8DE9FDD33BF5A2212234A1D84719E1118E71181048F70247A449ED7C738F4D36B50A6AB85B354810BFC12316BCC64CC0C988C649F58484462BC9CFD291EDCBF0A0070F48F1F21CE3DACD7E31FDAFF065ECAFEA4CFF346A983704DD84558117F0D4255FEFDBEB6D96CC1CE83C5F8787306BEDC968D664DEF6FBE573F710DFE72DD14DCF3D4D728A968C6C6D76F42CEF15AA42C7C63507F5647B7F8D22CACBD6FABD0316898982DC09A4A7F3C5A188AD6AEC16D1923DBC5026D6716F83461554C310215FDBFF54EF6C16211A1DEB5197EDEC33BD05FD76E4075BD06CDAD1D68D176A045A3FFED474DF76DAD5A3D8C5D66B4683A60EC3241DBD6097D67173A3A8DD0B51B60FCDD4565DAB6CE9E8BD14E914AC47075E93DBA4E269340E5EC04A55C06855C0AB54A01A9440C77B51232A9186EAE0AB8BB2AE1AE56C25DAD80875AD9739B879B12013E6AA89C87F6CA788DB10D4F1E7917394DDD7B9EABDA1BFAFC1E17A9029A5B7FEC7746F6D9E4B79C40DCC645FDDEA796B920C0D90B05AD65008014DF04ECBB726DAFDF638105119F5D87526D359E4A5E0AADB11DFF2BDD8963ADE5BDF2FD7CF92A4CF5893F63964E4317BEFFA5001F6FCEC0373F1F45A7A10B3B3F5C8EBB567E85EC633500007F6F576C7CFD26CC5BB21E9A361EC264AD601F2D4E7C68FDBC731A5D2AF54EB8BB20025FD50F6EF20FD92616683B112037E0F5E8125CEBD72874141A01C7EA662266EACF837EBC46A747794D2BCAAA5A505ED3828A9A5654D76B51D7A8435DA30E350D5AD436EAD031C207740C35A542063F2F15027CD4F0F174819F77F7CF83FCDC10E4EF869031EE08F677835A75EE476F9FAEB9538BECE6221C6D2E455653218EB694422E9661DB65AF0CEAF956E56EC43DFB5EC1388F08AC4C5E829FAB0EE3E7AAC33D271F9E32DE330A5BE6BE8840179F5EB71FACCFC3D4AF17432995A3FEA62D7039B93FFA684B29FE57BA13AB7237A2B6A30961AE01285AF8F93997FCA6D6766CF8E6083EFE3603FBB3CA7BDD271289E0EA228746C7023D1899ABD72331AC5EE8183402BEACF5C23DC7C251CD917776817BA047391180C581B5787EEC09B84B79318AA3A8EEB80E67BA74ADD3D085E2F2261C3FD180A2B246149537A2B8BCE964616E7598B2D3A137A2B4B219A595CD67FC7D6A9502C1270B7544B027A242BC1115EA85C8602F44047B42EED4FFA74A0FB92B66F84FC00CFF094392F7D438BC398153BAF72E87CE00D03D9E6F6775064A75D548F28CC29CC029FD4E31F9A2A4FB9BAA4B02A7F694670088770F43FC84305CE0371E33BFBB0BA5DA6A1C6E28C0149FB873CAE5E9E68C7B6E9E8E7B6E9E8EC3B995786FD3217CBC39034DADEDB0582C0EF3F769386C3D14CE02ED20AEF56BC46CAF56FCED7828DEAEF41BE0AC561A2D58A047B168E70EAC8D2FC20CF7FE478D91FDF2F0990900A86BD421E7782DF28BEB907DAC060525F5282E6F42794D0BCC1C487ACE343A3D720BF5C82DACED739F582C42B0BF3BA242BD1013EE8384283FC445FA62DC587FF878BAF4F36C8363301BB1B3261D00306B4CEF0B08FD949E581831EBACCFB1B1643B80EE95E887F7BF89ABC36620C537A167A5F9F452AD31F67F52E4297A93012D062DBCE5EEBDA6A74C4E08C4E48440BCF8B7CBF1BF1F73B1FAD35FB1F360F1B9FD21A98FAD0723F0F01F0F9CFD37925D709776614D5C116E0CA8C7D2A39138D6DEFFD84FB27DDCC2310AC94416FC35AC128F85574021E6DC5547A3EB74C1554FBF80AC63F53C054E605EEECE488CF6476C842F92620330316E0C126302E0ACB07E32C7AE9A4CCCD8BC021291184DB76CED192578AE0E35E463CA577FE973BBBFD20B57864E47943A08EB0ABEC1F1D672A8644A542EFABADFD7F8A526034F1C7E07BB6A33BB2F9A9429B1307C369E99B2ACDF532B01E068612DD67CB61FEF7F7518AD5AAE465BC3496A42E3C6D7E1A218DDDBA5C87A7AB3184F9704E185D240182DBCB07BB461811E65A6AA7558175F8844158B93A3FA313D0C731F5928740C1A804422466CB80F26C68FC184B83198141F8849F18170733DFB3EEBE3ADE5C86E2EC635611759FDBA7F3BF0165EC8FA08537DE27155E885F85FE94E1C6E2880E5776F144B4462AC9EFE572C8E99DFE7395EC9F90C0FFEBAAACF63002044E5873DF35723C8C577C00C6D1D067CFA5D26567FFA2B0EE55458FD6770543F3DF719664D3821740C1248B6CE194B8E46E180E6FCC67FD2C862811E25541213564696E1EEE06A8EA673704F6EB8004F6EB840E8186405B15884D8085FA42485605A5230A68D0FC1B8B17E904886EEA08588CFFE88126D355E4BBDAFE7E8F6F2B63A7C75E217FCEBF0DBD018DA302360021E9B702B668F49EEF3F82DE5FB70C5B687618105D37CE3F168D2AD88F708C3EE9A2C3CB87F159A3A35981B340D5B2F7DF99CF2ECCF2CC32BEFEFC6A61F7260ECE2F1DE67F2E42DBBF1F8A2BD42C72001992DC0AAF2003C5E14029D8923EF4603EE811E05E67937E3CDD862842A3A858E4236606F6EA0D011C84A66B305470B6B71B4B016EF7E791000A0727642F2B8204C9F1C8E0B93C39036316CD063F70E35E4A3445B0D11443D171E0240B08B2FEE8EFF231462272CDDFD3C3C9C5CFB2DCF668B190FED7F0316587051C0446CBDF4652824DD59A2D4417097AB70F58F8F605BC57EE4B594F6993DDD9F694921F8F4E545A8A869C59B1FEFC5BACF0F70CBD100F86F9AC422E0DE906A2CF06DC29DF911D8D2E02174243A0B16681BE6EB64C4CBD12558E4DF77D62C39269349847D796386ECF9D42A05FE342F096B3FDF3F64CF49E746D76EC08E03C5D871A0FB023CA9448C490981B8684A04664C09C7F4496170579FDB0546DF97EF03004CF28EEE757CF729A7F62ED7EB5BFA7DFCC1FA7CE4B5940200DE487BA0A73C9FB2207406025D7C50D9568F3DB5D9E754A04F09F277C3B30F5C86C757CCC1866F8EE0F50FF6F47BB1A623FB357F0CCC6611C462BE21ECE842159DD83C210F1FD778E38163E1A8330CED49A7347458A06D9008C02D01757831BA145E328EA6A3DF6495F842A71FBA19A28BAE48C22D574D6681B6015D26330E6495E3405639FEF3CE4E88C5224C8A0FC41FD2C6624EDA585C302974C0717AFF98F8675C169C0AADB1FF15DE525D35000CB87F39BDF11880EE15EBD38FFC3E5DA07377816EEA3CF3D49FBA8E6694EAAA11A2F283BFD2ABE77667850C4B174EC392EBA6E2FB5F0AF0DCBA1DD875A8E40CCFE4385ADBE4C82EF54152449DD051C8462CF26FC05CAF163C742C0C1F54FB72E49D0D6281B631114A3D56C715618E67ABD051C8060DE5EA3300DC70C5444C4A0884DC498A4E03BF59B32566B30587722A7028A702CFAEDD0E67850C33A644E0920BBA0B7562F46FC7718B2042B277EC80CFB5A7360B00062CC7ED5DDD93333CE5EA7EEFB7C08263274F40F41F6012C7B1D6723CB87F15B694EF83D9D23D1D28D0C507EFCE781497044EFD2DAB48847917C562DE45B1D89B7E02CFAFDB816FB7E7C16271EC8AB0F768200B34F5E225EBC2FA8442DC18508FE5799128EE18DC814F343C58A06D845464C17DC1D57822B20CCE128EA6A3FE6514F57D7BDE1A575C1C07B1588476BD110A2729D22684422A15E3C1DB67E0405639A412317CBD5CF0F9F7D9D07772AC962D69D71BB1755701B6EE2A00000407B8E3F28B62317F661C66A54441211FF8D3F9E5C16968EED4625E706ABFF787BB0600008E6B2AA031B6F5196FF749D18F6831E820820817074CEAF3F8424D0552BE5982E64E2D00402E91A1D36444655B3DE67E7F3F96C65E8535D3FFDAE771691343F1F55BB7E268612D9E7F7B273ED99CE1B0171C66160D3CDD841CDB1CCF5664A564E089A210BC5A1E802E8EBCB3099CC2610326A9DBB036B61093D4673ED88028E5DE9B71A02060D08F8F0DF7C5F76FDF8EE00077487E37CEC562E91E43B6FC5F9BF0D1B7E9E71B954690B3428639696371C5C571B8FCE2588CF1ED7F2579201A631B823E5E00ADB11DCBE316E0BF173CDC73DFFEBAA398FFC3C3A8D7B7E0DAF08BB171F6D3BD1E6BB69811F2E935A86CAB47A08B0F56A5DE8FCB8253A13719B0327D3D5ECEFE1400F0C365AFE20F8153CE98A3ACBA05CFADDD8E77361E84C1E858453A35AE0A7B5ED920740CB27147342E589A1F85239AA13BC4890687055A404A89194F4696E1BEE06A4845FCDF406766368BE076CD7D68D39FDF45255289184FDD37177F5D72314EAFD03B0F9660E17D1B50D7A83BBFA0242891488469E38371CD25E370ED25898808EE7FCBC5EF3D97F9211E39B81A0090E69788E97EE371ACB51C5BCAF7C16036C24FE989F4ABDF4380B357AFC7FD50790073BFBF1F2A991259D77CD8B39A7DCA8CCD2BB0AB26130B2366E1B3592BCF294B454D2B9E5BB71D6F7F71D061B616B92A0D68D9F42A445C5CA4B3E8B288F06A7900FE5514820ED3D08DC224EBB0400B648E672B56C7152142C953BBE8DC14567B20FAB62543F25C7227293487FF0D27D96FF346FF70DBDBF869DFF121797EB21D13E3C7E09A3F7497E9B8C881B7095860C17DFB5EC3EBB95FF4B92FC1231C5FCE7906316E217DEE9BFAF5621CACCFC33F26FE192B27F7FDFBF95DF95ECCDFF65744A8C7A070E1E7FDBEF6CEEA748CF78C8287DCB5D7ED95B5AD787EDD4EACFB623FF49DF65FA48BDE5B83707F5EFF42E7A6B84381E57991F8A9C94DE8280E49822B839F103A8423F19475E1ADB862BC185D0A4F4ED8202B6CCF0CC117BF0C7CA19835AE9C19873F5D3E0155751AE41CAB4550803B9C9C24F8725BF6903C3FD98E9A7A2DB6EF2FC29B1FEFC3C6ADD968D1762038C0BDCF883C1144B82C38057383A6412991C34BE1860BFC12F1F0F81BF17ADA7DFD1EE36DB29871C7EEFF000056262F41A8CABFCFEF89760BC6C28859E8329B3027B0EF0CEA16830E69DF2EC32BD99FA1C3D48924AF2828A57200DD63162F9B1183DBAF9D02A3D18C8CBC2A98CCF6BBE6336B421962829A848E41A38487AC0B3705D4235CD9895D2D6A7498B91A3D92B8023D826EF06FC02BD125F075E2C55964BD273E9C8E7F7F943624CFF5F3FB4BA1377461E1BD1BD0D661C4C37F9981FB6EBD1041173D0DB31D1714EA261289903A21048BAE9888EB2E4D84AFD7E08E106EEFD2C3E5BDD900805D57FC17D3FDC703E82EC5177CB30CB78CBD0C3745CD45A08B0FCC1633C4A2BE5FE01F3FBC0E4FA5BFD7F36BB5CC05F78CBB0EF78FBBBECF5490D2CA663CB1EA477CF8CD11BBFC7BFAEF5B77E11F37EC133A068D42750619EE3F168E4F6ABC858EE230B8023D0242159DF868DC71FC3DAC122E9CB04183F4F6D6F1C82EF51992E7329B2DF8DB8B5B7A2ED4DA73E4040E6497432E95A0B195A7C53982F29A566CF9251FAFBEBF1BFB32CA2012016343BD21939EFB31C232B114EF166C86C6D8862875102EF44F02001CA83F8A770A36E3DBB23D7825E733BC96F3052EF01FDF6785BA5EDF8245DB9F80C16CC4A2C84B50D5DE80168316BFD4646075DE57D09B3A91E29B0099B87BC288BB5A8905731270DDDC4454D5695050625F874C05FBE8B0208DDBA8C87A2E1233AEF56DC414B50E7B5AD468EDE290B5E1C6023D8CC422E0EEE06A6C4C2A40828AA584CECFCB9BA6A0BCDEBAE90A03C92AA8EE735B59550BCBB303325B2C282C6BC4A61F73F0C6477B5152D10C7F6F5704FA9DDBDFB5AAF646ECADCBC69186025C12381501CEDE0855F9E3B2E0147C5BB6071A631BF4A64EDC93701DFC7F7701E21387DFC18EEA2318EF19851FE6BD8215F1D7402573466663215A0C5AECACC9C0F6EA23B875EC65BD56AF7D3C55F8D3BC245C7A61348A2B9A5052D13CA41F13A1B8B974E2CF97E4081D8346B1B1CE7A2C0EAC439B4982835A571EC0328CB885639824AADAB136AE08D3DCB44247213B1174E30A54350EEEAD76226B2546FBE3B66B9271E3FC8967DCE2D1DCA945D2A65B50DE5607A95882A93EF1305BCC38589F07D3C90355668E998C9FE7BDDEEB71D5ED8D88FCFC3A74747562E3ECA7716DF8C53DF7698DED7821EB233C9DFE3E2CB060EDF4BF6149EC950366D8BAAB000F3EFF1D8E8EF223C283BCB528DBF05FA163909DD8DFEA8AA57991C8D6390B1DC52E71057A8829C466FC2BA21CEF8F3B8E1045A7D071C84E741A2578E4DD8B858E410EA4AE51876DBB8FE1B50FF620E7780DBC3D5C1016E801D1EFE6778A28A80000200049444154AC29A572FC39FA72643615E2586B39CADBEA50D1560F0B2C50C9943098BBB069CE337DC6DF3D727035F6D6765FB4EAE7EC8924AFB17095757FA1974B649835663276D766A1585B0557994BAF82FD7B51A1DE5876FD34F87BBBE2405639DAF5A3F33A139DDE097FBF7E3F2462AE6BD1F90B5218B038B01672B105FB5A5D7900CB10E30AF4109AE1AEC19AF822C43877081D85EC4C418527E2162F163A0639B8D8081F2CFF530A6E5D30B9CF140F00A8E968C4F7E5BFA2A2AD0E212EFE58BCFB594CF349C0EEF9BD57554FE86A10FDF99F6030FF56741512272C8DBD0A7F1D7F23025D7C60B29891B4E916E43697E08FE133F1C5ECA7FABC5E5E4B2962DC427A6DEFD0B51BF0DCDAED78F9BD5DE8188545FAD8FA75880AB08F2D29643B0ADA9558763412BFB40CCD36400238F36408B84BBBB026AE08DB9373589E695894D672CE27092FBFB81EF73DF32D02673C8DBF3CB611478E56F6BADF5FE985DBA22FC7E3136F834C22811862DC93705D9FE75999BE1E06B311899E915895F600025D7CA03719F07AEE1788FA7C21FEF8FFECDD676053E5DBC7F16F9236DD7B2F3A81D2415B28531450648A0C514011C5012A4E703C0EFCBB27B8514144718B0B178AA22822A5C85E2D744307A57BB769C6F302052BABD071D2E4FABCD2243DE757A0CD95FBDCE7BA7E7990FE5FDFC0DE8A1CE0E828F2FFAAD4D572FEB7B790BCEA7A7E2B3A3E39D3D951CB13778E22FD87BB993E2EF1841573739773587ED645FBEBE9D8C0BAE43D2CE99585BB8DB4D06D0FB285A38D26FB96F15D623A433DAAE95ABFA64557B27E7708DF6CEAAE740C210068D61BD99E56C8D24F5359979A859B8B3D3DC2BC51FF6B3C7CBC672437F41C4FB277748B15E28CAA43CCDEF02C469389C583E7736D8FB1CC8DB90C3F474FB6951EA04A574B5A652E45F565004C091FCE13C9379E50083FF0D79BFC5AB495C30D65ACC858CDAEF22CFA7AF73CD6FACECDC59ECB46C5336C4004DBD30A292EED1A13362F4CCC2331F288D231840552017D5DEB981950426EA31D6975B237BA2D6405FA1C05D9EBF832219DCF7BEF27C04EA7741C61E1CA6B4FBC5C2E843958FF570E97DDF63EDD473DCF0BEFFC4155CDF1E9AA018E5ED8A85BB6C57B74FB72F44603F19E914C0E1B0A1CDDF37C6BCC65E44DFB82588F70D42A3557445CC457173FCD67173D7142FFE88CAA43BCB6EF0B0092BD8F0E17FA2AF777623F9FC1DDA9AF51A93B5E2C0FED17C1962F6EE7B505134FBAEDC4DC94559B7F46D1B505D8E9F8BCF77EBE4C4827C85EEA97732505F459520137071F66CFC0ED4CF4918951A2739454C84A81306F39F9E5CC7FF63B42863DC5ED4F7C435EE1C9F7F15EE09F4888932F0B92AE3DA130B6D3D812EF1989D164E4A2C0BE4C0CBDE0A4C7B867F3629A8D7A2E0B1FC65F13DFE6CB114F11E51A8CCED8CCA2DD1FD37DE515BCBEEF4BF4C6A37DCE6D346AE65E35888C35F770C3E5FD5BAC949B1B29A0456799E853CE9E81DBB939F8B05C413F0752409F8568A7067E4FDEC3E2E86CDC6C0C4AC71156A4BCD65EE908C28ACD9CD8B7D5AFADA96BE2D50FFE24EAE2E7B8FADE4FD87DE0708BE767474F2073EA4A2E0B1B76D2AF3F5075080077ADCB499F5F57B48DAFF3FE00E0AEB8A9004C0A1BCADE291FB070C0ADB86B9D296DAC62EEC645247C39933D15D9C7BED6DBC389B71EBF8CD495B7D23736A8D5DF53672AAD920FCBA2F3B8D918581C9DCDEFC97B8876927BB8CE8614D0ADA055997838FC10DB07EC64887BB5D2718415925529A19484E800EE9F3DFCACBF4E6F30F2C137DB4998F01297DCF40E7F6CC939F69C566D7BD2B1DE99D5F96C2F3D80ADDA868B83FA9DF0BCD16464DEA6E3FDA447FF388F2777ACA041DF84566DCBFCF8E9645CB1925B622663A3D650DC5041A0E389A38D93E382D9B4F2565EBC7F3CCE8EDAB3FEDE3A52798D7C58169D6F887B35DB07ECE4E1F0436855D29CAD35E426C23318E456C37789695CE15F868DFCA3120A79FDDB3E1C3C22ED8744E7B0B151F3D0CD173179641CD74FE94F524C106E2EF64CBE388E9AFA26F20ACEAECD5A466E29EF7CB9859FFFCC20D0D795EEA12716B5008B767FCC1F877732BEDB79CCEA31EE84E7971FF89EA5E95FE363EF4E7F9F5E1CA83AC4AF855B793FF347FC1D3C89F38CC0C9C69E71218399123E9CF3FD1348F43AF9CDB76AB58A8189DDB8FAD23E64E797B33FA7E4ACBEA78EE2EB5E2FD30885226C542686795633C9B79C1D354EE437D9291DC9AC49017D0A2E1A030B7BE6F14674167E765DAF97A8B02C2F7D99CC914A27A563082B61349AC8CC2B65C1DC8B488E0B46A5828109DDF861FD7E567CB5F59C8F7BE870151F7EBB9D1FD6EF27D0C7951E612D0BE9F3FD130875F66772D830829D7C5B3C57DBDCC0A49FEFA756DFC0C201B7F2DAE0F9F4F1EAC9AEF24C32AB0BF822F737D6E4A712E71141B0932F3EF6EEF474EF76C64C6E2EF64C1B974852AF20366CCBA5BA56D90158AE8E3A6EBE6487A2198475F3D536332BF008DE767A3654B8A233C966859391412A2731DEBB9CC5BDB20996EE1AC24C84CFBC893C5981169DAC57A42F7BBF9B874AA5E2406E293D473FDFAEC74F8E0BE67FB78E60DCD0E833F66B7E68CB529EDCB182588F70764C5A71ACBB87DE686069FAD7FC6FDB324A1BAB18153C801F47BF704E796AEB75FCDFA2D5BCFED1264C2665DE1A23032BC958BE5491730BF15FF94D5AE6A645F06DA9A7D251CC8E7CACF8173F6D331FC71FE0EBC474299E855951E8BD5C58B93B670E61F5EFFB193673090EF636F87AB6EF55902D7BF2197FD3BBF49BF22ADFFF967ECAD71DAC2D66D1EE8F01683234B3B6F0AF63CFD9A835DC1233998C2B56323F7E3A0B07DC7ADA73BEBC67253D3E9B46E04797327DDDFF4E18C2F2DA8289FCF6DE1CA2BA799DE6281DA7B959DE9685F908B6D3F175623A1FC71FC04F2B57E3FF4D56A039DA9A6E56E0119EEF9E8B87AD4CE811E6C76FEAAD94C8DDF9A2939DD727943FB7E501E0E1E640A08F2B7B338B3BEC7C43FA86F1F4BC310CE91BD6E2F1B2A62A1EDEBA8CA5E95F1F6B4D373A78208B06DE468C7BD889073A8557F67EC61D292F9DF0F8E8E081BC71DEDD84B9041C7BACBEB199052FAFE1A5151B301A3BEF6DD2DFA38EC28F1777DAF98468AD8A661BEEC908E39D425FACBE70440A68A21C1A591293C5708F2AA5A308714A1E97DD41559DDCD021ACC3B861D13C71C728127B05B6787C5F652EF337BDCA8FF99B80A3ABCFB3A327F0689F1BF0B63FF308ECC08F2EA5A8BE0C5BB50D2F0EBC1D7B8D1DCFEFFA90FD5507F1B677E3FB510BE9EF13D3E26B5276E471DD039F919EDD393719BA393551F1C5CB9D722E21CEC5BA0A37E6EC8B24B3C1BA3BC6586D016DA332717768210BC20FE1A0312A1D4788D3729D7827B58DE6D56E4B888EA456ABB8624C6F1EBF63D409DB297ECCDFC4FC4DAFB2AF32170077AD330F255DCB6DB153D0AA6D4F79CC7F0AE89E6EDD48BBFC2354A8A8D73772E5BA47F83AEF0F429C7CD93179C5B171E0FF686CD2B3E0E535BCF0EE1F1DBE1AEDE2A0A3EAAB1357C98530270D06358FE784B0302F10BDC93AC7B05865178E64975ABE4D4AE72AFF126CD556F9F94174310FBE7BF2896C42582A9309F66414B3E4934D54D534D2BF7708F676478BE328D760E6444FC4DFC193CD25FB286FAAE1A782CD7C93B78139D1134E7943624D733DBF176DA7ACA90A675B0706FBC563ABB66144503F16EDFE982A5D2D018E5E0CF48D6BF17536366A469ED78361FD2358979ADD625C797BD3E935FC6FC69F1D767C21DA83ADDAC4459E555CEA5BC1D62A670A75D6B7C023772B08212C929DD6063BAD8DD231441BE99A0D2C7A673DE1239E65D13BEBD135FF3D9EFB3F370F6AD5B64C0E1B7AC28096CCEA7C726B8A00F8BF84AB19E07B748BC6BDA9AFF3EADECF8FBDEE9F92FB50DD91536619DA2F825DDFDCC9B59392DBF13B1442744556B9025DA8D3F276811F0D460D83DD6A64155A98BD459FF743A7D7281DA34B99313E89B8EEFEEC4C2F523A8A68078D4D7A7EFA33834FBEDF4188BF1BBD228FF689B6D7681919DC9FE99123181D3C005B75CB0F4DFFDBBA8CD91B9EC5C1C69EC17EF14C0A1BCA37791B286DAAE2C7FC54FC1C3CB92020911141FDD85CB28F6BBA8FA1D7696E4CB4D3DA3071442C093D03F835358BFA86F6ED4CE0E2A0E3FE699BDAF59842B4B706839AFF657763D6DE28AB1DB862B52BD07A938A67728348D894C8BA8A33DF7C228492341AF99077B6A68D4D60DAB804A56388769679B08CC9B7BDCFF0994B5A7C388A720DC6D1E6C49B9A4A9BAAA8D337F2C4F67751013EF6EEAC1DFB3291AE41983071EBC645FC70681383FDE2D93A69391342CF6F558E4917C7B1FBDB798C1D1ADD5EDF1A006A59D011666E5D851B099B12792637C86AF73F831517D0FFC86CB067C4D6586ED8174545B35CEE15E6496B63503A82D97372D0326D6C0223067767E4901E0C1B10C9B0FE918C1CD2831183BB336D5C024E0ED6B74FCF52FDB6399BE4CB5EE1D6C7575159DD70CAD70D0FE8034095AE96FCBAA39D34829D7CF965EC2B78DAB962301999BDE159EAF58D68D5B6276C01F9475A652E7F16EFA2B6F9F8B9FCBC9CF9EECD6B5974DF25EDB65DC8412BAD548579AA68B6E1867D518CD81A6BF51D38400A68004CC0F2425F625292F8B4D8FB8CAF17A2B3C99BEA99D535E8F0F67062D5E299AC59763DF67636D8DBD9B066D9F5AC5A3C136F0F27EA1A64409225D11B8C2CFE3085EEA39E67D9679B4FDA21E3DA1E6319E41B87C164E4D29FEEE560EDD13ED6A1CEFECC899E00407EDD11FE38BCF3A4E7A8D73732E1E7FB88F9FC2A867C7B33411F4DE0BECDAF53DE540D804AA562DEACF3F9F3E35BE81EDAF6F70FF9B02CCCD1A7C5DEC4A424B15C7A401F2305F4BF14EB6C99BEBB0713764493DF242B55C27C9C61CAB1F8DB6B1F6E2466EC224A2AEA8E3D56525E4BCCD845BCF6C1460593898E545A51C78D0BBE60C015AFB179D7A116CF69D5B67C31E229A2DD43D9599E49DC1733B86FF3EB7C92B596EF0E1DFF3771B2ED1F00F76C5ECC37791B8EFD7F75731DCFEDFA90B82F66F073C1F189887D6383D8F6D51DCC9CD8B74DDF8BADADB45515E623BF49CB841DD14CDFDD8362DDA95B445A2329A04FE2DB524F623726F15A7E009D38804A885372756C523A4297915F5C859DEDD11B2E4D26135AAD0DF9C53228C91A6CD993CFA0698BB9F5F1552D5ACD05387A913AE12D66448DA24EDFC873BB3E64FABAFFB1BB3C0B808B029319E2DFFBA4C7FCE1500A006E5A67F65CF60105577ECDCCEE6328AA2F63DC9ABBF92AF7F763AF7576D4B2E2992B78FFB969383B9EDB228CA38C4B1666C06882D7F20388DD98C4B7A59E4AC7314B52409F428D41C3EDE9E19CBF259EBDB532425928CBDD590AE8D6BA706014CD7A2343AF7E9361572F45AF3772E18028A563894E62349A58FC610ABDC62EE4B31F771D7BDCD5D689F7873DCCD689CBB92D760ABDDCC3E8EE16C22D3193F9EAE2A75171F2CB3CE12EC7A72106387A11E8E8CD8AA10F716FEFAB6836EAB9E18F6738D250D1E26B665C9AC45F9FDF4E5C77FFB3CEEFE57AEAFDDC427486BDB58E9CBF259EDBD3C3A93148F7A7539102FA0C52AA5CE89B9AC02359213419E58F4B2843DE545BCFC7C389E8D10B59FF570EEBB764133D66213E5E4E4AC7129DACA8A4862BEEFC907173DE2127BFFCD8E3895EDD7965D05DEC9BF221072EFF84C583E7E362DB7291C4603ABE8D6241D22CE0E84D88B3D63F79ECB98792AE05A0BCA99ACF727E3DE1FCD1113E6C5A3997ABC6279D556E4F978E1BD222C4E93419D53C921542DFD40452AA5C948E63F6A4226C059D49C563392124A526B0A1D2F5CC5F20443B9302BAF53EFE7E07A595C7F7409756D4F1F1773B144C2494B4FAF774E22E798145EFACC76068DDFEE207B72CE1A60DCF53AF6F6458401277C75F09C037791BB86DE30B009436561DEB39FDCF0D85FFE5E4A0E583E7A7F1E6A3935BDDA5430A68A1840D95AE24A526F0584E083A2B6E4D7736A4803E0BE9750E0CDD12C7DCF408AA64A885E8449ECEF2A62AC4B9AA6F6CE6EE67BF67C8956FB02FB3F88CAF5F5BF0174BD2573162F51D003CD3FF662E0D1D02C01B695FF1DCAE0F097709E0CFF16FD2C32D84B121834F7BBC395307B0E1A39B090F3EF35E521FB7FA567C4742B48F2ABD86B9E9110CDD12477A9D83D271BA1429A0CF92097823DF9FB84D49AC2A918DF5A273F878C89BAA106DB569E741FA4C7E85A796FC8AFE34ABD13EF61E00683547BB0E68546A3E1EFEE8B131E00FFCF5267F16EFA29F4F2F765FF63E7DBD7B9EF1DCC971C16CFDF276460DE971DAD779CAD526D14956957812B7298937F2FDA535DD399002FA1C15346A99BC339A29BB7A52242DEF4407F37496375521DA43934ECF832FAE61C0E5AFB16BFFC9C7BCDF187D29001B8B77B3AD743F70B4CDDD67173D899DC61683C9C87D9BDF008EB6C96B2D0F5707BE5F328BFB6E1C86EA14BD2965BB96E868454D5AA6ECEAC9E49DD114344AFD72AEA4806EA32F8F78119B92C85B057EF2094E749820EF5AA523086151B6ED2BA0DF945779F2CD1357A327870D6546D4289A8D7A2EFEE14EBEFFBB5F7488932FBD3D8F7674D958BC9B26C3E95BCE15D697B2B5747F8B2E1D1A8D9A67E68FE1A385D371B43FB1F8969F75D1514CC05B057EC4A624F2E5112FA5E374792ADE1A2C755F3BB9C0BD9A253159F474941504D1BEF6E77BD2EB861B948E2184451A9418CA7BCF4D25AADBF1A2A2D1A063E66F8F1FEBB031C037062F3B3756FFDD173ADC2580ECA99F9FF478EF65FCC0D33BDF27BD32EFD863E7F9F5E68581B7D1DF27E6D8633BD38B98387705B905C70BEC03EFBC455440CBB67842B4D5FE7A07E6EC8B64BD344268375240B7337BB59107C3F3B937AC005B95FCD18AF6D1D4ACC1F1D2F998E49F94D5B0B1397AA3B25E2FA39D3B8393839645FF7709B3AFE87F6C7B8509134BD3BFE6C1BF9652D6747C188F566DCB77A39EE7E2A07E2D8E613019B9E6F7C7F930F3A7939EC35EA3E5FB510BB930F0F8B4C2D28A3AAEB8F343D6A566A1D198A8FBFA0519E72DDA4DB349C573B9413C99134CA3B4E26D575240779078E77A96F6CA62805B8DD251848508BEEA160ACB9C958E213AC915A37B830A56FEB0EBCC2F16ED66ECD068963D3185009FE37D70AB74B5ACCCFE95ED650770B675E0DA1EE388710F3BE16BEFFFEB4D9ED9F93E0057445CC8BDBD6710E112485A652EB7FCB9909DE599043BF9923575658BBDD3CD7A03B73FF10DAB7FF989DCF7DFECF0EF515887D42A1766A745B25B86C1750829A03B905A05B70617F144D4419C35B2A220DA66C8BCABD8B82F48E918A293AC7AFD1A30C1C4B92B948E6275BCDC1D59FED4E55C7A61CC995FFCB7CCEA7CA23F9B8EC164647EFC74160EB8B5C5F3057525847F3A8566A39EAF2F7EF6585BBC7F7BE9ED77B9E3A2596DCE2FAC5BAD41C34399DD782D3F00A354781D46D6F33B90D104AF1C0A203E2591D5A51E4AC7115D5C985FD5995F24BA2C7BAD2D31517E4484781215EAC5850322183E3092A8502F22423C8989F2C5DEAEF51D1FC4B92BABAC67E2DCF7B8E3C96F68D2E95BF5351F66FE84C16424CC25802793E79CF07C90930F495E475BD8ED2CCF38E931FAC5753BF7D04200AB4B3D884F49E49543523C773429A03B415EA31D97ECE8C5557B7A7044276F80E2DC4405562A1D4174A0465D33D74CECCBCEAFEF2263CDBDB838D9E3EA6447C69A7BD9F9F55D5C333199C6A6D3777D10EDC76432F1CAFB7F3270EA62D2B34BCEF8FAED65070018133C103BCDC97FCFEB4D47AF449EAAF55D7363E639A615D6EE88CE96ABF6F4E0921DBDC86BB4533A8E559002BA137D7CD89B9894245614F94ACB3B71D61222CE3C41CDDC5C3BA9EF995F248EB96FE16A065EF11AD5B5C7274F56D53432F08AD7B86FE16A059359AF1D6985245FF60AEF7CB9E5B4AF6BD03701E0AA753AE9F385F5A5ECABC80120D623FCA4AF71506F6B4352618D4CC08A225F625292F8F8B0B7D271AC8A14D09DACBCD986597BA318B52D96EC067BA5E3882E243EA254E908AD96141344DFD8209E9A3786D1E7F76448DFB0530E8E102DEDCD2CA6597FBC2FB1DE60646F2BC64F8B8E53D7A0E3BA073E63C63D9F505BAF3BE96B7ABA1FDD7EF16BE1D6139E33988CDCB5E9651A0D3A7CECDDB938A8FF498F11E09CD27EA185C5CB6EB067D4B65866ED8DA2BCD946E93856470A6885AC2D77237E53220B0F06A237496121CE2CC2AF1227FBAE71095FAF37F0E56B3309F071E1CB57AF2634D00393F4E06B95C17D42B1B55173F91D1F70F91D1F606BA3667052A8D2B104F0E1B7DB19748A2D1D57458E42858ABF4AD2B873D3CBD434D703B0B72287C96BEF6765F6D17ED24FF7BBF9A45B3C6AEB9A0876DFDDB1DF80B0087A938A85070389DF94C8DA7237A5E3582DE9C26106FAB8D6B1343A933EAE754A4711666EE01D57B3797F80D2315AE5ED27A730F1A2384A2A6A891EB350E9385DC60D97F7E7D74D59641F2A032022C4930B0746B1ECB3CD0A2713FF7076D4B2EC89294C1D9BD0E2F13B525EE295BD9F0147F7393BD9DA53D174BC95E9BCF8692C1A70DB498FB9677F26B176DD3B2EB4B008DBAA9D989D1EC5B6EA936F15129D47C3A5218F281DC2DA153569595EE8478DDE86F3DCABB155CB671A71725B0E04B035D35FE918AD626F67C3B5F7AFA4E07015790595278C4B1627B76D5F0115D5C7A799565437B06D5F818289C47FE99A0D7CBE66376515F58C18DC1D8DE6E8C5DCD12103B0D368492DD94B83A18946C3D1ED1E91AE41BC3EF86EE6C74F3FE531F7676CA29BCB479D925F743DF506350F668672435A14054D5AA5E3086405DAEC443834F266AF2C46784ACB3271A2D7BF4DE2D6C5172B726E954AC5FC59E7B370F97A45CE2F84391A98D08DCF5F994190DFF14BE90DFA26FE2A4DA3B2A99630177FE23D235171FAAD7AEB7F7F92F3431FEAE8B8A20B5A5BEEC64D699172DF9499913DD066E6DF370594C94D01E23F06C728B71239A0770873AF1AACD8F98530479B761E24F9B257F9735BEEB1C71C6CECB8C03F914B4387D0DB33EA8CC533809FE3CF1D9852744565D274C0AC49016D86FE694B139B92C447D29646FC4B7C5809AE8E27EF02D0D1AE99944C589007DD02DC1539BF68BDEB2FEBA77404AB72B8B4860BAF59CA924F53CFE9EBAB6B1B89F2DAD0CEA94457F6D1616F62A5EDAD59933DD066ACCEA0E1CB235EFC55EDCC79EE35B8DBC838706BA756C3BA1DDDC83EDCF145EC25C37A31AC7F0411215EC446F9F17FB387E160678BA79B23B6B61A127A06306250143905E5D49DA2B59738EEDE1B86B558A5EC286AB58A558B67F2CE575B696C6ADD143DD17606A389EF7E4BA3E8480DA386F438B62FBA3576A7EF21C8FE8D0E4C27BA8ABC463B66ECE9C1B3B9C1D419344AC711A7212BD05DC03FA3395F3E28A339059C1797DF29E7F9737B2ED74EEAC7C72F5CC9CA97AEC2C3D501806B26F565E54B57F1CED397A3524171696DA7E4E9CA926202997BD5A04E39D7C0846E04FABA72E985319D723ED1D2D295A90C9FB984C3A535677EF1DF6A2BA5C38AB5339AE0E58301C4A724B2BAD443E938A215E426C22EA6BF6B2D6FC56412EF5CAF7414A190B5DB431979FFD44E3BDFF553FAB3E4D1492D56D4F6661633FEA677C9C92FEFB41C5D8D46A3E6C93B4791D82B90D0400FA2237CF8E9CF03188DF0CAFB1BF861FDFE763BD7F081912C7E78227E5E2ED86B35383A68D1E9F4D4D6EBA8AA6DE2E197D7F0C1B7DBDBED7CE2CCBA05B8F3DD9259C4F73873D79CED7F4E2331E8D34E4825CCD1EE5A476EDC17C5E66A67A5A388B3202BD05DCCE66A679253135890D58D46A3FCF559A381BD8AB0D5745E4BB8B73FDF4C7159CB55E6A59FA44AF17C06068391C716AFA5B1494F74840F00170D8CE2F335BBDAB5780658B7298B8B672DE36061058E0E475B5C69B536D4373633E19677A57856C0C1A24A064F5BCCB7EBD24EFBBA269D9E1EBE3F76522A614E1A8D6A166475233935418AE72E482AB02EA8D9A4E2C99C60123725B0BED255E938A29339DBEB18D249DB380062A3FCF0F771A1A2BA9E556BF70270C315271F452C5AAA6F6CE681177FC46834613299385C5AC3DB9FFFD521E72A28AE62CEFFBE6CF1D8032FFEC8EE03873BE47CE2CC6AEB754CBAF53D5E7CF78F53BE665FC67E1C6DA56DA9B5595FE94AE2A6049ECC09A659A61177495240776107EA1D18BE258E39699154EAA5E59D35B9B84F6EA79DEBAE6B87B06D6F013D472F64D2ADEF31E1961504F8B8E2E72D2B26AD71C7CCF378E7CB2D445DFC1C55358DF40CF7E9B073DD3C6D208D4DCD3CF8C28F54543530F7CACED9772D4ECD603032EF99EFB8F991AF4E3A4CA8AA74AD02A984522AF536CC498B64F896380ED43B281D47B481EC81B61001763A5EE991C3657E654A47119D6077AE0F0937CDEA94734D1D9BC0CA1F7661321DFF55D12DD083B02077D6FF95D32919BAB2EEA1DE64E4950260A351131AE841D6A18EF939FD6EC92C6E79F42B0E1656E2EEEAC0870BA731EDAE8FA8A96BEA90F389B373F1E0EE7CF1EAD5B838D91D7B2C63CB0544799F7A855A588E2F8ABDB8FD4038453249D02248016D6126FA94F36ACF6C82ECA5AD982533992064C62D1496C92AB0384AAD56A356ABD0EB5BB6BBB4D7DAD0A8937676E622B15720AB975E47808F0B85C5E5043478291D4974B082462DB7ED8F605589A7D251443B922D1C1666558927719B927823DF5F5ADE5930950AC6F6CB563A86302346A3F184E21990E2D9CCEC482B64F0B4C5A4651D212BFBDC06AF88AEC1688237F2FD89DB9424C5B3059202DA0255E935CC4D8F60D8D638D2EA648F95A51A957CF605F4B8A1D1D86965BFBC39B197BF0FAB935B50C1902BDF80BAF7958E223A485A9D03C3B6C631373D822ABD0C44B14452405BB00D95AEF4494DE0B19C10747297AFC519DB2F1BE7B3DCAA73FBCC218C1FDEAB8312B59FC4E800A523749A57174C40AD969F4F25D8D828F716A86FAE24B9DB678A9D5F740C9D49C5633921F4494D608374C9B26852405BB826A39A47B242E89B9AC0C64A17A5E38876E460A767FCC0AC56BF5EAD563128B11B3327F6E9C054ED63E9E35350A92CBBA89C382296952FCD60E6C43EAC79FB7A1EBF63146AB5FC4AEE2C1A8D9AC76F1FA5D8F92F1D9881BD56B6D758928D952EF44D4DE091AC109A644E83C593BF612BB1B7D6910BB6C673DBFE086A0C7239C9525C7E41FA699FF7F572E6BB25B3485B3D9F7DDFCFC7C5C98EB11744B363D59DA4ADBE9B17FEEF92161306CD41EF9E01C4F7F0A75F7CB0D2513AD4D7BFECA3D960406B6B439F9860162EFF1DA3B1F306E458BB61FDC3B966525FC5CE7FC5B0D3FFEC8AAEA3C6A0E1B6FD115CB0359EBDB58E4AC7119D4436DF5911A309161FF2E7EB239E2CEE95CD786F9924D7D58DE9978DABA38EEAFA93B7453A5256CB8C7B3EE1F3976770D1A028E0E8CA5BEF9E317C49DD0000200049444154FE3CF9E6AF3CFCCACF2DDAD32965CC05D15C373999CA9A0662A2FCB0B7B3E1D50513D8995684879B03EFADDA7AC6896E5D8DC96442658297DEDBC005C9E154D74AABB9CE34734232013E2EF408F3E6406EE9391F47AD569FF5071F77E7262E4ECA3DE7730AF3F16DA92773D322C897D6745647DAD859B12BFC4A79B9670E7EDA66A5A38836B8E6F971BCFF4BEC695FA352A9A8DAF2E8B1FEB3DFFF9ECE2573DEE98C78AD76CFF54379EAAED12DF6A51A0C461E796D2D4FBCF18B82C93A4EA09F2B85C5D5B839DBD3AC3752DF28ED273BCAF471899CD7378C2365B5E89AF52CB865048EF6B6ACD9708075A95978B83AE0E8A0E599A5BF5178A4F593011FBB63244F2F59474363EB7F8F5E7BF11E96CF5F7D2EDF863013C53A5BEED81FCECA626FA5A30885C80AB4155B59ECCDCFE5EE3CDF3D97598147B0EC1DA7966BDAB0B43316D0FDE243B0D7DAF0F3C60CBA77F3666872386AB50AA319F53A7CFEEDDFD9937198D54BAF3BF6D8D4BB3EE48B9FF62898AA63151657035055DBA87012CBF7F99ADD8C1FDEEB84E98CA386F460E4793DA8A96BE4AA7B3E39ABE21960E6843EEC3E7098CF7ED8D5EAAF99367CDF599D43980F13F04EA12FF7648451D12C25943533AFCD8FA2D35534DB70C3BE28466C8D25A3DE5EE938E21C8CEA9B43379FEAD3BE66D6E464EE5DB89A91D72D237AEC427EDA98C1A5C3633A2961EB5D38300AA3C9445AD6114C2613C306442A1D49588866BD812BEFFE9891D72DA3B1A9E5CD7BBFA566117ED1B37CD7CA6D42C971C1FCF6DE1CB67E711BA1811EBCFEF044FEFAFC365E796802B6B6A7BFC724CCAF8A118979E7FC7D08E564D4DB33626B2C37EC8B92E25948012D8E5A57E146626A22CFE406A19796775D8A5A6D62D6A8DDA77DCD832FFEC04B2B3600D0A4D373D96DEFF3DB66F31BC432627077AEBEF75362C62DE28A3B3F6458FF08A523090BB3362593DAFA96FBCD7FFC633FE555F5AD3EC6963DF9CC7FF63BBA87F900E0EDE1445AD611EE7EF63B9A9B4F1C66F36FB346ED46AD369F2B3FE2CCF42615CFE40691989AC8BA0A37A5E308332105B438A6C1A0E681CC50FAA5F6664B8D8C88EE4AAE1BB5EBB46FCAE5550D273C565973E2634AD2DA6A9876D7877CF4ED76E0E825F7C9B7BE8FA3BDADC2C98425498E0BC6C3CD91EC43E52C5CBE1E83D1C4EC6903CEFA385BF7165054528DDE60C46834F2C54FBBD19DA178B6511B9935F2F41F768579D952E34CBFD4DE3C90194A83414A26719CFC6B1027D859EBC4A0CDF1CC3F10469DB4BCEB12427C6A189D9CA3748C36D1351BD89F53D2E2B18CBC52EACFE2E62C21CEE4AE6B86F0EDAFFB88BD6411F73CF73D03AF780D3BAD0DE12167376A39C8CF8DCA9A46822F78929BFEF715332E3D737FF5D1C939047BD79C6B74D189EA0C1AE61F0863D0E67876D63A291D479821E9C2214E2BDCA191D7A3B319E555A974147106AB367667F26393948E2184591B362092DF525B0E207273B1A77BA8375BF6E4B7FA383E1E4E9456D61F6B03E9EBE5CC91B2DAD37ECDAA47BEE4D28199671F5A74AA3565EEDC921E414E83DC17244E4D0A68D12A33FC4B58D433171F5B590D34577AA39AA86B6673B044C6C70A616E427DABC9787729366A199663AE4A9A6D99BF3F8C0F0EFB281D457401B28543B4CA07877D88DD9828BF58CC988DDAC8ED13B72A1D43882EADA3C6A9CF9BB2598A673326EF71E26C49012D5AADB4D996997BBA33667B8C5CDA3253B3C7EDC4DDB9EB4DB4B3D34A4BA8FF8A8EF0213A42DECC3BDB23B78E68F763BA3B37316BA4E5F633EFCA721AEC19B33D86997BBA53DA2C372C8BD693025A9CB53565EEF4DE94C00B798118A4E59D5971B6D771C3A89D4AC7386B4FDD355A8AE8FFB87E4A7FAE9FD24FE9185625C8CF8D9BA60D447B865ECE67EB964BB6E36C2F5326CD89C1A4E285BC407A6F4A604D99BBD27144172405B4382775060D7767C81DCAE6E8F6495BD1DA9CBE9D96B9B9727C226387462B1DC3AC8C1B1ACDB8A1BD948E6155268F88C5CBC3910B0746B5DB31B53606E65EBAADDD8E27DAEE9F4E53776748A72971EEE42642D166362A13778716B220FC100E1AD9E3670E662D1CCB8AB5714AC738ADC17D4279F1FFC6E3E5E14464882755358D1C2EA9E1A73F33B8EB996F3118ACE7DF924AA5C2DBDD11FDDFDFB38FA713E93FDC0398881EB39092F23A006C34EA169D1F44DB5D3EBA372FDC7F0941BE6EA8FE7541CD68349179B094EB1FFC9C0D5B73CFF9F8B346EEE6ED793FB43DA868B306839AC773425898172803C3449B49012DDA4D9443234B62B218EE51A57414AB9751E841EC0DD7A3379AF745A698485F523EBD1557673B009E7BFB77EE5FF40346A3F5FD5A5A70CB45CCBBF67CDC5D1D4EFA7C6575032FBCF3078FBFF14B2727B37C5EEE8E7CF5DA4CCE4F0E3FF6D8FB5F6F63F6C35F9C30F6FB6CD86A8CA42D5B464480B40155DABA0A37E6EC8B2453EEDF11EDC4BCDF5D459792D960CF88ADB1DCB02F8A8A66D9CFAAA4EE81155C3D62AFD231CE685FD611AA6B1B69D2E931188D6CD89A6395C533C0E3AFFF42FFCB5F233DFBC809CFA5671FA1FFE5AF49F1DC41CA2AEBF96475CB7B07DEFD6A4B9B8A67806B47EE96E2596115CD36DCB02F8A115B63A57816ED4A0A68D1AE4CC0F2425F625292F8B4D85BE93856EDA12B379AFD5EE898283F0EE496E03BF871AEFDBF954C1B9BA874244565E495327CE6D2165B344C2613C3672E2523AF54C16496EFE6E983D89371988B672DA3A8A4863BAF39BF4DC7B3B335F0E09529ED944E9C8B4F8BBD8949496279A12FD6F9B15C742429A0458728D6D9327D770F26EC8826BF49AB741CAB14EE5FC5AC91BB958E715A8547AAB9E8DAB7A8AE6DE4836FB673CB235F291D4971E32F8C01A0B6AE899ABAA6BF1F939B093B9287AB03BFA5669138F165D6A6641075F1B31C2EA96E534FE81BC6ECA49B4F753BA614AD95DFA465C28E68A6EFEE41B14E5AD3898E217BA0458773D11878B2FB416E092A422DF76D74AAFC5217BACF9A4D53B3DC69DE556CFFEA0EF4062397CC790780EF96CCC2C6464DD2C497154E265ACBC14E4FC6F2A5047A9D7EB4B7685F4613BC5E10C08319DDA891EE1AA28369B834E411A54308CBA633A9F9A1D4839FCBDD19E8568BAF56C681771657471DD575766C4C0B523A8A680557277BFCBC5D983EFF636AEB75D435E858F6D95F8404B8B1654F014DBAB6EDC9159DE39E299B99383843E91856656FAD23937745F356811F3A935C5C171D4F56A045A7D2AA4CFC5F583EF787176027636D3B4575BD969ED7DD4871A575F4EB8E0CF122EB5099D23184999A7BD5605EFF28A5C35A010678D6B27FF932199CD2499A8C6A9ECE09E299DC6074D29A4E7422F998263A95CEA4E2B19C10925213D850E9AA741CABE0EAA8E3F16BFF503A46A750AB552C7DFC32A563083336EFDAF3498EEBB82B324F5DB75E8AE74EB2A1D295A4D4041ECB0991E259743A29A08522D2EB1C18B6358EB9E91154E965AF5A47BB6EE46E12234F6C8F66690627853228A91B013E2E4A47116628C8CF8D88104F664EECDB21C74FEE7E989917EDE990638BE3AAF41AE6A647306C6B1CE97527EF9B2E444793025A28C6688237F2FD89DB94C4AA124FA5E35834B5DAC44B37597E0FE12B46F7C6C1CE96C923CD7B0AA3E83C713DFCD9F6E51DD4EF7882ECB5F70130F7CA41D4EF7C82E23F1770FFECE1ED721E950A5E99BBB6C53443D1FE56957812B7298937F2FDB1D296F1C24CC81E68613626FB96F16ACF1C02ECE4F26747B9F299F17CF29BE5B4443BBF6F18AF2E988897BB230D4DCD8407796263A3A6AE5EC7E1D21AECED6CC92BAC60D6FD9F7120B744E9B8A295341A75BB8E7277B4B765D91353987EC9F13EE3A595758C9BFD0E9B771D6A9773CC1CB19777EFFEBE5D8E254E54D4A4E5B6FDE17C79C44BE9284200B2022DCCC89747BC884D49E4AD023F697ADF415EBAE9173C5D1A958ED16EFED89ACBC4B92BA8AD6FA27BA8373636477FA539396A89ECE645D6C1522EBDF95D299EBB98A7E78D6ED7E3D5373673D7D3DFF2EFFB06DFFF6A5BBB15CF3E6EF52C9CFD6BBB1C4BB46402DE2AF0233625518A676156A4801666A5526FC39CB448866F89637FBDEC6D6B6FBEEEF52C9A63596FF4B90515C48F7F914D3BF25A3CFEE1B7DB197AF512CA2AEB154AD6B5CC9A9C8C46A3FC5B829DD686EB2EEB47B700F7763DEEB59393D135EB99F7F477EC3970986997B4DFD4CB176FFA156FD786763B9E386A7FBD03C3B7C431272D924ABD8DD271846841F9DF96429CC4FA4A57923625F0644E30CD727775BB9A79D11E2E4ECA553A46BBD21B8C84057B1EFB6F80F0600F25237539F3665DC0D07EE18A9DFF8A31BD49F9742EDBBEBC1D2F7747D6BD3787CD9FDDCABC6B5B3752FBC28191A77D3EAEBB1F0997BEC88B2BFE2071D2CB7CFF5B1A7D62DADE8D6374720E570EDFD7E6E388E39A4D2A9ECC0926695302EBA55B933053B2075A98BD78E77A96F6CA62805B8DD2512C4676913B0937CFA2AED132C6DCF6890D22E593B97CBA7A270FBCF823EF3F37958109A1049CFF0495D5B232782AC971C1CC993A80DA7A1D77CC3C8F9DE945FCB13597AADA461E5BBC96E66643A7E6993A36810F174E43A356633299F8BF453FF0DCB2DF5BF5B5BBBEB98BC1D316535B7FF27B286C6CD4E8F52DF755ABD56A8CC673DF6BED6CAF63F7D2E584FACAC8EEF6925AE5C2ECB44876D73A2A1D4588D3924984C2EC1DD1D9F24E911FE5CD360CF1A841AB96CF7C6DE5E1D2888356CF4F5B955B716C4FF7DE3094155F6D65C1CB3F515DDBC47BABB6E1ECA4253CC8B3DDF6B95AA2C223D584067AF0BFB917A356ABF0F771C1D951CBBCA7BFA3A2AAED1F3CAE18D39BBD99C5AD7EFD819C52EEBB61E8D1EE0A269875FFCA5316C40017248793141344FFDE21DC78797F4C267074D012D7DD8FF4EC96FBDE8D2769D9D0D6612ACFDDF81BA3FAE6B6E918E2A85A83867B33C2B8293D92629D657CB017964D56A04597126ADFC4E2E86CC67A57281DA5CB339960D4035359BB3D54E9286DE6686F4B7DE38923E29D1CB4D43548579733D9F2C5EDF48D0DC264323174C69BFCB135B7CDC7D468D41C58730F316317B57A04F9D4B1095C794922D3E77FC4F3F78CA3ACB29E875FF9E994AFF7F170E28765D7D3272610954A85C964A2A0B89AF137BFCB8EB4C2367F0FA7333A3987EF1FFF4CDAD6B583D5A51ECC4D8F20AFD14EE92842B49A14D0A24B9AEE5FCA8B3D72F0D59E583489D62B2A77A6F74DB328AB961B36AD95B3A31D7BBEBB8B99F77DCAF597F5C3DECE96A9777D78CEC7BB727C12DDBB79E1E9E6C8DC198379F3E3144ACAEBC8C9AFE0BDAFB79EF66BFDBC5D282E3DBE55CBDBC391D28A33DF045A92F230DE1E4E188D263CFB3F42556DC7769AF171AB67E79BEFE0EF51D7A1E7B1744774B6DC75209C8F0F7B2B1D4588B3265B384497B4A7D691770AFDF0B36B26C1A50E59043A372E0E3A7A0455F0E9EF96D31B5A9C9D6E01EEBCF2FE46D2B28EB06AED5E0E16565270E4DCF7F4E6165470DF8DC3993A3601B55A45BFF8106C6C34FCEFD59FCEB8125DF79FED1A27BBAAF05FE1411ECC9E3A907B9EFD9E3EB1411497D5B27D5FC7AD3EAB54F0D1FDDFD237AAF55B53444B26E0BD225F26EEECC5E66A67A5E308714E64055A7479233CAB78B35716110E96D3DFB8B3DDF4F22896FE90A0740C6121D46A15F53B9EC04E6B43B3DE8063C243C7BAA3B4B751437AB02FEB08878A2AB1B7B361D2C5717CFCDD8E0E3917C0CD976C67F1AD3F77D8F12D5D76833D37A545B2B6DC4DE92842B489B4B1135DDEDA7237E23725B2F060207A6979774E16CDF99598D032A563080B317A484F8A4A6A1831EB2D0E15553171446C879D6BCD86031C2AAA04A0B149DFA1C573EFF0129EBFF1B70E3BBE25D39B542C3C1848FCA644299E85459015686151FAB8D6B1343A933EAEB237F16CEDCFF764E01D5753552737F288B6193E20928DDBF368D2E9B1B5D130A46F18EB52B3948ED5266E4E4DFCF5DA7B4405C80DCC676B5BB513B3D3A3D856EDA4741421DA8DEC811616A5A849CBF2423F6AF4369CE75E8DADB4BC6B356FD706A243CA59B95EF6438BB6C92DA8C0F0F7960DA3D1446EC1D9159D0EF6B624F50AA2B00D7BB1DB934A052B1FFA9A81D11DDBD9C3D2D41BD43C9819CA0D6951143469958E2344BB922D1CC2E2FC73A9B0B75C2A3C6B13076770FFD44D4AC710566EFAB8446EB97290D2318E5970E5462EE9DFB557D03BDBDA72377ACBD63A61C1A48016162BBBC19E51DB6299B5378AB2661BA5E374198F5EFD0723FBE42A1D4358B1A9637B33625094D23180A3FD9E175CF9A7D231BA8CB2661B66ED8D62D4B658B21BEC958E234487913DD0C22AF86A9B79A1470E57FA972A1DA54B28AD7660F01D33C82CF2503A8A303389D101EC482F6AD7636A346A16DE3B8EB81EFE54D73432E1A218341A35DFFD968ED6564D49791D731F5DD5E1FD9DFFAB475039A9AFBC8F9B5353A79EB7ABFAE8B037F30E84734426090A2B202BD0C22A1CD1D932634F0F2ED9D14BA65DB582B76B03AB9FFA1C1FB7330FB110D6E5C5072EC5DFDBA55D8F69301879F0C51F696C6C66F2C838349AA36F4D970C8BC6D7CB997B9E5BDDE9C5B38F5B3DDF3DF18514CFAD90D768C7253B7A31634F0F299E85D590025A5895D5A51EC4A724F2F2C1008C72EDE5B4A2022AF8E6D12F70B493698FE2287B3B1BCE4B0A65EAD8F6EF195EDFD8CCF89BDFE5CF6DB9C71E2B2EABA5EFE457282AE9DC9B091DED9AF9E6D12FA4E3C619184DF0F2C100E25312595D2A57AB8475912D1CC26A0D70AB6169AF2CE29D6595F574BED8D0832B9E9C88497E5358A598483F16DC72218D3A3DEE2E0E4C1C114B514935ABD6EEC3DBC3913FB7E7F1F28A0DED722E1B8D9AAAAD8F51D7A0A3AABA81B0204FC2473C43FEE1AA76397E6B683426BE58F015970ECCECB4737645BB6B1D999D16496A55FB5E8D10A2AB903676C26A1534D9F176811F3A939AC1EE35D8A8A4423C99986E65D8D91AF86547A8D25184024A2AEA68D2E979E8E68B48880E04C0C5C98E7EF1C1EC482B64C14B6B30B4D3E59C29A3E309F47161F0B4D77969C506C2823D898DF2636D4AE715B30B6F5CC7B517EFE9B4F375358D46358F668770CDDEEE1C94ED70C28AC90AB410400FC70696C6647181BB79F49D35470B569CCF931F9B4F6B31D1B9FCBD9DC95FFF101AF5D196642FAED8C0BCA7BF6DD7738405799CD0333A34D083BCC2CED94AB1E0CA8D3C3AB37D56D32DD1FA4A5766EF8BE440BD83D25184509CEC8116023850EFC0F02D71CC498BA4522F2DEF4EE6F16BFEE0F6095B958E2114921C1F022613D987CA30188C0CED17DEEEE738D9C095CE2A9EEF9CB4458AE753A8D4DB30272D92E15BE2A47816E26F52400BF13713F056811FB129897C51ECA5741CB3F4E24DBF70FDE85D4AC7100A983375002FBCF30751239FA7CFE4577073B6C7C3CD328AA91B46EF62D1EC5F958E6196BE28F622362591B70AFC90CBD5421C275B38843885893EE5BCDA339B207B9DD251CC8AC1A0E2EAE72FE193DF64E4B73589EBEECF9E8CC3C7FEDFC5C90E1F0F27B2F3CB154CD576D387A5F1DE3DDFA1D1C85BE1BF15346AB96D7F04AB4A3C958E22845992025A88D370B331F054541E73820EA39669B4C7341BD45CFBFC383E96225A7461D387A5B1E2DEEFB1511B958E62368C265852E0CF0399A154E9354AC711C26C49170E214EA3C9A86675A907BF56B831D0AD061FAD5EE9486641A3363171500685E52E6CCFF4533A8EB03036366A8C1DDCA87DF6989D2CBBEB076C64E5F998B43A07A6EC8AE6CD7C7F9A8CB2C35388D391025A885638D868C7DB857E185131C8BD068DAC46A356C3F8019954D438B0797F80D27184059933752055358D9457754C8FF63B276DE1955BD6A2961A11009D49C593B9215CBDA73B390DF64AC711A24B90025A8856329854FC56E1C657255E243AD711227BA351A9604CBF6C74CD1A36EC0D563A8EB010CFDD33167F6F17D66ECC68F7633F343D8567AEFF1D957C08066063A50BE377F6E2B3626F0C26F94311A2B5640FB410E740AD829B830FF354541E2E1A83D271CCC2A22FFA71EFB2E132B1509C93A86E5EBCBA6002EE2E0EF4EF1D42A3AE99DDFB0F935B50C1CD8F7C454575439B8EAF569B5878E33AEE9CB4A59D12776D35060D0F6486F246BE3F1DBC5B46088B2405B4106D106CA76371AF6CC67B77ED4E04EDE5F30D3D99F9DC381A75D24B5B9CBDA86E5EACFFF066027C8E8E87DEBCEB10636E5CDEE6AD1C0E767A3EB8F75B269DD7FE2BDA5DD1B7A59ECC4D8B20BF49AB741421BA2CD90126441BE4376999B0239A69BB7B50ACB3553A8EE2A60CD9CF2FCF7E82B76BDB560B8575CA3C58C65FBB0F61329930994C7CFDCBBE3617CFBEEEF5AC7BEE63299E81629D2DD376F760C28E68299E85682329A08568072B8BBD8949496279A1AFD50F1B18D4AB909497DEA77B60E74C90B3541A8D1A8DC6BA7E45ABD52ABA05789030E12526CE7D8F8BCFEBDEA6E345879491F2D2FBF4EF59D44E09BB2613B0BCD09798942456167B2B1D47088B205B38846867C33DAA78B35716DD1D1B958EA2A8F21A7BA63F75293F6F0F533A4A973479641C005FFEB447E1249DC7CDD91EBDC1485DC3D11B74037D5D292AA9C1740E1BEBC7F4CBE683FBBEC3C3D9BA7F0E33EAEDB9292D9275156E4A4711C2A248170E21DA596EA33D6F17FAA1519918E8566BB503581CECF45C397C1F06A374E8385B170E8CE2CB57AFE6B291F16CDC9E474EBE75ACE637E9F434EB8FDF945B53D774D6C750A98E76DA587AC71A1CEDACB76FBBDEA4E2B9BC20AEDCD3938C7ACB18B92E8439911568213A5082731D6FC56691EC52AB7414457D9DD29D6B9E1F4775BDECBB6C0D954AC53B4F5F0E2698F5C067E7B4026B8DDC9D9B5871CFF78C1F90A97414456DA971E6C6BD91ECAC75523A8A10164B0A68213A984665E2F690221E8B3C849315B7BCDB9FEFC9658F4F625F9E97D25184058A0F2BE1F3875759F5DEFB3A838687B34278E55080F47416A28349012D4427097768E4F5E86C4679552A1D4531F54DB6CC7BF34296FE90A074146121542AB869DC769EBFF1371CED9A958EA3983565EEDC921E21930485E82452400BD1C966F897B0A8672E3EB6D6FB66BF6A637766BF349AD26AD99B29CE9D8F5B3DCBE6FD68D55B364A9A6D99BF3F8C0F0EFB281D4508AB2205B4100AF0B66DE6859EB9CCF02F513A8A628ACA9D99B5702C3F6D0B533A8AE8824627E7B07CFE6AFC3DEA948EA2980F0EFB306F7F18A5CDD2835E88CE2605B4100A1AE555C9EBD1D9843B5867AB2D93095E5E95CC8215E753D72845803833677B1D4F5EB79E5BC76F4365A5DB7C731AECB9253D823565EE4A4711C26A49012D84C29C34061E8D38C41DDD8AD0A8ACF3C731E7B01B37BF324A56A3C5698D4ECEE1F5DB7E22CCAF4AE9288A309854BC7C3080FF65875067D0281D4708AB2605B4106622D9A596B762B34870B6DE4BD2EFFF12CBBC251752267BA3C5BFF8B8D5F3C29C5FB9EAC27D4A4751CCCE5A276EDC1BC9961A67A5A3082190025A08B362A332717768210BC20FE1A0312A1D471125558ECC5F329C0FD7C522ED8FAD9B4A05332EDCCB0B737EC5CBB541E9388A6830A8793C2784857981E8A5359D1066430A6821CC509443234B62B218EE619D97AA01FEDC1BC4ED6F8C607BA69FD2518402064417F1E24DBF3030BA50E9288A5957E1C69C7D91644A6B3A21CC8E14D042982915302BF008CF77CFC5C3D63A47121B8D2ADEFD398E052BCEA7A85C2E5D5B8300CF5A1EBFE60FAEBD780F6AB575BE3D5534DB704F4618EF14FA629D7F0242983F29A08530737EDA665EEA99C354BF52A5A328A6B651CBE31F0CE6D56FFAD0A8B3513A8EE8000E767AE64DFE8BFBA6A6E26CAF533A8E623E2DF6E6CEFDE114EBA42B8D10E64C0A6821BA88F1DEE52CEE954DB09DF5161705A5CE3CF5C920DEFEB1373ABD7421B0045A1B03B3C7ECE4FFA66D22D0AB56E9388AC96FD232372D826F4B3D958E2284680529A085E8425C34069EEC7E905B828A505BF1FD4479475C79E2A3C1ACF8290EBD51AD741C710E6C3546668DDCCD0357A6D0CDA75AE9388A319AE0F582001ECCE8468DB4A613A2CB90025A882E68905B0D4B7B6511EB5CAF7414456515BAF3E4C783F9685D2F5991EE22EC6C0DCCB8682FF74FDD444440A5D27114B5B7D691D96991A454B9281D45087196A48016A28BD2AA4CFC5F583EF7871760A7B6CE9677FF282C73E6D5AFFBB264752295B5764AC71127E1E9D2C84DE37670EB84AD563D7E1BA0C9A8E6E99C209EC90D4627ADE984E892A48016A28B8B766A6069AF2C86B85BEF65F07FD4346879FBC7DEBCFC553279475C958E238088804AEE98B485EB46EEC6C9BE59E9388ADB50E9CAECB448D2EB645890105D9914D0425800B50AE6041DE6A9A83CDC6C0C4AC7519CDEA8E6FBD44896FDD89B1FB7446030C82A5F67D2684C8CE99BCDF563767149FF4C341A799BA9D26B782033942505FE18E58F43882E4F0A68212C4890BD8E577B6633D1A75CE9286623BFD485777E8AE7ED1F7A73B04456A53B52985F15B346EDE6BA91BB08F2B6DE8E1AFFB5AAC493DBF64750D0A8553A8A10A29D48012D84059AEC5BC6AB3D7308B0E29677FF6534AAF8797B181FAF8BE1EB9428AAEA64AF747B70776E62E2A00CAEBC702F17261CB4DAE1272753D4A4E5B6FDE17C79C44BE9284288762605B41016CADD46CFB3DDF3B821A818D9C0D05253B3869FB685B3F2F768BE4989A2A6415606CF86ABA38E0983329872C17E46F6C9C1CE56B60DFD9B095856E0C77D19A154EA65F08F1096480A68212CDC05EED52C89C9A2A76383D251CC5243930D3F6E09E787BF22F9714B38F9A5D252EC6482BD6B189D9CC3D8FE598C4ECEC15E6B9DE3E5CF647FBD0373F645B2BE52B60B0961C9A48016C20AD8AB8D3C189ECFBD6105D8AAE447FE7476E7FAF0E39670D66C0967C39E60ABED2FADB53130242E9F51C9398C4ECE213EAC44E94866ADD9A4E2B9DC209ECC09A65186FB0861F1A48016C28AC43BD7B3B4571603DC6A948ED225D435DAB2797F007FEC0966535A1029698116BB77DACDA98941BD0A191C9BCF90D802FAF52892B673AD945AE5C2ECB44876D73A2A1D4508D149A48016C2CAA855706B70114F441DC459237B57CF86C1A0624F9E0F1BF705B12BDB875D39BEECC9F5EE727BA85D1D75C48696D23BFC08BD234A1812974F6CB752B901F02CD51A343C94D98DD7F203A4359D1056460A6821AC54A87D138BA3B319EB5DA174942ECD64829CC3EEECCEF5614FAE3719059EE41C7623E7B01B85E5CE188DCADCC2A9569B08F2AA25DCBF9230BF6ABA0795131776B4680EF3AB42257796B6C9EA520FE6A64790D7689957248410A72705B410566EBA7F292FF6C8C1572B97EBDB9B4EAFE160892BB9875DC92F75A1ACDA81F26A074AAA1C29AB71A0ACDA9EB26A071A74473B3554D5D96134AA68D6ABA9FDBB67497F707C00000B1649444154B0B3BD0E5B1B236AB50937A726001CB57A3C5D1BF0726DC4CBA5011FB7FABFFFBF8160EF1AC2FCABE9E6538D5686EAB4BB233A5BEE3A10CEC787BD958E2284509014D04208BC6CF52CEC91CBCC8023D2F24E88933001EF15F972F78130CA9AA5359D10D64E0A6821C431233CAB78B35716110E8D4A4711C26C6437D873535A246BCBDD948E22843013D26B470871CCDA7237E23725B2F060207A93AC450BEBA637A958783090F84D89523C0B215A90156821C449F571AD636974267D5CEB948E2244A7DB56EDC4ECF428B6553B291D4508618664055A087152DBAA9D18F8576FEE3D1046BD417E5508EB506F5073EF813006FED55B8A6721C429C90AB410E28C221C1A79B35716233CAB948E224487595BEEC64D69916437D82B1D450861E6645949087146D90DF68CDA16CBACBD51D28140589CB2661B66ED8D62D4B658299E8510AD2205B410A2554CC08A225F625392F8487AE00A0BF1D1616F6253925851E48B5C8E1542B4966CE110429C93B1DE152C8ECE26D4BE49E928429CB5BC463BE6A647B0BAD443E92842882E4856A08510E76475A907F12989BC7C3000A37C0C175D84D1042F1F0C203E25518A6721C43993156821449B0D70AB6169AF2CE29DEB958E22C429EDAE7564765A24A9552E4A4711427471B2022D8468B3D42A179253135890D58D46A3FC5A11E6A5D1A866415637925313A4781642B40B59811642B4AB1E8E0D2C8DC9E202F76AA5A308C1FA4A5766EF8BE440BD83D25184101644968A8410EDEA40BD03C3B7C431272D924ABDB4BC13CAA8D4DB30272D92E15BE2A4781642B43B598116427498003B1DAFF4C8E132BF32A5A3082BF245B117B71F08A7A849AB7414218485921568214487296AD272F9EE9E4CDE194D41A31433A26315346A99BC339ACB77F794E25908D1A1A480164274B855259EC46D4AE28D7C7F697927DA9DD1046FE4FB13B7298955259E4AC711425801D9C22184E85443DCAB59D22B8B5E4E0D4A47111620ADCE813969916CA874553A8A10C28AC80AB410A2536DA874A54F6A028FE584A033A9948E23BA289D49C5633921F4494D90E25908D1E964055A08A19858E77A96446731D8BD46E928A20BD958E9C29CF448F6D63A2A1D450861A564055A08A198BDB58E5CB0359EDBD3C3A93168948E23CC5C8D41C3EDE9E15CB0355E8A672184A264055A08611682ED742CEE95CD78EF72A5A30833F46DA92773D322C897EE1A420833202BD04208B390DFA465C28E68A6EDEE41B1CE56E938C24C14EB6C99B6BB071376444BF12C84301B52400B21CCCACA626F625292585EE88B5C1EB35E266079A12F312949AC2CF6563A8E1042B4205B388410666BB847156FF6CAA2BB63A3D2514427CAA8B7E7A6B448D655B8291D4508214E4A56A08510666B5D851B89A9893C931B845E5ADE593CBD49C533B94124A6264AF12C84306BB2022D84E812129CEB782B368B64975AA5A3880EB0A5C6991BF746B2B3D649E92842087146B2022D84E81276D63A3168733CF30F8451272DEF2C469D41C3FC03610CDA1C2FC5B310A2CB90156821449713EED0C8EBD1D98CF2AA543A8A68833565EEDC921E414E83BDD2518410E2ACC80AB410A2CBC969B067CCF61866EEE94E49B3B4BCEB6A4A9A6D99B9A73B63B6C748F12C84E892A480164274591F1CF6216E63221F1CF6513A8A6825F93B13425802D9C22184B008A3BC2A793D3A9B70076979678E721AECB9253D823565EE4A47114288369315682184455853E64EEF4D09BC901788415ADE990D8349C50B7981F4DE9420C5B310C262C80AB410C2E224BBD4F2566C1609CE754A47B16A3B6B9DB8716F245B6A9C958E228410ED4A56A0851016674B8D33FD527BF34066280DFFDFDEDD855659C7011CFFF9BE4DDD742DC35E50B7A1679EA65B114545140841044574135D05A181045D79D15537DD443751411A04DD14DD441078250411CE510E6BE96678568ACBB4E55E9C7B753BDD144499F59FDB79B6733E9FEBF13CBFAB872FBFF3ECFFCC78CC95DAF8CCF278F5CC96B8AF73977806CA920D3450D69AAB27E2E0CE423CB67138EB512AC2178375B1EF54539C71BA0650C6AC6680B27666BC2AF61CCFC78BA79A63707A65D6E394ADC1E995F1E2A9E6D8733C2F9E81B227A081B2578C880F7EDE143B3BDAE3938B0D598F53763EB9D8103B3BDAE3839F37859F34814A20A0818A71716A553CD7BD3D9E3A918BF393ABB31E67C93B3FB93A9E3A918BE7BAB7C7C5291FB4012A8780062ACEE703F5913FDA1EEF9CDF1CB356A6C9668B11EF9CDF1CF9A3EDF1F9407DD6E300949C7F22042ADA831BAEC4C15C21F2EBC6B21E654938395A13FB7A9BE2E8D0FAAC4701C88C0D3450D18E0EAD8F7B3B77C76B85BB6272D623F1DF4CCE2E8FD70A77C5BD9DBBC53350F16CA001FE905B3B1E875A0AF1F08691AC475954BE1AAA8DBD3D4DD17BB53AEB51001605EB16803FF45EAD8E478FDF1DFB7B1B63F8DA8AACC7C9DCF0B515B1BFB7311E3D7EB77806F80B1B6880EBB8A36A2ADEDED1174FDF7A39EB5132F1D9AFF5F1F2E9C6E89F705A09C0DFD940035C47FFC4EA78E6DB5C3CFBDD8EB8504147DE5D985C1DCF7EB7239EF936279E01FE858006B8814F2FDD12F98EB678BFFFB6B2FE48483122DEEFBF2DF21D6DF1E9A55BB21E076051F30A07C0FFF4C8869138B8B3103B6AC6B31E655E9D1EAB8E7DA79AE2CBA1DAAC470158126CA001FEA72F876AA3FDD8EE78FDC73B63BAB82CEB716EDA747159BCFEE39DD17E6CB778064860030D3007ADEBC6E2504B21EEAFBB92F52873D239BC3EF6F63445F7684DD6A3002C3936D00073D03D5A130F7DD31AAF9CDE16A3334BE7C8BBD19915F1CAE96DF1D037ADE219608E6CA0016ED296AAC97837D7174F340C663DCA0D1D1ED818FB7B1BE3ECC49AAC470158D26CA0016ED2D98935F1E4899678FEFBED71696A55D6E3FCC3A5A955F1FCF7DBE3C9132DE219601E08688079F2F12F0D91EF688F0F2F6C5A1447DE1523E2C30B9B22DFD11E1FFFD290F5380065C32B1C000B604FFD70BCD75288C6EA894CEEDF375E152FF534C591CB7599DC1FA09CD940032C802397EBA2F5585BBC79EEF6B856C223EFAE1597C59BE76E8FD6636DE2196081D840032CB07B6AAFC6A1DC99B8A7F6EA82DEA76B646DECED6D8EAE91B50B7A1F804A67030DB0C0BA46D6C6035FEF8A033F6C8DB199F97FEC8ECD2C8F033F6C8D07BEDE259E014AC0061AA0841AAB27E2BD9642ECA91F9E97EB1DB95C172FF53445DF78D5BC5C0F80FF66030D50427DE355F178573E5E38D91CBF4DAF9CF3757E9B5E192F9C6C8EC7BBF2E219A0C404344089FDF578B98FE670BCDC478BECB83C804AE3150E808C3DD13018EFE6FA624BD5E40DFFEEECC49AD8DFDB1887073696683200AEC7061A2063870736466B475BBC756E73CC5E67A5315B8C78EBDCE668ED6813CF008B800D34C022727FDD9538D45288D675631111D13D5A137B7B9AA273787DC69301F027010DB0C8AC5A568C035BFB2322E28D9FEE88E9127E880580FF26A00100208177A0010020818006008004021A000012086800004820A0010020818006008004021A000012086800004820A0010020818006008004021A000012086800004820A0010020818006008004021A000012086800004820A0010020818006008004021A000012086800004820A0010020818006008004021A000012086800004820A0010020818006008004021A000012086800004820A0010020818006008004021A000012086800004820A0010020818006008004021A000012086800004820A0010020818006008004021A000012086800004820A0010020818006008004021A000012086800004820A0010020818006008004021A000012086800004820A0010020818006008004021A000012086800004820A0010020818006008004021A000012086800004820A0010020818006008004021A0000120868000048F03B6FFFE42205ACA32C0000000049454E44AE426082');
INSERT INTO "SpeakLocales" VALUES('Portuguese',0,'pt-pt');
INSERT INTO "SpeakLanguages" VALUES('Portuguese','English',0,'Portugal');
INSERT INTO "SpeakLocales" VALUES('Portuguese',1,'pt-br');
INSERT INTO "SpeakLanguages" VALUES('Portuguese','English',1,'Brazil');


/* ro   Romanian,             */
INSERT INTO "Locales" VALUES('Romanian','ro');
INSERT INTO "Languages" VALUES('Romanian','English','Romanian');
/*Romania*/INSERT INTO "Flags" VALUES('Romanian', 0, X'89504E470D0A1A0A0000000D494844520000025800000190080600000072351E9800000006624B474400FF00FF00FFA0BDA7930000000774494D4507D907120B2A2D9734DBFF0000074149444154789CEDD6410DC2400000C10305F8A8893A43060E10849E26D4409F9BDCA59951B0CF7D8CEDFD1FC0A5E3FB999D00CBFAEDAFD909B0ACE7EC000080BB3158000031830500103358000031830500103358000031830500103358000031830500103358000031830500103358000031830500103358000031830500103358000031830500103358000031830500103358000031830500103358000031830500103358000031830500103358000031830500103358000031830500103358000031830500103358000031830500103358000031830500103358000031830500103358000031830500103358000031830500103358000031830500103358000031830500103358000031830500103358000031830500103358000031830500103358000031830500103358000031830500103358000031830500103358000031830500103358000031830500103358000031830500103358000031830500103358000031830500103358000031830500103358000031830500103358000031830500103358000031830500103358000031830500103358000031830500103358000031830500103358000031830500103358000031830500103358000031830500103358000031830500103358000031830500103358000031830500103358000031830500103358000031830500103358000031830500103358000031830500103358000031830500103358000031830500103358000031830500103358000031830500103358000031830500103358000031830500103358000031830500103358000031830500103358000031830500103358000031830500103358000031830500103358000031830500103358000031830500103358000031830500103358000031830500103358000031830500103358000031830500103358000031830500103358000031830500103358000031830500103358000031830500103358000031830500103358000031830500103358000031830500103358000031830500103358000031830500103358000031830500103358000031830500103358000031830500103358000031830500103358000031830500103358000031830500103358000031830500103358000031830500103358000031830500103358000031830500103358000031830500103358000031830500103358000031830500103358000031830500103358000031830500103358000031830500103358000031830500103358000031830500103358000031830500103358000031830500103358000031830500103358000031830500103358000031830500103358000031830500103358000031830500103358000031830500103358000031830500103358000031830500103358000031830500103358000031830500103358000031830500103358000031830500103358000031830500103358000031830500103358000031830500103358000031830500103358000031830500103358000031830500103358000031830500103358000031830500103358000031830500103358000031830500103358000031830500103358000031830500103358000031830500103358000031830500103358000031830500103358000031830500103358000031830500103358000031830500103358000031830500103358000031830500103358000031830500103358000031830500103358000031830500103358000031830500103358000031830500103358000031830500103358000031830500103358000031830500103358000031830500103358000031830500103358000031830500103358000031830500103358000031830500103358000031830500103358000031830500103358000031830500103358000031830500103358000031830500103358000031830500103358000031830500103358000031830500103358000031830500103358000031830500103358000031830500103358000031830500103358000031830500103358000031830500103358000031830500103358000031830500103358000031830500103358000031830500103358000031830500103358000031830500103358000031830500103358000031830500103358000031830500103358000031830500103358000031830500103358000031830500103358000031830500103358000031830500103358000031830500103358000031830500103358000031830500103358000031830500103358000031830500103358000031830500103358000031830500103358000031830500103358000031830500103358000031830500103358000031830500103358000031830500103358000031830500103358000031830500103358000031830500103358000031830500103358000031830500103358000031830500103358000031830500103358000031830500103358000031830500103358000031830500103358000031830500103358000031830500103358000031830500103358000031830500103358000031830500103358000031830500103358000031830500103358000031830500103B017B260824057984080000000049454E44AE426082');


/* ru   Russian,              */
INSERT INTO "Locales" VALUES('Russian','ru');
INSERT INTO "Languages" VALUES('Russian','English','Russian');
/*Russia*/INSERT INTO "Flags" VALUES('Russian', 0, X'89504E470D0A1A0A0000000D4948445200000140000000D50806000000264C29EE00000006624B474400FF00FF00FFA0BDA793000002DB49444154789CEDD6B111C0400CC3307FF6DFD919C305810954F1F476770720E8BB1E00704500812C0104B20410C81240204B00812C0104B20410C81240204B00812C0104B20410C81240204B00812C0104B20410C81240204B00812C0104B20410C81240204B00812C0104B20410C81240204B00812C0104B20410C81240204B00812C0104B20410C81240204B00812C0104B20410C81240204B00812C0104B20410C81240204B00812C0104B20410C81240204B00812C0104B20410C81240204B00812C0104B20410C81240204B00812C0104B20410C81240204B00812C0104B20410C81240204B00812C0104B20410C81240204B00812C0104B20410C81240204B0081AC37B37B3D02E0820708640920902580409600025902086409209025804096000259020864092090258040960002590208640920902580409600025902086409209025804096000259020864092090258040960002590208640920902580409600025902086409209025804096000259020864092090258040960002590208640920902580409600025902086409209025804096000259020864092090258040960002590208640920902580409600025902086409209025804096000259020864092090258040960002590208640920902580409600025902086409209025804096000259020864092090F57666AF47005CF000812C0104B20410C81240204B00812C0104B20410C81240204B00812C0104B20410C81240204B00812C0104B20410C81240204B00812C0104B20410C81240204B00812C0104B20410C81240204B00812C0104B20410C81240204B00812C0104B20410C81240204B00812C0104B20410C81240204B00812C0104B20410C81240204B00812C0104B20410C81240204B00812C0104B20410C81240204B00812C0104B20410C81240204B00812C0104B20410C81240204B00812C0104B20410C81240204B00812C0104B20410C81240204B00812C0104B20410C81240204B00812C0104B27E649709A01732272A0000000049454E44AE426082');
INSERT INTO "SpeakLocales" VALUES('Russian',0,'ru');
INSERT INTO "SpeakLanguages" VALUES('Russian','English',0,'Russian');
/*Solo pongo ru, tambin hay ru-ru, pero debera ser lo mismo.*/


/* sk   Slovak,               */
INSERT INTO "Locales" VALUES('Slovak','sk');
INSERT INTO "Languages" VALUES('Slovak','English','Slovak');
/*Slovakia*/INSERT INTO "Flags" VALUES('Slovak', 0, X'89504E470D0A1A0A0000000D49484452000001C20000012C08060000005056B3B700000006624B474400FF00FF00FFA0BDA7930000000774494D4507DB03030337029D77EC3300001F5F49444154789CEDDD77BC1C75BDFFF1F76C3D3DE7A4F70E210482B45002880804115104693FA51725014414848B34C5781544908088ED120444E18288686849802B044208A48026E4A4B793D3FB96F9FD1101C3CC49CE39D999D9D9EFEBF978F007DF99DDFD249BDDF77E67BEC5B26DDB160000868A045D00000041220801004623080100462308010046230801004623080100462308010046230801004623080100462308010046230801004623080100462308010046230801004623080100462308010046230801004623080100462308010046230801004623080100462308010046230801004623080100462308010046230801004623080100462308010046230801004623080100462308010046230801004623080100462308010046230801004623080100462308010046230801004623080100462308010046230801004623080100462308010046230801004623080100462308010046230801004623080100462308010046230801004623080100462308010046230801004623080100462308010046230801004623080100462308010046230801004623080100462308010046230801004623080100462308010046230801004623080100462308010046230801004623080100462308010046230801004623080100462308010046230801004623080100462308010046230801004623080100462308010046230801004623080100468B055D80A9B2ABD7A8FDBE07822E033D103FFA28C54F382EE83200E418411890CCBF56AAE3F77F08BA0CF4442442100205884BA301C96EDB167409E8A16C0DEF19508808C280D85BF9520D1B7B5B6DD02500F000411810BB962FD5B0B16BEB822E018007B8471810BBA939E8127A2D79E1B9522A2DBBBE5E767D83ECB636D9EDEDB21B1AA5B676D9E994ACF27259A525B28A8A6495954A65658A54F6915555A5CEC79F5476F396A0FF183D663736065D02000F10840109F3976A62DAB18A1D7648EF1E9CCDAAE37F1ECA6D413EB11B9B822E018007B8341A906C888330BD6459AF1F9BF9A05A764B6B0EABF18FDDDE2E7576065D06801C230803623784B77791796749EF1FFB6EEF1F9B0FE815028587200C88DD14DE2FD4CC92A5BD7FECBBBD7F6C3EC8128440C121080312E67B84BB737973772EABE68330BF6F00DC11840109F5176A36ABCCB2E5BD7B5CE82F8D86F87D03E08A200C80DDD22AA5334197B15B7A739F3053BD4676738B07D5F8877B8440E121080310E6FB831FCAAC58D9E3C76457ACF0A0127F118440E1210803500897D7322B3EF0E531F9A610DE3B003B22080310E6A9131FCA56AFEEF96356F5FC31F98620040A0F411800BB39BCCBAB7D28BB69738F478E663E58E55135FE09FB3D4E004E046110D2A9A02BC8899EF60A0B2108954E075D01801C8B957D7176D03514B4EBCF9CACEBCFDA6F87B6B02E31F64999152B159D34B15BE7DA8D8DB20B603F3FB7C5D217BC5FA363AE7936806A00E4023D428F9516C51D6D767B7B0095E45E4F7A84990FAABD2BC44F2E6B8D9615B1763D106604A1C74A8B5DBE245305726974DD86EE9FBB61A38795F8C7EEE870B49597387FEC00080F82D063152E5F928532172DBB7973B7CFB5376EF2B012FFB80D96292F2608813023083D56E6F62559283DC21E6CAE1BC68D785DB90C9671EDF503080D82D063C589A8A3CD6E775E5EF34CC4BBB7B84741B875AB677578F967FC24BBC5D9238C47238A452DDF6A00905B04A1C78AE22E41D8EADFA8D1C8D021EAF3CAF32AB9E97AC58E384C8AE5AEF762373474FFDCFAEE9FDB1DD1BDF654D18C4B55FEE41F943CFBF49C3EF7CE74F523A62449AF10082B3EBD1E0B7AB08CDDD8A4C8A8914A5E749E92179D27BBB54DE9856F29FDFA9B4ABFFE86324B96F57E827F3A23BBB54D5649F1AEEB709976D06DB198A213F650ECE003159B729062871CACC8C0011F1DEEF8DD43BD7FEE9EEAE2BD2B4EC6D4D85A1897BC01D310841E8B479D9D6E3F5727F964C85925C58A1F3955F123A7FEFB045BD9356B955EBA5CD995AB945DB35699EAD5B2B76E55B6AE5E765DBD64DB5D3F7F6363378370E70384ACB2525995958A0C1CA0C8F0618A8C1EA5E8D8D18A4EDC4BD13DC649F1AE07A4F8B9887957039D12312EAE006145107ACC6DB08CDB107CCF64B33B3F6E598A8C1AA9C4A891EEC76D5B765DBDB275F5526B8BECB676D91D1FCFA5B32AFB74AB8C921FDE22BBB56DFB632211591565522221ABAA4A91AACA9D06DD2E6576F167CCA52E7A844CA100C28B20F458D2E51EA1DBA46C2FD9CD2DB2CA4A7BF760CB92D5B74AD1BE55BB5543ECC0FD77EBF13BE33680C5B3D7EA623104B79E3F8070E0D3EBB122B751A37E2FDC6CFBD86332C0873DDBFF54C2EA32406811841E2B75FB82F4791EA1AF976203E0FB927529678F9E51A3407811841E8A5896A211E7FC323FA74F48923AFCBD14EB3BBF7F58B8F4E8E3CC2304428B20F45059172B8ED86D85B1E8B6A96C971F16152589002A01900B04A1875C07CA48EC6917762E839DE24C9F00428B4FAF87DC06CA48FE2FBA6D15EF7A9E5FA825FCED8DB92D40509CECE2470F80BC47107AA8AB20F47DD1ED78610FE4B092497F5FD0E5FD63FA04105E7C7A3DD4D56A23BE8F72CCE1FAA2E862FA04A34681D0E2D36B80DE5C1AB55BDB64D7D56D5F55A6B656765DFDF6D192A9D40EA35E93679C26AB5FDF5D3E5FC7EC873F5A6FD44A24A4E26259C9A4ACAA4A5955958A5455CAEA5B25AB4FF756AAF94F5645798F1F03001F22083DE4BA17A1DF036576D61BCC6695A95EA3CCD265CA2C5DAEECAA6A6556AF5176F5DA6E2FC41D3FE66845BB1184EDB37EA9ECFA6EEC681F8F2B3A72B82223472832768CA2132728B6F74445F7DAB3EB65D8223EDF9F73597BB5887B84406811841E8AB8CD216C735E56F392555EF6F1FF64324ABFFD8ED2AF2D50FA8D854A2F58E8EB82D5DD924A29B37295322B57492FCDFFB83D16536CBF7D3FDA7D2276E81459A52592FCEF11BAFD4860D16D20BC08420FB94DA6F79B954CAAF399BF29F5FC8B4ABD384F766D5DD025F54E3AADF4C2454A2F5C24DDF7809448287ED8218A4FFBAC54E02BE700F01641E8A132B7E5D576B2A59117B29B36ABE5EB57F8FA9ABEE8EC546ADECB4ACD7B39E84A2449E56E97C1018402D7737CB65B1BD4222FD82DCE25F22256F0BD7F00BD43107A28D1D5CA3208B76CC6D164F14902428B8FAF878A084263706914082F82D067BEEF3C819CB3DB199C03141282D043AEBB4F64D82437F45C16DD66FA04105E7C7A3DE4368F1085A928C1006C20AC08429FF9BECE28728F6DB4808242107AC87547028F769E888E1DADC489D36495957AF2FCA1128D2A76C8C18A1F7584274FCFC6CA4061E17A8E87FCDC91C01A3040A5F7FF5C4AA5945EB050A9B9F3955EF0A6324B97CB2EF49557221145C78E51F4804F297EF4918A1F395556651FB5DFF78052F35FF1A5847C58450840EF108405E2A3F52FE371C5A61EAAD8D443B7FF7F3AADCCF2F7947EFB1D6596FF539955AB94AD5EB37D016C9F57B9C905AB6F95A2A34729326E8CA2E3C729B6DF6445F7DB47565999E35C3FD751755D45084028F0E92D145DF5FA623145F7DD47D17DF7D9A1D9EEE85076ED3AD935DB94DDB849D99A6DB2B7D56EEF3DB6B56D5F3D259D96DDD0203B9576ACA662452C5915E51F2D7CBD2BB1830F5476C860D91D3B8EB8B4920959C545524989AC785C569F0A291693555A2AABAC4C91C18364F5EFA7C8E0418A0C192CABB2FBDB34B9AD0003009F441016889EDEB7B2924945C78F93C68FF3A8A21D95FEFC0E5F5E67072906B500D83506CBA070B92C8506009F44101608BB31CFF615CC035C1A05D01D042100C06804A1DF32DE5CAEF37BE7FB30B05B3DFA3B09E1685B005D23083D54E6B223815797EBAC283B5D38B82D6890036E7B4AC6586B14082D3EBD1E8AF8F9B79B48F8F862E1602593BEBD969F8B2700C82D82B05078D4FB018042C7B76781B04A5963F493ACF2F2A04B001002042100C068DCD828105649F7963A932475762AB37A8DB21B37C9DE52A3ECA6CDCA6ED922BBB965FBF26A0D0DB25BDB64B7B6CA6E6995DDD828753150B2FC7F1F51748FF1BB7CC9C6E34E5276E366F7DACB4A6515174B25C58AF4A9D8BEDC5A49C9F6F6FEFD151934F0E3FF468FEC7E4F2FC97D5300BB4610168AA222679B6D2B5BBD5AE9C5EF2AF3CE1265FEB552990F566D5F703B57D33832D96E9D663735CB6E68703FF61FEDDDA9CAEADF4FD17163151D3B5AD17DF65674BFC98A4D9A28C576FCE7DCA31F07008C4510FACDA3412D56F9F6DD17B2D5AB957A71DEF66D98DE5ADC65F884995DB34DE99A6D4ABFFEC6C78D89846293262A76E454C58FF9B4629F9A2CABC2A37B840C4C020A0A41E8A19636E7A2CF5E0D6AC9AE58A986238F53B67AB527CF9FF73A3B955EB458E9458BD57EF7BDB22AFB283270A0272FE5F61E36B674BA9C09200C08420F65B2FEAD4092DDB2D5B7D70A03BBBE4199FAC2EB0D03C83DAEF17828E572FFCC72BB97875071EB11B675B2D305105604A187EA9A9C9BE55A55950154825CB22A2B1C6D8DAD5C1A05C28A20F450BDCB7D23ABAA2A804A904B56A5F3C74C6D134108841541E8A16D8D2E3DC2D21229EE5C8C1BE1E11684358DED015402201708420FB905A12445FAF5F5B912E492DBFB57478F10082D82D0431B6BDDB75C8A0C1FE67325C8A5C808E7FBD7D57B0D20FF11841E6A6C4DA9B135E5688F0C1D124035C805ABBCDC7589B7355B9C7B1402080782D063AB373BBF2023238607500972C1AD3728496BB6B4F85C09805C21083DB6B6C6F90519193D32804A900BD131A31D6D1DA98C36D7B7F95E0B80DC20083DF6CF75CED54DA213F60CA012E442C465A78D151B9A64FBB78810801C23083DB66C75BDA32DBAC778C9B202A806BB2BBA97F347CCD2D575015402205708428F2D5FE3EC115A65A58C1C0DA9E8843D1C6DEFB9BCC700C28320F4D87B6BEB5D17DF8E4DDE27806AB03BACF27245C78E71B4D32304C28D20F4585B67C6F5F268ECA00302A806BB23F6A9C952C4F99159B4B236806A00E40A41E88305FF746E9114250843277AE0FE8EB6D55B9AB5611B93E9813023087DF0C6FB358EB6D8A489B24A8A03A806BD159B72A0A3CDEDBD05102E6CCCEB83D796BB6C9A1B8F2B76D8214ABD30D7F77ABCD0D699D1071B9B54D3D0AEF6544603FA1469CCE032559525832E2D27ACA222C5A61CE4687FFD3D364406C28E20F4C18A0D8D5ABBB5452306ECB8A16BFCA823421D84AD91B8FEF4FA663D31BB5A0BDEAF51476AC7CD692D4BDA7B64A54E9C325C67444B3528A03A732176E814594967A8BFB4786300D500C82582D027CF2FDAA0F38FDF71E87DECA82302AA66F7A4AD887E37708A7E36F808353C51DDE579B62D2D5D5DAFA5ABEB7567FFD3759AB558D7AD7F517DD3E1BBA716FFB4F3BD5A57D3A2F7D6327502083BEE11FAE48545CE9E4374FC5845C78F0DA09ADE5B59D44F27EE75B16E19769C1AA2DDBFC79956448FF6DB5F474DBA4C7FEB33C1C30A3D60598A9F709CA3D9ED3D05103E04A14F5E7C7B833AD359477BFCF39F0BA09ADEF97B9F093A71C2455A5E3CB0D7CFD1102DD625E3BEA299C38E91AD70ACAE139BBC8FEB020873DE5A1F403500728D20F449636B4AF3DED9E4684F7CEEF800AAE9B9C7FB4ED6D7C79EA6D66862B79FCB96A57B074DD577469DA48C95FFFF04E39F3FC1D1D6D29ED6730B3704500D805CCBFF6FA102F2BFAFAE76B445274D54744FE7B25DF9E4A58A71BA7AD41794CE7168FDA1DFA73473D831397DCE9C8B449438F9F38EE6390BD7ABB5231D404100728D20F4D15F5E5FAB54C679793471E6690154D33DEF150FD4F4315FF6ACE776FFC0C334BBBF735A42BE884F3D4C9161431DED4FB8FCA801104E04A18F6A9B3A34C7E5725AF2CB5F94E2F1002ADAB99A78A9CE1977969AA2459EBECEF7464CD3CBE5F939682871C6A98EB6C6D694FEF6C6BA00AA01E005A64FF8ECC1E7FEA5CF4FD971877AAB5F5F254E384E9D4FFFB5D7CFBB2E51A939957B6A49F1106D4E94A939925069B653C33A1B34A1BD468736556B52EB6659EAFEC679D78C38491B1315BDAEA9BB325644578EF9A29E5F767F8FA656AC4FF4D1AB65A3B5A474885627AAD4FCEFFB9743528D1AD351A763EBDFD7E4D64D3DFA33FF27AB6F95EB68D1C7E6AD525B67C6E51100C28820F4D9DF17AED7E6BA360DAADA71EA41F2A2F37A15846F970ED54F867E46F3BBD1A31AD551A7F3B6BEA173B6BEA984BDF32FF23FF69BACE72AFDDB40786BAC4CDF1B718266AD7A6297E7CEAD18AF7B064FD582B2113B1D79FAB3C1476A4C7BADBEB969BEBE54B744911EEE9E9BFCEA59AE93E867BFB0A247CF0320BF4513134EB939E8224C92B5A53EA5091D3169C775562243062B3DEF6565373A4796BA698FC475E3F013F4DD919FD7EA6455B71ED3102BD6BC8A717AAAEF3E1A926AD01EEDDB5CCFDB142FD785E3CE5047C4DFCBB5EF170FD4C4B6ADDAA3DD7DFDCE1545FD75D9985375D79023B53ED147EAC6F48BFA58B1FE56B9975EAE18ABC39BAAD527D3DEBD62E27195DEF35359A53BAE06B4F8835AFDE0E1C5DD7B0E00A1C03DC2003CF0D7F75DE714262F3EBF5B8FDF90A8D017265CA0D9039C8B4077C7EA64952E1DFB15FD60F8B1AE83607E3CF4981E4D96CFA55B871FAB0ECB79A1E2D9CABD74D2840BF56AF9E85E3DEFC2D2E19AB6F7259A5B31BE5BE7274E39599181031CEDB3FEBCBC57AF0F207F118401D854D7A63FBD5CED684F9C384DD13D76FE45BDB2A89FBEBCE7797A6F3726B54BDBE7F2DD3FF0305D3EFA941DC27069C9203DDE77DFDD7AEEDDB12E51A95F0F3C6487B647FBEDAF4BC79EA696DD9CC3D81C49EAC271A7EBA9AA5D6C8A1C8BAAF88A6F389ABB7ADF00841B411810D79E4524A2A26F4EEFF2311B13153A6BFC57FF7D5930379EAEDA5B370FFF7852FF7F0FFDACB256B02BBEDC33F87035FE7BA4EA73957BEABB234FCCD92A349D5654578EFEA2E6EC6499B7C429272B326AA4A3FD97CFB8F7E401841B411890C51FD4EAB9B79C532912277D4ED109CE412A6D91B8CE19779627A3387F37E060FDA56A92DE2B1EA8B915C14F63688A16E9F7FD0FD0864485AE1A7572CEE73066AC88668C39454B4A063B0F26122ABED2F963A4A1A553BF78E6BD9CD601203F1084019AF9A8CBA08B484425B7DEE068BE7EC489BB7D3974676E1C71BC7E3AE4A8BC59FFF357030FD1CDC34FF0EC5E655B24AECB469FAAE6C88EA3428B2E3EDFB53738EBCFCBD5D89AF2A41600C1220803B4E0FD1A3DBFC8D92B8C1D7EA812277DBC18F75355FBE84FFD267B5ACBD658999EAD9CE8E96BF4C49678999EADF476978A55457D75C3C88FD7118D0C18A0A2CB9DF7061B5A3A35EB697A8340A122080376F3EC45CABACC6F2BBEE15A59C5C5DA162BD18D23A6055099191EEF3B592F558C9324155FF76D59A5258E73EE787C891A5A3AFD2E0D804F08C280BDBDB2568FCE5DE5688F0C1BAAA2E99768E6B0CFAA36E6FC7246EE5C3FF244D907ECAFC4695F721C5BB3A545F7D21B040A1A4198076E7DE86DD79D0C12975EA4D72AC70550915936C4FBA8E3DAEB2497D1B2373EF896DA594E0D286804611E5857D3A2DBFFB8C4D11E294AEAA7A78FEFF55A99E89E8B07356BC8E19F72B4BFBA74B31E7FA5DAFF8200F88A20CC13773DB94CFF5CD7E0689F76CEF1BA7840530015996162B6413FFC9973459F5426AB2BEF7B5D3D5C9E144008118479A22395E9F28BF7B63BCFD75EB63324B17B92765ABFFDF6914A963AA768DCFDE432BDB796BF73C00404611E7979C9663DF0ECFB8EF6E2F212FDE69B5395DCC58E11E8999BF68D6A9F4FEFE7685FB6BA5E331F7D27808A00048120CC33FFF5DB85AE3D91C9C7ECAF1B2605505081FA4CB456977FFF6B8EF68E544617FCF41506C800062108F34C5B674617DCF18AEB9A96DFBCED5C1D97A80DA0AAC23224D3A25FFEF8545911E728D19B67BFAD25D575015405202804611E7A6755AD6E7DE86D47BB15B1F4BB59E76862B63E80AA0A437136AD47A61FA021E3873B8ECD5DBC49F7FC795900550108124198A7EE7E7299E6BFEBDCA4B7CFC02A3D7AF3F1EA97EDE606B3F888255BB38EADD2419F9BE23856DBD4A14BEE7A9551A2808108C23C95B56D5D74E7ABAA697006DEB80327E8A1F32628C1E0991EF9CEE80E9D7EA573F518DB96A6DFF30F6DD8D61A405500824610E6B10DDB5A75D68FE6B9DE2F3CF2D4A374C7E12CBDD65D2717D7EA7B775EE47AECB64716EBE9D7D6FA5C11807C4110E6B97F2CDBA219F7FCC3F5D8F9DF3D5DDF19C925D25D39D4AAD303BFB8C07570CC63F357E9BF1F63AA0460B26862C22937075D0476EEDDEA3A2513511DBEB7733FC2A34F3C508DF3FEA105CD89002ACB7F0759757AEA57E7AAACAF7343E337FE59A3AFFE68BE52EC3A0F188D1E6148DCFAD0DB7A66C13AD7633FFAC5D775717F9661FBA4FDEC7A3DF5CBAFA9BC7F1FC7B1F5DB5A75F6CCB9AE8B9D03308B553B7C0FC6C985845552ACF2271F5374A273C35A3B6BEBB2F3676976BDF34BDF447BDBF5FADB7D67AAEFB0018E63764BAB9A4E3B5B99254C9500408F3054ECD636359D75AE322B563A8E59114BB37EF30D9D51CE1CC389D97A3D73F769EE21D8D6A6E6F32E2104017C84200C197B5BAD9ACF3C57D9EAD58E63916854BF7A7086BE31A83980CAF2C314AB4E73EE3F4B03460F711EECEC54CB45D3957E6D81FF8501C85B04610865376F51D3E95F5376DD7AC7312B62E927BFFC866E9D98316E1FC369895AFDE5C10B5535B4BFF3602AA5E64B662835FF15FF0B0390D708C290CA6EDCA4A633CE5176A373F51949FAD68FCED3BD538B15B7CD1811F9FFFAD4EBB187A7ABA4A2D479309D51F3F4AB947A61AEEF7501C87F04618865D7ACDD1E861B36BA1EFFDA355FD1EF4F19AC926CA7CF95F9EBEA116DFAC5EF66281A8F390FA6526AB9E26AA59E9DE37F6100428151A30520327890CA1EFAB5A213F6743DFEEEDCC53AF3F657B53A5AEE7365DE2ACEA675D7672A74F6B74E753D6E37B7A8E5D2CBB91C0A60A708C20261F5E9A3B2DFFE42B1830F743D5EBB7EABCEBDFC61BD94E9EB7365DE189169D6C3571CACFD8F3FC8F578B6A646CDE75CA2CCBB4B7CAE0C40D87069B440D80D0D6A3EFB7CA59E7BC1F578DF6103F4E41FA6EBF2A12DA11F447364B4562FCFFA72D721B866AD9A4E398B1004D02D046101B1DBDBD57CF10C753CF247D7E3D1784C33EFFBBA7E7D4C85CA4278DFD092AD19435AF4F423D3D57FD420D773324B96A9E94B67BA4E2F0100375C1A2D50C90BCE51C9F7AE936251D7E32BDFFA972EBCF559BD6957F95C59EF0CCCB6EADEAF8CD109E71CDFE5399D7F7E46ADDFBE5E765B9B8F9501083B82B080C50E3B4465F7DD25AB9FFB7DC174475ADFBFFA37FAD99AA43256FE5E1C38365EAB076E3FDD7D92BC2465326A9B79BBDAEFFFB5BF850128080461818B0C1BAAB2076629BAEFA42ECF99FFC779BAF87F96697DB4CCC7CA762D69A775CBE498A6DFFA55D72D9424C9AEAB57CBF4AB947AF9559FAB0350280842035845452AF9D1AD4A9CEADC9DFD430D5BEA74DD35BFD7ECBA0AD9720F1D3F4DB1EA74EFB5C76AAFC3F6EEF29CCCD2E56ABE6486B26BD8541740EF118406499CFA2595FCE04659655DF7FCE6FE61AE66CC5EA6EA80E61C96663B75D301497DFDC6B31489BADFDF946DABE3370FAAF5873F913AC337E807407E21080D13193552A53FBF43B1FDF7EBF29CD6C616DD72CD83BA7F6389D23E0E2CFE6CBC5677DFF4058DDA776C97E7646B6AD47AD577959A3BDFB7BA00143682D044B1A88ABF75858A2EBB44EAAAD72569D19C37F5ED7B5FD5EBB6B793F087659AF5FDE386E8F42BBBBE742B49A997E6ABF55BDF55B6A6C6D37A009885203458ECE0035572FB4C45C78EEEF21C3B6BEBD1BB9ED40D2F6CD1E668494E5FBF289BD665233B75ED6D67ABB4B2EB4BB176738BDA66DEAE8ED90F4B36FF5C01E416416838ABA8484557CD50D125177639E750929A6B1B35F3864774DFBAA43AADAECFEBAECF256B35F39A691A7FD05E3B3D2FF5D27CB55E77A3B2EB37ECF66B02801B821092A4E8BE9354FA931F2A3A69E24ECFAB5EBC5237FFF8AF7AA2A98FB256CF47971EA83ADD72F6641D7DC6D13B3DCFAEAB57EBCDB7A9F389A77AFC1A00D01304213E168BAAE8D28B5474C565B24A8A777AEAA2396FEAA6FB5FD58BE9EEDD3F1C936DD44DD386EBD4CB4EEE724EA024C9B6D5F9E4D36ABD75A6EC9A6D3DA91E007A8520844364D85015FFD7354A7CE1C45D9EFBE2C32FEAFB8F2DD11B5D2CD53634D3A2ABA754E8C26B4F572CE9B25FE07FC82C59A6D69B7EA0F482377B553700F40641882EC50E3B44253FB851D13DF7D8E5B9731E7A5E33FFB4ECA3401C9A69D1B70E2AD705D79EA6447172A78FB5EBEAD576FB5DEAF8FDA352269393DA01A0BB0842EC5C2CAAE4D967AAF8EA2B64F5DDF502DD7F7F708EAAAB6B74FE774EDD65002A9552C7238FA9ED8EBB65D7D6E5A86000E8198210DD629595A9E8B28B95BCE05C59A5BB398DC2B6D5F99767D5F6E33BD92E0940E00842F44864E000155D75B992677E65A7D32DBA92FEBFD7D47ADB8F9579874D7301E4078210BD12193D4AC5574E57E24B5FE85620A6DF58A8F63B7FAED4CBFFE7437500D07D0421764B64F428155F719912A79CEC1A88E937DE52FB9D77138000F21641889C888C1EA5A219972AF9E52F4AF1B8D2AF2D50FBDDF7B14F2080BC471022A722C3862A3264B0D26FBE15742900D02D042100C068FE6D360700401E22080100462308010046230801004623080100462308010046230801004623080100462308010046230801004623080100462308010046230801004623080100462308010046230801004623080100462308010046230801004623080100462308010046230801004623080100462308010046230801004623080100462308010046230801004623080100462308010046230801004623080100462308010046230801004623080100462308010046230801004623080100462308010046230801004623080100462308010046230801004623080100462308010046230801004623080100462308010046230801004623080100462308010046230801004623080100462308010046230801004623080100462308010046230801004623080100462308010046230801004623080100462308010046230801004623080100462308010046230801004623080100462308010046FBFF56160F24315007920000000049454E44AE426082');


/* sl   Slovenian,            */
INSERT INTO "Locales" VALUES('Slovenian','sl');
INSERT INTO "Languages" VALUES('Slovenian','English','Slovenian');
/*Slovenia*/INSERT INTO "Flags" VALUES('Slovenian', 0, X'89504E470D0A1A0A0000000D4948445200000140000000A008060000007DA3B59C00000006624B474400FF00FF00FFA0BDA79300000E5449444154789CEDDD7F70D4F59DC7F1D7777F6F36BBDFFC263F30924080F0C320BFDA11A860A2374551510AAD82B52D5882E35CAF37577B5C3BEDCDF5BCD3ABB6A52AB4BD16AE56D469A542E90FA1FC280842900046083FF2831F49C82FB2D9CD6677B33FEF8F2594484236C9B2ABF37E3D66986192EFF793EFC2F0E4F3FDAD84C3E130888804D2247A0388881285012422B1184022128B012422B1184022128B012422B1184022128B012422B1184022128B012422B1184022128B012422B1184022128B012422B1184022128B012422B1184022128B012422B1184022128B012422B1184022128B012422B1184022128B012422B1184022124B97E80DF8B40804C368EBF2C2E50DC0E9F5C3E1F6C1E50D20140E23D9A447AAC58064A30EC9261D32AD261874FCBF85E8938E01EC476DAB0B876ADA51DDE4C0E9CB4E9C6E72E05C4B177C815054EBEBB40A0A33AD28CEB56162AE0D137354CC2E4CC7A43CF5166F39110D85120E87C389DE88446BEFEAC1EE53CDF8EBC9C8AFFA36D70DCBA4995DE8F0244735DE40CBE6A69A513639076593B35136391B3929E6116F3B110D9FD800F60442D856D9804DFB6BF16ED5650443FDFF31A4995DB01ABDD8F8F0CFF1D4B6AFC11D30A0C999DAEFB299494E24197C786DF17AACF87D397A027A34BBFA9FF5290A306F7C16BEF2B9B158322B1FC9264EC689E24D560003415CA8AAC10F3FEAC2E683F5E8E8F60DBA8ACDE8C1F1D56B5190DA06678F19D3363C877A7B66BFCBA6995D3851BE16A36D1DE8F02463DAFAFFC42567FAA03F23D9A4C39259F97876FEED9858943BE48F4544C3236ADAE15AFD0C0E85D2F072A038EA7592F43E98F591501AB401D88C9E01974D36F45C5BD6A8F523D9D813DD767903D8B4BF0E534E5620AFF518AC9B3745BD7D44347CA24E55863A3B61ED760E691D678F19B7FFE827F8FDE999487BFE67A8EDC81A70D976B71539FFF30AB69E99818C1736E0A263F0D9DFF56C3DDD089EBF30A4758868F844CD0035361BD4163B608C7E1DB7DF000058FEF61A78AEFE7EB0651FFBDDD3F006F443DE3ED5E382A2DA86BC1E110D8FA819A092A2C2E6B40F6B5DF720F11BEEB2D7B375774263630089E24556006D56A8F6B6446FC68052BAEC501840A2B81116401B921D1DD0284A4CC69B95578787261C8DC958006073D8A1D8AC311B8F886E4ED431C0DED9558A59870EB77F4463BD70DF1B787CCA41E8B4413C7CEE28BEBA7515C2E19185D5D6D9CE63804471246B0678352E2926ED88C7AA6C1A835C9B1D5916274EB6E58D387E7AAD06492E071495B7CB11C58BB0196064F752D58FBCFB2E9F092F1E5C880C4B17CEDB33A128E1114530E5EA9D20DC05268A1F61018CCC00537523BFF965FBD93BB1F77C31524C6E3438D3463C5E8A2912659E04218A1F5101ECBDC444D544F75497C1B87C26B87CA6988CA5EA23B3475E0643143F228F01AA18D909905B21E5EA61499E04218A1F5901EC3D06188A4D002D461DB2D5D83CD24AD50401308044F1242C80364051A006BC3119AFBCB4086B1F9C1C93B1D47000008F0112C593A8000291C0A8FE819FE8122D8B51877F593809ABE68F436EEAC867816A28F214190690287E0406D00AD5D73DE271CA4B8B906533C1A4D7E2DB0F8C7C16A806BC804E0BC59234E2B188283AF202A8DA60F3DCF8C8FBA1E89DFDF58AC52C50F5BB39FB238A337101D4D86C50BB1D512F9F66B9F1C92EBDB3BF5E03CD0253920CD06AA2BB385AF5BA78090C519C890BA062B341EDEA8C6AD927E71562E7B3A5305EF78ACB8FCFFE7AADBCBBEF2C505180D7CBE7E05F1745B77BAC7A5C9C0112C599C0005A61735C1974B949792A5EF9F22C4C1F9386171F9B71EDEB1F9FFDF5321BFACE02BF75FF242C2CC9C5F717DF81F9C5A306FD79B66E071495B7C111C593BC00AA2A6C9DED375D26C9A0C3EF9E99872443E44699A7CBC6E30BB3F3079CFDF5EA9D05CE1D9F891F3C3A0D00A0D528D85C3E07A3D49BDF3162E3B30089E24E60006D307739A0D70EFCD1D73F390BC5B97D9FCAF28BAF7E162F7CF1CE7E677FBDCC062DFE7BE99DD8BC662E74DABF1FFBCB4931E337ABE7DCF478A0EAB8C20012C5996EE9CBFB13BD0D71B5E0782B9601D022DCEF0D714FCE2BC413730B6FF8BA9AA4C79AD2F1838EBF624E41BF5F2F9B9C8DB58BA6E03FB656F5FB7D537B3BB6D73AF1B6B0BF0FA244D2FDB6E262A2B721AE94660F960108060280D2F7B980BDC7FD6E95EF2D9E8AF7CEB6624F754BDF6F84C3B0FABA51D1EE83B4BF0FA24412B70BDCA98F5C68AC0FF77D22CCC78FFBDD0A5A8D82D7FB391ED8BB67DCA98FCD7DC544141D71016C35580000D640DF9796F777DCEF56E8EF78A02918B90FB8D9C0B3C044F1242E808DA6C8898674BFFBDAD7063AEE77ABF41E0FEC650D4662DC64E44910A2781217C076BD054EAD09135DAD006EFD71BF817C6FF1542CB87A7D6081A7036128A84D4A8FFB761049262E8061283861CBC13D1D350022F7F1DECAE37E03D16A143C5D1639ABFC19C745D425A5A14B6B8CFB761049262E80005069CDC3A2B6535010C6C9C6E8EF0B8EB5534D919FBDACF9048EDAF212B61D4452890CE08E8C2224077DC8E97162CB918B708CF01DC1C3E10F86F07FFBEB6009FA30A1BB0DBBD28AE2BE0D44D2890CE011DB6DB0EBCDF87CFB197474FBB07AD36184C2377F535C3014FD9BE4A259F6D9B78EA1B6D585BB3A2F20A068B02B6D5CD4E313516C887A2B5CAFA0A2C196AC29F84EDD6EFC2A7716DE3C74015DDE007EBA62260A3293AF2D77C5D5835FEDABC5C67D75387DD901835683BB8A32B1A66C3C1E9E7EDBB5DBDD42E130767ED48C753B4E634F750B3CBE200A3293B1FCAE027CFD9E71C84BFDFB434E2F777AF0EC5BC7F0DA817A00C0F76B776267FA78D8790D2051DC2958F19B91BF24F753688AAB057F3BB21EA5339FC2716B2E8C3A0DFCC130A68F49C3980C0B9A1D1E7C50DF81BC54339E985B08A34E8BB62E2F0ED5B4E3C0B93664AB6694E4A740A7D5A0EA52271A3ADC58397F2C0A33ADE8090451D3D285778E36C0E30F6066413AF25293D06877E383FA2BC856CD68E87063B4D78113EFFF085FBAE371EC48E72E3051BC890D20006C3BB609A90137E6CD5A8325B3F2F1E4BC42ECF8E8324E5CB4C3A0D3E289B905583CE336588C7D27CAA71A1DF84B5513F69F69439BD38B92FC547CF3F3C5189B95DC67B92EAF1F3BAA2E63E747CD38D9D809AB498FF2D2F1D87DAA193F7EF7347E5DF5268ADCED9833FB698494E81E9C4A44B1233A809F755CC01F2B37E2BE19AB50A9E661FF77EEC39CA2CC6BDFB777FBB0717F6417F86CB31326BD36B20B5C3A1EF74FCB85E66AB4C26160F7A966BCBAEB2CF654B7A0CBEBBFB60BBCFA9EBECF0FAC69E9C2D4B57F4456573B8EBDFF13AC9AFC28B6644D8DFB672722E1010480D7ABDEC0746723A6DCF54D40ABC5ECC2748C4E4B42A7DB8FF7CEB622140A6361491E26E5A970F504F0FEB93654D45DC1E8B424CC2C885CB8FCE1253BEA5A5D98323A050B8A4721D562C0D96627B61F6F843F10C267C66660946A428BC38BC3B5EDF00582D87B6403028A16F7CE58C5D91F5182880F60BEB713072A5EC1CBB7CDC5F30577C3A0D3604C463232AC46DC5F928BAFDD3DEE8687177C507F051B769F4345DD15844291E3862BE78FC3E72664F559CEE1F6E397FB6AB0ADB2018D760F9A1D1EB8BC012C6DF9102F57BF83B219ABF0A135279E1F9788AE233E8000F054C361FCD7B93FA36CE62A1CB3E6E1D52FCF4679696C4F4A6CAB6CC023EBF621C763C789833FC6BAFC39F8F7B1F7C6F46710D1D088BC0EF0E37E317A36B66716635BE546A404BC78E6B523D856D910B3F10FD7B6E34BAF1E802EE0C78EA3FF8BC329F978AEB03466E313D1F0308088DC1FFC4CF143386F4EC7BEC3EB6108F8F0C557DFC3D61844F0C0B9362CFCE11EF87B7CF873E52F1184062B272D815FE11F3D51A2F15FE1554EAD09CB4A1E87A284B1EFC87A683C5E3CBA6E1F36EC3E37EC31B77C7009F73EBF0B2E9707EF1CDB847C6F2796953CCEC75E117D423080D76932DAB068FA57A08481E3875E427A4F17CA375560F9860343BA5FD8EB0FE21BAF1FC5929FEE83CEEDC6C18A5750E8E9C023254FE09465F0576412517CF024483F327CDDD85CB519535D2DF8C21DCBF15EEA18DC9E61C1BAE533F1E0F4D1375D77FF9956946FAAC0C9460726BB5AB0FDD846B41A2C585AB202174C2971FA0444140D067000E6A01F2F9DDD8EA5CD27F0E6A869F8A7898BE0D36831BF78147EB0A4A4CF05D3005075A913DF7DFB04B65636401B0EE1DFEA76E11F2F1EC08EF422AC297E84F7FA127D0231808378A0AD1A2F9EDD0E73C08F6F4C7C10EF8C9A8C1014CC189386D5F714C162D4E1E77B6BB0B7BA050A80051D35F859F5DB308482F8EED87FC0AF736724FA2310D10018C02864FA5DF876FD1E3CD6741C2EBD01FF5CF400DECD98801E4DE41E617D388879F67ABC74E60FC8EB71624BD6143C5758CA5D5EA24F380670086EF776E25BE7F7E2D1E60FA10F87F0DBEC12D87526AC6C3882B002FC2963029E2F58806A4BD6E0831151C23180C390E6F7E091D62A3C76F93892423EBC913D0D6F6597F0B596449F320C201189C5EB0089482C069088C4620089482C069088C4620089482C069088C4620089482C069088C4620089482C069088C4620089482C069088C4620089482C069088C4620089482C069088C4620089482C069088C4620089482C069088C4620089482C069088C4620089482C069088C4620089482CDD43AD2713BD0D444409A15C193D2E9CE88D20224A04EE021391580C201189C5001291580C201189C5001291580C201189C5001291580C201189C5001291580C201189C5001291580C201189C5001291580C201189C5001291580C201189C5001291580C201189C5001291580C201189C5001291580C201189C5001291580C201189C5001291580C201189C5001291580C201189C5001291580C201189C5001291580C201189C5001291580C201189C5001291580C201189C5001291580C201189C5001291580C201189C5001291580C201189C5001291580C201189C5001291580C201189C5001291580C201189C5001291580C201189C5001291580C201189F5FF520D2774DABD71100000000049454E44AE426082');


/* es   Spanish,              */
INSERT INTO "Locales" VALUES('Spanish','es');
INSERT INTO "Languages" VALUES('Spanish','English','Spanish');
/*Spain */INSERT INTO "Flags" VALUES('Spanish', 0, X'89504E470D0A1A0A0000000D494844520000007D000000530806000000B226086300000006624B474400FF00FF00FFA0BDA7930000000774494D4507DB040311133AE91F1E0500000A4E49444154789CED9C796C1CD51D80BF397766F6F6AE37711C63721F7542AEE620694A201C690AAD1A090555AAAA820415542A6A2A51A95211E2AFD256A8ADD45385AA220524904A2094A6D040D224E4760E726362273ED6B7BDC7CCCED53F0C495C680B54ACE3CC7CFFACB46F67DFFBE9DBDF9BDF7B6F77855DD1EB7C42028538D60308A93EA1F400124A0F20A1F400124A0F20A1F400124A0F20A1F400124A0F20A1F400124A0F20A1F400124A0F20A1F400124A0F20A1F400124A0F20A1F400124A0F207272A139D66308A93282BF93F08B9101239CDE0348283D8084D203C8B8903E581EEB115C5B8C0BE927BAA15819EB515C3B5CF5D28B1591ED5D4BD9D33163AC8772CD208FF500AEC4F7C1F3044A6E8A733D512A0E4882C9707F043FA5B0B7258720FAD4D74498605C044092C215E727E5AA905E74D29CEBD629573C2A9E4EBEAFC42D732E9032A07B10964F3983EA76B27406546CD87E42E5883C9574B4822840634D895CAC77ACC318378CF9F46E3A71B6356BD4EAED2C6BECE4BA94493ADA8BD52573FC1583437F8EA22597D27F56E5D07351F22715664CAC204B16CB1ADB9837B18D1DC72DF2C5FAB10E65DC30E6993E644511850E060FE8BCF396C6708F4FFBE2C9F46E2D23B92256CCC55C7002E16004F7508C16E0C26A87BAC1087F2DD550BBD062D2E22217FB62E4A2631DCDF860CCA52BB247DF8514C79ED6117D7081C8BC2E8666A844CFE808B32CBC1DED44B23E15C3C589B9C46A0B14F7826446387F26C2A0E9B0F2AED0F8C765CCA5A72379A63618B4DE65E1B7285486659CBC8C9C7129FB09A46113C713508B12C54969F44C3B43FB55D26B0A14F7C671E616494C73C8196D631DCAB8614C0E5C4A6530F4D1CF3DBF59C56A8B60AB191CAB8748CC43507C8AB28728FA7880E1497865013C01BF4BC68E2630A67671FB1A9BDC84B08AFFB854557A5FB7C8E97D2A6F77BBAC9E030B97DAA3DA4FB70BBCB15D61E26C9DE3A68A265ACCCE0874BF6D5233DDA56844D9D59FE2B69A61FACE0F93ABF158BBCC45912EBF47A10C9DBDB0EF1CDC321F72E96A45377EA8AAF4D75FD4D9D1E7E0CB3E4287CAC30F9649264677FFF25E8163A745FA4FC9C803127245A4415691541F5FF528690EDEF5368946878DCB7D3463F4F5CF3EA371222FE0C80EB5A2CA771E282249845C4155A5F794E1F54332711992198F450D1EBA0AFB5ED6B03B2E9717A50A144CB00A228E0DA5589CC60D77214A3E62C4271EF58928205FB1E06C1037138F1478B7170E9C94886902C9B4CB92061F55A95684E383AA1672AD7940761806CAFD50A9035D85CE66157BFF48F55D913C061614489E8C12294A288037432233EF5E9C4A055955B14D8BDD6F3E4DBC7E3A13B237909C90C1ECFB0BF14881B61EF0149721174A03E086CBF70F51D5CD9909098554F64E6235EB892516923446B75B4987CE2543B4476CF2B38A9472974F59CC6291B3CF6E63B0ED02CDCF6FE1CBDDAB514A650ADB4F8EEE23992095BD93687A3DE9F86CF44835221B5F5435D37545253BF747140A0594A1578043A3DA8BB536A5691609112A8243B7058D791500511489D5D7A1EFCAB350998AEF0A484C21BD3085200897DE231DCF52BC7EA40F63F06960F48722E42AD886BD92A2EE50F23C065C8F61D7A318F12EB5A9BA8E54A3E3C922C5DE41DEB1F34C5E341BD30ACF5C3F2955CD74DB81DEA3C728B69C421C38CA91B88656E3E33823ED89AE082F4D7C8415991FB2A7FF71BE36F8C4A8EBCDFE214A8B1B304AB5D4EECD3374B015656422A0A345A2AB4363A060319C7A9E8A92C29F58864C35231C1F544D7AF3169D8B676584F27791F332A2EAD35E17A1F4964169B2C907B7F7A6E41F70DD9147DF07D3F7290ED874EEDDC7949B97D17DF65D068E76A24474740B224BA70070E4374972B30BB8BD25107E87A6FB0C5D54D83E23CEE28D45E235DE7F1E5CC0901EFD168F7ED69DF83EFCF3C7692A32884BEEC55BB51E695E8AB9B30E109F6DD2D72623F62A1C5BDA4726D7CBCEBE27999F7D819E928B9D9FC4DFD2B7D0B9733FF196662A5A8A869A895C4CDBF86D03449AEA11040179E819A6CD1B20D294C55CF20425631AB6DB82DB5342D43C7253DCCF3ACC714355EEE98200D9B505ECB33293366C24357F216E5F890B67449A6EB5D0132359983EAFA31C3168B40EA21E37A8391C67EBCD37F2C6EC751C5E3D8B1DCD79A2491561D5548CEB6BE9C978978AB81BD6990809870B6FD9A4E7CC21FD85B5A87A16BB24306D85558D30C70D559BDE576F2C7372BE4409B04B25868F5EC0EDD2E12B16676D9958BD40C2D650F32A9FEF7915C58B72CE8DD230E922037D7B5896DAC689DA55E45FDA8CDBBA0F800870E1856600920B3CAC1695C2199FFE932751264F26BEB29EA577EF42D3AA15E5F8A06AD20501B4289C7AEA8F98DBFE8E6C1698FE8D919F5469733DD40325E2EB0A149F4D927AB08F819F65C8C55D7E7EF63E364CFB2DCF756DE2A6816D686233DAB9C3080278968098F429BD6ED053E7336BBECDE957A17FD323D88B16905CEE62CC0C0F62FE9DAA2DD9F66C8EB2FFFB51CC57B6E22F5A48F6B13B69BAE3C3BFA3AB5C516F25160D71DFF15FD3D3AA30FBDC6E6E32FF41320D92EAE3154584988F9475C01E99E2D3135D963FA6137DE8DBF85D79CC5F1C66CBA60C43BD57D5CA74CCA95AA60F764A24D7D9C4BEF914B6E7BDBF39F3DF492DB2683A7C90A94704E23ED42EB2882FAE601DD590EB1D44C343343C84ECE5224D1461C21DB7135DB592E2EE9F507E7117B61766FB95542D0566AC2D13C909440CE37FBFF80AE209109A5C329A80EC4A988734DE9D9EA23F6A5039AB62B72AB8031F7D8C969995C5986E91A90DA55F49D5327DEA7C9BC45493F39FF27A31EA23AA3E62D4235AB151650741F191321EA2F0D15245096E7FA0F8E9077D8D52D51D3949F0B0064FE1942D24BBEFD2F3BA2202A3374FAC0FA6E48A80224B08B28FEF825CE7903B53440084AC07AE0FB28F617C501FD897FAC01B420CCFD23F4455A59FEE28931FFE3A00C33E0C462119034D32B0288C7AADFBBE73DF11906A1A296CCF33E9AB5DF4FC348DB1CCA4D2292348A02F2B316CD4D034B30B8093AD6DF49B237D94002B0591F03C7D1455BBA7F79735CE9B7528F118B1A486104FB2B77D12005FBCB1877E27F591D715942CF139EB11EFFE127DBF4C937D6800A5DE41FF9C89B1BCCCC09FD24CBF474614E1E260820E3B472411259AD4F062490EB4D7552BC47143D5327D4FEB2CB69D5B038023C918A28BE398DC3AF357D4654D367C6F90AD6F667019A9C42B3E74B4D551FFF00FD04EBF46CD6D2BE9484EA0F5F7CF11D7FA700B1285442DF5F70BAC58730480D7DE5BC1EE9699B88288AA698815936864881B1B9FAA5698E382AA4917A9903206F17D81614B25A997B0CCCB0558C3A47EEEBF074EAD9A40F37B2B98F3F85A94DC62B6B49E675868C0682991BEAE96D54F6EC26DDD494C6866DDAC2368EAE55A2042999AF810155701D143D5FB89AB4EB5421C375CD5FF39633BD05D48E1A183EFA049436413E13EFAFFCB552D3DE4B321DC9F0C20A1F400124A0F20C2F155B9F09E1E30E4C143E1370C824638BD0790507A0009A50790507A0009A50790507A0009A50790507A0009A50790507A0009A50790507A0009A50790507A0009A50790507A0009A50790507A0009A507907F010090D2EC7E2F5EFE0000000049454E44AE426082');
/*Mexico*/INSERT INTO "Flags" VALUES('Spanish', 1, X'89504E470D0A1A0A0000000D494844520000007D0000004708060000002A6148EE00000006624B474400FF00FF00FFA0BDA7930000000774494D4507DB0404142D2B5976DFD800000A1949444154789CEDD9F97394F501C7F1F7933DB25776B39B3B61B30949B8138E2408E12A2206A55469AB8396B156AD566B1551AA4E3B537FE9E578F518EB358EE258AD68E978A01C012CA0284712203764736E36C7EE66EF7BB73F50A7FDCD7112BACD3ECFEB2FF87EE63DCFCEF7D947E0278D49FECFDD5ABF9E37EF7834D5C7F85A7D773F82EBDD0F527D8CAF9591EA0348FEF7A4E8222445172129BA0849D145488A2E4252741192A28B90145D84A4E8222445172129BA0849D145488A2E4252741192A28B90145D84A4E8222445172129BA08C9537D8054700CF7D0BAEFAFF81C03C8330D182D35545EB59EBC124BAA8FF63F21AAE891909FB0DFCFB1971FC0DA314499A510AF27C848EB315ADE7E06D38206D6DCBE8BE2B28A541FF58A4AEBE8C96412411008B81D4CDA2FD1D9F406B316ACA2E2AA1B89F1319DED17C90C4439698F12110456253FE7F0D37752B0B8918D773D9EEAE35F31691BFDECD97F204F06A9A9BD859E63BB09D8BB211863B8FD536419093A8366E6968EE1F408144FDA6871447146921C3B3DCAFCFE7750AA34ACDBFE60AA675C116979910B85BC8C8E75A335943174EE23E2B64E5A0F9DE25C6B373ED70481913E621D47B14E84404852A08268128A4C5A12A120B6710FEFBDF60227DE7B3DD553AE88B48CAE526521932971DACE609077915F1967F36D6696AE5888321122BF249B393573F1C4742413A0CC800C92740EBA99AF83602044C01BE0C02B4F3272A92BD573A65D5A460730972C461E8FE318EA274E10FD827B29AB5E81B1C842F7301C6D3A8DD71F47194F600B436DB9115728418F3741995E4E221E65321AE1D8EEE7523D65DAA56DF4F90BD6B374FD83242A6EE554BF8150548667B80D95328A510E8505F96832640CF5D9B914C840ADC9245711A722574542A32157ABA4D8A8E1FCF14FB0B6B5A47ACEB44AAB8B5C60643F21F7253465DB51A9F49C3DF33E43432DE4942E61C225D0DA39882C1A606822C4898B3694C43128E5D45718094762549A7308446268B354B826BD04124994C66CDE7BEE97EC787E2F728522D513A7455A3DE9324D29E1489073E7F7D1673DC3E0C0592C96E5ACDF7037DDA7F6631282E018A244EEA2344B863EA790884A4F3C10C49C2DA367C8492C1A24E8F1A0550B90481276BBE8E9B1A64D7048B3E89986F914D53C4C241AA4B7F74B0C32258B976C02A0B2FE3A22F128D9A57928F38CF8156A0C8A08B355212AAA17B168C3760A8C6A82A871FB62F4597DB826C338E399C42301E2F1788AD74D9FB4FA790770BBC710326494962EA1F7F81B741F7D0A532E980B6A38299FCD44570BCD9D8394E6EBA828CE262F278B7DAD362C8DD5DCBCE349267D5E4E1EFA88BC50089F3F40302930D0D14A4646FA3C1F337EC947FBFFC4B8A31F00AFED283A9D11ADDA807DB40B4BED8D4C5807084CDA71773CC386C6AD04C331CA8BB2985BA2A7B0248F7D2D76FAACFD34ED7D9BB96B1AD11496B3B0E11A122A1D2A951A83DE80AE60168220904C26B0F637E3F7BB523B7A8A6674F48F0F3E8FB5EF34B1681880446B0BB1C3075930FF5A82C149E4DA6CE6D697F045EB20679BE3247C2758BFA6162143C37832933FBCDB8C73D4CD4273013D6D2D3CFBF37BA8A89AC3DA2D37B16EDB8F89C8944493602CBAFC21E642FB113E3DFE26EFEF7B2A95B3A76CC6468FC763B4771C2333538D566B0440D6E2034712598612B5DAC4C06033A3034728D0FBA85B9145DCDD8A56E5A7765E01FD13992CAB9A4D418E8944D04B321AA3B7EB1C4FDC763543BDDDD4D52F67EB3D3B295DB61A419B0D80CFEF62727208877390783C9ACAF9533263A3CB6472B66D7D885C93195CC701D0FC7407A74F9D65E30B2FE054CF254B9B8B5BFF003955779057F72241D94A86AD2E32D485AC5DBB86A47F02D7C418BD610D32B5865830443098E0D9FBB7B0FFED57319757505E358F9AE5AB00A8AE58845CAE62F3A68790C966EE6D7E465FE48CCA10950526E49A2A0032F43A1E29D6D2EB74F2EC89D3FC65EB16F2952AE4AFFC1A6579034B6ED8C9921B7602904C2450E69AD9F7D6CBE8950A8A2D7319E96C259988A0541878E7A5A7B83868E7F6FB1E243BFBF2931EF7595957B70A436208589AAAD95336A3A36B0AD62277C185BE8B54C972301A8BD8B9BA815FED3F88DDEFE7B747FF497CD2C3637336E2F5F9E8EA38422401553926965756724D839ECAAC852482C354AE68E4C3A66AECD65E4CC5A5D4AF5C45A9BB8FC8E82754577F8F8BBDA7696EF9826FADBD1D836956AAA74FC98C8E0E601FEDA6ADE338AD179AB8EB877FE4A6AB56B0B96631873ADAF9C5FE837822519A3C1EEA5C63B4DB6DC4C2212CF979947DF8011B73CFB360569813BE6C46BF7815AD6A29B7EE78943DE72E1068EF47E6B6A35F771F7EFF24079A5EC4EB1943A5D6B1E5BA87533D7B4A667CF4D9B3EB191DEF6560B08BB07F1495AE10B53CC8F5B3E394FFE016767FF619CE7014738E89CF876D080A157D4E37D6CC4CAC6D39E4FA8BB1A9F2C80E25A95340CB97A778ED54334B05257B1FDB01402211C7EB9D402657B06CC9664048EDE8299AF1D12DE6C59014D06A0EE1E9DB8B6AD1BD08320D61CF79768F64717543238A50144196C1B2C2028E5AFB119249B45A1D368B85A6BE01E6C8A3642AE41C187732346847A35030ABAA942849849093D8F8112CE685CC9FB79692A2F9A99E3C65333E3A4071BE19A559C12557928FDFDCC577AEDF89B1F44E36C7C679C2EA2041923C859C5DA3C7B977E20C0965167F9FCCE77377361B0317F9FDB59B30D67F97D611071EDB61EA2B9792A9AFC0E3196364F422B1A09CAB172FC2545A97EAA9D362C6BEB2FD3785CA4851F5CF28B6ACC2E31BE3CF2FDD85CFEFC21308F340A9919B8B0C788036AF1B4B6E80EC848D959E16AEE93BCAE36576F65C6863E3E12E0E8E0698575C8C4A5F86D7E7E0F5B71EE5FD7D4F639B18217FCE36E42A53AAA74E8BB478D2BF929363A6A4680E5EAF834F0E3CCFE686D5A8736B098F1DE0CCF87CBCB14CBCBE3811858A822CD8B538845E2530195590AB5690178B93D4D5E2193AC8C9EE7E20863A538331BB38D5D3A6555A45D7694DD42EFD3615E575B89C971819EDA728AB86704609BFAB5291307F9F770F65111DEF471BF51089C9881B7259BB7A155B4D0E0606CF238437E00B073064195952BD89CA8AE5141756A57ADAB44AABE870F96237ABB082C97E1B6DB62847F63CC184639040C04B4DF506D634AC64CC5F4E41C2845A08A22829A1AFAF99BFEDD98D9021D03FD0C2F58DF73347388BB1627BAAE75C1169171D40A6D09153F923961539D166E533EEB0E2748DA056ABF07827689F8C903B3C414C0DF68493FEC17368345AD46A3D65961A749A5C74F9DB523DE38A49CBE85FB9FC73BF059FDF892008A8D506F6B79D619DDDCEA8BB078D328F2A878E1537FF06877308833E1FB95C99EA635F71691DFD2B3AED7F6EDDD72DAA2756E262E1962D5C1A1F2127AF08809C19FED7EA379116AF6CDF94DC78F9536CC5BF838B8D28A38B9D145D84A4E8222445172129BA0849D145488A2E4252741192A28B90145D84A4E8222445172129BA0849D145488A2E4252741192A28B90145D84A4E822244517A17F019158CD12163950880000000049454E44AE426082');
/*Argentina*/INSERT INTO "Flags" VALUES('Spanish', 2, X'89504E470D0A1A0A0000000D49484452000000C80000007D0806000000E75F2C5800000006624B474400FF00FF00FFA0BDA7930000000774494D4507DB08140E1522B36D47BF00000DF949444154789CEDDC79709BE59DC0F1EFAB57922DC9F225DB497CC68E0F723A380984044820E130B06D68488172B4E5CA519832D32DCBC26E6796D9294B67A7A50572962D470A0408D05D20A4D0408024E4BE6C121FF1111F717CC996641DAFA4F7DD3F9C099B9DCE3B9D5DDB629CDF67C633BAE779647FFDBE7A0F297FFF76B38110E2AFB2247A00427C9B492042989040843021810861420211C2840422840909440813128810262410214C482042989040843021810861420211C2840422840909440813128810262410214C482042989040843021810861420211C2840422840909440813128810262410214C482042989040843021810861420211C2840422840909440813128810262410214C482042989040843021810861420211C284042284090944081312881026ACB3F25D891E8310DF5A8A611846A20721C4B795AC620961420211C284049260EDFBDE22D0DD0640C7D14FA9DFBE0E00438F53F7D1DA440E4D208124C4F1779F3D7FB9E58B5750ACC900C44203189A1F80A64F9E2716683FFFB8DAFF7A616C0729000964CC847DDEF39723836D74D57C068027378733FB5E05400B0C60B50D6F333102B5383CC50004FBBBE8ADDB35B6031680043266F66F5A793E928A1B1FA161FB7300B8CB6E25D0B80543D7515583B81602408F4530B44100EA3FF82553AEB91B808E035BF9F4E9E518BA9E80595C7C249031923BF34A6A5F7B805824887BE2641422785B6BC9ABAA8678808E233B201644B59C5B82847B4075A005FDF4341E21BFAA9AA19E769AB63FCD82877F8F62915FDD58907779149DDEBF8D5D2FAC01A064E9C3D81C6E6A5E5A4E343C446EE5CD9CF96A2D8A4525C9E52632D04A3C16C6D083F4371F2336508BA76209AD3BD751387B21280A1DBBD731A1BC8A24770600273F7C9EA6CFDF4CE414C73D09641415CEAB267BCA54763FFF23C060C65D9BB0D92DD4BDFB180557FE90BEFADD04BD67891B4E0CCD8742142DE4A7E7D8DBE09A4A6A6E293D47B7925375377DA70EA0B5BF83BB7C050027DFFF157DCDC728B9FAFB099DE37827818C82DEC6BDF8BB9A0028BFF11132F2CBD8B7EE07188641FAAC35A803DB890CF6E2993297D61DCFA2E9E928F141A2437E144327D079087BCE1534EFFC038E8C0C2C1695BE1D0FA2642D6552E5757CFDCE2FF0B61C63E19A0D0004BDBD68417F22A73C6E4920A340B52573F8A50768F9F235E25A84A9CB9EC49553CCC18D2BC899BE98A03185D64FFF8DD48A6578EBDEC39651C660D34E6291205A709078F00CD6943C7A8FBE822B7F090DEFAE26A49632EDB6DF50B3E567F83B6A98BFE665F4788CE3AFAD66CFEF96D3FED55B899EF6B824818C828CA24ACA6EFC3981FACD1C7EEE72EADFFF25336E7B9AE4F4028E6C5C46F6BC47F0357C8811F511D7EDF49E6A22D25F8316E82138E0231EE8A4BFAD9E487F2B016F378AEE63EA1D2F72F4D55544FA4E3077D51B68C1005FBF762F46B083C54F7C4CC9B5F7257ADAE3921CAC3882A2E120ADBBDFA6E4EA3BB1586D00741EFE00DF8127D192AB987EFB3A8EBC723F315F134AEA1CF4AEF7503D0B397BF220683D589DA94483412C8A8635AD14677A16D6681DD9731FA5BFF14B54A39FD2E52FD2B5771DB1AE6DC4ED975071FBEF494A4907A0BB7E1F198533B0253B13F9368C2B12C80832749D868F37D0B4EB3F995052C8A479773371FA55F4351FA2ED839560CD26F7DA5F70EAC37FC512E9A0AF57C3A6F731B924485E9182A29C7B1D03DA9B0D1A4EAAB8B2F2B1BAB2B1AB0152A6ACC077E23F7065E5E2AEF8214557DE4DD8EFA575E7065A0F7E415A5E2997DDF7EBF3718AFF3F096494741CDAC699BD9B8806FBC99ABA948C8AEFD0BAE319B4333B71E65D4DCFA95A526CCD545EA698BECEF143567CC10C9233A6A2860F9333FFE7145FB39AD63D6F12687E9FDED6760A2E5F41F135AB50ED496334BB8B87043282DA0E6CA3606EF505B7F5361EA47BFF7AFAEA3EC39D3F83A1B007AD7B376AFC0CF316FC6D7BC3F7EE047B6A16E93357131B6C20D0B60757762E69D3EEA168C19D28160BF1A8466FC3015C5905A4E4148CC6F42E4A12C808DAB7F12182676B713943D86C068EF4492819F3C9B9F476AC36074D1F3F83B76E1B03DD835C531DC5661B5E7A78FB0D9292149CE74EEE0C0D4128049959C3D7A39AC1E73BD2484D8DE29EBC0077E90AAC4976C2FDCDD8ED2AF1A116BC8D9F634F2B21187630EFA18DF23964844820232CEC1B20ECF7121E3883AF7927B1EE4F18E8A8C3E6CCC1501C607511EA3ACE650B83E83AB4B718E83AA82AC434B0A8C33F7A1C1415F20A15541576ED5050D32B49B687880F7592949A495AB607540786B382CC9977915D3637D1D31F77AC891EC078939C9A4E726A3AE4159353310F2DB89AC1CE663A8FFE9960D70906DA6BC84A0900162C164051387640A77CA685B4344081905FA7F6A8C18C2A15F5DC867877BA41CC6EE099760B13AAEE202DAF3C81B3BC78C8126484B41FDA4EDDF617D1827E6C7683E8D02036BB818500C4E318F1000A71A2118DFC428D92F2E1D52B4D33F0F682D5A660510D30C03014A29A4146A6827DF854119AEA0DDA4FDBB125D9315051D41450557452886A0A36571A514DC1EE745371C3FDE457DD90C07763FC9040C6C8C0E9139C3DF2067D2776608D1E63E6A517DE1F0E41240C8A02361B38FED797CD1C3DA8D3E72B27AD70068EAC72F22EAD263DAF04BBD3259B754791AC628D829E867DF41FFB239650037A2CC4606F0F51FF0016672EE188136350012EFCBF14D50C06FA0D144521351D1CAE0B37FF46C229E4146783760ABDEB384D5BD6935E5886356729294557E2CC2C20D99D31BC7A27468C043242A2E120FB363E88333944D4D74CFA9445E86957635892995051484C8BE2ABDF42B465373ECD4D541BC466FF26022DAA108F0D2F41302E8C23AA1978FB3450EBC9A8A8A6E4BA7F201E0BD37DE44DE27DBBE86EDE8A168150D8816BE274E63EB0618C673F7EC92AD6080A74B731D4DB4656D95C549B1D43D739BDE775066A5F65A8A79394822BB0A64D61E0E85A22012FF3175DF8FC964683584CA1F4920B6FDFFFA54ADC3A01FB8485B892FBF0B7D7E0A9584CCEBC556495CEB9E0B17F6D5F8CF8BF934046415C8BD0FCE97ADAF6BE4556513E29C5B750387F052D9F6DA07BEFAF8839E610E9AB25D5E9656655EC9BE7C5870F33B1FE8FE5FAA1AF0C42F162B24BA733D4B693A4498B99BCF471FA4FFE89DE139F60736632E9F20787CF4C14234E0219417A2CCABE3FFC8CC1F6068AE65C45D1A29524BB3368F9E2557C5FBF44D0DB45FACC87F0D7BF8E164F211E3CCB50EF194A2B62E4175F782C56DB2983B676279AE1C1936D474FCE674AF53FD1B9E35F50623DE4DFBC014F71155DB55F7066FF66CE369DA664E17729BBEE21391D7704492023281A0EE26DA921E792CB0088F8BDD4BD791FAAD688756235132F5F45E3D6FB892B99644E59C8D9FDBFC3705430D4DF436CB091B861C7EE74100BFA511C39649756A1F7EFC232711986EF20D6D41266DFFB22B55B56630F1DC45DF5147973BF0B0CC7D9F4C51B145DB15CF6A28F20096494C4A31AB52FDF86624FA562F95A547B3247362D4375E632EDFBBFE6D80B5761CDBB09DF893FE22ABB8348F3662C6995D81C1944CFFE9970D212D4E849262F7D9CF6BF3C41DEF5CF7176CF6F49F25430EB07CFD1B0ED19FCF55BB0BB27E099F35326CD9655ACD120CBE25170EA2F9BD8F9F4F528AE0266DCFD3236878B03EBEF20C93395CA7BD673F2F5FB21290B67BA87A4CC22320B4AB1B9F270A4A6624FC9C19E3983ACC9C5A8160DC5964A6A49357D079F67F643EF111E68A3E6ED7FA4ECA6C7A95CF3152915F7D2B8FDDFF1B61E4BF4B4C72559828C022D1820A64570A67BC030D8F3C23DA4E59630ED7B4F51BBE5116CBE5D4CA87E9DA60F7E4A6AD972F4A136FC1D8771A44F026B1676878DC1F61A1C59E518915E0A97FC336DEF5C8B7BDEB34CAABC9E031BEF21356F1653973D0980BFAB096DA807CF94CB133CF3F1479620A3C0EE4C198E03D8B5762519936731ED7B4FD179E423E8DB8167C926F4788C90D74BF1A21FA375EFC3953B0743B16073B931D474ECAA97A26B1FA5EFD40192D2B2303C3732707C1D8AC5C265AB5FC3DBDE40FD47E7BE7C6E6289C4314A249051D4B4730B9EE2595C72CB6300F8EBB762CD5F8EA7640EDD8736935DB99CC1B63AF4C009B2672DC7EE70636043B1A7A22A1ACE8C0978CA17D0F6E5CB947DE719629A4ECDE6070085050FBF44CFA9139CDEBF2DB1931CE724905154B2E8762EB9E96100C2BE7ECED61D267FE12A300C4E1FD945D1A2D5F4D7EFC0EE9949E6E499281627AA3599A4F4422281010C5D67D2FC35741EFD005BB28B193FDA4A34E4A3E993E70158F893B514CE930FE7A34902190386AEF3D5FA9594563F89CB934BFBA16D6497CEC6EE74831E01DBF09951715D01AB93BCD94B4075D171E843328AA6639084BFAB056B929369776EE2CCD7BB133CA38B87043206148B85C58FBD45EEDC5B0138F5E966CA6F7E62F8BEA4341475F8685CD5EE201E57502C16DC6577E06FFC130065373C42DDB9CF1B8E340F73EF5F9F80595C9C249004C8AA588833732200A1BE66D4B44A00625105FBB9AFF09938EF2E7ADB3A872FCF584C52DA37E79927BBE588DDB12247F326C0F4BFFBC9F9CB367701254B569EBB9282D531FCC7AF4743142FFAF1F9C7CDBCF5D1311DA31826FB41843021AB58429890408430617D756F4FA2C720C4B796F558FB50A2C720C4B796AC620961420211C2840422840909440813128810262410214C482042989040843021810861420211C2840422840909440813128810262410214C482042989040843021810861420211C2840422840909440813128810262410214C482042989040843021810861420211C2840422840909440813128810262410214C482042989040843021810861420211C2840422840909440813128810262410214C4820429890408430F1DFD6B81C4057837B820000000049454E44AE426082');
INSERT INTO "SpeakLocales" VALUES('Spanish',0,'es-es');
INSERT INTO "SpeakLanguages" VALUES('Spanish','English',0,'Spain');
INSERT INTO "SpeakLocales" VALUES('Spanish',1,'es-mx');
INSERT INTO "SpeakLanguages" VALUES('Spanish','English',1,'Mexico');


/* sv   Swedish,              */
INSERT INTO "Locales" VALUES('Swedish','sv');
INSERT INTO "Languages" VALUES('Swedish','English','Swedish');
/*Sweden */INSERT INTO "Flags" VALUES('Swedish', 0, X'89504E470D0A1A0A0000000D4948445200000140000000C80806000000990438AB00000006624B474400FF00FF00FFA0BDA793000002D849444154789CEDD6C10D8200144441A044FBB0002AB000CAB227F0E88D93C937793315ECE965D7E5715C0B7FE3DC9FD3136E6DAF637A02FCCC363D00608A00025902086409209025804096000259020864092090258040960002590208640920902580409600025902086409209025804096000259020864092090258040960002590208640920902580409600025902086409209025804096000259020864092090258040960002590208640920902580409600025902086409209025804096000259020864092090258040960002590208640920902580409600025902086409209025804096000259020864092090258040960002590208640920902580409600025902086409209025804096000259020864092090258040960002590208640920902580409600025902086409209025804096000259020864ADE77BB9A647004CF000812C0104B20410C81240204B00812C0104B20410C81240204B00812C0104B20410C81240204B00812C0104B20410C81240204B00812C0104B20410C81240204B00812C0104B20410C81240204B00812C0104B20410C81240204B00812C0104B20410C81240204B00812C0104B20410C81240204B00812C0104B20410C85A97C7714D8FE0EBDC9FD3136E6DAF637A02FC8C07086409209025804096000259020864092090258040960002590208640920902580409600025902086409209025804096000259020864092090258040960002590208640920902580409600025902086409209025804096000259020864092090258040960002590208640920902580409600025902086409209025804096000259020864092090258040960002590208640920902580409600025902086409209025804096000259020864092090258040960002590208640920902580409600025902086409209025804096000259020864092090258040960002590208640920902580409600025902086409209025804096000259020864092090258040D60761BF0E1E2822D3530000000049454E44AE426082');
INSERT INTO "SpeakLocales" VALUES('Swedish',0,'sv');
INSERT INTO "SpeakLanguages" VALUES('Swedish','English',0,'Swedish');
/*Solo pongo sv, tambin hay sv-se, pero debera ser lo mismo.*/


/* th   Thai,                 */
INSERT INTO "Locales" VALUES('Thai','th');
INSERT INTO "Languages" VALUES('Thai','English','Thai');
/*Thailand */INSERT INTO "Flags" VALUES('Thai', 0, X'89504E470D0A1A0A0000000D4948445200000140000000D50806000000264C29EE00000006624B474400FF00FF00FFA0BDA7930000030149444154789CEDD7317103500C05C1FC8C99B84CE1716B16E953185A0A43309D605160A8B85D04AFBA91CEFBFE980F80A0CFED01005B0410C81240204B00812C0104B20410C81240204B00812C0104B20410C81240204B00812C0104B20410C81240204B00812C0104B20410C81240204B00812C0104B20410C81240204B00812C0104B20410C81240204B00812C0104B20410C81240204B00812C0104B20410C8BA5C9F3FDB1B00569C9999ED11001BBCC040960002590208640920902580409600025902086409209025804096000259020864092090258040960002590208640920902580409600025902086409209025804096000259020864092090258040960002590208640920902580409600025902086409209025804096000259E7EBF63DDB230036B800812C0104B20410C81240204B00812C0104B20410C81240204B00812C0104B20410C81240204B00812C0104B20410C81240204B00812C0104B20410C81240204B00812C0104B20410C81240204B00812C0104B20410C81240204B00812C0104B20410C81240204B00812C0104B20410C81240204B00812C0104B20410C81240204B00812C0104B20410C81240204B00812C0104B20410C81240204B00812C0104B20410C81240204B00812C0104B20410C81240204B00812C0104B20410C81240204B00812C0104B20410C81240204B00812C0104B20410C81240204B00812C0104B2CECCCCF608800D2E40204B00812C0104B20410C81240204B00812C0104B20410C81240204B00812C0104B20410C81240204B00812C0104B20410C81240204B00812C0104B20410C81240204B00812C0104B20410C81240204B00812C0104B20410C81240204B00812C0104B20410C81240204B0081ACCBDFEF6B7B03C08AF3BE3F667B04C0062F30902580409600025902086409209025804096000259020864092090258040960002590208640920902580409600025902086409209025804096000259020864092090258040960002590208640920902580409600025902086409209025804096000259020864092090258040D63FF8851288F94E1A040000000049454E44AE426082');


/* tr   Turkish,              */
INSERT INTO "Locales" VALUES('Turkish','tr');
INSERT INTO "Languages" VALUES('Turkish','English','Turkish');
/*Turkey */INSERT INTO "Flags" VALUES('Turkish', 0, X'89504E470D0A1A0A0000000D4948445200000140000000D50806000000264C29EE00000006624B474400FF00FF00FFA0BDA7930000000774494D4507DB04020A0614AAB3DE2A0000148D49444154789CEDDD77785555BA06F077EF7D4A4E49832474690911A40D8C228622A2A02045C53222A2223694A2229119695751E60E62415014A58C28755051877154BAE0BD5E0B284202A8884020E5E4B49C9CB2EF1F6118184808E1ACB34FB2DEDFF3F88F49BEEF0BC6979DBDF75A4B39686FA083884842AAD10310111985014844D262001291B4188044242D062011498B014844D262001291B4188044242D062011498B014844D262001291B4188044242D062011498B014844D262001291B4188044242D062011498B014844D262001291B4188044242D062011498B014844D262001291B4188044242D062011498B014844D262001291B4188044242D062011498B014844D262001291B4188044242D062011498B014844D262001291B4188044242D062011498B014844D262001291B4188044242D062011498B014844D262001291B4188044242D062011498B014844D262001291B4188044242D062011498B014844D262001291B4188044242D93D103D039280AB4A68D61CECA8429AB15D4061950ED76284E07D4E464284E0714B30911AF0FBACF07DDE345C4550ADDEB43E8978308EDCD47286F1F22252EA3BF13A2B8C3008C33A6D62D61ED95036BCFEE30B7CD8629B33514BBED82EB468E1D47704F3E82DFEE4460E31604B66C47C4C55024B92907ED0D74A3879099E274C036F05A245CDD1BD69E39D09A35894DE37018E5DFEC4460D35694FDFD1304B6EE0074FE28905C188046D03424F4E905FBEDC3601B3C108A2DC1E889103E7808DEB797C3B77C0D427BF38D1E872826188031A465A4C3396634ECC36F81D6A8A1D1E354AAFCCBAFE07963317CCBD700A190D1E31009C3008C01AD5913248E1F03C7C8DBE3E26AAFBA423F1F8467CE2BF02E59063D506EF4384451C70014486BD60449931F87FDB661502C66A3C7A9B1F0E12370BF300FDE056F412F0F1A3D0E51D4300005502C6638C73E88A4DC476BD515DFB984F2F6A1787C2E021B361B3D0A51543000A3CCDAA71752E73C0B53566BA34711C6B7EA3DB872A7227CF888D1A3105D10066094A889894879F139D86FBDC9E8516242F77850923B0DDEB7FE6AF4284435C6008C0273A70EA8BFE43598325B193D4AB5E81E2FF460105014A829C91754CBB77C358AC74E82EEF144693AA2D861005E20E703F72079E63428568BD1A39C143E7214E55F7D8350DEBE8A7FF2F72174E067E85EDF5997C4290E3B14BB1D5AE3463067B58229B3354CD999305FD216E67617038A5265BF50FE7E148EB80FC1EF7689FA9688846000D690926045EA6B2FC13E6C88D1A320525A8AC0679B2A96B86DDA86E08F7BA3565B4D4F83B5677724F4EE01EBD57D606A71D1593F4F2F0BA0F89189F02D5B11B5DE44A231006B404D4C44FD958B61ED7985714384C328FBE706F8DE5D0DFF071F41F79789EFA928B074FB3D1CC36F81ED86415053534EFFB8AEC335E519B89F9F2B7E16A22860009E27AD4106D2D62E83B9637B43FA474A5CF0BCBA10DE058B103E5A60C80C00A0582DB00D1D84C48963616E9B7DDAC73C7317A024772AD71653DC63009E0753CBE648FB60054C2D9BC7BC77B8E0183C2FBF06CF8245F1F5C0415160BBFE5A244E1C074BD7CE27FFB56FC51A14DF3F8E2F4E535C63005693D6A411323E5D17BBDD5A4ED0CB83F0BCFC2A4A67CD81EEF5C5B4F7F9B2DD341829B3669C5CE7EC5BBE1A45A31EE69520C52DED51B3739AD143C43B352909E91FAD8AF96B2E818D5B5078F39DF0AD5A0B04E3FF4A2AB47B0FBC6F2E8562B5C2DAB533CC1DDB4371D811F874A3D1A3119D15AF00CF41B1DB90FED16A582EED12B39EBACF8F92DCA9F02E5C12B39ED176EABB91AE29CFC03DFB65A347223A03CF04A98AA6A1DEA257631A7EA1BDF928E87D5DAD0E3F00087EBB134773FAC1B77C3592A74F9666850CD52EDC12BF0A4913C7C136B07FCCFAF9DE5D85E27193A07BBC31EB2992EEF1A0E89E31086CDD8194E79F4570D70F087EBFDBE8B1884EE2AFC095B0F6BC02E91FAE04342D26FDDC2FCD876BF28C3AFBC020A1EF95489EF14714F41F5A67029E6A3F06E059A8E96968B0FD53680D1B886FA6EB704D9E01F74BF3C5F73298A56B673846DC86E2F1B9468F4204800178264541DADA6548B8BA8FF85EBA8EE20727C0BBF45DF1BDE28429AB352CBFEB08DF8ABF193D0A11EF01FE27FBED37C726FC00B8A6CE942AFC808A4D5515AB156A5A3D448E17193D0E498E4F814FA1A6242365E6D498F472CF7945DA574382BB7E809A9666F418440CC053254D7B126A5A7DE17DFCABDF87EBA9A785F78967A11FF7424B670892B1780FF0044BD7CEC8D8F011A08AFD3B2194B70F477BF48FAFF5BC46D254201C317A0A9214AF004F487E76BAF0F0D3CB02281CF900C3EF14556FB55A39CBE59746750E921303108035A71BAC39DD84F7713D3915C16F770AEF539BE8E1C839779C3E9BFA6FCD879A7C61DBF913310001243E315E788FF2EDFF03CFEB8B85F7A9956AF0F2B7765153A4CEFD8B80614826D207A0A54B27F1AFBD8442152FFFD6D1551E46B1DD38088E7B46183D06D562D20760E2C471C27B78E62F4470E7F7C2FBC82865D60C98B3B38C1E836A29A99F026B0D32D068EFFF012671EF83475C2E1CC9FE3D226EB7B01E326AEAFDF7A1ECC15D3FA0A0F775D0CB02064E44B591D45780F65B6F121A7E00E099F706C34F3073FB76154FF189CE93DC0178FB30A1F5758F179E796F08ED41159CA347C276FDB5468F41B58CB401686EDF0EE60E9708EDE17973092245C5427BD0098A82D4F973A0356964F424548B481B80F6DB04EF50ACEBF02E5824B6079D46AD978A7A0BE709DBC351B19885D425E3481B8009FDAE125A3FB0ED4B840EFC2CB4079DC9DAB33B92A2F8645F4D4F83E39E11487BFF5D245C23F66786624FCAEDB0D4B4FA30B7BB58680FDF3B2B85D6A7CA254D7E0C814D5B11D8B6A3465FAF356904DBE001B00DB91ED62B2E03340DDE854BE0FF707D942725A3491980D6DE39355A7E555D7A5900FED5EF0BAB4FE7A069A8B7F0151CEDDE17911257B5BEC4D4B2396C4306C2366460C52158A7FC7C0477EF41496E6CB649A3D8923200137AF7105ABF7CFB978894960AED4155D32E6A8AD45766A370F8BD957E8E393B0BB6A1D7C3366400CC9D3A9CF573747F198A463E00DDE717352A1948CA00B4F6CA115ABF6CC316A1F5A97A6C43AF8763D49DA71D316AEED401B62103601B7A7DB55690B8264FE3497675987401A8D86D30B56E29B44760F336A1F5A9FA529E9B8E4851112C5D3AC376C320985A36AFF6D7FA3FF8181E3EC9AFD3A45B0A676EDF0E0D767C26ACBEEEF1E250936C201412D6834E5F0A2742F8D7DF70F4F2AB10292E11DA878C25DD6B30E68BC52E9C0FEEFC9EE157DB85C3281AF510C34F02D205A0292B5368FDE0BE0342EB9378A5B3E620B065BBD163500C48770FD0D4A6B5D0FAA13D7942EBCB4EB1DB90D0AFAFB0FA81AD3B50FADC1C61F529BE4817805AE3C642EB87F2F70BAD2F23C5E9846D403FD8860C4042BFBE50EC36217D22252E148D7A08088785D4A7F8235D00AA4E87D0FAE183BF0AAD2F0B3525190903FBC336642012FA5E0925C12ABC67F18313103E7848781F8A1FD205A0E2B00BAD1FF17885D6AFCBD4F434D8065D07DBD081B0F6CA81628EDDE603DE3716C3FFFE4731EB47F141BE00147C05A83300CFCBD9D6DDC61A97BAC98B0118650CC073AB6ADD6DACE9FE32148DB80FBABFCCB019C838D205A09A9828B43EB7BFAF9C9A9A82E49953E1B8F30F468F7292EFEDE508EEDE63F4186410E95682343E922734047F6B98C5103C8778BB022CE8D99F212829E902B051FE37D01A351456FF706667840F8B5DA65597C4CB3DC0829EFDF96BB084A45B0922FA1E9DE87B8C754DF8D06178E62FC4B16B6FC06FAD3BA1F8918928FB7403F46030663398DB6623E5399E2A2723F902D0EB135A5FF47B867559E4D87178DF5C8AE3836FC3E116ED5174DF58F83F5C1F93F37E1DF78E846DF000E17D28BE481780A2DFD3D39A35155A5F169112177C6FAF40E12D23F15BF34B5074F743F0AF5D277463D2D4F973A0356B22AC3EC51FE902307C48EC9BFEA62CB16B8D65A47B3CF0AD5883C2E1F7E2B7E6EDAADCE5F942A829C9424F95A3F8235D0086F6EE135ADFD446EC6E33B2D37D7EF8D7AE1356DF9AD30D49B91384D5A7F8225F00E68B0D4073662BA1F549BCA4491360ED71B9D163500C481780C11FC56E5765EE70494CD7B092009A867A0BE7414D4D317A12124CBA000CED3F004422C2EA2B0E3BCC5D3B0BAB4FE747F7F95178C7BD703F3FF7BC0EAAD79A3646EA7CEE0B58D7491780BACF8F90E05D9B13049F3A47D557923B15FEBFAD83EBA9A771A47D371CBDE21A94CE9A83603536AEB50DBA0ECEFBEE123F241946BA000480B20D9B85D6B75E29F6DC61AA1EFFDA75A71D890900C16F77A274C62C1CEDD21347BBF444E98C59087EBBB3D21AC933A7C17C495BD1A39241A45B0A0700B61B07A1FED2D785D5D703E538DCAA0322252E613D6477AE53E1C2BFFC8AA3DDFB56FBBF4155EB9383BBF7A0A0D7B53C1CBD0E92F20A30B0712BA08BCB7DC56A81EDA621C2EAD33984C3281A35E6BCFE020A1DF819EE17E6A1A0CF401CCEEE8292C7FF88C0E62F8070984BE5EA30290330525884E0AE1F84F670FC6198D0FA54B9D299B311D8B6A3C65F7FB6F5C95A8B8B601BD83F8A53523C90F2576000487EFA29244E1823AE81AEE348C7EE08EDFF495C0F8955F62B7060F3173836709890838D148B197A79EC366920F1A4BC020400DF3BABC43650143846DF25B6079D2652542CF45437865FDD236D0006BFDF8DE077BB84F670DE33026AFD7A427BD009BA5E71AADBA1C3464F42B588B4010800DE652B85D6579C0E38C78C16DA832A785E5F0CFFBABF1B3D06D532D2DE0304002D231D8DF2BE064CE28E4689B85C3872F1A58894960AEB21A353EF010677FD8082DED7C564DF40AA5BA4BE020C171C83FFC3F5427BA8C9C948FAD344A13D64A6FBFC28BAF37E861FD588D4010800EEFF7E51780FE703F7C0DCB1BDF03E322A9934A55ACBDA88CE46FA002CFFFA3B94ADFF546C134D43EA8BB30055FA3FEEA8F2AFF900DE37971A3D06D562FC3F1240690CAE022D977585F3FEBB85F79145F8975F51FCF0E3468F41B51C031040F9175F22B0799BF03EC9CF4C85B97307E17D6A1553CDB69F2FBCFB41445C5C6B4D1746EAA7C0A7B2FCAE2332367E2CFC3C88D0FE9F5090D38F4F85FF455585EECF4854155E019E50FEF577F0BCB1E4DC9F78814CAD5A20F595D9A7ED36222B353D9DE1478662009EA274FA7308171C13DEC776E320A4CC9A21BC4F3C33656721724CFC9F3551551880A788B85C703D199B6D8F9C634623F1B14762D22BDE58BA7442E478A1D163103100FF936FF96A94FDE3B398F44A9E3E198EBB86C7A457BC30B5C984D6B205228545468F42C4003C83AEA368F423081FAE7AC7E1A85014A4CEFD0B121F7D587CAF3860B9B40B121F1A05FFEAF78C1E8508009F0257CA9AD30DE91FAF11FE54F85F3C7317A02477AAD09DAA8D94D0EF2A244D7D12C7AE19CCADE5296E688F9A9DD38C1E221E850F1E821E0A23E1CA9E31E967B9AC2BCCD96D50F6C967401DDB77CE71EF48A4BEF867140E1B119B2B6BA26AE2AFC05570CF7E59F86609A7B2DD34180DB6FCA3CEAC1B561313517FE9EB487DE139948CCF4570F71EA347223A0D03B02A91088AEE7AE082CE97385FA6ACD6C8F8FC433846DD59ABDF153477EE808C2DEB61BB71105C539E816FC51AA347223A03EF0156839A9484F47FBE17F3F361035BB6A364FCA45A75E5A4262521E94F132BD63D9B4C70CF7E19AE29CF183D16D1593100AB496BD208E99FBC0F53F366B16D1C0AC13D77014A9F9D0DDDE38D6DEFF3A128B0DF722392674E81D6B001808A578A8A463D5C671FEC50EDC7003C0FA61617216DDD4A985A368F79EFC8F142B8E72E80F7B5B7E26B1DB1AAC236E83A244D1A0F73A77F6FF4E07B67258A1F7C147AB06E3DD0A1BA8501789EB40619485BBBCCB0071591D25278E62F84F7F5C5863E515512ACB0DD30188913C7C29C9D75DAC7DC2FCD876BF20C5EF951DC6300D6809A9888FA2B16C1DA2BC7B821C261947DBE09BE65ABE05FF73174AF4F7C4F458135A71BECB70D83EDA6C15093924EFFB8AEC3357906DC2FCD173F0B511430006B48B15A90FADA4BB0DF3CD4E851A07BBC28FB6C23029BB721F0F966047FDC1BB5AB2F2D231DD6DE39B0F6CA81B5EF9595DE03D5CB02281EF3187CEF0A3E6F99288A188017C831EA4EA4FCF9BFA024588D1EE5A470C13104BFFA06C1BC7C84F2F62394978FD04FBF40777B1071959E118E8AD309D5E980DA3003E636993065B586292B13E6F66D616E9B7DCE7EA1BDF9281C711F82BB7E10F52D1109C1008C0273C7F6A8BF74014C99AD8C1EA55A74AF0F7A7939A0285053922FA8966FF96A148F7D22BE9F501355820118258AD38994D9CFC071C7AD468F121311B71BAE27A6C0BBE41DA34721AA31066094597BF740CA9C67CF78325A97F856AC81EBC9E9081F396AF4284417840128806231C3F9F0FD489A34018AD361F4385113DC938792F1B9086CDA6AF4284451C10014486BD604499326C03EFC562816B3D1E3D458F8D061B85F9C07EFEB8BA0D7B19D6A486E0CC018D09A3442E2B887E0B8FB0E28769BD1E3545BE8C0CF703F3F17BEBFBECBE0A33A890118436A7A1A12C78C86FD8E5BA1356A68F438952ADFF1BFF02C5804DFAAB5402864F43844C230008DA0AAB0F6EE01C7F09B611B34202EEE1386F6FF04DF8A35F02D5B89D0BE03468F4314130C4083294E076C03FAC1DAA717ACBD7BC46EB7995008E55F7F87C0C62D285BFF29025F7CC9B5BB241D06609C31B5B8A862D959AF2B606E7B314C99ADA27285183E5A80D0DE7C04BFD989B28D5B50BE653B226E77142626AABD1880B580D6B4314C99AD616ED31A6A463A1487A362E95A723214A7038AC58C88C70BDDE783EEF122E22A85EEF620F4CBAF15CBE0F2F6C7D7165A447182014844D2E2992044242D062011498B014844D262001291B4188044242D062011498B014844D262001291B4188044242D062011498B014844D262001291B4188044242D062011498B014844D262001291B4188044242D062011498B014844D262001291B4188044242D062011498B014844D262001291B4188044242D062011498B014844D262001291B4188044242D062011498B014844D262001291B4188044242D062011498B014844D262001291B4188044242D062011498B014844D262001291B4188044242D062011498B014844D262001291B4188044242D062011498B014844D262001291B4188044242D062011498B014844D262001291B4FE1FC3FB5E5C11BE8F9E0000000049454E44AE426082');


/* uk   Ukrainian,            */
INSERT INTO "Locales" VALUES('Ukrainian','uk');
INSERT INTO "Languages" VALUES('Ukrainian','English','Ukrainian');
/*Ukraine */INSERT INTO "Flags" VALUES('Ukrainian', 0, X'89504E470D0A1A0A0000000D4948445200000140000000D50806000000264C29EE00000006624B474400FF00FF00FFA0BDA7930000000774494D4507DA0409062D1DB0583627000002E749444154789CEDD7410DC3401004C1B36552C11220C6640CC6113C1718FBE82A04F36A698EF57DF702083AA707004C1140204B00812C0104B20410C81240204B00812C0104B20410C81240204B00812C0104B20410C81240204B00812C0104B20410C81240204B00812C0104B20410C81240204B00812C0104B20410C81240204B00812C0104B20410C81240204B00812C0104B20410C81240204B00812C0104B20410C81240204B00812C0104B20410C81240204B00812C0104B20410C81240204B00812C0104B20410C81240204B00812C0104B20410C81240204B00812C0104B20410C81240204B00812C0104B20410C81240204B00812C0104B20410C81240204B00812C0104B20410C81240204B00812C0104B20410C81240204B00812C0104B20410C81240204B00812C0104B20410C81240204B00812C0104B20410C81240204B00812C0104B20410C81240204B00812C0104B20410C81240204B00812C0104B20410C81240204B00812C0104B20410C81240204B00812C0104B20410C8BAEECF33BD0160C4B17F6B4F8F0098E002035902086409209025804096000259020864092090258040960002590208640920902580409600025902086409209025804096000259020864092090258040960002590208640920902580409600025902086409209025804096000259020864092090258040960002590208640920902580409600025902086409209025804096000259020864092090258040960002590208640920902580409600025902086409209025804096000259020864092090258040960002590208640920902580409600025902086409209025804096000259020864092090258040960002590208640920902580409600025902086409209025804096000259020864092090258040960002590208640920902580409600025902086409209025804096000259020864092090258040960002590208640920902580409600025902086409209025804096000259020864092090258040960002597FE58407ECB8BF990B0000000049454E44AE426082');


/* ur   Urdu,            */
INSERT INTO "Locales" VALUES('Urdu','ur');
INSERT INTO "Languages" VALUES('Urdu','English','Urdu');
/*India   */INSERT INTO "Flags" VALUES('Urdu', 0, X'89504E470D0A1A0A0000000D49484452000001F40000014D0806000000F6139D3700000006624B474400FF00FF00FFA0BDA7930000200049444154789CEDDD7954D575FEC7F117FB2A20B88B808AE29E26A899BB69B9A6A2255369A96996D5AF1ACD9CA9AC4E663633D5944D6A5ADA629AB8E09AA6489AA9689ABB880A88BB20A0A0ECBF3FEE8FABB77B2F205236DFDFF3718E47F82E9F7B2FE7E88BCFF27D7F1C8A67B52D160000F8AFE678A7DF000000B87D043A00000640A003006000043A00000640A003006000043A00000640A003006000043A00000640A003006000043A00000640A003006000043A00000640A003006000043A00000640A003006000043A00000640A003006000043A00000640A003006000043A00000640A003006000043A00000640A003006000043A00000640A003006000043A00000640A003006000043A00000640A003006000043A00000640A003006000043A00000640A003006000043A00000640A003006000043A00000640A003006000043A00000640A003006000043A00000640A003006000043A00000640A003006000043A00000640A003006000043A00000640A003006000043A00000640A003006000043A00000640A003006000043A00000640A003006000043A00000640A003006000043A00000640A003006000043A00000640A003006000043A00000640A003006000043A00000640A003006000043A00000640A003006000043A00000640A003006000043A00000640A003006000043A00000640A003006000043A00000640A003006000043A00000640A003006000043A00000640A003006000043A00000640A003006000043A00000640A003006000043A00000640A003006000043A00000640A003006000043A00000640A003006000043A00000640A003006000043A00000640A003006000043A00000640A003006000043A00000640A003006000043A00000640A003006000043A00000640A003006000043A00000640A003006000043A00000640A003006000043A00000640A003006000043A00000640A003006000043A00000640A003006000043A000006E0505C5C5C7CA7DF040000B83DF4D001003000021D00000320D001003000021D00000320D001003000021D00000320D001003000021D00000320D001003000021D00000370BED36F00C0ED494FBFAE8484741D3E9CA68484749D3C99A9B4B46BBA7A354FD9D9F9CACECE97247979B9C8CBCB45DEDEAE0A08F050FDFABE0A0BF3579326010A0BF357D5AAEE77F89300B81D043AF05FE6DCB96CC5C6262B3636459B3625EBF8F18C4A693734B4AA7AF40856B76EF5D4A347B06AD6F4AA947601FC31D89C05F82F70E1428EBEFEFAA0BEF9E69076ED3AF787BC6678782D3DFA6873454535538D1A9E7FC86B02A838021DF8932A2A2AD6CA95899A3DFB576DD87052F9F94577E47DB8B838EAFEFBEB6BCC98BB347060233938DC91B701A00C043AF027535050A4458B8EE89D777ED6C18397EEF4DBB1D0B265754D9EDC410F3FDC544E4E243BF06742A0037F12C5C5D2C28587F4DA6B5B6E7B5EDCDBDB45AD5AD59097978BFCFC4C8BDD3232AE2B3B3B5FBFFE7AC1BC50AEA21A35AAAA37DFECACE1C39BDE563B002A0F810EFC091C3A7449CF3CB3419B37A7DCD27D250BD9DAB7AFAD4993629596765D92D4AD5B906263A3244957AEE44992AA5471952475EFBED0FC3A01011E9A31A39BB66F3F53A105763D7A046BE6CC5E6AD224E096EE0350F90874E00EBA7EBD40AFBFBE551F7CB04B797985655EEFE020F5EC19A2BFFCA5997AF60C968F8F9BFCFCDC2449EBD69DD0CB2F6F969B9BB3E6CEEDA3962DAB4B924E9FBE2249AA5BB78A2469DFBE8B1A3366AD72730B34634677DD7F7F7D49524646AE323373F5C30F49FAF6DBC3DAB83149E5F9DFC1D5D5492FBD14A1D75FEF243737A78AFC18005402021DB8438E1DBBAC871E5AAEBD7B2F94FB1E474707E5E6FE55CECEA69A50BFFE7A4177DD55A3D47B0E1D32CDC3376B56ADD4EB6E6E2B3FBF48EEEEFF505151F9FF7B68DBB696162E1CA8468DAA96FB1E0095874A71C01DB070E1218587CF2F33CC5BB4A8AEBE7D1B98BF0F0FAF650E73494A4ACA2CF3B5B2B2F294959557E67537B7E5E2E2A8F0F05AE6EFFBF56BA8E6CD4BFF8560F7EE730A0F9FAFEFBE3B52E66B01A87C149601FE40C5C5D24B2F6DD2FBEFC7977A5D4888AFFEF18FEE1A32244C858545FAFCF3FD4A4FBFA6279F6C6D715D6161B14E9FBE621E4EB7253333B7CCF775FAF41515165AF6C6D7AE7D4873E6EC554080871E7FBCA51C1D1DB47469825E7A69935252B26CB6939595AB871E5AA18913CFE9DD77BBF1881BF00762C81DF883E4E515EA8927D6E89B6F0ED9BDC6D5D5497FFD6B3BBDF862845C5C1CE5E3E3566A9B4949998A8949D473CFB5B57B4D498F79D8B02676AFF9F7BF776BE0C0508584F896FA7A5959B9CACD2DD4BFFE15AF7FFD2BBED479FFC71E6BAEB973FBCAC5858140E08FC0BF34E00F70F56A9E060C882E35CCBDBC5CB467CFE37AFBED2E0A08F0D02FBF9C2FB3DD90105FC5C595BE323E3333B7CC5E7A5C5C4A99612E49BFFC725ED5AB7BEA9D77BA6AF7EE91F2F272B17BED975F1ED4830F46DFF6237200CA8740077E673939F9EADF7F89D6AF3F59EA75D9D9F91673DDC1C1BEFAE187A432DBCFCB2BD4D9B357ED9E2F6B0EFDECD9ABE55A61FFC30F490A0EBE11FA57AFE69719D66BD79ED0C081D1CAC921D481DF1B810EFC8E0A0B8B151515A3B8B85336CFBBBADEF827E8EBEBA6D0D01B2BC4EBD7F7D5B66DA7CBEC5DB76D5B4BD1D10976CF97D5438F8E4E50DBB6B5EC9E2F6963DBB6D3AA5FFF46A0376CE8275FDF1B5302F686D6376D4A5654548CD51C3D80CA45A003BF93E26269DCB8758A8949B479BE6A55776DDC18A52FBEE8A7E79F0FD7E6CD7F51B56A1E16D78C18D14253A6C495FA3A1111B5B56489FD95E56505FA922547141151BBD4D79832254E2346B4B03856BDBAA7366FFE8B9E7BAEADBEF8A29F366C186E7E26FEB7626212F5ECB31B4A7D0D00B78755EEC0EFE4EDB7B769EEDC7D36CFD5AEEDADF5EB1F528B16D5D5A953A0468E6C61F3BA90105F1515491B3726AB67CF609BD74444D4D6962DA93A772E5BB56A596F799A95653FCCCF9DCBD6962DA95ABC7890DD6B366E4C5651916CCEB1B76E5D431F7E789FF9FBB8B847F4C0038B6D4E01FCE73F7B1414E4A3C9933BD87D2D0015470F1DF81DC4C59DD2D4A95B6D9EAB5EDD53B1B1C355BBB677B9DA7AE5950E7AE699F5BA7AD5F63C788D1A9EAA57AF8A962EB53DEC5E5A0F7DE9D204D5AB57C5EEF6A857AFE6E99967D6EB9557CA17C275EB7A2B3676B8AA57B7DDDEDFFFFEA3B66E4D2D575B006E0D810E54B20B1772ECCE19FBFABA69D5AAA10A0B0B507AFAF57255890B0AF2518F1EC19A3CD9FED07B69C3EEA52D8A2B6BB87DF2E438F5E811ACA0209F32DFE7DEBD17949E7E5D6161015AB932529E9ED62BE00B0B8B357C788C2E5DBA56667B006E0D810E54A2E26269C4885576579D47453555BB76A6006DD4A8AA2E5ECCD1AA55C7CB6C77CA947B346FDE3EBBBDDB76ED6AEBC71F4FE9FCF96CAB73F67AE8E7CF67EBC71F4F99DFCF6F6DDD9AAA79F3F669CA947BCA7C7FAB561DD7C58B39E6B2AFEDDBD7B1BB13DBE9D3573472E4EA32DB04706B0874A0127DF5D5417DFFBDFDC7D3E6CDDBAFEBD70BCCDFF7EA15A23367AEE8D34FF794DA6E6060158D1AD54AA346ADD1B56B0556E7C3C36BABB0B058CB971FB33A9795956B731E7DF9F2632A2C2C5678B875A05FBB56A051A3D668D4A8560A0CB45F854E923EFD748FCE9CB9A25EBD42CCC7AE5F2FD0975F1EB07BCF9A35C74B7D261FC0AD23D0814A929191AB8913634BBDA66A55778B5AEC9234766C6B252767E9D557B794BABBD92BAF74D0A95357F4EAAB5BACCE8587D792A3A383962C396A75CE5E0F7DC992A3727474B0A8D95EE2D557B7E8D4A92BA5CE9D17179BAE4B4ECED2D8B19625699D9C1C55B5AABBFD0F235309DCD216EC01B835043A5049FEF6B7389B43DE8181551415D54C0306846AF9F22156812E49D3A675D5A54BD7346AD41AE5E717D96CBF6EDD2A7AF2C9BBF4C107F1DAB9F3ACC5B92A555C1516E6AFCD9B53ACE6A76DCDA15FBA744D9B37A7282CCCDFBC4F7A899D3BCFEA830FE2F5E49377D9AD119F9F5FA451A3D6E8D2A56B9A36ADABD5791717472D5F3E440306842A2AAA99EAD4B15E0078EE5CB6CD5F4E00540C810E548203072E6AD6ACBD36CF7DF2496F7DF3CD00C5C444AA43873A36AF7170903EFEB897D2D3AF69E0C068BB2BDA274FEE205757278D1AB546B9B996D5DDDAB5ABAD8282222D5F7E63B57B7E7E917272F29593936FF18BC2F2E5092A2828B29A3FCFCD2DD4A8516BE4EAEA64F7F1B2AB57F3347060B4D2D3AFE9E38F7BD9DD80E59E7BEA2A262652DF7C33403367F6B679CDCC99BFE8F0E134DB0D00B825043A5009A64DDB6E7355FB8001A11A3020B45C6D38393968E1C281BA7CF9BABA775F68B3B75FA78EB7C68E6DAD83072FE9ADB77EB238573217FEDD773786DD6F1E6ABFF9EB926B7E3B7FFED65B3FE9E0C14B1A3BB6B5CD5EF5F9F3D9EADE7DA12E5FBEAE850B07CAC9A97CDBA90D1AD448FDFA35B43A5E5858AC69D37E2E571B004A47A003B7E9D8B1CB5ABCF8B0D5714F4F17CD98D15D478EA4A9A8A87C654F3D3D5DB47265A4323272D5B1E3573A76ECB2D535932777908787B366CCD861F1D85B496F3B3636596969A661F79BE7A84BBE4E4BBBA6D8D8648B7B24D363673366EC908787B3CDDEF9B16397D5B1E357CAC8C8B5FB589A2D4545C53A72244D33667497BBBB752DAB6FBF3DAC132732CAD51600FB0874E0364D9F6EBB77FEF4D36DD4A489BF1A34F0D3B265095AB932B1D4456F25AA57F7D4DAB5C374E54A9EEEBDF72BEDD871C6E27CAD5A5E1A3FBE8DF2F38BF4C413ABCD43E9AD5A5597ABAB93F2F38BB4628569B5BBAD1EFA8A15C7949F5F24575727B56A555D922CDA1A3FBE8D55C5B91D3BCEE8DE7BBFD2952B795ABB7698DDC231372B2E9656AE4CD4B265096AD0C04FCD9A0568FCF83656D715141469FAF4ED65FF6000948A40076EC3C58B39FAEAAB8356C7DDDC9CF4E28B11924C7B9C4746862938D857A347AFD1B2650965067B686855AD5C19A9DCDC42F5ECF9ADD5B3EA9326B597A7A78BF6EEBD600E43777767B56C690AE89221F59B17C3957C5D72AE65CBEAE61EF3F4E9DBB577EF05797ABA68D2A4F616AFB56AD571F5ECF9AD72730BB57265A4C50632B614174BCB962568F4E8350A0EF6556464985C5D9D24497FFD6B3B9B9BB8CC9F7FC03CAA00A0620874E0367CFBED619B5B8FE6E6165ACD0DB76A555DB3673FA0A347D3D5B1E3975AB1E258A9C1DEBE7D1D2D5B3658F9F9451A3428DAA22E7CCD9A5E7AFA69536FF7EDB7B7E9E0C14B9264AEFAB67163922E5FBE6ED543BF7CF9BA366E4CB2B8F6E0C14B7AFBED6D924CA30A356BDEE89DCF9DBB4F8306452B3FBF48CB960D56FBF6B617F549A6205FB1E2983A76FC52478FA66BF6EC07CC230025A64DFBD9E62AFEBCBC427DFBADF5B40580F223D081DBB06081FDE2299F7FBEDFEA98B3B3A3264FEEA02FBEE8A7193376283CFC8B5287E27BF408D6BC797D555454AC3163D6EA8D376E2C849B38D1D44B2F59995E5858ACF6ED4D219D9F5FA41F7F3C254FCF1B73D69E9ECEFAF1C753E6406DDFDE548CA664C5BCA7A78B264EBCD13B7FE38D9F3466CC5A1515156BDEBCBEEAD1C3F6E6302543EBE1E15F68C68C1DFAE28B7E9A3CB983CDC7F3E6CDB3BD598D247DF9A5F5480780F223D0810A3A74E89276ED3A67F77C6935D2C3C2FCB565CB231A31A285A2A262141131DF6EB03FF24833F3B3DE53A76ED5934FAE536161B16AD4F034F7D277EE3CAB59B3F6AA7FFF50B9B99986B71312D22D6AB00705F92821215D92694AA07FFF50CD9AB5D7FC4CFBD34FB7518D1A9E2A2C2CD6934FAE336F2E336D5A573DF24833ABF75512E41111F3151515A311235A68CB96471416E66FF773DB2B332B99E6E98F1E4DB77B1E40E90874A082162FB6BD194A54942980972E1D5CEAFD8E8E0E7AFEF970EDDB374A3E3EAE1A38305AEDDACDB759DB7DF2E40EE605659F7DF6AB060D8A567676BE264E6C2F1F1FD31EE4EFBF1FAF80000F4546864992121333141C7C63CBD3E0605F25269A56934746862920C043EFBF1F2F49F2F171D3C489ED959D9DAF4183A2F5D967BF4A92C68F6F6373C5FBAA55C7D5AEDD7C0D1C182D1F1F57EDDB374ACF3F1F2E47C7D21F635BBA7488DE7EBB8B860F6F62F3BCBD9F2980B211E840056DDC986C75CCD3D345B366DDAF575EE95066E9D3120D1AF869E3C628CD9A75BF12122E6BC080256AD76E81D6ACB10CF68F3EEAA581034DCFB4972C54F3F070D6ECD9F74B9212132F6BFDFA931A37CE5486F5D8B174B9B939A9562D2FD5AAE5253737271D3B66EA018F1BD75AEBD79F5462A2E9B1B8D9B3EF978787B3C502BC810343F5D147BD2CDEC39A35C7D5AEDD020D18B044090997356BD6FDDAB8314A0D1AF895EBB3FAFBBB6BCA947B346BD603361F61FBE187A472B503C01A810E54407676BE55F95549EADE3DC8AA946A793838E8FF0AC68C569F3E0D141F7F56FDFA2D51870E5F6ADDBA13926E149EE9DE3D489269887AD4A8357AE8A1A6E6DEFBFBEFC7AB4B977A6ADA34C0DC1B0F0AF2310FBD272666A869D30075E952CFDC3B1F3FBE8D1E7AA8A9468D5A637E44AE7BF7208BC231EBD69D50870E5FAA5FBF258A8F3FAB3E7D1AE8E0C1D11A3BB6B5DD4A71A5F1F17153B76E4156C777EC386373F319006523D0810AD8BA35D5E6EAF62E5DEAE9E4C94C25256556A8DDC0C02A5AB36698E6CFEF277F7F77EDD871467DFA7CA78E1DBFD2FAF527E5E9E9A265CB86E89E7BEA4A326DB0F2DE7B3BF4AF7FF5509B3635B561439212132F6BECD8D64A4DCD524E4EBE82837D151CECAB9C9C7CA5A69A3652494CBCAC0D1B92D4A64D4DFDEB5F3DF4DE7B3BCC1BBBDC734F5D2D5B36449E9E2E5ABFFEA43A76FC4A7DFA7CA71D3BCEC8DFDF5DF3E7F7D39A35C3CADC85CD9EA4A44C9D3C99A92E5DEA599DCBCD2DB4BB452C80D211E84005C4C5A5D83CDEAB5788EAD737CD5B7FFEF97EBDF9E64F7AE38D9FB46AD5719BA55CED1931A2850E1E1CA321431A4B927EFEF9B4EEBF7FB13A75FA5A478EA469F3E628F382B82953E2F4D34FA7B568D183F2F676D5BFFFBD5B2346B490BBBBB34E9CC85070B08F82837D74E24486DCDD9D3562440BFDFBDFBBE5EDEDAA458B1ED44F3F9DD6942971924C0BE3366F8ED2912369EAD4E96BDD7FFF62FDFCF36949D290218D75F0E0188D18D1A2DC9FE3FCF96CAD5A755C6FBCF193DE7CF327F3CAFFFAF57DD5BB7788CD7B7EFCF154B9DB077083437171796A5701B8D9830F462B2626D1E2989F9F9BD2D29EB75A18969292A5254B8E2A3AFAA85253AF2822A2B622226A2922A2B6DAB6AD255F5FB7525FEBBBEF8E68C2840DBA702147926927B377DFEDA6FFF99F087DF9E5013DF5D4F7F2F676D5EEDD23B56DDB693DF9E43A9D39F38CC68F5FAF6EDD82CCCFA8376F5E4D9B37A7E83FFFE9AD3A75666ACE9C07D4B1635DB56D3B5F57AFE6E9D34FEFD7638FB5D0071FC4EBE597379B1F6FAB51C3531F7FDC4BC386D95EC85622333357BB779F537CFC59C5C79BFE0E0CACA2C8C8300D1D1A66B1E25E32D5710F08F8D06A6BD741831A69D9B221A5BE16006B043A50014D9ACCB17AC42A24C4572B5746AA458BEA76EE925253AF283AFAA8962C39AA6DDB4EABB8B8586161018A88A8A5F07053D0B76E5D531E1E960BC6D2D2AEE9B9E77ED0C28587CC8FB60D1AD4489F7DD647A74E5DD190214B1510E0A1AD5B1FD5F3CFFFA0CB97AF2B3EFEAC4E9EB41CFA6FD0C04FE1E1B554B5AABB3EFCF03E75EAF495D2D2AE69E9D221AA57AF8AC68C59ABE5CB4D65631D1C4C2BF6FFFDEFFB1410E061D1CEB56B05DABBF7BCE2E3CF69D72E53801F3D9A2607070775EC5857438786293232ACD461F903072EAA7FFF254A4ECEB238DEAC59351D3C38DAEE7D006C23D0815B949F5F242FAF7FDAAC78E6E1E1AC4387C62824C4D7C69D96CE9CB9AAA54B13B464C9116DD9926ADEC0C5D9D9512D5B5637F7E4C3C36BAB458B6A727676D4912369FAF8E35F347FFE015DBD9AA7A0201F2D5AF4A01A37F6D7A38FAE949F9F9B12122E6BF76EFBCFC74BA667E44343FD949191ABAFBE1AA08484743DFCF00AA5A464C9DBDB552347B6D0840977AB499300151414E9C0814BE6E08E8F3FABFDFB2FAAA0C0F4F91D1D1DD4B973A0860E6DA221431ADBDCA5EDB74E9CC8508B16736D2E80737171544ECE4B360BD300B08F40076ED1D1A3E96AD2648EDDF3DF7E3B500F3FDCF496DA3C772E5B4B9726283AFAA8E2E252AC367BF1F47451A74E811A3DBA95060D6AA46BD70AF4F9E7FBF5C927BF28292953EFBEDB4D2347B654A346B3949E7EBD5CAF1910E0AE8484719A3F7FBF5E7E79B342427CF5F4D377EB89275ACAC3C359CB971FD3DCB9FBB4756BAA7272F22DEE75727250D7AE418A8C0CD390218DAD367329CBA24587357C788CDDF3090963D5A851E935E3015822D0815B1417774ADDBA7D63F35CF5EA9E3A7060B46AD4287B37327B2E5CC8D1B265095AB2E4A8366F4E31F7844BD4A8E1A9279E68A5279FBC4BF5EBFB6AEDDA13FAE8A3DD3A70E0A24E9FBE7A4BAF15185845CD9B57D3B3CFB6559F3E0D74F264A6E6CCF9559F7FBECF3C675FC2D9D951DDBA0569E8D0300D1EDCF8B63EE3F9F3D96AD9729E2E5ECCB179FEC71F1F51E7CE81156E1FF8FF8840076ED1EAD5C7D5BFFF12ABE353A776D233CFDCAD6AD53C6CDC5531972E5DD3F2E5095ABA3441070E5C526A6A96790EDDC141EAD9334463C7DEA5264D02D4BAF5E7E5DE77BD84A3A383F6ED1BA543872E69F6EC5FB571639245FB81813E6AD1A29A860C69AC41831A57FA67FBF8E3DD16F5E94BAC5A3554FDFA35ACB4D702FE3F20D0815BF4CD3787F4C8232BAD8EEFDC39A2D4FAED952127275F8989194A4CBC6CF1E7C891749D3D7B6BBDF312B56B7BAB49137F858656FDCD1F3F797ABA54F227B0B473E759B56FBFC0EAF837DF0C50549475FD7800F659D75E0450AAAB57F36C1EF7F62EBB42DCB56B05CACACA556666AEB2B2F2949171DDFC7556D68DBF333373959151725DAEF2F38B54BBB697B9EA5B50908F3A750AD4A38F3657AD5A5E1A366CB9962E4DA8D0E7E9D8B1AE162F7E50E7CE652B292953C9C9995ABBF6B85252B2949292A5B367B3E5E2E2281F1F37F9FABAC9CFCFF4B78F8F9B7C7C5CCD7F9BCEB99BBFF6F171B35AADFF5BF6AAEA5DBD9A6FF33800FB0874E016E5E559AF6E97A4A2A2621D3E9CA6D4D42B4A49C9526AEA15A5A65E515252A6F9FBDF2E2EAB0CDEDEAE7271A9F88AF04D9B92E5EBFB81DD5F546E87A7A78B0203AB2828C8472121BE0A0CAC62FE3E30B08ADD2982DC5CEB2A7C004A47A003B7C8D5D576783A3A3AA869D300356D1A60F7DECAECA10707FB2A24C4F7B67BE83D7A045BF5D04B7AE7BF770FFDF0E1349BC74BB68005507E043A708BEC0DAD97A787EBE1E12C0F0F67D5AC796B8F7995B8790E7DEBD6547DF1C57EF31C7A456DDB765AF7DDF7ADC5FC799F3E0DFF9039F42B576CFFCC2AB2C10DF0FF1D810EDC227BA55A57AF3EA190105F55AF5EF1C7B97EAB3CABDCC78F6FA366CDAAA955AB79155AE5FEC30F0FEBE041D32AF7CF3EFBF50F5BE57EF1628E56AD4AB4798E40076E1DABDC815BC473E83C870EFC1911E8C02DFA33578A6BDC7896D2D2CA5729AE5A350F1D3D3AF64F5929EED8B1B10A0DA5521C702B0874E016151414C9D3D3762D774F4F171D3C38FA8ED6724F4CCC507CFCD9525FBB5DBBDA6AD8F0CED5723F7932532D5ACCB5B9EADFD5D549D9D92F52CB1DB845043A50014D9B7EA623472C57688784F86AF5EAA16AD6AC9ADDFBFEA8DDD6323272B56BD7591D3F9E61D14E68685585879BB66CBDD3BBAD1D3A74497DFB7EC76E6B402521D0810AF86FD90FBD478F20EDDF6FDA0FBD65CB6ADAB4E9CFB51FBABFFF87CACAB2DC0F7DF0E0C65ABA7470A9AF05C01A810E54C0DFFFFEA3DE7EFB67ABE3BB773FAEBBEFAEA9A4A44CC5C6A6E8D429D3AAF4B66D6B2922A2D62D3DAE76EE5CB69E7966BDC5F3E5F7DE1BA87FFEB3BBDAB4A9A9175ED8A84F3ED9232727077DFFFDC30A0AF25178F87C8D1CD94253A7765260E04CEDDC3942F3E71F90248D1CD942EDDA2D506AEA339A3A75ABE6CF3FA05DBB462A25254BF7DFBF488585C57AFAE9367AFFFD9EDAB3E7BC5E7A29563FFD946A7EED21431A6BE6CCDEB7345F7EFE7CB6E2E3CF69F7EE73727090EAD5F351F7EE410A09F1D5AE5DE7141131DFC6CFB6A3DE7AAB73B95F0380098FAD0115D0A54B3D9B81BE614392AA5675978383F4C4132D2BDCFE820507F4C20B1BCD5BA1DE734F5D4D9D7AAF7AF7AEAFCCCC5C75EBB6503FFF7C5A92346D5A57DD7B6F5D75ECF895AE5ECDD373CFB5D582050774FD7A811A34F0330F693768E0A7EBD70BB460C1013DF75C5BCD9CF98B1E7E7885B66D7B54D3A675D5CB2F6FD6279FECD19E3D17B476ED306DDDFA88D6AF3FA9A9537FD2CF3F9FD6D2A509DABC3945EFBFDF532346B428D7E7A859D34BFDFB3754FFFE37365A494ACAD4C99399DAB021C9E63D5DBBD6ABF0CF0DF8FF8C5527400574EA14285757EB6A66717129AA5FDFB75C8BE26C494DBDA2BE7DBFD3C891AB959E7E5DEDDBD7D1DAB5C3B46DDBA3EADDBBBE7272F23578F05273980F1D1AA68913DBEBC5173769CF9EF3EAD52B44A1A155357BF65E0506FAC8D3D345C9C9A6EA6FA632AC3E9A3D7BAF4243ABAA57AF10EDD9735E2FBEB8491327B6D7D0A16192A49F7F3EADC183972A27275FBD7BD7D7B66D8F6AEDDA616ADFBE8ED2D3AF6BE4C8D5EADBF73BA5A65EA9D0670C09F155FDFABE8A8B4BB13AE7E6E6A47BEFE57135A0220874A0023C3D5DD4A1431DABE37171A7ACE684CBA3B8589A3D7BAF9A379FABB56B4F2822A2B656AF1EAAEDDB1FD3030F3490649A738E8A8A516CAC2908DBB7AFA379F3FA6AF1E2C3FACF7FF648925E7821425BB6A4EAF0E1348586FA4992B984AB248586FAE9F0E1346DD992AA175E889024FDE73F7BB478F161CD9BD757EDDB9B3E536C6C8AA2A262CC8FCF3DF040036DDFFE9856AF1EAA8888DA5ABBF6849A379FABD9B3F7AA2293769999B98A8B3B6575FC9E7BEA96592E16806D043A50413D7A045B1DCBC9C9D7534F7DAFB7DEDA661E2E2FCB891319EAD973A1C68DFB5E8D1B57D5CA9543B573E708F5ED6BB91FF8B3CF6E302FC4EBDFBFA1366E1CAE6BD70A3476ECF7924C2BD87BF7AEAF4F3F35857BA346FECACD2DD4B973D93A772E5BB9B9856AD4C85F92F4E9A77BD4BB777DF3B3DE63C77EAF6BD70AB471E370F3F0784C4CA29E7D7683C57BE8DBB7A176EE1CA1952B87AA71E3AA1A37EE7BF5ECB950274E58AEA6B7273DFDBADE7CF3278D1BB74ED7AF17589DEFD9D3FA670AA07C0874A0821E7ED8F6AAEF850B0FEBB5D7B668C890A5A5DE5F5454AC0F3FDCA556ADE6292B2B4F313191DAB973A4C57C7389E9D3B79B7BE163C6DCA5E5CB23E5E5E5A2F7DEDB616C49F24A00001030494441541E1178E18508A5A55D5374F45149A6DE787272A6B98DE4E44C73AF3D3AFAA8D2D2AE997BE95959B97AEFBD1DF2F272D1F2E5911A33E62E49A6DEFBF4E9DBADDE4FFFFE0DB573E748C5C4442A2B2B4FAD5ACDD3871FEE2AB3F4EC90214BF5FAEB5BB568D1119BE76FB5200F801B0874A0829A34095044446DBBE7E3E3CFD93D77F468BA3A77FE5A0B161CD0C28503151F3F52030684CAC1C1FADAAFBF3EA42953E2244953A776D29C390FC8C9C941172EE4E8934F4C21DFAE5D6D8D1BD75AAB56259AB71E6DDCD8DF3CD42E9986DE1B3736F5D073730BB56A55A2C68D6BAD76ED4C9FE1934FF6E8C2851C39393968CE9C0734756A2749D2942971FAFAEB4356EFCBC1411A302054F1F123B570E1402D5870409D3B7FADA347ED6F14B373A7FD82371D3AD451A3465487032A8A40076E4369ABBDC78C696575ACA0A048D3A76FD7E38FAFD6A449EDB56BD7E376835C32ED553E6AD41A393A3AE8B3CFFAE8F5D7EF359F7BEFBD1DCAC9C9979B9B93E6CDEB2B272707EDD8610A4C17174775E9524F39393786B573720AD4A54B3DF3DEE93B769C95939383E6CDEB2B373727E5E4E4EBBDF77698AF7FFDF57BF5D9677DE4E8E8A051A3D668D3A6649BEFB124D877ED7A5C9326B5D7E38FAFD6F4E9DBAD6AD04BD2E8D1D63F93128F3D56BE95F3006C23D081DB307C78539BABDD5D5D9DF4F2CB1D2C8EEDDB775163C7AE535898BFB66D7B4C0F3ED8C86E904BD28E1D673478F032B9B8386AF9F2488B303C7F3EDBDC3BFFDBDF3AAA79735375BA9292AF3D7B86A86A55778BA235BEBE6EAA5AD55D3D7B86585CDBBC7935FDED6F1D25997AE9E7CF679BEF193DBA95962F8F948B8BA3060F5EA61D3BCED87DBF0E0ED2830F36D2B66D8F292CCC5F63C7AED3BE7D172DAE993CB9835C5C6CFFBC860F67B81DB81D043A701BAA55F3D0C891D63DCBBCBC42FDE31F3BCD5F47471F557272A6E6CEEDABC1831B971AE49294987859030644CBCDCDC962A15A8919334CBDF3D6AD6B68F264D32F0ED7AF1768FF7E53800E1B667A04CDC7E7C636A4255F979CDBBFFFA27961DAE4C91DD4BA750DE5E4E46BC68C1BBD74E9C6023C3737270D1810ADC4C4CBA5BE77070753B5B7B973FB2A393953D1D1479597679A0678EFBD9DCACF2FB4BAE789275ACADFDFBDF41F0A805251290EB84DC78F67A84993395643CCEEEECEDABDFB71393A9AE6B37F5B12D69E8B1773D4B1E3572A2A2AD6BA750F59CD2B9F3B97AD060D3E5541419176EE1CA9D6AD6B4832CD4FB76FBF402E2E8E3A7B768202023C74E244861A369CF57FEF739C1A34F0535ADA35D5AEFDB1F2F38BB463C708F31CFADEBD17D4AEDD7C393B3BEAC489A7AC2AC21D3B76590F3CB0588E8E0EDAB6EDD172EFFB5E5454AC848474E5E717AB5DBBF956ABDB9D9D1D95903056F5EB57ECD97D0026F4D081DBD4B0A19FCD15EFD7AF1768D2A45835691250EE30CFC9C9D78001D1F2F373D3B66D8FDA5C24367DFA765DBB56A04993DA9BC35CBAB1E0AC7BF760F3662A3E3E3786DC4BBE0E08F050F7EEC116F74852EBD6353469527B5DBB566073657BA34655B56DDBA3F2F373D38001D136774AB3C5D1D1414D9A0468D2A4589B8FAA3DF24833C21CA804043A5009A64CB9474E4ED6A1BD7AF571AD5871AC5C6D94148EA95AD55DB1B15136EBBE9F3973F5FF0AD054D3ABAFDE6B716ED72E5338970CA94BB29A432F51724DC93D255E7DF55E356F5E4DB367EFD5993357AD5EBF664D2FC5C646A96A55778BC23365898E3EAA75EB4E581D777676D42BAFDC53AE3600948E40072A41B366D5F4F4D377DB3CF7CC331B141515A37EFD96586C7672B3E26269C2840DF2F7F7504C4CA4BCBD5D6D5E377DFA76E5E5159A57A6DF6CE7CEB3727676D4A0418DCDC75C5C1CE5E9E9224F4F17F3EA76491A34A8B19C9D1DAD1E232B59319F975768B3972E49DEDEAE8A898994BFBF87264CD860B752DC4F3FA5AA5FBF258A8A8AD184091B6C5EF3ECB36D1516E66FBB0100B7843974A0926465E52A2C6C8ECE9DCBB67B4DCD9A5E4A4D7D5ACECE96BF4BBFF24A9C9C9D1DF5E69B9DED2E983B7DFA8A424367EB9967EED63FFED1DDE2DC952B79F2F3FB403D7A046BC386872DCED5AEFDB124E9ECD90916C77BF55AA44D9B929591F13FAA52C5F21788BFFE35563367FEA2C4C4B1AA5BD7F69EE6C5C5D26BAF6D51414191DE79A7ABC5B9FCFC220506CE346FF96A4BDDBA5574F8F018ABD7065031F4D0814AE2E3E3A67FFEB347A9D75CBE7CDD6AF1DCECD97B151CECA3B7DEB21FE692F4CE3BDB55AF5E159B5B8BEEDA754E4545C5E60D566EE6EBEB6673CFF5A143C3545454AC5DBBAC0BE0BCF55667D5AB5745EFBC63BB972E9956B3BFF5566705079B367CB9596161912E5F2EBDF4ED3FFFD99D30072A11810E54A2BFFCA599550DF69B8D1EDD4AEEEE37361FD9B0214975EA54D1534FB529B5DDD4D42B9A376F9FE6CDEB6B73F3925DBB4C4562060D6A6475CEC7C7CD62715C8941831AC9C9C9C16A1E5D923C3C9C356F5E5FCD9BB7AFCC5DD59E7AAA8DEAD4A962B11DAABBBB73A94577FAF76F489957A09211E840259B3FBF9F02036D0F53CF9F7FC05C9CE5D8B1CBAA5EDDD366EDF6DF9A36ED678D1AD54A9D3AD9DE5A74E7CEB3EAD2A59ECD8574F67AE8356B7AA94B977A76CBB176EA14A851A35A69DA34EB7DDF7FAB7FFF86AA5EDD53C78E999E51DFB1E38C162E3C6CF3DAA0201F7DF145BF32DB04706B0874A09255ABE6A1850B07DA5CF55EF258DAD1A369F2F777B778ECCC9E94942C6DDA94ACE9D3BBDABD263EFEAC860EB5BD598C8F8FAB4581999B0D1DDAC45C31CE96E9D3BB6AD3A6648B9AF0F6B46E5D43FEFEEE3A7CF892DDC7DA5C5C1CB570E140F36375002A0F810EFC0E3A750AD4DB6F77B179EEE2C51C75EFFEAD4E9FB67E2CCC9677DED9AE99337BDB5DF97EE1428E4E9DBAA221431ADB3C6FAF872E49438634D6A95357EC2E5EF3F676D5CC99BD4B9D4BBFD9A95357D4A3C7B7BA78D1767BD3A77753C78E75CBD516805B43A003BF93975FEEA0F1E36DCF8D9F3D7B555DBB7EADB8B853FAFCF3FD9A306183F6EC396F755D5252A61C1D4BDF273C3EFEAC3A770EB4AAEC56C2DE1CBA24D5AAE5A5CE9D034BEDA5F7EC192C4747D37BF9AD3D7BCE6BC2840DFAFCF3FD8A8D4D51D7AEDFD85DE53F7E7C1BBDF86284DDD701707BAC57D700A8341F7DD44BA74F5F514C4CA2D5B98C8C5CF5EAB5C85CDBFCABAF0E2A31719CAA55BB311CBD60C1014D9B667FA85D2A7DB85D92DDDE79899261F77EFDECCFE54F9BD6551F7EB84BAFBD76A3988D69A461A132334DFBB13B3B3BDADC614D322DC0FBE8A35EA5BE0F00B7871E3AF03B727272D0A2450FAA470FDB3DEC9B372AC9CCCCD5F1E337363E397932531D3BD62D339077EF3EA7C848DBC3ED52E943EE921419D958BB77DBDFBBBDA48D8E1DEBEAE4C91BBDF4E3C733CC612EC96E98F7E811AC458B1EB4B9A60040E521D081DF99BBBBB3626222D5A74F8352AFF3F23255742B919C9CA9FBEE0B29B37D575727D5AEED6DF77C698BE224A9766D6F9B5BC0FED67DF7852839F946A07B783859BC5F5BFAF469A09898C872B50FE0F610E8C01FC0CBCB452B5644EAB1C79ADBBD263B3B5FE1E1F33579729C2E5CC8D6DD77D72CB3DDA4A44C75ED1A54EA3565F5D025A96BD7209B73E4BF75F7DD3575E142B6264DDAAC888805A56ED03272640BAD5811292FAFD2431F40E520D0813F888B8BA3E6CFEFAF8913DBDBBD262FAF50EFBEBB5D11110BF4FDF727555454ACFCFC22CD9EBD57EFBEBB5DE9E996D5D77EF9E57CA9C3ED52E98BE24A444636D62FBF582ECA4B4FBFAE77DFDDAED9B3F72A3FBF484545C55AB5EAB8DAB69DAFF7DEDBA1FC7CDB43EC92697FF5CF3FEF67513F1EC0EF8B4571C01FC8C1419A31A39B22226A69CC9875CACACAB5795D4A4A961E7A68859A360D504888AFD6AE35ED54B674698276EC1861BECEC9C9C16EADF51265F5CE25535D752727CB79F43E7D169B8BCE2C5B96A0E4E42C1D3E9C566A3B7E7E6E9A3BB7AFDD47E800FC7ED89C05B8438E1FCFD0F0E12B6CD652B7C7D1D141D7AFFFD5DCF3FDF5D70BBAEBAED28BD31C3A7449926947B8D2DCDC567E7E91DCDDFFA1A2A2F2FFF7101E5E4B8B170F626F73E00E613C0CB8431A36F4D3D6AD8F6ACA947BCABD68ACB8B8580F3CB05873E6FCAA932733151C7C233CD7AD3BA156ADE6293C7CBEF6EDBB683EFEDB39F45F7FBDA0F0F0F9BAEBAE79167B940707FBEAC4894CCD99F3AB7AF75EA4F2FEAEEFEAEAA4BFFFBDA3B66E7D943007EE207AE8C09FC09123699A306183366E4CBEA5FB1A34F053F7EE41EAD0A18E5E7E79B3798EBD5BB720C5C64649326DAD2AC9BCB359B76EDF282EEE9424C9DFDF5DEFBEDB4D3FFF7C46B1B1C9168FA59547AF5E21FAF8E35E6ADC983DCD813B8D4007FE44BEFDF6B05E7B6D8B7993938AF2F27251CB96D5E5EDEDAAAA55DD2599B66EBD7A354FFBF75F5476B6FDD5E9E51116E6AFB7DEEAAC61C3EC17B401F0C722D0813F99C2C2622D5E7C58EFBCB35DFBF75F2CFB863FD05D77D5D02BAF74D0B0614DE4E848A118E0CF844007FEA48A8BA5952B133577EEAF5ABBF644A98F89FD9E5C5C1CD5B76F438D1EDD4AFDFB87CA811C07FE940874E0BFC0850B395ABCF888162C38A05DBBCEEAF7FE57EBE0204544D4D6638FB5D0F0E14D2DEACB03F87322D081FF32172EE468F3E6146DDA94ACD8D8142524A4574ABB8D1BFBAB478F60F5E811A46EDD8254BDBA67A5B40BE08F41A003FFE532327275F4689A8E1E4DD79123694A4ACAD2A54B39CACECED7D5AB79BA7AD5B400CEDBDB45DEDEAEF2F67655408087EAD7F7555898BF9A340950E3C6FEF2F32BBB000D803F2F021D000003A0B00C00000640A003006000043A00000640A003006000043A00000640A003006000043A00000640A003006000043A00000640A0030060000EFED3DD28FD0A00C07F397AE800001800810E00800110E800001800810E00800110E800001800810E00800110E800001800810E00800110E800001800810E00800110E800001800810E00800110E800001800810E00800110E800001800810E00800110E800001800810E00800110E800001800810E00800110E800001800810E00800110E800001800810E00800110E800001800810E00800110E800001800810E00800110E800001800810E00800110E800001800810E00800110E800001800810E00800110E800001800810E00800110E800001800810E00800110E800001800810E00800110E800001800810E00800110E800001800810E00800110E800001800810E00800110E800001800810E00800110E800001800810E00800110E800001800810E00800110E800001800810E00800110E800001800810E00800110E800001800810E00800110E800001800810E00800110E800001800810E00800110E800001800810E00800110E800001800810E00800110E800001800810E00800110E800001800810E00800110E800001800810E00800110E800001800810E00800110E800001800810E00800110E800001800810E00800110E800001800810E00800110E800001800810E00800110E800001800810E00800110E800001800810E00800110E800001800810E00800110E800001800810E00800110E800001800810E00800110E800001800810E00800110E800001800810E00800110E800001800810E00800110E800001800810E00800110E800001800810E00800110E800001800810E00800110E800001800810E00800110E800001800810E00800110E800001800810E008001FC2F7ED91508B8685FB60000000049454E44AE426082');
/*Pakistan*/INSERT INTO "Flags" VALUES('Urdu', 1, X'89504E470D0A1A0A0000000D49484452000001F40000014D080200000079710A6000000006624B474400FF00FF00FFA0BDA7930000200049444154789CEDDD777C4DF7FFC0F173736FF62645EC19421022D44A8D52B54A8C7E8D5A355A6AB714A55A55A1544BD5D652A3A5F816E9406BD568507BD62E92908410B2737F7FE8B73F2364DC73EEE7DCCF7D3DFF6AD37B3F9FF7A3E5E5F4DC73CF3198CD660556E7D0A484E81100C8CC41F4000000F51177009010710700091177009010710700091177009010710700091177009010710700091177009010710700091177009010710700091177009010710700091177009010710700091177009010710700091177009010710700091177009010710700091177009010710700091177009010710700091177009010710700091177009010710700091177009010710700091177009010710700091177009010710700091177009010710700091177009010710700091177009010710700091177009010710700091177009010710700091177009010710700091177009010710700091177009010710700091177009010710700091177009010710700091177009010710700091177009010710700091177009010710700091177009010710700091177009010710700091177009010710700091177404D9EAEEEA247001485B803AAA854B27C87B0961EAEEE7793EF899E0550144531891E00B06165FD4BBED6BC4387B0561BF66C9EB0647A96394BF444C03F883B9067EE2E6EDD5E6CDFAF75B79080AA6919E903668C5EFACB1AD143018F20EE401E14F32B32A87DAF3E2FBF5AC8C74F5194D85B71EDDEEBF3C7A943A2E7021E47DC815CA957A5D6BB5D07B57CBE8983E19F4FAA2E46FFFDF2E8EE67AF5E103B18902DE20EE4A061D5DAEFF518D62CA4E1C33F3C71E96C8B51DDAEC5C5889A0A7836E20E3CD58B210D3FE83DB26EE590C77EBEEB5854DBB1BD12EFDD153215901BC41DC84670F92A1FBD3EAA659D264FFEA3DF0EED6EF7DEEB495CF2087D23EEC0234A152E3EED8D711DC35A190C8627FFE9CEA37FB41DDBFB7E6AB2F50703F284B803FFF070751FD77DC8E0F0DE6ECEAED9BE60DBE13DADC7F44C4E4DB1F260403E107740511425AC5A9DF923A7562C51EE692FD87FE648F8F8BE941DB682B8C3DEF9791798336C72A7175A3FE335E7AF5F6E3DA6279FA0C2861077D8B536759BCD1D31A568C1C2CF78CD8DDB71CDDFE972F376BCD5A6022C47DC61A77C3CBCE68F9CFAEC03764551EEA726B719D3EB62F4DFD6990A500B71873D6A503574D99859A58B14CFF195833E1BB7FFCC112B8C04A88B5BFEC2EE0CEDF0FAD619DFE5A6EC73FEBB943B82C14671E40E3BE2EDEEB96CECE76DEA36CBCD8BB71FDE3B7CCE448D2702B442DC612F2A97AAB06ED2A280E26573F3E2AB37A3FFF3E1C08CCC0CADA70234C26919D885C6C1F5767CBE369765CF3267F59C32ECC6ED38ADA702B443DC21BF41ED7A6E9EBEB2A0976F2E5F3FEDDBB9DB0EEFD17424406B9C9681CC1C0C0E9F0E7A7F48789FDCBF65F7F1FD13964CD76E24FD33180C460723A7A46C1D47EE9096A3C9F4F5BB33F354F6A4E47BBD2286DB79D7CC66F3DCE153FE7D26096C14FFFD20274F378F9FA7ADE8DE2C3C4FEF1A3D7FF2F9EB97351AC986340AAE3BB9EF68D153C022C41D122AE8E5BB75C6B78D83EBE5E95D7F9C3A347FE30A8D46B22DD1F13746771938B4C3EBA20741FE1177C8A680A74F64C4B2D08AD5F3F4AE94B4D45E11C3B3CC591A4D655BA21362154599317042C7175A899E05F944DC2195029E3EBFCD5C5DBB52705EDFF8E99A0567FE3EAFC548B6E87A5CACA2280E068765633E6F58B5B6E871901FC41DF2F074F3F871EA37D5CA06E6F58DD1F1372256CED162241B159370E3C15FB838396FF8F8EB7CFC2B8570C41D92F07075FF69EA37F93866571465F482C93C13F561D1F137FEFD6B6F77CFC88865250A1515380FF281B843060F4E20D4AB522B1FEF8D3A7D78C5D6F5AA8F64D3A2E3631FFEDB627E4522A72CF3F1F012350FF281B84306F34644B46BF052FEDE3B766184D96C56771E5B179D70E3B19F0495A9B8F2BD398E26F5BFF658A1789989BD46BA3ABBA8BEB29D23EEB079233AF5EBDBAA4BFEDEBBFDF0DEDF0EED56771E093CF840F5312D6A375A3666965A5F6E323A183BBDD07AD7AC756796EDBC1E17C3C36955C7ED0760DB5EAEDD38A2FFD87CBF7DDCA2A92A0E238D5B49892969A92E4ECE8FFDFCD5C66DAEDCB8367AFE644B16F7F1F01AD0A67BDF565DCB152DA528CAFE33471645AEB26441648BB8C3860595A9F8DDFB734DC67CFE32DE7C60E7DE9307D51D490E66B33926E166B6CF3379E7D537A2E3623F5BBB281FCB962E527C58C77EBD5A74F672F3F877A361B3DFE7EB055A20EEB05505BD7C374CFEDAC3D53DDF2B4C59315BC57924139D10FBB487554D1F38FE5A5CCC9A1D9B72BFDA8B210D8784F769F97C93C7CEEAACD8BA9E3F5F3542DC61938C0EC695E3E7E4E651794FB3F7E4C11D47F6A93892641EBE1AF2310E06876FC6CD4AB87BFBD73F7F7FF6222E4ECE3D9A771CD0A67B8D0A414FFED33BF79346CDFFC8D241F114C41D36E9DDAE039B8534B46485D9EB96A8358C94AEC767F399EABF9C4C8E6B3F5C183624FCE88553D9BEA068C1C283C3FBF46AD1B9B0AFDFD3168958F1454CC24D4B07C5531077D89EC6C1F53EE8FDB6252B9CBF7E79CDF648B5E69152CCD38FDC1FF072F3888C5856FFAD76576E5C7BF8E7D5CA068E7C7540E7466D9C1D9D9EF1F6B3572F7CBA66810A83E229883B6C4C014F9FA5633EB3F082BC051B97676665AA359294A29F79E4FE4031BF229111CBC28686DFBA9B68743086377C7948873EF5834273B3FEDB7327A565A45B3C269E8AB8C3C6CC1B1151FC397F4B56484D4F5BF2D3776ACD23AB5C9E30A9523A60D5F82FD7EE881C1CDE27A84CC55C2EBEF9C0CE4D7BB75A301D7246DC614B3ABDD0DAF29BD06EDABB35FECE2D55E691D8B3CFB93FAC79ADB0E6B5C272BF726A7ADAA0CFF2FFD504E412DF5085CD28E4E3F7E5F08F2D5F67E1269EC891B3DCC73DAF3EFB7E118FBBB202E20E9BF1E9A0F70B7AF95AB8C8D59BD1BFFEC9FD0672169798909EA1FEB364AFC7C74E5E3E4BF565F124E20EDBD0A66EB3AE4DDB59BECEB7DB36F0516A6E98CDE698276E1F66B9310BA6707765EB20EEB001AECE2E33DF9AA8CA52EB76FEA8CA3AF6E0C97B435A68D7B1A8E55BD7A9BB269E86B8C306BCDBF5ADB2FE252D5FE7FCF5CBFB4EFE69F93AF6C06030DCBD9FA4E28266B379D4BC8FB8BBB2D570B50CF4AE7491E26F771EA0CA523FECDEACCA3A727B70D7C67EADBBA9F207EABF16FDB8EA8F5387545C10CF46DCA1771FF71DA3D6931C7EF8FD6755D69155C512E58677EAD7A5C92B9EFFBB6BA35A6E27DD796FF13475D7C4B31177E85A9DC01AAF366EA3CA5277EE27ED3BC53999EC3DEDAE8D6A99F8F58C9BB7E3B558194F43DCA16BD3DF1C6F301854596ACB819D5A5CDB67D35C9D5D5E6BD6E18DB6AF0597AFA2DD2E472F9C9AF3DFA5DAAD8F6C1177E8D7CBB51BE7F24625B9F1CBFEED6A2D25015F4FEF7EADBA0E6CD7B364A1625AEF357AFE642E3FB53EE20E9D32180C1FF67947C505B71FDEABE26AB6AB4E608D119DFBBF52FF252793A37576AC5AA6D22FFB7758672FFC8BB843A7DA376811125055ADD5626FC59DBB7649ADD56C515EEFDAA8A2A903C6C5DE8AFB66CB5A2BEF6BE7883B74EADDAE6FA9B8DAEFC7A2545CCDB6F87A7AF76FDD4DF54B1B73CF60302C7A677A4CC28D2D07770919C03E1177E851D39A0D6A55ACA6E2827B4F1C5071355B51A964F9611DFB6A7169635E399A4C6B3E58D06858C7C3E74E889DC47EF00D55E8D1B08E7DD55D30EAF4617517D4BF065543178F9ADEBBC5ABC2CBFE80979BC7FA498B8A162C2C7A107B61E0DBC042383429217A04FDAA5CAAC2B125BFAA7505A4A22866B3D9A74D6575BF4C6F2B4C4653C512654302AAD50BAAD5A06AEDC092E555FC179B0F272FFF1536243CE1EE6D8133D809E22E06717F862F864E1EF84A0F1517BC1473B56CD7BA2A2E68BBBCDD3D432B05D70F0A0D09A85A2FA856014F1FEBCFB0EB58D44BEF744D494BB5FED67685B88B41DC9FC6CBCDE3EA9A031EAEEE2AAEF9DFDF7F099FA0F2791E09181D8C954A960B09A85633A06AFDA0D01A15AA68F4F5D4276DD8B3A5C3847E5CFCAE293E5085BEBCDAB8ADBA655714E5C4A5B3EA2E2887CCACCC1397CE9EB87476D9E6EF1545F174F3A85E2EB07E5068FDA0D0E72BD7F4F32EA0DDD66DEB359B3D74D2C0993C6C4F43C41DFAD2B77557D5D7FCEBEA05D5D794CFDDFB49BF1FDBFFFBB1FD8AA2181D8C41652AD6AD1CD234A44187B0965A6CF7469BD74E5F3E376BDD122D168742DCA12B352A048556ACAEFAB217A3AFA8BEA6DC32B3328F9C3F79E4FCC94DFBB66A14774551660E9A9878EFEED25FD668B4BE9DE35248E848B717C3B55896C731E75B4CC2CD2C7396468B1B0C860523A735AF15A6D1FA768EB8432F8C0EC62E4D5E517DD9E4D414D51F17673F323233E2121372F9E2B48CF4BCAEEF6832AD1AFF6595D201797D2372C46919E845C36AB5FD0B16527DD9E8841B5C126689EB71B1857CFC727CD99DFB49155F6BE8E0E0502BA07ACD80AAF5836AD50BAAE5E6EC9AE31B7D3DBD377FB2AAFEE0572EC55C55635EFC83B8432F3AABF4508EC7F08C080B4527DC085672BEDBFB9415B3636FC5298AB271EF968D7BB728FFFBFE54FDA0D0FA55434302AA3DE3FB53FE050B454EF9A6E190F67CB94945C41DBA607430B66FF0B2162B13770B45C7E77C52EBCCDFE767AE59F8D80F3332331E5C6AB960D30AE5D1EF4FD50F0AF5F5F47EF8C581A5CA47462C6B3AE2D5FBA9C92A0E6FCF883B74E1F9CA350BFBE6FCFFFEF97033D7A78C91ADDCC47DC8ACF1399E704FBC7777EBC15D5B0FEE529EF2FDA93A8135564D98133E9E2F37A983B843175AD46EACD1CA0977F83F7D8BC424C43EFB059BF66ECDEBBD7C9FF1FDA989BD468E5FC2A3B45540DCA10B2FD769A4D1CAF752EE6BB4B29D78F6917B7A46C6A8F9932DDCE2E1EF4F998C44491D5C0A09F1FC0B16AA513E48A3C5535253345AD94E5C8F7FD691FB8C35F34F5F39A7E27619993CC45C1DC41DE2350EAEA7DD7D6893D388BB459E71E47E2D2EE6E3E5B3AD390C728FB843BC86D5EA68B7783247EE96898E8F7DDA1705C62C9C92947CCFCAF32097883BC4D3F491CD7C83C9426919E9D95E7EBEF3E81F2BB6AEB7FE3CC825E20EC17C3DBD35FDF6B9D1C1A8DDE276E2C93333995999C3E74CE40F4E3D23EE10AC4E600D4D1FFC6634F28BDC524F7EA6BAF8C76F0FFD755CC830C8257EDD43B0DA9582355D9F4BEB2C17FD68DCE3EFDC1ABB3042D430C825E20EC1AA97CFF9BE2596707674D2747D7BF0D86D353F5C3A939BC0E81F718760D5CA066ABABE97BBA7A6EBDB839887CEB91FBD70EACB1F96091C06B944DC219287AB7B197F6D9F15EEEDEEA5E9FAF6E0E173EEC3BF98C8BD5F6C02718748554A073818B4FD45E8E341DC2DF5EFD5326B766CDA76788FD861904BC41D2205962AAFF5168FDD5A16F9F0E003D57B29F7DF9E3B49F42CC82DE20E91CAF897D27A8B627E45B4DE427A0F3E509DFEDDBCBF6F5C173D0B728BB843A43245B43DE1AE10773524A7A61CFAEBF8B46FE78A1E047940DC215269EDE35ED0CBD7D5D945EB5DA437E0D3D1DCA5C7B6107788A4F5A5328AA2180C86A2050B6BBD8BF40E9C392A7A04E40D7187304607A37FC14256D8A87CB1D256D805D015E20E610A78F9687D1DE403154B94B3C22E80AE107708E3E7ED6B9D8D024B55B0CE46807E10770853D08BB8035A21EE10C6CFBB807536AA4CDC617F883B84B1DA8D01FCBC0B94F52F699DBD009D20EE10C6C5D17A979F870454B3DA5E801E107708E3E4E868B5BD6A07D6B0DA5E801E107708E364B25EDC432B55B7DA5E801E107708E364C567243D5FB9A6BB8B9BD5B6038423EE10C664345A6D2F2793631DCECCC09E107708939169D507FA34A959DF9ADB016211770893969E66CDED1A05D7B5E6768058C41DC2A45A37EE75026B3CE753D09A3B02021177089396916ECDED8C0EC6976B37B6E68E8040C41DC2A4A6A75A79C7F60D5FB6F28E8028C41DC2DCBA9B68E51D9BD70AE38248D809E20E61E2126F59794757679797425FB0F2A68010C41DC2C4DFB176DC1545E9D62CDCFA9B02D647DC214C5C6282F5376D53F7C5C2BE7ED6DF17B032E20E616EDD4DCC326759795393D1D4B9511B2B6F0A581F718730995999D76EC6587F5FCECCC01E1077887431E66FEB6F5ABB5270DDCA21D6DF17B026E20E912E465F11B2EF80B6DD85EC0B580D7187489762AE0AD9B74B9376C5FC8A08D91AB00EE20E912EC70A382DA3288AA3C9D4BB4567215B03D641DC21D2F18B67446D3DAC533F4F370F51BB035A23EE10E9C4A5B3995956BDABFBBF0A78FAF46DD945C8D68015107788949C9A72EEDA2551BB8FEA32D0D5D945D4EE80A6883B043B76E1B4A8AD0BFBFA71E61DB222EE10ECF84561715714E5FD9E23BC38F30E19117708B6E7C44181BB3FE7537058C7BE0207003442DC21D8DE1307333233040E30BACBA0E2CFF90B1C00D002718760F752EE1FBD704AE000AECE2E63BB0F163800A005E20EF17E3FB65FEC00FD5B77AB57A596D8190075117788B7E7F801B10338181C3E1FFCA1D1C128760C4045C41DE26D3EB043EC697745514202AA0EE793554884B843BCDB4977F69D3C247A0AE5BD1EC34A142A2A7A0A401DC41DBAF073D436D123285E6E1E4B46CD30180CA207015440DCA10B3FE920EE8AA234ADD96044A77EA2A7005440DCA10B47CE9DBC1627E0917B4FFAE8F5D155CB56123D056029E20E5DC832677DB76DA3E8291445519C1D9D16BF33C3D9D149F4208045883BF462CD765DC45D51945A15AB7DF2E678D153001621EED08BA8D387453D75EF496FB5EBD5A37947D15300F947DCA11766B379DDAE9F444FF1FFE60C9B5CB95405D15300F944DCA1238B22579ACD66D153FCC3DDC5EDBBF7E779BB7B8A1E04C80FE20E1D397DE5DC9E13826F45F0B02AA503BE9D30D76434891E04C833E20E7D5914B94AF4088F7829F485F923A78A9E02C833E20E7D59BD7DE3ADBB89A2A77844EF169D8775E0B633B031C41DFA929C9AB2EAB71F444FF1B8E903C7777BB1BDE829803C20EED09D19ABE76566658A9EE2110E0687AFDF9DD9E985D6A207C1FF737174163D82AE1177E8CEC5E8BF7FD8BD59F4148F333A18BF1937AB45ED46A20781A2284AA592E552D253454FA16BC41D7A3473CD42D12364C3C9E4F8ED84B90DABD6163D88BDAB523AC0C589C3F61C1077E8D1EEE3FB0F9C392A7A8A6C78B979FC346D79F35A61A207B15FC1E5AB440C1877F8DC49D183E81D71874EBDFFD574D12364CFCDD975E3C74B3B376A237A107BD4BC56D8AE59EB3EFF7E91E8416C0071874EFD14B56DE7D13F444F913D4793E99BB1B3B8F98C95B5ACD364DDA44551A70F6F3DB84BF42C3680B843BFC62F9E267A84A7723499BE1AFDE9B8EE83450F622F7AB5E8B47ED2623767D7F18B3F113D8B6D20EED0AF5DC7A2F47C8C66301826F519B574CC674E2647D1B3C8CC6434CD1B11B164D4A78E26D34F51DB7475830A3D23EED0B5F14B3ED1CFADC4B2F55AB30EEB3F5AECEBE92D7A1039B939BBAE7CEF8BFEADBB298A9265CE9AB084C3F6DC22EED0B53F4E1DFAFA9735A2A7C8C1CBB51BEF9FF7638D0A41A207914DE922C5B77FF67DC7175A3DF8DB859B561E3C7B4CEC4836C4A0F3C32259393429217A049B51D8D7EFCC37BBBCDC3C440F92838CCC8CF14B3E99BAEA4BD18348A24B9357E68D88F0FCDF7FF7DB49772AF608BB793B5EEC5436842377E85DECADB8A92BE7889E226726A3694ABF314B467DEAE1EA2E7A16DBE668324D7F73C2F271B33D1FFA137DF2F2CF297B9E70E42E0647EE79E2EAEC726CC9AF65FD4B8A1E2457FEBA7AB1DBE4B7F4F9252CFD0B2C55FEEB773F0BAD58FDE11F9EBD7AA1FAEBCD52D3D3444D658B3872870D484E4DE9337584AD1C8854285E66F7EC1F46FDE74D0703BFBFF2C0C1E030A253BF83F37F7EACEC59E6AC9E538651F6BCE2171F6CC3CEA37F2CFA515FCFF17806479329A2FFD83D737EA85EAEB2E8596C43F962A57F9BB97AFA9B139EBC69CCBC0DCBFF387548C854368DD33262705A261FBCDD3D8F7FF55B31BF22A207C9832C73D6A2C855A3E67D74E77E92E85974CAC3D57D529F7706BED2D3D194CDE30CFFBE71BD6A9FA6FCDBCB078EDC613312EFDD1D3E67A2E829F2C6C1E0D0BF75B7430B37B76FD042F42C7AD4B4668303F37F1CDAE1F56CCBAE28CA90D9E3297BFE1077D892EF7744CEDBF88DE829F2AC8C7F89B51F2EDC327D5550998AA267D18B0AC5CBAC99387FCBF45501C5CB3EED35B3D62DD1E19DFD6D05A765C4E0B44CBEB93839EFFB7263B5B281A207C98F8CCC8CF91B577CBC625674FC0DD1B308F39C4FC1F13D860D68DDFD6947EB0F1C3E77A2EEA0B67C8E9A6FC45D0CE26E892AA503A2E646BA3ABB881E249F925353166C5A31EDDB2FED2DF105BD7C0787F719D6B16F8E5F49BB9F9A5CFB8D56272FFF659DC1A444DCC520EE161ADAE1F59983268A9EC222C9A9290B23577EBE76D1C5E8BF45CFA2B9627E454674EEDFAF55D75C7EC36BD06763E76EB0BDF36FBA42DCC520EE965B3C6A46EF169D454F61A9CCACCCF5BB7EFE7CEDE2DDC7F78B9E4513D5CB551ED2E1F5AE4DDB393B3AE5F22D8B2257F59F314AD3A9EC01711783B85BCEC5C979D7ACF5210155450FA28EA8D387176E5AB17AFBA6BB525C1C627430B6ADD76C70789F46C175F3F4C6FD678E840D09E754BBE588BB18C45D15A50A17DF3F2FD2CFBB80E8415493947C6FF5F64D5FFDF4DD9E13076CF4F766E55215BA37EFD0AD69FB12858AE6F5BD718909B506B4BC72E39A1683D91BE22E0671574B8BDA8D364CFECA647CD67517B6E852CCD5EF77467EBF7DD3FE33476CE23769B9A2A5DAD66BDEF5C5F6F9FE7FA9F48C8C56637AE8F9F12CB685B88B41DC55F49F266D578CFBC26030881E44139762AE6ED8B3F997A8ED3B8EECBB9F9A2C7A9C47389A4CF5AAD46AF97CD3D6CFBF1858AABC254B6599B3BA4E7A6BF5F68D6ACD06E22E067157D7F8D7867ED0FB6DD153682B252D75C7917D5B0FEEDC7DFCC0C1B347D33332848C613018AA96A9D4B466832635EBBF50FD79B5EE6F3C766144C42A1BB8B1B30D21EE62107775190C86AFDF9DF95AB30EA207B192E4D494A8D387771FDF7FE4DCC9C3E74F9CBF7639CB9CA5DD76857CFC422B550FAD145C27B0469DC01A3E1E5EEAAEFFD5CFABFB7EF2362D5217711783B8ABCEE8605C3E6EF6AB8DDB881E4480A4E47BC72F9E397BF5C2A598AB5762AF5E8EBD76F566F4F5F8D8BC5E78E3EAEC52FC397FFF02854A162E56DCCF3FA044B94A25CB552C514ED327C47EFBDB86EE93076BFA87937D22EE6210772D389A4CEB272D6E59A789E841F4223935E5C6EDB8EBF1B1F792EF6799CD89F7EE3CF6025727176F0F2F1F772F6F0F4F6F772F6F774F2B4F18B9EFD7F0097D459D62921B711783B86BC4D5D9E5A7A9CBC3AAD5113D0872B6E3C8BE96EFBE969C9A227A103971574848253935257C7CDFA8D387450F821CEC3BF967F884BE945D3BC41DB249B87BBBC9F0CE3F476D173D089EEABFBFFFD27878A75B7713450F2233E20E09DD4F4D6EF75E9F353B36891E04D958BD7DE37F3E7C931B0C688DB8434E6919E9DD270F5EBE659DE841F088A5BFACE93E79485A46BAE841E447DC21ADF48C8C1E53860E9F3391CBECF420CB9C357CCEC4DE53476464726D8C3570B58C185C2D634D1DC25A2E1BF3B9ED3EDC4302F753937B7C3C74DDAE9F440F6247387287FCD6EEFCB1F5989EF1776E891EC44EC52526B47AB70765B732E20EBBB0EDF09EE0BECDF79DFC53F4207667EFC983C17D9BEF38B24FF4207687B8C35E5C8B8B693CBCD3C2C895A207B12353577DF9C2D08ED7E363450F628F38E72E06E7DC051ADAE1F588FE6373FFD437E4434A5AEA3BF326CDF9EF52D183D82FE22E067117AB52C9F2CBC67C5EAB6235D183C8E9F763FB7B460CB587077FEB19A765608F4E5F3957EFAD57C62C9CC22DABD4959E913166E19426233A5376E13872178323779D08AB5667E1DB9F54285E46F4203238F3F7F9FED347ED3A16257A10280A711785B8EB87A3C934A253FF89BD4672163EDF52D2523F58FAE98CD50BF882927E10773188BBDE0497AFB260E434CEC2E743D4E9C3FDA78F3A7AE194E841F008E22E0671D72183C1D031ACD5B437C6952A5C5CF42CB6E152CCD5A1B3276CDCBB45F420C806711783B8EB969BB3EBE0F0DEE3BA0F51EBD1CF52BA7B3FE9E315B367AD5BC20DD9758BB88B41DC75AE5CD15293FA8CEADCB8B583812BCA1E9165CE5AF5EB0F13BEFA84EB61748EB88B41DC6D42A592E53FE83DB263582B83C1207A16F1B2CC598B225745ACFCE252CC55D1B32067C45D0CE26E43EA07854EE839BC594843D1830863369B371FD8F9E1D2997B4F1E143D0B728BB88B41DC6D4EB9A2A50687F7E9DBAA8B9BB3ABE859ACE77E6AF2A2C855B3D62EBE107D45F42CC81BE22E0671B751C5FC8A0C6ADFABD74B9D8B14784EF42CDA8A8EBFF1F52FABE7ACFF9ADB7ED928E22E0671B7690E06877A4121DD9B75E8DE2C5CB203F97B29F7576C5DBF7CCBDA3DC70FF2042B9B46DCC520EE7228E4E3D7A5E92BAF366E5B27B0864D7FE86A369BF79E3CF8DD6F1BBEDDB6E1E6ED78D1E34005C45D0CE22E99D2458AFFA7F12B9D1BB7092E5F45F42C79F3E75FC7566FDBF8DDB68D9763B906462AC45D0CE22E2B3FEF028D83EB350D69D0EAF9A6C5FC8A881E277BD7E26222F7FDFAEBC1DF7F3BB49BA70FCA8AB88B41DCA567329A6A570A6E58AD76FDA0D07A41B50A78FA889D27FECEAD3D270EEC3EB67FD7D1A8A8D38733B332C5CE03AD11773188BB5D31180C954B55A85B25A46AD9C0A03215AB950D2CE8E5ABF5A6718909472F9C3A7EF1CCB10BA7F69DFCF3E4E5BFF8CD6E5788BB18C4DDCEF9172C54A574C5B2FE25CBF8972CE35FA2AC7FA992858BFA7AF8389A4C795D2A3D23E356D2ED2BB1D72F445FBE107DE5E2F52B17A2AF9CBC7C363AFE861693C356107731883BB2E5E1EAEEEBE9EDE3E1E5EBE1EDE4E86450141F0FEF875F703B29D1AC2869E969B792126FDD4DBC9D742729F99EA869A167C45D0CE20E4053DCF10E002444DC014042C41D002444DC014042C41D002444DC014042C41D002444DC014042C41D002444DC014042C41D002444DC014042C41D002444DC014042C41D002444DC014042C41D002444DC014042C41D002444DC014042C41D002444DC014042C41D002444DC014042C41D002444DC014042C41D002444DC014042C41D002444DC014042C41D002444DC014042C41D002444DC014042C41D002444DC014042C41D002444DC014042C41D002444DC014042C41D002444DC014042C41D002444DC014042C41D002444DC014042C41D002444DC014042C41D002444DC014042C41D002444DC014042C41D002444DC014042C41D002444DC014042C41D002444DC014042C41D002444DC8FD71A0C0000001F49444154014042C41D002444DC014042C41D002444DC014042C41D0024F47F53B98030E003F4690000000049454E44AE426082');



/* vi   Vietnamese            */
INSERT INTO "Locales" VALUES('Vietnamese','vi');
INSERT INTO "Languages" VALUES('Vietnamese','English','Vietnamese');
/*Vietnam */INSERT INTO "Flags" VALUES('Vietnamese', 0, X'89504E470D0A1A0A0000000D494844520000032000000215080600000029B09BC200000006624B474400FF00FF00FFA0BDA7930000000774494D4507DB040311381443B9EEA30000200049444154789CEDDD7B90A4E75DD8FB5F5FE6D2D3BD3BABDD9DE939489CC87F08574AAE5894B075644742973DAB4D9DF2AE8465D9180E769C9054A012201C43304E8E395C0DD8AE4A42058A40A2F8E054B05390101C28C7147612478102BB1CC78955605B33B3AB5DEDFD36DD3D33DD9D3F7657D6652F73E979DE7EDFF7F3F9CB9676669F996975F777DEE77D7E9567EFFAE6610000002450CD7A0100004079081000002019010200002423400000806404080000908C000100009211200000403202040000484680000000C9081000002019010200002423400000806404080000908C000100009211200000403202040000484680000000C9081000002019010200002423400000806404080000908C000100009211200000403202040000484680000000C9081000002019010200002423400000806404080000908C000100009211200000403202040000484680000000C9081000002019010200002423400000806404080000908C000100009211200000403202040000484680000000C9081000002019010200002423400000806404080000908C000100009211200000403202040000484680000000C9081000002019010200002423400000806404080000908C000100009211200000403202040000484680000000C9081000002019010200002423400000806404080000908C000100009211200000403202040000484680000000C9081000002019010200002423400000806404080000908C000100009211200000403202040000484680000000C9081000002019010200002423400000806404080000908C000100009211200000403202040000484680000000C9081000002019010200002423400000806404080000908C000100009211200000403202040000484680000000C9081000002019010200002423400000806404080000908C000100009211200000403202040000484680000000C9081000002019010200002423400000806404080000908C000100009211200000403202040000484680000000C908100036AD32398CCAE430EB650090430204804D9BB9BF1733F7F7B25E06003954CF7A0100E44FEBB1958888B8FC99E98C570240DEB80202C0A6546A11CD039D681EE844A596F56A00C81B0102C0A634EEEB466DCF206A7B06D1B8AF9BF57200C8190102C0A6B41EEB5CF77F03C04608100036AE1AD13AF0920039D0F14A02C0A678D90060C31AF7F6A236D77FF1FFD7E6FAD1B8D76958006C9C000160C35A075FBDE5EA7AFF0C006E448000B031956F1CBFFB52ADC756222A19AC07805C1220006CC8F4EB57A3BED07FD53FAF2FF463FAF5AB19AC08803C1220006CC8F5AE7E6CE4DF01C04B09100036E46647EE3A8E17808D122000DCD2D4DDAB3171C7FA0DFFFDC41DEB3175B76D5800DC9A0001E0963672D295D3B000D8080102C02DB50EDDFA1E8F8DFC1900102000DCD4E45D6B31F99A1B6FBF7AF1CFBD663D26EF5A4BB02200F24C80007053AD431BDF5AB5993F0B40390910006EAA7570E35BAB36F3670128270102C00D4DDCB91E53AFDDF8B6AAA9D7AEC5C49DB7DEAE0540790910006E682B03060D2504E06604080037B49501838612027033020480EB9AB87D3DA6B7305C70FAEED598B8DD362C00AE4F8000705DCD839D88CA163EB072F56301E03A040800D7B56B1B5BA9B6F3B100149B0001E055EAF3FD98BEA7B7E58F9FBEA717F5F9FE08570440510810005EA575B0B3BD5788EAD5CF0100AF2040007895510C1434941080EB112000BC4C6DEF201A6FD8FAF6AB6B1A6FE8456DEF60042B02A0480408002FD33AD089A88DE013D5AE7E2E0078090102C0CB8C7292B9A9E800BC920001E045D5D94134EEDFFEF6AB6B1AF7F7A23A6B1B1600DF2040007851EB914E54EAC3917DBE4A7D18AD476CC302E01B0408002FDA89A3731DC70BC04B0910002222A2DA1CC6CC03DD917FDE9907BA516D8EEEAA0A00F9264000888888E6439DA84C8E3E142A93C3683EE42A0800570810002222A27568E74EACDAC9CF0D40BE081000A2D218C6CC83A3DF7E75CDCC83DDA8346CC3024080001011CD07BA51DDC140A83686D1DC81FB4B00C81F010240928181861202102140004AAF32398CE6C33B7F75A2F97077476E7207205F040840C9CDBCB91BD5D6CE4F2BAFB60631F366DBB000CA4E8000945CCA41818612022040004AAC521F46F340BA28681EE844A56E1B164099091080126BDCD78BDAECCE6FBFBAA6363B88C67DBD647F1F00E34780009458EB50FA2D5159FC9D008C0F01025056B588D6A31904C8A39D885AF2BF1680312140004AAA716F2F6AFBFBC9FFDEDAFE7E34EEB50D0BA0AC04084049653918D0504280F21220006554C9F648DCD6C14E4425B3BF1E800C091080129ABE6735EAEDF4DBAFAEA9B7FB317DCF6A667F3F00D911200025340E5BA0C6610D00A42740004A681C26928FC31A00484F800094CCD4EB5663E28EF5AC97111377ACC7D4EB6CC302281B01025032E374E5619CD602401A0204A0645A87C6E7DE8B715A0B00690810801299FC96B598BC33FBED57D74CDEB91E93DFB296F53200484880009448EBB1F1DBF2348E6B0260E70810801219C7A36FC7714D00EC1C010250129377AEC7D4186E779A1AB36D6100EC2C01025012E37CA5619CD706C06809108092688EF1BD16E3BC3600464B800094C0C4EDEB313DC643FFA65FB71A13B7DB860550060204A004F230F02F0F6B0460FB04084009E461E05F1ED608C0F609108082ABB7FB31FDFAF1DD7E75CDF4EB57A3DEEE67BD0C007698000128B8D6C14E3E9EEDABB6610194411E5E9200D8863C1D719BA7B502B0350204A0C06AFBFBD1B8B797F53236AC716F2F6AFB6DC302283201025060AD473B11B5AC57B109B5AB6B06A0B004084081B50EE5EFCD7C1ED70CC0C609108082AACD0EA2715F7EB65F5DD3B8AF17B5D941D6CB006087081080826A1EE844A53ECC7A199B56A90FA379C0551080A21220000595E7236DF3BC76006E4E80001450B53588993777B35EC696CDBCB91BD5966D5800452440000AA8F970372A93F9DB7E754D657218CD87F31B5000DC98000128A0220CF42BC2D700C0AB09108082A93686D17C20FF570F9A0F74A3DAC8EF551C00AE4F800014CCCC83DDA814E08D7BA5318C9907F31F5200BC9C00012898D6A1E26C5D2AD2D702C0150204A0402A93C3683E549C236C9B0F75727D333D00AF2640000A64E6816E549BC579C35E6D0E63A600F7B300F00D0204A0408A38C0AF885F13409909108082A8D487D17AA4786FD65B8F74A2522FCE551D80B213200005D1B8BF17D5D9E24D0FAFCE0EA2717F2FEB650030220204A0208A3CB8AFC85F1B40D908108022A845B40E146FFBD535AD039D885AD6AB0060140408400134DED08BDADEE26DBFBAA6B677108D37D8860550040204A0005A078BBF45A90C5F234019081080BCAB96E3A8DAD6C18E572D8002F0540E9073D3F7F4A23EDFCF7A193BAE3EDF8FE97B6CC302C83B01029073BB1E2BFED58F6BCAF4B50214950001C8B34A44B304DBAFAE691EEC4454B25E0500DB214000726CFAEED598B87D3DEB65243371FB7A4CDFBD9AF53200D80601029063AD126E492AE3D70C5024020420C7CA3821BC8C5F3340910810809C9A7AED5A4CDC599EED57D74CDCB91E53AF5DCB7A19006C910001C8A9320FE62BF3D70E9077020420A75A87CA7B2F4499BF7680BC1320003934F99AF598BCABBCDB9026EF5A8BC9D7946FFB1940110810801C6A1DB205C9F700209F0408400EB54A347CF0467C0F00F2498000E4CCC41DEB3165185F4CDDBD1A1377D886059037020420670CE2FB06DF0B80FC112000396310DF37F85E00E48F0001C891FA423FA65F6FFBD535D3AF5F8DFA423FEB6500B009020420475A0757222A59AF628C540C2504C81B010290234E7E7A35DF13807C1120003951DBDF8FC6B7F5B25EC6D8697C5B2F6AFB6DC302C80B01029013AD031DCFDAD753BDFABD012017BC9401E444EB9037D937E27B03901F9567EFFAE661D68B0046AF528BD8FBFDE763F6FFBEE49EE522A84454770FB25EC5581B5CAC46F816E5DE3022CE7FB415677E69368676D64121091028B8E6A39D68FFCC99A8DDE69D1930DEFA67AB71E27D7BE3F2A71B592F05D841B66041C15DFE7423160F2FC4CA33D3592F05E086569E998EC5C30BE2034A40804009AC9FA8C5D177CFC5E90FDBD2008C97613FE2F48767E3E8BBE762FD442DEBE50009D882052533FDADABB1F0A1D33171C77AD64B014A6E6DB91EC77F785F743F3F99F55280845C018192E97E7E32168FB4E3E22767B25E0A5062173F39138B47DAE2034AC8151028B1DD4F5E8EB9BF7F36AA0D4F03401A834E254EFEE46D71E113CDAC970264C4151028B10B9F68C6D2E30BD1FBB2DF40023BAFF7E5C9587A7C417C40C9091028B9D5AFD563E9A9F938F7F4AE2B07F0038CDA30E2DCD3BB62E9A9F958FD5A3DEBD50019B3050B7851F3DBBBD1FEE0E9A8ED353304188DFE996A9CF8D17D71F9338E0207AE70050478D1E5CF4CC7736F598895CF79A3006CDFCAE7AE3CA7880FE0A50408F032FD93B538FA9EB938F58BB3315CAF64BD1C208786EB9538F58BB371F43D73D13F69B607F072B660013734FD975663E1C3A763E27F373304D898B5C57A1CFFBBFBA2FB45875B00D7E70A087043DD2F4EC6E2E3EDB8F83B668600B776F1776662F1F1B6F8006ECA15106043763F7E39E63E7036AA339E3280971BAC54E2E4076E8B0BBFED785DE0D65C010136E4C26F3763F1F185E87EC96F36816FE87E6932161F5F101FC086091060C3D6BE5E8FE5B7CFC7D95F3733044A6F1871F6D777C5F2DBE763EDEB667B001B670B16B025330F7463E18367A2B6BF9FF55280C4FAA76A71FC47F7C6CA7F74BC2EB079AE80005BB2F21FA7E3B9C36D6F40A064FCB70F6C970001B6AC7FAA1647FFFA5C9CFAE09E18AE99190245365CABC4A90FEE89A37F7D2EFAA7CCF600B64E8000DB338C38FB6BF6814391BD78FFD7AFB9FF0BD83E01028C849370A0989C80078C9A9BD08191DB757825E63F7036AAAD41D64B01B66870A91A2F7CE0B6B8F86F0D220546CB151060E42EFE5BD39021CFBA5F9C8CC5C7DBE203D8110204D8116B8BF5587EC77C9CFDD55D112E84403E0C22CEFEEAAE587EC77CAC2DBAA70BD819B660013B6EE64DDD58F88533519B333304C655FF642D8EBF776FAC7CCEF1BAC0CE720504D8712B9F9B8EE7DEB210973FEB8D0D8CA3CB9FBDF2DFA8F8005270050448A712B1E75D1763FFFF733E2A939E7A206BC3D54A9CFAC5D938F7B4E37581745C0101D219469CFBE7BB62E9A9F958FD9AFDE590A5D5AFD563E9A9F938F7CFC5079096000192EB7D7932969E58880B9F303304B270E113CD587A62217A5F76521D909E2D5840A676FD5F2B31FFFF9D8DEA2E4765C14E1B5CACC60BFFE0B6B8F8BB8ED705B2E30A0890A98BBF3B138B47DAD1FD82DFC4C24EEA7E6132168FB4C50790390102646E6DB91ECBDFD98E33BFBCDBCC1018B541C4995FDE1DCBDFD98EB565F75E01D9B3050B182B33FF4737DABF7026EA6D334360BBD64FD4E2C47BF7C6CA338ED705C6872B20C0585979663A160F2FC4E53F6864BD14C8B5CB7FD088C5C30BE203183BAE8000E3A912B1E7BB2FC5FE1F391795294F53B051C35E254EFDFC9E38F7FFB71CAF0B8C25574080F1348C38F7D1562C3DD98ED53F9FC87A35900BAB7F3E114B4FB6E3DC47C50730BE040830D67A5F9988C5EF68C7F98F9B19023773FEE3CD58FC8E76F4BE22D881F1660B16901BAD432BD1FEA9B351DDEDA82CB86670A11A27DE7F5B5CFA3DC7EB02F9E00A08901B977E6F269E3BBC109D3F9DCA7A2930163A7F3A15CF1D5E101F40AE08102057D68FD5E2E877CDC7995FDA1DE1A45ECAAA1F71E69776C7D1EF9A8FF563B5AC5703B029B66001B9D578632F167EE174D4FF37254279AC3F5F8BE3EFDD179D3F722510C827574080DCEAFCD1542C1E59884BFFC1CC10CAE1D27F68C4E29105F101E49A2B204021CCBEF352CCFD98992114D3B05789933FBB27CE7FAC95F55200B6CD1510A010CE7FAC158B6F6DC7EAB38E20A558569F9D88C5B7B6C50750180204288CD5672762F1C9769CFF97DEA8510CE7FF652B169F14D640B1D882051452EBFFECC4FCCF9C89DAAC9921E44FFF7C355E78DFDEB8F429F73701C5E30A085048973E75F566DD3F76B32EF9D2F9E3AB872B880FA0A004085058EBC76AB1FC3DF371FA1FCDC6D049BD8CB9613FE2F43F9A8DE5EF31DB0328365BB0805268DCDB8B850F9D8EFA3729919119464425EB4514C3FAB15A1CFFE17DD1F91357EC80E27305042885CE9F4CC5734716E2D2EFDBD63232E263242EFD7E239E3BB2203E80D2700504289DD9B75F8AB9F79D8B4AC3D31FD919762A71F267F6C4F97FE5D436A05C5C01014AE7FCBFBA3233A4E7685332D2BB36DB437C0025244080525AFDB389587A6B3BCEFD46EBCABD0C90C230E2DC6FB462E9ADED58FD33010C94932D5840E9351FED44FB67CF446D8F9921EC9CFEB96A9CF8B1BD71F9D3EE4302CACD1510A0F42E7FBA118B6F5988CE7F7513303BA3F35FA762F12D0BE203200408404444AC9FA8C5F2BBE6E3F447CC0C617486FD88D31F998DE577CDC7FA09B33D00226CC1027895E96F5D8D850F9F8E89DBD7B35E0A39B676B41EC7FFEEBEE87E7E32EBA5008C155740005EA1FBF9C9583CD28E8B9F9CC97A29E4D4C54FCEC4E291B6F800B80E5740006E62F7DB2EC7DCFBCF46D5CC103660D0A9C4C99FBA2D2E7CBC99F55200C6962B20003771E1E3CD587AA21DBDFFE1C8546EAEF73F2662E989B6F800B8050102700BAB5F9D88A5B7B5E3DCD3BBCC0CE1D58611E79EDE154B6F6BC7EA57852AC0ADD88205B009CD873AD1FEB93351DB6B660811FD33D538F1F7F6C6E53F74BC2EC046B90202B00997FFF0CACC9095FF329DF552C8D8CA7F99BE32DB437C006C8A0001D8A4F593B538FA57E7E2D4876663B85EC97A3924365CAFC4A90FCDC6D1BF3A17EB27CDF600D82C5BB000B661FA2FADC6C2474EC7C4379B1952066B4BF538FE43FBA2FB45C7EB026C952B2000DBD0FDE2D59921FFCECC90A2BBF8EFAECEF6101F00DBE20A08C088EC7EE272CCFDBF67A33AE369B548062B9538F913B7C585DF72BC2EC028D4B35E0040515CF8AD66F4CF54E39B7EF554D64B61848EFFC0FEB8FC19870E008C8A2D58002334F5BAB5AC97C0884DBD6E35EB2500148A000118A1D6C195AC97C088F999028C960001189189BFB01E537FD11590A299FA8B6B31F1179C7206302A020460445A073B592F811DE2670B303A020460445A876CD5292A3F5B80D11120002350FFA67E4CBB59B9B0A65FB71AF56FEA67BD0C804210200023D03AB81251C97A15EC988A9BD101464580008C40EB31F708149D9F31C0680810806DAACFF5A3F1ADBDAC97C10E6B7C6B2FEA73B661016C970001D8A6E6C18E67D332A85EFD5903B02D5E3201B6C911ADE5E1670DB07D0204601B6AB70D62E68DDDAC974122336FEC46EDB641D6CB00C8350102B00DCD039D885AD6AB2099DAD59F39005B264000B661D7638E662D1B3F7380ED1120005B54DD3D88C69B9C7E55368D37F5A2BADB362C80AD1220005BD47AA41395FA30EB659058A53E8CD623B661016C950001D82283E9CACBCF1E60EB0408C016549BC398F9CB4EBF2AAB99BFDC8D6AD3D52F80AD1020005BD0FCF64E54A6BC012DABCAD4309ADFEE2A08C0560810802D681DF2E6B3EC3C0600B64680006C52657A18337EFB5D7A33DFDE89CAB4AB60009B25400036A9F96037AA0D6F3CCBAEDA1846F341F701016C960001D8A4D64183E8B8C2630160F30408C026542687D17CD86FBDB9A2F970372A93AE86016C860001D884993775A3BACB146CAEA8EE1AC4CC9B0429C0660810804D30808E57F29800D81C0102B04195FA309A8F7AB3C9CB351FED44A56E1B16C0460910800D6ABCB117B53DB65FF172B53D8368BCB197F53200724380006C90C173DC88C706C0C60910808DA846B40E7893C9F5B50E74BCA2026C90A74B800D687C5B2F6AFBFB592F833155DBDF8FC6B7D98605B011020460035A075DFDE0E63C460036468000DC4AC5C46B6EAD757025A292F52A00C69F0001B885E9D7AF467DC1F62B6EAEBED08FE9D7AF66BD0C80B12740006EA1F598AB1F6C8CC70AC0AD0910805B30E99A8DF25801B835010270135377AFC6C41DEB592F839C98B8633DA6EEB60D0BE0660408C04D38D988CDF29801B83901027013AD43F6F4B3391E3300372740006E60F2AEB5987C8DED576CCEE46BD663F2AEB5AC970130B60408C00DB40ED94AC3D678EC00DC980001B801C3076FAC7FB216EBA76A592F636C79EC00DC980001B88E893BD763EAB5B6D15CCFA57F3F135FFF2B0BF1DCA185B8F4EF67B25ECE589A7AED5A4CDC69FB1EC0F5081080EB3050EED5869D4ABCF0E37BE3F91FD817830BD5185CA8C6F33FB02F5EF8F1BD31EC54B25EDED8F11802B83E0102701D06CABD5CEF7F4EC4E213ED38FFF1E6ABFEDDF98F3763F18976F4FEE744062B1B5F1E4300D72740005E61E2F6F598364CEE8A61C4B97FB12B96DED68ED5AFDE383056BF3A114B6F6BC7B97FB12B6298707D636CFAEED598B8DD362C8057122000AFD03CD889B0A328FA67AA71EC6FED8F933FB52786BD5B7F4386BD4A9CFCA93D71EC6FED8FFE192F2F51B9FA5802E065BC4200BCC22E5B6762E599E9583CBC1097FFA0B1E98FBDFC078D583CBC102BCF4CEFC0CAF2C56309E0D50408C04BD4E7FB317D4F2FEB656466D88F38FDA1D938FAEEB9587F61EBC7ECAEBF508BA3EF9E8BD31F9A8D617F840BCC99E97B7A519F2FF13700E03A0408C04BB40E764AFBCCB8B65C8FE5EF6CC7995FD91D3118C1271C449CF995DDB1FC9DED585BAE8FE013E650F5EA630A801795F46516E0FACA3A40EEE2EFCEC4E2E17674BF3039F2CFDDFDC2642C1E6EC7C5DF2DE7CC90B23EA6006E4480005C55DB3B88C61BCAB5FD6AB05289133FB6378EFFD0BE185CDAB99784C1A56A1CFFA17D71E2C7F6C660A55C77F837DED08BDADE515C5202280601027055EB402762EBB73DE44EEFBF4FC6D2130B71E15FBF7AB6C74EB9F0AF9BB1F4C442F4FEFBE8AFB48CADDAD5C71600112140005E549AC9D5C38873FF6C572CBD7D3E56BF96FEDE8CD5AFD563E9EDF371EE9F95676648691E5B001B20400022A23A3B88C6FDC5DF7ED53F538D63DF3B17277F764F0C57B3DB0A355CADC4C99FDD13C7BE77AE1433431AF7F7A23A6B1B1640840001888888D6239DA8D48BFDEBF895FF3C1DCFBD65212E7F767CE6735CFEEC9535ADFCE7F159D34EA8D487D17AC4362C800801021011C53E2A75B85E89533FBF278EFEB5B9E89F1CBF9B5CFA276B71F4AFCDC5A99FDF13C3F5E2DEA05EE4C718C0660810A0F4AACD61CC3CD0CD7A193B626DB11ECB6F9F8FB3FF74D768667BEC9441C4D97FBA2B96DF3E1F6B8BC59C1932F34037AACD625F6503D8080102945EF3A14E54268BF7C6F0E2BF9989C5C7DBD1FD6FF93971AAFBDF2663F1F1765CFC37C59B1952991C46F3215741000408507AAD43C53AA16870B912C77F646F1C7FEFCECEF6D829834BD538FEDE7D71FC47F6C6E072B1B66415EDB106B015F97B650218A14A6318330F1667FB55F74B93B1F8C4425CFCED74B33D76CAC5DF6EC6E2130BD1FD527EAEE0DCCACC83DDA8348A77B50D60330408506ACD07BA512DC21BC261C4D95FDB15CB4FCDC7DAD78B730FC5DAD7EBB1FCD47C9CFDB562CC0CA93686D12CE8FD46001B254080522BC280B8174F91FA60314F911AAE57E2D407C7F714AFCD2AC2630E603B0408505A95C961341FCEF76FA3573E3B1DCF1D69C7CA7F2AF61C8D888895FF74F56B1DA339265BD17CB85BC8430F00364A8000A535F3E66E545BE37C36ED8D0D572B71EAE7F6C4D1EF9D8BFEA9FC5F15D8A8FEA95A1CFDDEB938F573D94E72DF8E6A6B10336FCE77F8026C8700014A2BAF83E1D6BE5E8FA577CCC7D95F2FC67D119B368C38FBEBBB62E91DF9BDDF25AF8F3D80511020402955EAC3681EC8DF9BC00BBFD58CC5C717A257A093A1B6AAF7A5C9587C7C212EFC56FE4EFC6A1EE844A55EC67A041020404935EEEB456D363FDBAF0697AA71FC87F7C5891FDD1B83957C6E3DDA0983954A9CF8D1BD71FC87F335F3A4363B88C67DBDAC97019089FC3C5B038C50EB507EAE7E74BF38198B47DA71F1778A371D7C542EFECE4C2C1E6947F78BF9B93294A7C720C0280910A07C6A11AD4773F0E66F1071F65776C7F23BE6636D299FF73AA4B4B6548FE577CCC7D95FD91D91838B5BAD473B11E5393F00E0450204289DC6BDBDA8EDEF67BD8C9B5A3F598BA3EF998B531F9A2DE46C8F9D325CAFC4A90FCDC6D1F7CCC5FA98CF0CA9EDEF47E35EDBB080F2112040E98CFB20B8CB7FD888C5B72CC4CAE7F23DEF224B2B9F9B8EC5B72CC4E53F6C64BD949B1AF7C722C04E102040B954C6F708D4E16A254EFEF49E38F637F747FF8CA7E7EDEA9FA9C6B1BFB93F4EFEF4F8CE0C691DEC448CE7D200768C5738A054A6EF598D7A7BFCB65FAD7E7522969E9A8F734F9774B6C74E19469C7B7A572C3D351FAB5F9DC87A35AF526FF763FA9ED5AC9701909400014A651CB7BC5CF87833969E6847EFCBF939C1296F7A5F9E8CA527DA71E1E3E33733641C1F93003B498000A5324EDBAF0617AB71FC07F7C5891FDF1B838E7D383B6DD0A9C4891FDF1BC77F705F0C2E8ECFCBDF383D260152189F6760801D36F5BAD598B8633DEB65444444F7F393B178B81D173F69B6476A173F39138B87DBD1FDFC785C719AB8633DA65E671B16501E0204288DD66363F09BE641C4997FB23B96DFD98EB5A3667B6465ED683D96DFD98E33FF643C66868CC56313201101029446D67BEDD74FD462F9DDF371FA23B3311CBFFBE04B67D88F38FD91D9587EF77CAC9FC8766648D68F4D80940408500A53DFB216937766B7FDEAF2A7AFCCF6E83C3395D91AB8BECE33535766867C3ABB99219377AEC7D4B7AC65F6F703A424408052C8EA37CCC35E254EFEC46D71ECFBF647FF9CA7DC71D53F578D63DFB73F4EFEC46D31EC65732080AB2040597835044A218B3DF6AB7F36114B4FB6E3DC6FB4CCF6C88361C4B9DF68C5D293ED58FDB3F43343DC0702948500010A6FF2CEF5984CBCBDE5FC6F3663F1ADEDE87D65FC86DF7173BDAF4CC4E25BDB71FE37D3CE0C99CC789B20402A020428BCD6A1745B5B0617AAF1FCDFDE1F2FBC7F6F0CCDF6C8AD61A7122FBC7F6F3CFFB7F7C7E042BA97CA948F5580AC0810A0F0520D7AEBFCC9543C7778212EFD7E763733335A977EBF11CF1D5E88CE9FA4393CC05042A00C040850684986BCF523CEFCE3DD71F4BBE763FD58B6C7B9327AEBC76A71F4BBE7E3CC3FDE1DB1C3C7278FD3B04C809D22408042DBE9DF28AF3F5F8BE5EF998FD3FFD06C8F221BF6234EFFC3D958FE9EF9587F7E6723D35510A0E8040850683B79B4E9A54F3562F1F04274FED86C8FB2E8FCF1542C1E5E884B9FDAB96D768EE3058A4E800085556FF763FA9ED16FBF1A762B9AF07AC50000070449444154F1C2076E8BE7BF7F7FF4CF7B1A2D9BFEF96A3CFFFDFBE3850FDC16C3EEE80F1A98BE6735EA6D97D380E2F2CA091456EB602762C4EF0F579F9D88C527DB71FE63ADD17E6272E7FCC75AB1F8643B569F1DF151CB15DBB08062132040618D7A2BCBF98FB562F1AD3BF08693DC5A7DF6EACC901107A96D5840910910A0906AFBFBD1B8B73792CFD53FF7922D373DB33D78B961EF255BF2CE8DE665B5716F2F6AFB6DC3028A49800085D47AB4133182C38A3A7F34158B4776F6A6638AE1D2A71AB17864213A7F348243096A571FC30005244080426A1DDADE9BB7178F5D7DD7CE1FBB4A71AC3F5F8BE5778DE658E6ED3E8601C69500010AA7363B88C67D5BDF7EB57EAC1647BF2BCDE0390AE8DA60CAEFDADE60CAC67DBDA8CD0E46B83080F1204080C2691EE844A53EDCD2C75EFABD9978EEF04274FED46C0FB6A7F3A753F1DCE185B8F47B335BFAF84A7D18CD03AE8200C5234080C2D9CA11A6C34E255E78FFDE78FEEFEC8BC1054F8D8CC6E042359EFF3BFBE285F7EF8D6167F30718388E172822AFB240A1545B8398797377531FD3FBCA442C7E473BCEFF6673875645D99DFFCD662C7E473B7A5FD9DC11CE336FEE46B5651B16502C02042894E6C3DDA84C6E70FBD530E2DC475BB1F4643B56FFDC6C0F76D6EA9F4FC4D293ED38F7D156C4061FA295C961341FDE5C50038C3B010214CA4607B8F5CF56E3D8F7ED8F933F69B607E90C7B9538F993B7C5B1EFDB1FFDB31B7B09369410281A01021446B5318CE603B7FE6D71E799A9583CBC10973F6DB607D9B8FCE9462C1E5E88CE33B73EECA0F94037AA8DAD1DAA00308E04085018330F76A37293376AC37EC4E90FCFC6F2BBE763FD84D91E646BFD442D96DF3D1FA73F7CF3992195C630661EB40D0B280E01021446EBD08DB7AAAC2DD763F99DED38F3CBBB23DCD3CBB818449CF9E5DDB1FCCE76AC2DD76FF8C76EF6D806C81B01021442657218CD87AE7F64E9C54FCEC4E29176743F3F997855B031DDCF4FC6E291765CFCE4F56786341FEA6CFC70058031274080429879A01BD5E6CBDFA00D3A9538F1BEBD71FC07F7C5E0A2A73BC6DBE062358EFFE0BE38F1BEBD3178C5CC906A7318331BB8BF09200FBC220385F0CA816DBD2F4FC6D2E30B71E113667B902F173ED18CA5C717A2F7E5975FB1339410280A0102E45EA53E8CD62357DF9C0D23CE3DBD2B969E9A8FD5AFDD784F3D8CB3D5AFD563E9A9F938F7F4AE176786B41EE944A56E1B16907F0204C8BDC6FDBDA8CE0EA27FA61AC7FEC65C9CFCE93D315C35DB837C1BAE56E2E44FEF89637F632EFA67AA519D1D44E3FE5ED6CB02D8360102E45EEBB19558F9DC743CF79685B8FC99E9AC97032375F933571EDB2B9F9B36941028040102E45B25A2FB85A938FA9EB9E89F34DB8362EA9FACC5D1F7CC45F70B53112EEE01395779F6AE6FB6A114000048C2151000002019010200002423400000806404080000908C000100009211200000403202040000484680000000C9081000002019010200002423400000806404080000908C000100009211200000403202040000484680000000C9081000002019010200002423400000806404080000908C000100009211200000403202040000484680000000C9081000002019010200002423400000806404080000908C000100009211200000403202040000484680000000C9081000002019010200002423400000806404080000908C000100009211200000403202040000484680000000C9081000002019010200002423400000806404080000908C000100009211200000403202040000484680000000C9081000002019010200002423400000806404080000908C000100009211200000403202040000484680000000C9081000002019010200002423400000806404080000908C000100009211200000403202040000484680000000C9081000002019010200002423400000806404080000908C000100009211200000403202040000484680000000C9081000002019010200002423400000806404080000908C000100009211200000403202040000484680000000C9081000002019010200002423400000806404080000908C000100009211200000403202040000484680000000C9081000002019010200002423400000806404080000908C000100009211200000403202040000484680000000C9081000002019010200002423400000806404080000908C000100009211200000403202040000484680000000C9081000002019010200002423400000806404080000908C000100009211200000403202040000484680000000C9081000002019010200002423400000806404080000908C000100009211200000403202040000484680000000C9081000002019010200002423400000806404080000908C000100009211200000403202040000484680000000C9081000002019010200002423400000806404080000908C000100009211200000403202040000484680000000C9FC2FB078F81F1D6874B40000000049454E44AE426082');


/* en   UN, other languages            */
INSERT INTO "Locales" VALUES('Other languages','en');
INSERT INTO "Languages" VALUES('Other languages','English','Other languages');
/*Estonia*/INSERT INTO "Flags" VALUES('Other languages', 0, X'89504E470D0A1A0A0000000D494844520000012C000000C8080600000052DFDC55000000017352474200AECE1CE900000006624B474400FF00FF00FFA0BDA793000000097048597300000DD700000DD70142289B780000000774494D4507DC0815100D2BFBABBEE5000020004944415478DAED9D77985C75F9B7EF33677ADFD95EB39B4DEFA437D2082484100CD2412CA8280AAFD84505144510454444C48AF422258412424B21A4F75E37DBEBECCC4EAFE7FD63762773B6A5883F227CEFEBE2027666CFCE9C39E7334F7FA48B1E3CA420100804FF0368C42910080442B0040281400896402010822510080442B0040281400896402010822510080442B0040281400896402010822510080442B0040281400896402010822510080442B0040281400896402010822510080442B0040281400896402010822510080442B0040281400896402010822510080442B0040281400896402010822510080442B0040281400896402010822510080442B0040281102C81402010822510080442B0040281102C81402010822510080442B0040281102C81402010822510080442B0040281102C81402010822510080442B0040281102C81402010822510080442B0040281102C81402010822510080442B0040281102C8140201082251008047DA115A74070BA580C1A2A720C9467EBA9C8319067D76235C858F41ACC060D16BD064982704C21104910892BB40712D47BA3D47962D47B621C6E8EE00EC4C5C91408C1127CB4E86589B1A566265798195F66C66A9039D61AE1586B94834D61D61E8EE38F24F08793F82349168EB283026FECF662D66B30EB35384C32454E3DC5593ACE2935539967201849B2BB3EC4EEBA101B8F05F04792E2640B846009CEE0C2D0484CABB4307B888DD1C5260E3687D97034C08B5B3D347863FDFFB292FA973F925489D08EDA105A59422F4B84A2494A5D7AC694989832D0C28DB372D95D1F62D5411F1B8E0688C415F12108846009FAC766945938D2CE45631CD4B8A3ACD8D3C1FD2B9B08463F1AEB472F4B98F41AA20985665F9CE53BBD2CDFE9C5A8D330BDD2C2BC61766E9C95CB8A3D1D2CDBE1C1134C880F452004EB938C412B31AAD8C48EDA10F1C4A9592A4EB3CC55935C9C3BD8CABA237E7EF2723DB5EDD18FF475B92C5A26959B094492D4B4C7F08513846329210CC792BCBBDFC7BBFB7D1438745C32D6C99FAE2DE383C3019EDDECA6C5776AF12EAD2C31B6C4C4EEBA90B0D23E81C8432EBCE54E711A3E19E8B512974DC8E2A6B979BCBAC34B472871CABFF3EDF3F3D9D710E6BE158D7C70384047F8CC2D9B914526008EB545B96C7C165A59E2D6F3F3185168A2D0A9C31D8CB3A73E8CAF8FBFE18F24D9723CC8CA7D3E4A5D7ABE755E1E06AD86034D61122731F4929D1A75DFE52598F51A0E35474EFA3B82FF1DA48B1E3C24BE86FE974C6259EAD56A9A31C8CA9767E69063D3F2B365F56C3E1E3CE9B1C69498B8655E1EBBEB43FCEB43F74796B5BB7C42163A5922A9C025E31C6C3E1EE4B76F359DF1F1726D5ABE303D9B610546FEB2A695F5470327FD9D49E5166EBFB890565F9CBFAE6DE583C3FE533E97026161093E02265758B019352AF7C8A2D7F0FFCECBE37353B3B11834ACDCDBC14BDB3CFD1EC7A8D3F09559397C669C9307DF6966D90E2FA1D84767868C2C329154E0B9CDEDFC7BAB07599208C592671C070B4693AC3B12E0586B94AFCFC9A53CDBC08E9A60BF9653BD2746AE4DCB981213E70EB652E8D4B1A326442C43A086151A29CF3650EF89898B4B0896E0A3E4821176AE9AECE2B1756DE99F153A74DCF3D9124697A45CB0567F9C5F2C6F50DD94DD2976EAF8E5D2E2D4735F6BA0DEFB9FDDAC168386610546461499185D6262C2000BE794992972EAC8B7EBA8CC3390544051201257FEA3B852B32FCEDBFB7C4CA9B070CD1417BBEB4378FB717B77D785387F841DA32E5537367D9095CDC783E9CC65AB2FCE4F1717128A2539D61A151799102CC147C1D852133FBCB090E736B773A0290CC0A03C03772F2D26D776226FF2DBB79A38D6D6F78D37A5C2C28F1615F0C40637CF6F6E3FA3D84EAE4DCBDCA136AE98E8E20BD3B3B97C828B12971E8749C6A09588C6159C262DB1A4428B2F81DD2853EAD271EE201BD74C7671E9F82C861798C8326B09C592FD0A4E6FC4130A1F1E0D108826F9DE82029A3AE2D4B87B7FCFB184424738C9D4811600EC46997307DBD8591BA2BD33FBA89124BE362B977D0D619A3A4421AB886109FE230A1C3A7E7F5529269D86CFFDED18DE508242878EDF5C5E82C324A79FB7E6909F7BDF6CECF3388B463BB86C42163F7FB59EAAB6D3B3266C46990523ED9C3BD88ACBA265E3B1005B8E0739D212A1A9A3A78576E5C42C648DC4531BDD3D1ECB32CB8C2A3631A6C4C4F83233E198C2FB077DBCB7DF47ABBFA76094B9F48C2C32F1E66E2FDD2FD4CA5C03B72F4E09F96BBBBC7DBEFE9F2E2E644A8525FDFFDE5082EF3E5F4B833786D324F3AF1B2A08C592DCFC5435CD3E215AC2C2129C31DF5D504079B69EBD0D2196EFF46233CADCF3D96272AC272CABAAB62877BFD68024818494CE947571C5C42C2E1869E7B697EA4ECB051C90ADE7FA69D97C7D762EEE609CA737B9F9DB9A56361C0B50D31E25D04765FA79C3EC4C1D6861DD91802A6E55E6D26331C8E458B53CBBA99D57777839D61A61449189AFCFCE6540B681066F8C58526162B99959836D7484134C2A379348D223D6D41E4CF0E1D10037CECEC16192D95517523DAED5486865898D47034CAAB0E034CBE918DEA4720BEFEDF7D1114E32AED444B1534FA153C7AA837E71D19DC5883AACB398A9032D4C1C6006C01D48B930DF9C9B4BA143A7B216EE5C564F24A1306BB09577F7FB54C7B8668A8BAB27BBF8D63335BD5A307DB97D9F9B9ACD981213CB7678F8CAE3AD7D8A1340454E4A68BA6AAA5AFC710E374768EB9675F48612784309CC7A0D469D86702CC9DE86307B1BC23CB6AE8D25639DFCE1EA3224497DFCF70FFAFA0C8C3775C4B86F45130F5C558A56965431BE785261DE101BAB0FF9B96B7903F75F71C22A2D74E8F8C6DC3CEE7DB3317D6E27975B98546E615355405C7C6729625AC359CC25E39CE9FF8EC615CE1D6C65C6206BFA67E158929F2F6F20184DF2938B0AD9DF18EEE1064EAFB4F2F7B5ADDCB6A8807CBBAE7F735B2371F9842C7E7B790935ED51BEFAF8715EDCEAE957AC00928A9216D6AE38D39196084A374BCF1B4A50E4D4B1BB2E9416B72E82D1246B0FFBD9DB10EA71FC39436CDC7759B14AA8BBC8B7EBB86D51017F5FDBCAA4720B8B463B548F1F680CF3E34505F8C2097EBEBC4115F4EF3A9F99498A4BC73BC58527044B70AA745900E5D97A46179BD23FAFF346B97E5A76FAFF0391243F7DA59E4024C9FD5794D0E28BA9AC90D9436C5C31318B3B97D5F3D2360F2F6CF170F7D2A23E45AB244BCFFD579430ACD0C8ADCFD5F2FCE676A2A798D13BDE1665EDE15373A5FA2B21A86D8FF2E397EA39DA12E9F198DD24F3AB4B8BB119659558DDBDB48817B67878699B873B97D573F9842CE60CB59D386F9E186DFE04BFBDBCA4F39CD511C87053AF9F964DBDF7444C6F74B18932975EF559088460097A41AF95B860A41D8089E516D5634EA39CB6303CA104B72FAB677C999907AF2A25C7AAE5E98DED2A17ED8699D9DCFE4A7DDA0D7C63B7B74FD19A39C8CAAF2E2DE695ED1EEE5ADE405BE7EF74C57CFE1B5C38CAD1ABC5144F2A7C70A477F1CBB1A6EAAAB41A4925566FEC4E05DC5BFD717EF66A3D5F393787C17986F4EF3DBDC94DAE4DCB83579532AED4CC1DCBEAD35D00C54E1D3683FA7D4EEA3CF70B46DAD1CB92B830CF2244D0FD2CE2FA69D9F8C2490E3485B9668A8B828C1B3AA9A4624BB5ED511E5DDDC6D767E7306390155923F1D07B2DECA94FB95216BD86BB3E53CCDFD6B6B1BB5EED5E1D6E8E104BC0CDF372D9702C482092E4AA492E968C73F0F3E50D6CAF513F3F1CEBDFC2D2CA12430B8C4CA9B0B070948385A3EC2C1EE36462B985610546660CB23273B0951145460A1D7A643915284F2A29F770E6201BBE70B2471B50AB3FC18C4156CCFA9EDFA7E70EB6E20D27F9C6DC5C955875E10925A8F7C4B8795E1EEFECF3114B2884A2A9F289E9955646179B185168E4CFAB5B199467C46694D3E736F35CBF7FC04765AE91C915961EE745F0F12182EE67092E8B968BC738F9C56B0D402A659FE9D60C2B30F2F6BE0E0E3645F8FEC2FCF437FF0787FDBCBDAF23FDDC9BCFCB63E3B100EBFAB052BA6EF0BB9716B1AB2E4469969EEFBD50D7675F5F7774B2C48C4156A60DB430AED44C4D7B9463AD110E374768F1C7F085939CDB19675B75C887CD20936FD751E6D23367A895922C3DBBEB43AC3EE067F94E0F430B8CB8031A6209852B2765F1CCA6769A3A62FD16BFDE382B873FAF6EED21565DAC3F1AE09C323337CFCB4B977AACD8D3C1C40116A6555A28C9D2F3FD8505FC65752BC30A8CCC1B66A3C11B4B5B7C033BCF7D9D27CA17A617F2F2360F9E90981A21044B9066F118077AAD447B308149AF51C56AF4B2C4036F3751E0D071D39CDC0C4B24CE43EFB5A4FF7F46A59562A78EDFACE8BF6FEF8DDD5E660EB2326F989D6F3E557D4A62E530C95C32CEC90523EC1C6C0AB3FAA09F87DE6BE9F577C774C6DE0E35F58C4599F5A992823943AD7C65560E6FEDED60804BCFB832332F6EF570CBBC3CEE5FD9C496E341168F71F4FA5A124985F547FA8F99FD6D6D2BF75F51CAFCE1F6B4A03FF86E3383F3532EB45E96F8C6DC5C9EDEE8E6776F37F1B98CF86096594E7F167AADC4E2B10E9E58EF1617A9886109BA6257177566B7F45A896C8BFA7BE4C3237E06E71BB97AB22BFD337720CE6D2F9DB08C6C4699AFCECAE1F7EF34134F2A27753D8D3A89BFAE69E58E8B0BFBCD1EEA6589AB26B978E4BA328C3A89EF3C5FCBCF9737F0FE41DF295B659904A349561DF4F1B3571BB8F5D91A0C5A892FCDCCC1134CD01E8C3330C7C055935CEC6B08F1FD7FD7F2E57F1DEF51C92E6B24EEBEB4184D3FE1A5685CE1376F3572FD34171643EA32F78513FCE4E57AD58CADAB27BB18926FE4C36E029867D3A1EBB462178F71A2D78A5896102C0100130698D337559659469BF1A9B4071344128ACADA680F26F8F1CBF5AA8CDBE7A6BA78FFA08FC3CD917EFFD6F923EC4CAEB0F0B3E50D2CDBD17FF67078A19107AF2E6578A191EF3E5FCBA3AB5B7BAD6C3F539A7D711E5DDDCA379EAAC6ACD7F0F32545BCBEDBCB15935223727CE1248DDE18AB0FF5B4A60A1D3AFEF1C572ECFD64F2AA5AA3AC3F1AE073534F584FB5ED517EFC729D4AB4168F71108E29E9761D00AD26F55900580D1AC69799C5852A044B00306DA035C31D515B575A4D6A5C4B177BEA43FCE8A53AE48C4FAED8A9635AA5956737B5F7FB772A720C7C6EAA8B5FBCD690CE92F5963D9448D523FDF8A242FEBEB68D3B96D553F75F9C6850EF8971EF9B8DFC654D2B574DCA229150B0E8352C186127DFAEE3B23E6AA3B22D5ABE3C33A7DF633FBEDECDCCC1D6745C0A52FD833F7CA98E7D0D27EAD6AE9898A5FAA2E88A2B76D1D58F281082F5E9FE00A4D4D898B4605964A21901E7AE58562CA1F0E40637BF78AD911B67E5D0E83D51457EFDF46C9EDFDCDEEFF8168356E2070BF37964552B8DDDDA733245ABD0A1E396F3F2983FDCCEF79EAF65E3FF61D5F78663017EF2727D4A3101AB51C3DD4B8B58B6B3EF6184F386D9F8D28CEC3E8FE90B277866A39BEBA69E70A71BBC316E9C95C3CF5F6DE0A90DEEF44CACCCB86124AEA42D2C48358E4BC22B1482F569A7384B8FD570E263D0C992CA358154F0FAE6A76B7865BB879F5C544093379EAE142F73E9199C67EC3363D6C5B553B2D9D710EE377BF8D2360F7FBAB68C1C9B36DD1CDC17238B8DFF95B84EB53BCA2D4FD7108C26993FDCCE9EFA30CB777A7964754B9FCDDD978ECFE2F289597D1E73C59E0E06E51AD205A1E15892E68E383FBEA88097B77BB8F9991A0E7573A5DB8309B419355836A34CB1532F2E5821589F6E06E6187AFC2C144DA65B4896EDF0F0DD176A09C592FC726931238B4CBCB5F74419C392B14EDED8E5EDB70CA032D7C0EC2156FEB6B6B5CFE748C0B00223B5ED318A1C3A95B5D11B7BEAC2AA4A78B35EC3884223B387D818926F64487EAA86A922C780457F7A9759524905E7A3718512A70E25A9B0FAA09F3587FCAC3F1AE8D1F203A9091145CEDE9307B184C2AB3BBC5C96E15ABFB5B78351C5267EB9B4986034C9F79EAF65F9CE94E847E34A8FD6218081B942B084607DDA05AB8F9B209E5478614B3B8FAE6E6578A19107AE2C65709E81A32D110E76CEC4B218344CABB4B02243C07AE30B33B279ECC3B67EF7FE5D33C5459645CBB79EAB39691B4F3A8664D572D52417BFBBB2947F7CB19C2FCEC86152B9996CAB4CB655E68211766E9D9FC7DFBF50CE3D9716F399714ED59489DEE8AA607F76533BD7FDED18F90E1DF75D5E8224C1C251767EF35613DF7EBE86466F4C356EC6A8D3F0EDF3F3FBCC1CBEBEDBCBA47273FAEF1F680C53D51A65709E8107AE2C6558A1914756B5F0E2560FB13EB2AC99B571828F0751E9FE31B3709423EDAA006CAB0EB1BB3EC4940A0BBF7DAB89A5E39D7CFBFCFC74D5F723AB5BD369FE8BC73A084492FD8E44195B6262E6201B0FBFDFD2F7734A4D5C3D399B9FBC5C4F3896ECB5223E139745CB5767E570C3B9393476C478699B873FAF6AE1ADBD1DAC3B12C06E94A96D8FF1C8AA16DED8DDC1CBDB3DB4FAE38C2832F29559B9E4D9741C6D8DF618CBDCBDDD269650D8723CC865135C18B4122BF7FA98516965535590653BBC0422492664345DE758B5B803895E33A5B18442BE5D479E4DC7DECE60BB2F9260E6202B269D86B9436D84630ACF6C7633A5C2C25B7B3B18576A4E2FD40068F3277A9D0D2F1016D6A786EE7D6CB18482468287DF6FE6EB7372F9D28C1CE44EB3E1586B84751937CCF9C3EDBCB6B3FFD8D515935C3CB5D1DDAB1BD5E5CADD3A3F9FFB5736A9EAAAFAEA3D5C3CC6C11FAE2EC51D48F0E5C78EF3E8EA56F63584E9AFF42B9E50D85A1DE48FEFB5F0F527AA89C4933C747529178E72F429565D44E20AF7BED9C8DCA1364A5D7A74B24479B63EED2EBFB0E5446634144BF2FE415F9FAFE3FD833E66673446AF3DECA7AA7334B2AC91F8F2B9397C6D762E7F7CB719AD46EA91C4B01AC5ED2204EB534EF79B20104DF5DA4DA9B0AA6E68802737B8D36E50A1438751A7E9112CCEA4CCA5A7D0A1EB77CBCC75535DAC3F1A60775DCF7EB94CD12AC9D273EBFC7CE60FB7F3EDE76A797C7D5BAF719E93E10B27F8C7076D7CE7F95A2E1C65E75BF3F328C9D2F72A56E79499F9CAB9397C70D8CF7177945F7C26D54E74EEE013A2F3D8BA36B61C0F72A8394228AA50E4E8DB8DDD571FC6ACD7A42D5A45812737B6A99E73D16807132B2CC4930AFE7037C13288E90D42B03E6594B9F418751A9585A312AC4892F26C3DD74C71A97EBEA73EC4860CE1399541738B463B786B4F07893ECC9F42878E7307DB78FCC3B63E8FF1C66E2FCB767879F8DA32CC7A0DDF7FA1F623291E6DEC88F1D4463776A3CC9FAE2DE395ED5E955849125C3BC5C581C630D9162DAFEDEC20914C355CBFB6CB9B2EB455803B96D573EBB3A92C6A7791CF4401D61EF23373F089BAB7F547026917312DE2535C94B9F404A2EA6CAD21232B6AD46954AEBC4008D627923125265536ABBB95E28F24B97E7AB62A781C4B28FCE1DD16559079EA400B9BAAFADE3DA8D548CC1E6265C59EBE5DC6AB26B978799B47351FAA3786E61B39D8146660AE9E2C4BFF41F3AECA739D2CA55D59488DAA2970E8A8C831F0D9F1590C2F3431BDD2CA84016682D124574ECA528D9BB11B6542D124ADFE384945E16BB373306825EEBFBC847CBB961995D61E7F7BD5411FD32A2D68FBE9D9D95E134CF73A7689D843EF36ABB2ACB246E2F3D3B37BC4EE329F53ECD4312AE3380221589F4846179B28CD3AF1CDDC234E62D0306980BAAAFAD94DEDAAB5F126BD86CADCD46EBEBE185164A4C61DEB51D395161093CCA47273BFCB1B003E33CE499E5DCB0F5FAC3B69F67060AE21FD7E1249856C8B4C9645CBA2D10E24051ABD31AADD515A7C711249859145465ED8E2E181B79B88C4152E19E7C469922972EA18986360ED613F1B8E06F08593FCE8A53ADE3FE0432B4B1439F42A2BA98B567F9CDAF628E7F4D346B3B7214C65AE4135E7AADA1D55C5C220352E39D3128654B9491725597A461619C505FD7F8C98D6F07F4CB6554B458E9E5507BB6256C91E82965951BDBF31CC87DD625015397A6ADAA3AA8AF8EE9CCC653C7F849DB587FDFDC6A18A9C3A3E3B218B5B9FAD21915054A3696E7BA95EE51A2E1EE3C0A4D3B0648C8309E566B41A0D454E3D89A4C2F801665EDFE54592E0271715108A294CA9B070B42542B32FC61767E4F0ABD71BF8D5A5256865587B28C0CEBA10899A13EFAFD11BE381779A195B6A66E1283BDBFA10EB0F8F06185F66EEF3BD876349AADAA20C2D30AA96567C7038C0C4011606E71BD22EE9D812B50515CC38570373F5E4DA74E2821616D6271BAB41A372259A3376E1C5128AAAE72D104972DF8A26968C55C765CAB30D1C6BEDBFC97952B9B95FC19A3DD4C6CA7EEAB72C060DDF9C9BC79A437E7E7379097FFEDC0046159B7A640F658DC4CDF3F2F8DAEC5C3E3F3D9B24F0FAAE0E6C460DE70DB771C1483B4EB3CC4D7372D35B6C660DB662D04A0C2F3472F3BC3C9EDFD28EA6332BB770A4835F7CA6885BE7E7F5784DF184C2E3EBDB28CFD173B029D2EBC4D2DD75A1F462D9BE38D018666881DA3A5A32CEC13D6F36AABE4006E61A546E60664BD3C82293AA43412004EB138951A76148BE91619D374CE6FC727F24991EEDAB00BF7FA799702CC979C36CDD044BDFEFA662935E83CBA2E5781FFB0773AC5A9C26B9CFC90EE5397AEEBFA294312526968C759063D552E4D471F7D262BE38239B2C8BCCFEC608BFBBB28447AE2B63FEF013AF2F104E327B88B5473CED8211761EFF5205E34A7ABA6B0B46DAF9E94585B82C27B2707386DAB86A920BBB496652B9252D302BF774104F28CC1962A5B197E0FFD1960839566DBF95FAB59E688FAAF879436D8463491E7CBB391D2B1C946750C5B18EB6A4CEE788C25425BF49276E1F21589F7082D1241A096E9E97874682A3199692D324A703D52F6E6D67DD113F178CB4D3DD692BCF3650D58F8535C0A5A7DA1DA52F87715CA999ADD5C11E8FEBB512A38A4D5C30C24E81BD67B44023C167C76771CD6417B38758B177CE99CF0CAECB32FC69558B6A1202A4B27B56A3A6D706E26105C65EE7C75F3BC5C592B10EEEB8B8903B2F2E44EA74A9039124E34ACDBDB6FC2415A86A8D3020BBEF0C5E6D7B8CE26E8225CB2951FDE0889F97B67AD2429BB988E2586B048D04DFECFCEC4EB64D48206258FFF3B4071394B9524B4A670FB1F1C1613F91B882412BA56FE63DF5211E5BD786CD2873E9394E22DDE24C2559BA7EB7CF0CCC35A40B227B63509E21DDDE9329460F5E554A49D699A5EAA3098515BB3B7876533BDE50821D35B5383A37DD9C69FA5F9252994C805D752114E0FF9D9747B32F4E49968E78B26F412AC9D2F55A5B0650D71EA5A85B23B33F9CE0D2F14EDED8EDE59FEB52ED50C30B8DE9CF241C4B52ED8E327B882DFD7E3C21B1255A58589F78C13A71915F32CE4934A1B0F158406581DDBFB299A402B7CCCBC36694D38B3ED37130A3DC6F5F60815DA7CA2AF670F9B2F53DD6D52F18E93863B1AA7147B9F4E123FC79750BDE8C3130DE5082C7D7B7F5291CA7833B90E092714E8EB64668E888A1E967D64BBD374A9143DFEF9746A635DBF55A6D46995BCECB23A9C06F5736A9B2821B8F058925143E738E53F59A0442B03ED164C68D06E519185660644DC644CDC7D7B7D1D411634A456A6102A01AF362D46988C693FD8E41B61935FD0A5AA1A3A78576D11807BBEA42AC39E4EFF7777BA3C11B530DBBEB6EEDAC3FF69FCDD44A24153CC104C16892A737B6E3EC74D3FACA707A828993EE140C4493187592EA3D004CAFB432B9DC42A337C6E31973DCD71CF631BCD0A86A803ED974578110ACFF790E74DBCE7CC938279BAB0284A2499A7D71DED89DCADC658E42C98C7399F59A930A8AD520E38F24FA113459D537E834C998F51A7EFC521DF7BED9C8BE86D3B3886ADAA32C1869575582675A5FDD67B29F891BFDF2760F2BF776603568F8E37B2D98FBC9D0F923C974257C9F821549A8BA0C8E64243FBACEFD1BBBBDB4F8E284A249B654055932563DF9B4FBA66D8188617DE238D21C219A50D2858BD3065AF8B35EC39E8630DBAA83C4130A25597A86179E48BBEFAC3D21201683864452615C69DFC591F9762D050E5DAFCF9135A97855E6148225631DB8CC32178F7572BC2DCAE0BC9317441E6F8B32205B4F24AED0E08D31A9DC82C324D3EC53C7754A5D7A16742E873D136209857F7DE8EE2CE494D2C7D7909A859FE845BB8B1C3AF2EDDA7ECF11A0CAF2EDAA0D71D5A4D47F8F283252ECD451E789F1CA0E0FE34ACD980D1AA6579E28E88DC495939696088460FDCF134D286CAA0AA45B4BB4B2C4CCC1560E3486D3B1ACCC32868E5082BD190B51652915C35A38AA6F11C8B16A99DCB9CCB487492D919E2DD5E5624E1C60A62394E0DCC1568617C6FBB54E7CE104469D8687DF6FE1070BF3797B9F8F1B66E4F0E2360F8F5C37804BFF74A48785F59B154D3CF625D3498702F646555B94C915BD088F040B473A48F43286C26E94C9B668FB3D4756A3AC6A7FDA531FC6174EA45FE379C3EDFCEBC336361C0D60D2693877B05515F3DA5C15E87768A24008D627863507FDAA5EB859436CFC664523CDBE3892047333046B63554035BA25A180DB1FE79E371AFB3CFE5D9714F1EFAD1EB6F7510DFED24D95FCE6AD26E209852FCFCC6178A1916BFE7A8C4179060E3747F8D37565AAF6A12EE2C9544FE3772EC867F15807F7BCD1C8829176EE7FBB8971A566F45A893B2F2EE2CFAB5BD231A1922C3DD178921A778C1145A72F58B1B8927EAD69AD92E0E59B2AF9E5EB0DBDFECE8401662E1EEBECF71CFDE5FA018432365BC7930A9B8F0799DB397E66EE501B8FAF6FA3C11BE3DDFD3EBEB7205FF5FBAB0F8AB9582286F5296153554055C393E9FE0D2B30AAA672BEB34F3DDF291C4BF6E871EB4E38A6A802CABDC5849C26198B21B5B0F59ED753377679B68189E5664A9CFA5EDB7EB41A89DB161560D04A4C1A6066CA402B1683CCE6AA20133AFBF726969B29CDD2E330C9B82C5ADC8138D3075955DBA94F87114546E60DB5F588C1F517C7EB1EA3EB3DCEA721D02DCEF7DEFE13E73AD7A66548FE89CF25B3323E1049B2E978405CC842B03E1D44E20A6F664C5190203DE3297382E6919608BBEA42983282C3C16812DB4906C97942F11EEBC2BAA8C831904C2AE43B52D5E04D1D31B6D50431E935187512D1B8C2FAA37EF6358458BED3CBDACE3AB19EB13089A736B4F1D7B5ADFCF5FA011474B6C91C6D89B0B32E84C324138C26094693BCB6D34BF23FF09E660DB1A2D74AE864098B5E438E55DB6753774AB034FD0A96D4E91266B6E198F41AB6550755C1F72E119E35D84AA6FCBFBEDBAB9A672F1082F589E795ED5E959B33A93C7573642EEC7C657BAAE2FA821176D5B77BD70DD6172DBE3879BD54AAE7DB75FCF23345143874FC604101238B8CE90182269D86D1C526DC496D2D00002000494441548EB64479E09D1606E719F9FB07ADDCF346230FBED3ACCA88F9C209EA3C31660EB6327FB88DEC4E8B5001D61D09A48B2CC3B124A38A4D0C2D3072DE70DB199FAB71A566FEF9857226955B18926FECAC238BF41BC36BEFA746CA6A9489C492AA29AC0B46D85132CE79E697C7A4F213C1F6AE85160221589F0A2A730DE8B512EE409C95196E52972BD895A16BF0C6D2B3DA2F18615705C2DB020972FB59E6D0E08DF598BC69D66BB86D51417A5E95CBA2E5D6F9F92C1AED6070BE0177204E4D7B94A4A210882438D2124967D9561DF4F1CF756DBCB3CF873F9264676D885FBFD9C80D3372189A6F64F94E2FF7AF6CE2AEE50D3CB3E944EDD29CA1367EB5B4987B2E2D66F47F383B2A144B323057CFB69A201539863EFB24BB5CDBAA7E1ECFB6C83466349DDB8C32F33BBF14561DF4A79B9C07E71BC9B66A19927FA2F66AC59E0EDC81387AADC4A03CB1944208D6271CBB514E0776FFF5A13BEDBA6865898BC73AD2AD204F6F74A72785E6DBB5AAA6E17A4FB4D749055D1C6D89A8A63E004CABB4F4BAF545AB91F8CEF9F9E8B5121252BA96EA9D7D3E9565B7BB2EC41FDF6FA6C517E34FAB5A88C415A20985C1790676D4067977BF8F21F906A6642C85BD70949D4D9D35666742BD27C6AF5734F2E397EBF8EAE3D53CD159C8794EA9995DB5A17E04AB7F0BAC3CDBA0AA0D1B576A4AF74E26920A4F6D4CFD1D8D942AF9E8DA4FE80B27787243EAB1B9436DA7BDBE4C2004EB7F307E95E492714E24297503645653CF1E9212B21A7794F70FF8D2EE8D51A7614CE9090BA5AA2D4A454EDFDFEEF5DE187693AC2A23E86F455549969E32979E27D6B7A553F7AB0FF9189C6750095F34AEF0FB779A316835E9555C3F79A59EEBA76673D725451C6989B0A35348CA73F48C2832A5B28552EF71BCBEB2980DDE18973D7294AF3E7E9CD507FDECA809A5C5DB65D1926D957BF44276E134CB18741A5A3AEBB53297A1A6E378B96A411B5362C2A8D3A4373DAF3AE84FB736757D26905A7BEF0B2790A4D460C3A8286B1082F549A7CE13A3CCA54F5B596FEEF6A607C97565079FDAE84E07A9BB5CA9A11919ABE3AD512A72FAEE95539494459439802E14EDFFE6B21A64144867DFA27185A737B9F9CAB9392ABDF18593AA8511879B237CF3E91ADE3BE063E14807FFFA5239CF7E7520F75E5A4C32A930B9C2C2B1969EEE994E967876533BBF7CBDA147B1E9AB3BBC7DB6DDCC196A65FDD1409F41FC0903CC692134EB35D87AA9292BCF36509D6161759DDBB19D566C22A9F0CCC676D567B2A336C49B9D030CE70D4B6DF0A96D8F890B5A08D6271B6F284153478CEBA765E334C92415B86F45139ECEA6E1567F9CB519ABBCCEED9C2D55E6D2A70B1DF73586D3A510469D86AFCECAE1F3D3B339A7CCCCCDF3F2C832CB6CAB0E32BE33685CE6D2A783FA7D71FBC5859464E99033AE88B7F674A091E092CE86DFBE567125920AEFEEF771C7B27A9EDDD44E5B20CE6BBB3A7877BF8F4D5501550C2896507007E26824B87B69315F9B95AB129537767B55AD48DD397FB85D15FBEBCEA4720BDBAA5382158C267B64132552D32CBA665B6935527AFAC2ACA1276AE3561DF2E10EA484D4134CF0DBB79A482AA936A6CF4DCDA6C11B3B69E984E0A347148E7E0CEC6B083367A88DDF5D59CA6D2FD5D1E08D71FF5B4DFCEC9222D61EF2ABB257A33A5B68F45A0997454BAB3F4E53478C5842A1D4A5A7344BCF92B14E8EB546386F980D9745CBDCA136620905935EC3D48116CC7A4DBF8B192055511F8A29AAFAB0A402F7AF6CE6BECB8AF187935C3D39AB8758A9C4404A6DC391258981B97A26769B4D1F892B3CB1BE8D97B679985E69E5B6450527328C0ABCB4AD9D6054E19E4B8BF9FC3FAA68F3AB2DAF89E566920AECADEFDD1DD4CA12E7949A7974756B9FEF7360AE814024911EEF9C63D3A6DDC69185269595BAE6909F25E39CDCBFB20977204EA143C73D9716936DD5A65D7681B0B03EF1745549E7DAB4FCE23345649965B65607797587873D198DC716BD46D5A09B39116157A7CBD7651155E418D28FEBB5121683068D940AF29F4CAC2055D6D05D20009A3A623CBABA956FCDCF635355B04FB1EABAC93F38ECC71F49A4DD2B95A068A0D917E7EF5F28E7871716A81E0B44938C2E3173DDD4D4FCABEE2F5902AE99EC526521BB33A3D2CA919648DA32CAA44BB427955BD85A7D2276E6CC98EA6031685445B97B1BC2BCBAC3C3D6EA202E8B96BB9716A7057695A8741782F569614B75104FA7AB926FD7F1A345856865897F7ED04675463ABEFB44026D4667CBC66341A60DB412897D34815F9D9C2ACCEC4EBE5DC7176764F3F2360F3306594FDAC87CEE606BFA58FE48127720CE5FD7B652DB1EE5ED7D3E260E30D3E089F1E8EA966E31344D7A3CB43794A03D9850CDE79A33D486469254EE72772E1C655715E4669265D6925094CE59F727044BD3ED0EC82CCAAD6A8DF0CF0FDAD0CA123FBAB0805C5B4AACDC81B84AF40442B03ED124920A2BF69C88C38C283472E3AC1CA209853ACFA90572371F0F3028DF406B204E52413538EF4CD06B253E3F2DBB875875C5ACFEBAB6951FFCBB9645A31DFC74712179B69ED184F21C3D3F5858C0C05C03BBEA425CFD97A3DCF8443589A4C2C3EFB7E034CBAC39E4E7E155CDAA7EC91E827E3C8849A7A1B9D36DB31965BE34338787DF6F41E9439FCB5C7A4AB2F4AC3B12E866D5490CCC3550E789E230C994BAF4AA8182466DDFB7409D274634A1F0F5D9B9AAF6A915FD2CA71508C1FA44F2D2B676553FDC85A31C3DAC97FE961C44E3A9A90FA38A4C1C6D8970FB2BF5AC3BE2E783C367EEAA4CABB4A4CB1A7A0BB0D77B627CE7B95A0E3486F9FD55A5DC342757353B3D1A57D8591B624F7D88BAF618130698593CDAC1A6AA203B6B433CB7D9CDB5535DFCE1AA3206E618526D3D6B5A7BCCCBAA7647B9E3E242A2090509B8757E1EAB0EF8FA2C6500B87AB28B57777A54DD0300069D446BA7ABBB60A49D0F0EFB7B2C4D553DBF9B802D1869577D2EBE708297B779C405FC312182EE1F13FE48927F6F69E7F3D34F583537CECE655F43389D72EF1EC7892752AE5397D0ADD8DDC18DB3737972431BC16892BB3B9B98AF9BEAE2C2518E934EDDECF1ED254924924A9FD940484D35786E733B2BF67470E12807775E5C442C91AAA96A0F267007E28C2A3631B2C8C4C25176620985E995565C56B9C758E22FCFCCA1B63DCAA6AA2077BEDAC0806C3DE70FB773D5A42C8CBAD4B2D8F103CC38CD3277F73379A132D7C0E862130FBEDBDCE3B1AE2482AC915838D2A19AF06035687A2CB2CDD4AB32979E1B67E7AA1E7F61CBC937650B84607D2279658787F386DBD2B11ABD2CF19D0BF2F9CEF3B5C4134A8F250BEE409CA903AD6CAD0EE20EC4D95D1742AB49A5EF335B779E58EF667355905BCFCFEFB11DA63F72AC5A6E9997C7D85253BFD9C0AE38D3339BDC3CB3C9CDC05C033F5E54487E2FFD8B3A594A2F27ED8D92AC942BB7788C0377208E597F22F0BDF49C2C46151BF96EE7F950C7F324B2CC32ADBE385F9D95C3339BDCFD56D44F2A37E30EC4D3638D5D162DE3CBCCAA65AA70621DBDB6F3B3C8DC105DE38EF2EA4E615D0997F0534A34AE70FFCA66553CA432D7C0D59D9B6242317589417B3041B53BCACDF352DFFA0AF0E2560FD74EC9EE91E1DBDF18E6A90DEED37A3D9204178CB4D3D811EF57AC322975E9F9EE05F9BD8AD5E9A09325F2ED3A5575FE9CA1561E7EAF25EDD265D22556178CB4A3D76A787D57FFAFF7E2B14E5EEB7C8E446AC147B53B4A9B3FAE8A8B75CDC8BA66B24BD51D104F2ADCBFB2494C691082F5E9E66053986736B5AB7E76F9C42C8615180967580CADFE3889A4C2D1D608634BCCCCE96C1979F7808F7C9B36DDAA332A63D5FDEA833E1E59D572CAE2D3C5D81213DF5F50704ACF5D3CC671C66BBCFA231257F8F7160F37CECE21DFAEC3A8D3704EC6C8635F38499E5DC7E7A665F3D0BBCDFD8EAF195D6CA2C8A1636DE7B28FB9C36C8C2E49C5FEE249452588A15892118546D54C7D806736B673482C9D108225806737B9D990B1594623C14D737209677C9B1FEFEC7D8B27140E3747B8E1DC1CCC7A0DF144AA85E69A29AECED858221D245680E53BBD3CFC5E0BEFEE3FBD42C7E99516BE353FAFDF6181C30A8C3DB6527F54DCF34623FF58D7CA0B5B3CDCBDB488B9436DDCF599A2F42CFA7852E1FB0BF279716BBB6A86550FAB11F8C2F46C9EDCE0269A50B018347C69460E479A23E9CD43C73B63860A108925F9FA9C5C55FCF0C323019EDDE41617AA10AC4F37167D2AB09C54E0D76F36AAD6460DCC35307FB82DDD5A92392EA5DE1B25CB2C736DA748ADDCEBC3ACD730A5C242556B94CD55EA1A2105F8DDDB4D7CF7F9DAF4F13CC1FECB20DA022957E9C1AB4A195BDAFB6898AAB628BBEBFE3B9B6326969BD148F0E1113FDB6B425C3F2DF55EBB5CCF1B67E5E00925D25B9AFB62E6602B069D8677F6A7CA48AE9DE2C26996A9F5447B7C19B407E22C18E95035961F680CF39BB71A5148AD6513131A84607D6A0944935C31310B8749261257B8F3D57A95305D3F2D1B4FE7E2D5CCD47F97E82C1AED20CFA62591547874752B37CECEC5A8D3F41AF35194545CEB2B8F5571B425C2AB3B3CFC735D5B9FF544F9761DCB777A79744D0BDF9C9BC76D8B0A7AAC7F0FC792FC654DCB7FA526E9A2D10EEE5C92CA40FEE1DD667CE1947B7C4E9999CB276431BCD0C4FD6F35D1DF5FB618347C79660E7F599DAADF2A74E85834DA01A8EBD6BAB2B29E60225D690F50D51AE5AED71A88C4151C2699CB2766890CE1C78C3CE4C25BEE14A7E1E3A3244BCFA5E3B378FF808F504C61CD213FE34ACDB82CA9B13276A38C4692787A537B5AA8C6959A19596442D648D88C321F1E0DD0D81163509E81A105C67EABB0E3C9D454D09BE6E632AAC8C4E3EBDD9466E9F08793B883097EB3A289A736BA7971AB873A4F8C7A4F8C15BB3B705AB4DC343B97312526227185466FAA60D5174E124D28E9D7F35152E8D061D0496C391E24104D32A2C8C4806C3DE539066E7BA9EEA4C5B25F9B9D4BBD37C6B2CE09A15F9B9D9B1E97B3B721CC8E9A548650D6482C1CE5C06E92D3935C0F3545F8C92BF57484126824B8E3E222F63744D85D1F1217EDC788286BF8985977C4CF75535D7C6D762E0FBFDF822F9CE0B697EAF8EE05F94CAE3851C8D9D5AC0BA8FA0B670FB1F2F8FA365A7C71FEB2A69587AE2E655355207D33F646665C4A026E78EC78BFAF319A5078799B87D7767A993DC4C625E39CDC3C2F8FED354176D484D8561DE283C3D568249852616162B999F640825776789838C0C285A3ECE91EBCD3A1C11BE3DF9D2EDFBBFB7DD84D32974FC82291544E2A8E1307989938C0CC4D4F56A7C5EFDCC1D65E9FDB35DEA6EB981B8E05F8ED5B4DE91AADAFCDCE6554B1893FBED7222E5821589F6EAADD51F636845934DA813B90AA6D0A4693DCB5BC81CB276671DDD46C3412AA4510992E9FAC91587A8E934757B7D2114A70FFCA66BE3D3F9F5B9EA9E9D502C92C0ADD5415E0674B8AC8B16AF9C7BAD63EDB5EBA882514DEDED7C1DBFB3A7059B49C5366626C89998BC73A2876EAF18612F83B372A173A740CCCCDC76E92B11A4E3FF210892BFCEA8D46DAFC71648DC40D33B319576AE6FF3D53C3A4720B772F2DE2B697EA5542DE45AE4DCBB7CECFE7BE158D69176EC958A74AE482195D0691CEF291A4024FAC6FE3F9CDED6957F3AA492E168D76B0A73E941EEA27102EE1A71A4581A9032D8C293131ACD0C8DE8630FE48923DF5610E3486995461E1B55DDE7451A3DD28332B6312669153C72BDB539B691A3B62588D1A2E9B90C5FB07FDAA747FF70AF66034C9EA833E968C733267888DADD5C15E37E4F4462896C41B4AF2DE7E1FAFEFEEE085AD1ED61CF2B3E578109B51A6DE13E31F1FB4F1CA760F8FAF7773A0314C65AEE194ABEFB51A895842E1684B849F5C5488CD2873E7B27A3CA104879B23C41270F3BC5C361C0BAA46E26865899F5D5CC43BFB7DE9CCA85696F8EE05A931D05D2CDFE94D0FE033EB65168E72F0CBD71A78BB73AD5ABE5DC70F1616A433AE4FAC7773AC550896102C01B59E28F387DBD396C9829176DC8104475B233478637C78C48F492FD3D139302E185558DA39540F52FD6F079A22D477364EEFAA0D31B5D2CAE862139B3ACB25FA6AB7892614DE3FE0A3C8A9E3E67979D4B6C7D2C739191A09629D8AA828A98A7B4F284179B6816034C987470384630A8A921ADB7CA425C2F923ED9C6AA46BC3B120FFEFBC3CD61F0BF087779B5562DA9B6849C0B7CFCF2796803FAF3AE1BE4D2AB7A4974C402A6BFAB7B56DE9C2DC02BB8E37777B39D894CA169E3FC2CEED8B0B29EDAC2F6BF5C7F9E37B2D8889C842B004402209E17892C99D0B1CB4B2C4D48116B2AD5AB65707F1841269B1EAB26E660CB2E234ABAD157F244924AE108E296C3C16E48A8959E43B74347AE37DF60676DDC03B6B431C6A8EF0F539B98C2E36B1AF317CD2E5117DAD6AEFAA95DADBA02E79482A70C958071AE9D424ABC0A1E5BEB79A78679FAFD76C6077D1BA6AB28B8A1C0377BDD6403C999AEF3E24DFC8F923ECAA0CE7F1B628FFDE7AA258D71B4AE00B27D1CB12DF9897C7B5535CAA59F07F5DD3CA4151347A5620CA1ACE1256EEF5F5182DB360A49D7B2F2B21DFDEB31F7073B7CDC3532A2CD4B6C7F8F5674B189C67201C4B72C7B27AA65458F8DD152527ED0D84D41CF89B9FAAE6B83BCA43579772C3CC9C5376E12C7ACD49635536A3865335520E3747F8E653357D4E17EDE28DDD5E5ED8E2E1C1AB4A19576AE6F665F544E20A83F30DFCFAB325D4B7C77A8C87DE782CD06B6CEFD79795A8360501D4B6477967BF982E2A044BD0CDCA52F8FD3B4D3D5A4C06E71978E0CA92F48EC02EDEEB36A2D7A4D7906D95D95517E2DECB4A983BD4863794E0A7AFD4E30D25C8B6CAA7E48A45130A4F6D7073D393D5C81A78E4BA32BE3937AFDF06E6949B7AF2FAA4E36D515EDDE1ED7716BA023CB3A99D6F3D5BA3EAA5EC0B895431A93B10E78E65F5042249CE1B6EE3DECF96B0AB2E44B64DDBA35A7FF541F5B93BA7D4CC035796F4D8339854E081B79BC5EC2BE1120A7AA3C5174792E8B174D4A0D5307B88156F2899AE86F704134C1968518D4DAE6A8DB2FE68808B463B985E69C5A4D7B0EE889F5507FD5C3DC9C5D042239BAA02C8B28441A7E931012193704C61CBF120EFECF3916BD371FDB46C168C726037CA44130AEDC1780F6BA96BED555F2E21C0B6EA205BAB83CC196AEB31E1341257B8F7CDC693363277A1D5487C6B7E3E83F20CFCF8E554CDD497CFCDE10BD3739035127F78B799618546D56CF9232D1155EFE6A2D10EBE7B417EAF2D484F6E70F3FE41615D09C112F4C99EFA10230A4D14745B94AA9124265758B09B52F3DF1552D31EA6559EA82DF28412BCBEAB83E99DF1ADE18546F26C5AD61E4A89D6829176E60EB3B1A52AC8E7A767B3F9F8C9C7FC86E30AFB1AC22CDFE9E5785B9401D97A968C7372FDB46C469798A9C8D1936DD562D26930E95373E4871618913512759E18F9762DA52E3DA34B4CCC1F6EE7F289595C3EC1853794C01B4A6235CA4852AA0AFF9E371AD9597B6A8599596699DB1717226B247EBEBC81702CC9B7E6E773E1A85425FBB1D6084F6E70B3788C53D56AF3CF756D1C6B8D226B246E9C95CBB5535CBDC6D4B6D504F9E37BCD08DBEAEC42BAE8C143E23339CB3068256EBFB848B5573093ADD541EE7DA3914842E1EF9F1F90B6B276D585F8D18B752C3DC7C90D3373D2CF7F77BF8F07DE6E02E0DA29D92997E98D46F6359E791F609659A632CF4079B68132979E7CBB169B3155736535A4E25EBE702A98ED8B2468F5C7A96A8D72B425C2D1D648BA466CF6105B7AB6D7A95E88238B4CFC60613E6FEDEDE0C90DEE5476F082FCF4040B4805CA5FDEEEE19E4B8B19D569B1BA0371BEF4D8710CB2C40F2F2CE09CB2DE579F6DAF0972D7F286532EF11008C112A2A595F8E9E2C21EB1ABCC78D0EDCBEA993BD4C6173AA796D67962DCF8F8F15421E817CB5531AB55077DE9DD7A93CB2DDC323F8FD77779796E737BBFAEE1997079E76896E7B7B47FA4C7D56B25AE9F9ACD9C6136FEF04E331B8E05D048F0BD0505AA2A7605F8E23FAA68F5C7F9CBF50328ECB456FFFE412BAB0EFAF9F992A21E7D91995F06BF7C4D88D5D98A08BA9FA544E20A772E6BE0E5ED9E5E2D8F01D97AEEBBAC84DD75A1B4B5D295D16BF5C739D0CD7A9A3DC4C697CF4D595D1BAB02DCF2740D15D906FE705529238A8C67FDF9185B6AE2A1ABCBC8B56BF9E653D5E9713C5F9D95DBA3E5665F4338DD0DD0B5C6CB1B4AB0A73ECC7D9795F42A560AF0C296767EF6AA10ABB319D19A7316134F2AFC754D2BEB8F06F8E6DC5CD5DA2B803C9B963B2E2E64F5213F178D76A8469FAC39E46758815A88520B57A3ACDCDB813B10E797AF3730BDD2CA0F1614B0B721CC13EBDB4E796BCFFF15652E3D37CCCCA1CCA5E7AF6B5B554B36168CB4B3788CA3C7EF643EA7AB9979CD213F775E5CA89A68DA45B53BCA1FDF6B618F686C168225F80F5C2059229A50D85D17E21B4FD53077A88DCB263855C26533CACC1F6E279E50D0CA1216BD864034C97B077C7C717AB6AA0012E01B7372A97647D316D8BA237E361F0FB064AC93FB2E2BE1C3A3015ED9EE498F5CF9B8185660E492714EC6969878719B875FBEDEA01A4F3CA2D0C8D7BB2D888054A6B2ABE4A34B9CE20985F347D83168D5E7A2B63DCAF35BDA79FF803F5DBAD075CE0542B004A7499645CB25E31CBCB9BB836A7794B7F775F0CEBE0E4697989833D4C6E40A0B4E93ACBA11B3AD5A02EE281DA104EFECF7F5581DD6D557F78D27ABD3376634AEF0C29676DED8ED65C95827775D52448337C6EBBBBDAC3B12F8C8635C7DA19325A6575AF9CC3827769386E53BBD3CF45EB3AA57B02B9675EBF9F93DC418E0BDFD3E3A3A5D6497454EBFE7AE0BDD134AB0E16880F70FF85481FE32979E85A3ECBCB2DDDB6B43B5400896E0243475C478679F8F5F5F56C28EDA202F6FF3B0AF21CCCEDA103B6B43481294671B1851686452858509656606E519D2D6D1631FB63175A0A547B57AA143C7D5535C3CB6AE4DF5F34024C9D31BDD3CB7B99D291516168DB6F3D559B96CAE0AB0E95890ED35C18F7C809DC5A06152B985A9032D8C2F3373B839C2735BDC6C381AE8734EFBB5535CE9407A269E60827F66BCA7CA5C038A92DAB4BDE95880BD0D61AADA22AAA914C30B8D2C3DC7C99812333FFC77AD10ABB31C9125FC1F604491913B2E2EC2A2D770A829C2AEBA10759E28F59E18875B22E99EBF3C9B96B26CBD6A44F2D812133F5B52D4C31A8927156E7AB2FAA48DCEF9761D93CACD4C1C6061449191232D110E3486A96A8B72BC2D4A4D7BB48705D65796502B4B0C70E919986B60608E81CA5C030372F4ECA90BB1E158804D55A9F565FD5192A5E78FD794F69887154F28DCBEAC5E55C735A9DCC2F1B6487ADE9559AF61509E8142878E62A79ED1C52606E71B084492FCECD5FA5E0B5D0542B004674065AE819F2D29EAD1F09C545245927BEA43ECA90BB3A721D4635EFB940A0B3F5858A01AAF02A9FAACFB57369D564C6D64B189A1F9460664EB2975E929B06B3BE760253BFF499067D581042DBE1836A38CCD206335A67A0D1BBD71AADA2254B54539D212616F7DE8B4B272DFB9209FB943D58B2FA271857BDE68646395BA4730CB2C33A2C8C4C82223238B4C54E4187A2CA7F50453ED4BC75A4573B3102CC1474A9153C76D8B0A29CFEE7FADD6F1B628DB6A826C3D1E644FA7200C2D30F2FD05F9AA46EA4452E16B4F54D3E03D733748D648E4DAB4580D1A2C060D667DEA9FAE7133814892603425666DFE787A53CD9950ECD4F1F0B5652AEBAAD11BE3DE158D1C6A8A60D04A8C2A36714E9999F165E693AE1F3BD61AE1EED71BFFA3F72F108225388995F3D559B92C1C653FA5E747130A7BEB53638C77D5859833D4CA45A31DE99BFEED7D1D3CF076F3FFC47BFFF6F9F9CCEB5C2B164F2A2CDFE965F5413FA38B4D8C2F3333BCC8A8DAD4DC1FAFEFF2F2D735AD222328044BF07FC1E4720B5F98917DDA4B4CEB3C318EB546C8B7EB18E0D2236BE0D6E76A39DA7276BB4403730D3C706529F184C2717794A68E1803730C143975A7759C6A7794BF7FD0DA63159A400896E0BF8CAC91983FDCC695935CE4D94E3FE1DBB5CCE17073841FBF5CD7A37CE06CC162D070F7D2E2F40EC73359CED3D411E3D94DEDBCB3DF27C6C508C1127CAC1F22A9F4FCAC2136A657AA47CEF46769ED6F08D3E28FE10B2739D018667FE3D999251B5660646881119B5143AE55C7C822638F6916BDD1E68FB3EE488035877CEC6B088BC90B42B004672339562D652E3D2E8B369D550C7506C01B3B62D4B647F1F7614D1539750CC933926BD36231689024B0E865E249057F24950D0C4492B80371AADD515A7CF1D37A6DB9B613AFCD62D0A4A73B6835128168024549D583B5F8E21C6C0EF759766133CA143B7514D875580C9A740B8E2798A02D10A7C61DED75A1AC400896E07F14B35EC3C82213430B0C0CC9373238CFD06BAF5D7F04A3496ADC510EB744D8561D647B4D8870E7A450A34EC3B8D254D66E506E6A0C8DE93457BDFBC2090E354738D894B200F7D49F7CD6BC400896E02C25DBAA45964E2C03ED0F935EC3C84223A34B4C8C2936539967E03F59D61C8E2569EC88E309C6D148125966995CAB96B6600209C8B2C8B4FAE204A249B41A098B41439659EE75BAE7A992482A1C6E4E15CFEEAA0BB1B7E1D4042CDFAE239E5468135697102CC1C7CBC47233974FC8C2DFE9AA7505CF8D3A0D36A306BB49A6D0AE23DFAE43FA0FB7C9D7B64759B9D7C7AEBA10475A22E9007665AE8145A31D0CCA3370A8298C24490CCE3370A839C26BBBBCE92CA4AC9118946760549189F347D87A4CA0385D94CE5D8C8D1D313A3AB7DF74597856834C962555B8FAEC66375B8E8BCCA0102CC159815E2B71F11827978E779EF2A69BD3616F439817B7B6B3E15840D58B57996BE0869939E8B5124FAE77B3BD26980E6E4BC0F80166AE9EEC2212577874750BC7DB4E4C8190A4D402D9A5E76431A2F0A39FC9E50925F8F796765EDBE5554D7A1008C1129C25E864891983ACCC1B66634CB1A9D78906A74A8D3BCAC6AA006B0EF9D3CB2FBAB09B64AE9DE262DA400B7F59D3CADA43FE3EB37012307BA88D1B66E6B0EE889F2737B8D31315BA189C6760E6602B532A2CFF91D5154F28ECA80DF1EE7E1FEB8EF8FBDC9D2810822538CB30EB358C2A4A35F896671B287068C9B16A912409AD26E53246E3A90D38EE40027720CE71779423CD110EB744FA8CF7CC1B66E3C659B9EC6F0CF3BB954D784289537A3D4EB3CC772EC867709E9147DE6FE973234D8E554B65AE81417906CAB2F5B8CC5A5C16992CB316BD56221C4B124F82A228B4FAE3347AE31C6B8B70A829D55319144179215802815E2BF1CDB979CC1B66E3F92DED3CFE611BA75B83A991E0F3D3B3F9ECF82CDEDED7C1C3EFB588F618C12923E661094ECD3A32C9FC647121430B8CFC654D2BAF6C664F3829000001D849444154F79CD171920AFCE38336DA83096E98994349969E5F2C6F38652B4DF0E9462CA1109C946CAB967B2F2B615881913FAF6A3963B1CAE4E56D1EFEBCAA85610546EEF96CF12955E70B0442B004FDE230C9DCBDB49862A78EC73E6C63F94EEF4776ECE53BBD3CB1DE4D49969EBB9716FD57B29B022158824F0906ADC4ED8B0B2976EA787B5F07CF6F6EFFC8FFC6339BDCBCBDAF83922C3DB72F2EECB1284220C844D8E1823E7159B4D47B6344130A0FBDD7F25FFB3B0FBDD742815D478B3F8ECBA21503F5047D22B284028140B88402814020044B201008C112080402215802814020044B201008C112080402215802814020044B201008C112080402215802814020044B201008C112080402215802814020044B201008C112080402215802814020044B201008C112080402215802814020044B201008C112080402215802814020044B201008C112080402215802814020044B201008C112080402215802814008963805028140089640201008C112080442B004028140089640201008C112080442B004028140089640201008C112080442B004028140089640201008C112080442B004028140089640201008C112080442B004028140089640201008C112080442B004028140089640201008C1120804FFFBFC7F15D52B3BED70C7120000000049454E44AE426082');



/*    */
/*    */

/*FRENCH*/
INSERT INTO "Languages" VALUES('Chinese Simplified','fr','Chinois simplifi');
INSERT INTO "Languages" VALUES('Arabic','fr','Arabe');
INSERT INTO "Languages" VALUES('Bulgarian','fr','Bulgare');
INSERT INTO "Languages" VALUES('Chinese Traditional','fr','Chinois traditionnel');
INSERT INTO "Languages" VALUES('Catalan','fr','Catalan');
INSERT INTO "Languages" VALUES('English','fr','Anglais');
INSERT INTO "Languages" VALUES('Czech','fr','Tchque');
INSERT INTO "Languages" VALUES('Danish','fr','Danois');
INSERT INTO "Languages" VALUES('Estonian','fr','Estonien');
INSERT INTO "Languages" VALUES('Dutch','fr','Nerlandais');
INSERT INTO "Languages" VALUES('Greek','fr','Grec');
INSERT INTO "Languages" VALUES('French','fr','Franais');
INSERT INTO "Languages" VALUES('Haitian Creole','fr','Hatien');
INSERT INTO "Languages" VALUES('Finnish','fr','Finnois');
INSERT INTO "Languages" VALUES('German','fr','Allemand');
INSERT INTO "Languages" VALUES('Italian','fr','Italien');
INSERT INTO "Languages" VALUES('Hebrew','fr','Hbreu');
INSERT INTO "Languages" VALUES('Hungarian','fr','Hongrois');
INSERT INTO "Languages" VALUES('Japanese','fr','Japonais');
INSERT INTO "Languages" VALUES('Indonesian','fr','Indonsien');
INSERT INTO "Languages" VALUES('Norwegian','fr','Norvgien');
INSERT INTO "Languages" VALUES('Korean','fr','Coren');
INSERT INTO "Languages" VALUES('Latvian','fr','Letton');
INSERT INTO "Languages" VALUES('Polish','fr','Polonais');
INSERT INTO "Languages" VALUES('Lithuanian','fr','Lituanien');
INSERT INTO "Languages" VALUES('Slovak','fr','Slovaque');
INSERT INTO "Languages" VALUES('Portuguese','fr','Portugais');
INSERT INTO "Languages" VALUES('Slovenian','fr','Slovne');
INSERT INTO "Languages" VALUES('Romanian','fr','Roumain');
INSERT INTO "Languages" VALUES('Russian','fr','Russe');
INSERT INTO "Languages" VALUES('Turkish','fr','Turc');
INSERT INTO "Languages" VALUES('Spanish','fr','Espagnol');
INSERT INTO "Languages" VALUES('Ukrainian','fr','Ukrainien');
INSERT INTO "Languages" VALUES('Swedish','fr','Sudois');
INSERT INTO "Languages" VALUES('Thai','fr','Tha');
INSERT INTO "Languages" VALUES('Vietnamese','fr','Vietnamien');
INSERT INTO "Languages" VALUES('Other languages','fr','Autres langues');
INSERT INTO "Languages" VALUES('Persian (Farsi)','fr','Persan (Farsi)');
INSERT INTO "Languages" VALUES('Hindi','fr','Hindi');
INSERT INTO "Languages" VALUES('Malay','fr','Malaisien');
INSERT INTO "Languages" VALUES('Hmong Daw','fr','Hmong Daw');
INSERT INTO "Languages" VALUES('Urdu','fr','Urdu');

INSERT INTO "SpeakLanguages" VALUES('Catalan','fr',0,'Catalan');
INSERT INTO "SpeakLanguages" VALUES('Chinese Simplified','fr',0,'Chinois simplifi');
INSERT INTO "SpeakLanguages" VALUES('Chinese Traditional','fr',0,'Chinois Trad.');
INSERT INTO "SpeakLanguages" VALUES('Chinese Traditional','fr',1,'Hong Kong');
INSERT INTO "SpeakLanguages" VALUES('Chinese Traditional','fr',2,'Taiwan');
INSERT INTO "SpeakLanguages" VALUES('Danish','fr',0,'Danois');
INSERT INTO "SpeakLanguages" VALUES('Dutch','fr',0,'Nerlandais');
INSERT INTO "SpeakLanguages" VALUES('English','fr',0,'U.K.');
INSERT INTO "SpeakLanguages" VALUES('English','fr',1,'U.S.A.');
INSERT INTO "SpeakLanguages" VALUES('English','fr',2,'Australie');
INSERT INTO "SpeakLanguages" VALUES('English','fr',3,'Inde');
INSERT INTO "SpeakLanguages" VALUES('English','fr',4,'Canada');
INSERT INTO "SpeakLanguages" VALUES('Finnish','fr',0,'Finnois');
INSERT INTO "SpeakLanguages" VALUES('French','fr',0,'France');
INSERT INTO "SpeakLanguages" VALUES('French','fr',1,'Canada');
INSERT INTO "SpeakLanguages" VALUES('German','fr',0,'Allemand');
INSERT INTO "SpeakLanguages" VALUES('Italian','fr',0,'Italien');
INSERT INTO "SpeakLanguages" VALUES('Japanese','fr',0,'Japonais');
INSERT INTO "SpeakLanguages" VALUES('Korean','fr',0,'Coren');
INSERT INTO "SpeakLanguages" VALUES('Norwegian','fr',0,'Norvgien');
INSERT INTO "SpeakLanguages" VALUES('Polish','fr',0,'Polonais');
INSERT INTO "SpeakLanguages" VALUES('Portuguese','fr',0,'Portugal');
INSERT INTO "SpeakLanguages" VALUES('Portuguese','fr',1,'Brsil');
INSERT INTO "SpeakLanguages" VALUES('Russian','fr',0,'Russe');
INSERT INTO "SpeakLanguages" VALUES('Spanish','fr',0,'Espagne');
INSERT INTO "SpeakLanguages" VALUES('Spanish','fr',1,'Mexique');
INSERT INTO "SpeakLanguages" VALUES('Swedish','fr',0,'Sudois');

/*SPANISH*/
INSERT INTO "Languages" VALUES('Catalan','es','Cataln');
INSERT INTO "Languages" VALUES('Bulgarian','es','Blgaro');
INSERT INTO "Languages" VALUES('Chinese Traditional','es','Chino tradicional');
INSERT INTO "Languages" VALUES('Arabic','es','rabe');
INSERT INTO "Languages" VALUES('Chinese Simplified','es','Chino simplificado');
INSERT INTO "Languages" VALUES('Dutch','es','Holands');
INSERT INTO "Languages" VALUES('Danish','es','Dans');
INSERT INTO "Languages" VALUES('Estonian','es','Estonio');
INSERT INTO "Languages" VALUES('Czech','es','Checo');
INSERT INTO "Languages" VALUES('English','es','Ingls');
INSERT INTO "Languages" VALUES('German','es','Alemn');
INSERT INTO "Languages" VALUES('Haitian Creole','es','Criollo Haitiano');
INSERT INTO "Languages" VALUES('Finnish','es','Finlands');
INSERT INTO "Languages" VALUES('Greek','es','Griego');
INSERT INTO "Languages" VALUES('French','es','Francs');
INSERT INTO "Languages" VALUES('Indonesian','es','Indonesio');
INSERT INTO "Languages" VALUES('Japanese','es','Japons');
INSERT INTO "Languages" VALUES('Hebrew','es','Hebreo');
INSERT INTO "Languages" VALUES('Italian','es','Italiano');
INSERT INTO "Languages" VALUES('Hungarian','es','Hngaro');
INSERT INTO "Languages" VALUES('Polish','es','Polaco');
INSERT INTO "Languages" VALUES('Lithuanian','es','Lituano');
INSERT INTO "Languages" VALUES('Korean','es','Coreano');
INSERT INTO "Languages" VALUES('Norwegian','es','Noruego');
INSERT INTO "Languages" VALUES('Latvian','es','Letn');
INSERT INTO "Languages" VALUES('Russian','es','Ruso');
INSERT INTO "Languages" VALUES('Slovenian','es','Esloveno');
INSERT INTO "Languages" VALUES('Portuguese','es','Portugus');
INSERT INTO "Languages" VALUES('Slovak','es','Eslovaco');
INSERT INTO "Languages" VALUES('Romanian','es','Rumano');
INSERT INTO "Languages" VALUES('Thai','es','Tailands');
INSERT INTO "Languages" VALUES('Swedish','es','Sueco');
INSERT INTO "Languages" VALUES('Spanish','es','Espaol');
INSERT INTO "Languages" VALUES('Ukrainian','es','Ucraniano');
INSERT INTO "Languages" VALUES('Turkish','es','Turco');
INSERT INTO "Languages" VALUES('Vietnamese','es','Vietnamita');
INSERT INTO "Languages" VALUES('Other languages','es','Otros lenguajes');
INSERT INTO "Languages" VALUES('Persian (Farsi)','es','Persa (Farsi)');
INSERT INTO "Languages" VALUES('Hindi','es','Hindi');
INSERT INTO "Languages" VALUES('Malay','es','Malayo');
INSERT INTO "Languages" VALUES('Hmong Daw','es','Hmong Daw');
INSERT INTO "Languages" VALUES('Urdu','es','Urdu');

INSERT INTO "SpeakLanguages" VALUES('Catalan','es',0,'Cataln');
INSERT INTO "SpeakLanguages" VALUES('Chinese Simplified','es',0,'Chino Simplificado');
INSERT INTO "SpeakLanguages" VALUES('Chinese Traditional','es',0,'Chino Tradicional');
INSERT INTO "SpeakLanguages" VALUES('Chinese Traditional','es',1,'Hong Kong');
INSERT INTO "SpeakLanguages" VALUES('Chinese Traditional','es',2,'Taiwan');
INSERT INTO "SpeakLanguages" VALUES('Danish','es',0,'Dans');
INSERT INTO "SpeakLanguages" VALUES('Dutch','es',0,'Holands');
INSERT INTO "SpeakLanguages" VALUES('English','es',0,'U.K.');
INSERT INTO "SpeakLanguages" VALUES('English','es',1,'U.S.A.');
INSERT INTO "SpeakLanguages" VALUES('English','es',2,'Australia');
INSERT INTO "SpeakLanguages" VALUES('English','es',3,'India');
INSERT INTO "SpeakLanguages" VALUES('English','es',4,'Canad');
INSERT INTO "SpeakLanguages" VALUES('Finnish','es',0,'Finlands');
INSERT INTO "SpeakLanguages" VALUES('French','es',0,'Francia');
INSERT INTO "SpeakLanguages" VALUES('French','es',1,'Canad');
INSERT INTO "SpeakLanguages" VALUES('German','es',0,'Alemn');
INSERT INTO "SpeakLanguages" VALUES('Italian','es',0,'Italiano');
INSERT INTO "SpeakLanguages" VALUES('Japanese','es',0,'Japons');
INSERT INTO "SpeakLanguages" VALUES('Korean','es',0,'Coreano');
INSERT INTO "SpeakLanguages" VALUES('Norwegian','es',0,'Noruego');
INSERT INTO "SpeakLanguages" VALUES('Polish','es',0,'Polaco');
INSERT INTO "SpeakLanguages" VALUES('Portuguese','es',0,'Portugal');
INSERT INTO "SpeakLanguages" VALUES('Portuguese','es',1,'Brasil');
INSERT INTO "SpeakLanguages" VALUES('Russian','es',0,'Ruso');
INSERT INTO "SpeakLanguages" VALUES('Spanish','es',0,'Espaa');
INSERT INTO "SpeakLanguages" VALUES('Spanish','es',1,'Mxico');
INSERT INTO "SpeakLanguages" VALUES('Swedish','es',0,'Swedish');

/*CATALAN*/
INSERT INTO "Languages" VALUES('Catalan','ca','Catal');
INSERT INTO "Languages" VALUES('Chinese Traditional','ca','Xins tradicional');
INSERT INTO "Languages" VALUES('Arabic','ca','rab');
INSERT INTO "Languages" VALUES('Chinese Simplified','ca','Xins simplificat');
INSERT INTO "Languages" VALUES('Bulgarian','ca','Blgar');
INSERT INTO "Languages" VALUES('Dutch','ca','Neerlands');
INSERT INTO "Languages" VALUES('Estonian','ca','Estoni');
INSERT INTO "Languages" VALUES('English','ca','Angls');
INSERT INTO "Languages" VALUES('Czech','ca','Txeca');
INSERT INTO "Languages" VALUES('Danish','ca','Dans');
INSERT INTO "Languages" VALUES('German','ca','Alemany');
INSERT INTO "Languages" VALUES('Haitian Creole','ca','Haitian Creole');
INSERT INTO "Languages" VALUES('Greek','ca','Grec');
INSERT INTO "Languages" VALUES('Finnish','ca','Fins');
INSERT INTO "Languages" VALUES('French','ca','Francs');
INSERT INTO "Languages" VALUES('Indonesian','ca','Indonsia');
INSERT INTO "Languages" VALUES('Italian','ca','Itali');
INSERT INTO "Languages" VALUES('Japanese','ca','Japons');
INSERT INTO "Languages" VALUES('Hungarian','ca','Hongars');
INSERT INTO "Languages" VALUES('Hebrew','ca','Hebreu');
INSERT INTO "Languages" VALUES('Lithuanian','ca','Lithuanian');
INSERT INTO "Languages" VALUES('Norwegian','ca','Noruec');
INSERT INTO "Languages" VALUES('Polish','ca','Polons');
INSERT INTO "Languages" VALUES('Latvian','ca','Latvian');
INSERT INTO "Languages" VALUES('Korean','ca','Core');
INSERT INTO "Languages" VALUES('Russian','ca','Rus');
INSERT INTO "Languages" VALUES('Slovak','ca','Eslovac');
INSERT INTO "Languages" VALUES('Slovenian','ca','Eslov');
INSERT INTO "Languages" VALUES('Romanian','ca','Romans');
INSERT INTO "Languages" VALUES('Portuguese','ca','Portugus');
INSERT INTO "Languages" VALUES('Thai','ca','Tailands');
INSERT INTO "Languages" VALUES('Turkish','ca','Turc');
INSERT INTO "Languages" VALUES('Ukrainian','ca','Ucrans');
INSERT INTO "Languages" VALUES('Spanish','ca','Castell');
INSERT INTO "Languages" VALUES('Swedish','ca','Suec');
INSERT INTO "Languages" VALUES('Vietnamese','ca','Vietnamita');
INSERT INTO "Languages" VALUES('Other languages','ca','Altres idiomes');
INSERT INTO "Languages" VALUES('Persian (Farsi)','ca','Persa (Farsi)');
INSERT INTO "Languages" VALUES('Hindi','ca','Hindi');
INSERT INTO "Languages" VALUES('Malay','ca','Malai');
INSERT INTO "Languages" VALUES('Hmong Daw','ca','Hmong Daw');
INSERT INTO "Languages" VALUES('Urdu','ca','Urd');

INSERT INTO "SpeakLanguages" VALUES('Catalan','ca',0,'Catal');
INSERT INTO "SpeakLanguages" VALUES('Chinese Simplified','ca',0,'Xins Simplificat');
INSERT INTO "SpeakLanguages" VALUES('Chinese Traditional','ca',0,'Xins Trad.');
INSERT INTO "SpeakLanguages" VALUES('Chinese Traditional','ca',1,'Hong Kong');
INSERT INTO "SpeakLanguages" VALUES('Chinese Traditional','ca',2,'Taiwan');
INSERT INTO "SpeakLanguages" VALUES('Danish','ca',0,'Dans');
INSERT INTO "SpeakLanguages" VALUES('Dutch','ca',0,'Neerlands');
INSERT INTO "SpeakLanguages" VALUES('English','ca',0,'U.K.');
INSERT INTO "SpeakLanguages" VALUES('English','ca',1,'U.S.A.');
INSERT INTO "SpeakLanguages" VALUES('English','ca',2,'Austrlia');
INSERT INTO "SpeakLanguages" VALUES('English','ca',3,'ndia');
INSERT INTO "SpeakLanguages" VALUES('English','ca',4,'Canad');
INSERT INTO "SpeakLanguages" VALUES('Finnish','ca',0,'Fins');
INSERT INTO "SpeakLanguages" VALUES('French','ca',0,'Frana');
INSERT INTO "SpeakLanguages" VALUES('French','ca',1,'Canad');
INSERT INTO "SpeakLanguages" VALUES('German','ca',0,'Alemany');
INSERT INTO "SpeakLanguages" VALUES('Italian','ca',0,'Itali');
INSERT INTO "SpeakLanguages" VALUES('Japanese','ca',0,'Japons');
INSERT INTO "SpeakLanguages" VALUES('Korean','ca',0,'Core');
INSERT INTO "SpeakLanguages" VALUES('Norwegian','ca',0,'Noruec');
INSERT INTO "SpeakLanguages" VALUES('Polish','ca',0,'Polons');
INSERT INTO "SpeakLanguages" VALUES('Portuguese','ca',0,'Portugal');
INSERT INTO "SpeakLanguages" VALUES('Portuguese','ca',1,'Brasil');
INSERT INTO "SpeakLanguages" VALUES('Russian','ca',0,'Rus');
INSERT INTO "SpeakLanguages" VALUES('Spanish','ca',0,'Espanya');
INSERT INTO "SpeakLanguages" VALUES('Spanish','ca',1,'Mxic');
INSERT INTO "SpeakLanguages" VALUES('Swedish','ca',0,'Suec');