/*APP LANGUAGE: ENGLISH*/

/* ar   Arabic,               */
INSERT INTO "Locales" VALUES('Arabic','ar');
INSERT INTO "Languages" VALUES('Arabic','English','Arabic');
/*Egypt               */INSERT INTO "Flags" VALUES('Arabic', 0, X'89504E470D0A1A0A0000000D4948445200000140000000D50806000000264C29EE00000006624B474400FF00FF00FFA0BDA7930000000774494D4507DB04190A070ACEBF029600001C4349444154789CEDDD69749C579DE7F1EF534FEDAA2A2DA5C5F222CBBBE3381B76481CA03B0B09218110202CA109D06C93666838C34CCFB07433DD0D34F4691ABA0F0C1920343409D33407C29E0448208410B2D87170625BB6E345B22CC992B5944AB53FCBBC28E9519522C98660FB90E7F779E32AABF4D4AD3A3ABF73EF73EFFD5FE389E6F52E22223E1438DB0D1011395B148022E25B0A4011F12D05A088F8960250447C4B012822BEA5001411DF52008A886F290045C4B7148022E25B0A4011F12D05A088F8960250447C4B012822BEA5001411DF52008A886F290045C4B7148022E25B0A4011F12D05A088F8960250447C4B012822BEA5001411DF52008A886F290045C4B7148022E25B0A4011F12D05A088F8960250447C4B012822BEA5001411DF52008A886F290045C4B7148022E25B0A4011F12D05A088F8960250447C4B012822BEA5001411DF52008A886F290045C4B7148022E25B0A4011F12D05A088F8960250447C4B012822BEA5001411DF52008A886F290045C4B7148022E25B0A4011F12D05A088F8960250447C4B012822BEA5001411DF52008A886F290045C4B7148022E25B0A4011F12D05A088F8960250447C4B012822BEA5001411DF52008A886F290045C4B7148022E25B0A4011F12D05A088F8960250447C4B012822BE65B8AEEB9EED4688889C0DEA01CA59911BDB43397FFC6C37437C2E78B61B20CF7F85CC41F6DDF7365CD7C1714A98669CDCE893188130C1581BD18665B4ADBD89CECDB79EEDA68ACFA80728A7DDF0FE6FB0F2E28F92EEBE9E752FFE0CA1780756798AB6B5AFA330DE437664077DDBFF91DD3F79C3D96EAAF88CEE01CA6977F8D1BF61A2FFE738951CA56C2FEBAFF812C1581B83BBBF444BF72B685FF7060CC36460D7E7685DFB3AC2F12567BBC9E2130A4039ED5CC7C20804711D8B27EFBA9CDCE82E2EB8F13E921D2FAC7B9D551A67F4C88FE9D8F0E6B3D452F11B0D81E5B4330241EFDF35DB3E45F3CA6BB1CA9967BD2E1869A6523C71A69B273EA6491039A3124BB6D232F1529A575C3DEFCF1DAB78865B247EA61EA09C6106180BFFD905C3A933D816F13BF500E58C2A65FB88342CA39C1FC2AEE408C55A09981102661400D7B5CF720BC54F14807246E5C6769368BD80E33D771030C3C45BCF27100851CC1CA263E35B3016E91D8AFCA1E9AF4DCEA8E2E461A2A9556018B88E45201002A05C1806C075D403943347012867908BEB5894B27D44132B705D073394A87F897A80720669082CA7A4521C6578DF9D387619236002D0D0B299A615576118E6295D63FCE87D34AF782913C71EA079C54B29EEFB068661E254F298C1188E9527608671AC028160ECA4D7735D9BF1A3F7911F7D7ABA47691330C3B46F7833A168FA397D5EF10705A09C543937C8E8911FB1F4BCFFEAADE90397A913BFE5E813FF84194AB0E49CB73DBB373747F6F8E3746DFD30E3FDF7136E580A80194A605B39126D2F203BB29344DB16A6467692EABC6CC1EBD8952986F67E15BB92A365E5B5B4745D0318D5563916437BBE427AF5ABB4A3444E4AE30D39A9E3FBEEA0F3DC77D6841F8041A2F542BAB67C90F6F56FE4D8AECF31B4F7ABB87679DE6B8C1FFD194DCBAFACF6EECC0895C208E1783B81601CBB9223D17A2153233B49B65DC4D4899DF35EC3B5CB0CEDF90AC7767D9EF6F537D3B5E583245A2F6426FCA0BAD8BAF3DC773172E03FFF80DF803C5FA9072827670470AC0263BDF7D2BAE635CFFA7128DA4AD7960F51CAF671F4C97F26604649755C42B2E3628C4008C72A903DFE185D5B3FC2B15D9FA76DCD4D8C1FBD8FC66597138EB551290C1308C6B02B53D57B8086896B9731CC30AE5D263BBC9DC9A1DFE038153AD6BF8948B26BC1A68EF7FD94C6657F8AE3544EE73722CF130A40599455CE509C3CC463776E20604688A65651298DD1BCFCAA67BD3692ECA26BCB87BCD01A78EA361CBB447E7C372B5EF0218EFCE623143287685D7323270E7E9BE6AEAB29E506C80C3E4CC7C6B790EADCC6330FBE8FA5E7DDCA33BF7A3FD1D46A02C128C9B62D2CBBE07D18D333C6F319EFBF9F50A48503BF7C0F8E5D26DDFD0AAC728660B8F1747E3DF2474E436059543937C8F19E3B284DF51308C629E50678EA87D771BCE7EB0BFE8E618649755EC6B20BDE47BAFB7A6CAB4876F8319A575E8B6106193DF403365E7D277DDB3FC9C0D3FF9773AEB993D143DF676AF809EC4A96ECF01358952C9DE7BE9365E7FF25A9CECB160DBFE33D5FE7A91F5E472937506DE3D4518EEFBB83726EF0747C25F23CA21EA02CCAB10A38D3F7F582E1144E650AD72ED373DFDB8836AEA1B1F3458BFE7EBC65139B5EF64D003203BFA26BEB8789379F03C0AA4B3F06AE4BC08CB264D33B80EACCAE6198A75C112633F86B7AEE7B1BE0E254A6BCAD748E5DC6B10ABFC727163F510F5016655B53B84E3500ABF7E972D33F71712A39460E7E07BB9C3DA56B352E7D89177E95E2098EEDFA1C471EFFFBBA9EDAA92EA9B1CB59460E7E07A79203AA15DDEC4ACE5B3EE33A656C6BEA94AE25FEA5009445D59EDB1108C6B0ADFCECF3509CB1DEBBD9F9ED6D14B3BDA7703597CCC0830C3C7D1B270EFE80707C29F1C6758CF7DFCFE0EE2F911DDE714A6D2A667BD9F9ED6D8CF5DE4D2014F7FEDFB6F275EB0775E6889C8C86C0B228BB385BB7CF0C25AB33B5D382E1469C4A9EDCD86EC67AEF26D9BE95707C0991C472C0C0AE4C519C3CC4D4C893D5E1A861108C34138AB513088449775F8FEB588CF6DD43C08C529838C0D4C80E5CD726186E22D17611D1641781601C5C8752EE18E5FC10D9E1EDE4C676D3903EAF6E92C3AE4C618692F3B65D643E0A4059945D99F41E9BA106ECCAEC70B73A24AE3E0F86528CF5FE84DEC7FE96C6A52FA175CDAB71AC22663049B9344C71E21972A3BBE9BAF823B4AD79AD770DC30CD3BAEA55001C7AF87F9219F815F1964D4493DD54CA13D8E54982C1382307EF2233F02B56BEF06F89A5564DB72D5BD7E3B32B59CC50C3BC6D17998F02501655298D798FEBEF01569F5BD3F7FF8C6014C7CAE1BA360DE9F339BEEF1BE4C77BB0CBF521148E772CF85EC1480B93438F3039F448CDFF35116B5C4B6AC9A54C1C7B00C7CA6104ABA5B3ACF2DC00CCD53DAF6DBBC87C740F5016651527BCC766308E53730FD00C25BCE70133EA85A1EB5430CDD8B3C2EFF77AFFD20466B0C1AB126395B35EED40C7CAD76DBF73AC3C6670F69E606DDB45E6A300944539EEEC8E0A33DC58D7030C8692DEA44830D2886357979DB87699E01FB01841309AC6B6ABA5F21DBB403052BDEF675772046BEFF955729835F7046BDB2E321F05A02CCAB56B023018C39E3ECC286046C00878932201338A53A986A1E39409455BFF606D08C5DA709D52F5DA95BCD703B4AD1C18816A5B00BB9CC1AC1902D7B65D643E0A40599463D72C7BA9590613981E6ACE0C730366D49B10715D8B70BCED0FD68670BC6366A95F75E263260067DE7BA62D7396C1D4B65D643E0A4059546D85663394F086C066B83AF4F486C0E194F7B360384D289AF6EA063E27864928D2ECD5F7B32B396FB7C7CC7B7B6DA9E4EAEE09AABAB49C8C025016E5D65455A99DF4A84E4C585EF9AB4030E66D3D8BA69653298D134D763FE7F78FA6BA2997C7A7D71652572CD5B5CBD5099760C3F4CFF27302504360599C025016E5D825EF7175D94B75D86986E2D57B70333F33A3353DB214C56C1F89D60B9EF3FB275B2FA23479A4AEC73933049E796E4EEF06B1CA937386C0254416A3009445CD0D40677A981B3063D8A59A5D22E124D6F404493094A234D54F43EBF9CFF9FD1BD29B29E78E110C5587BD5639E38521805DCA1030ABA1E7CC5907A80094935100CAE21CCB7B18AC5906138C34CEF6F8423343D0EA1038106AC0300C2AC571A2A935BFF75BC71AD7522E8C00068139EF31F39EB695AB5F16535BFFAFA6ED22F35100CAA26A2B2B07CC08CEF47ABCDA5D21B30B9367C3C9B18A64871EA179D99FFEDEEFDDB4FC4AB2C71FAD6EA99B1BB23333C195D9995FC72E7A4B62E6B65D643E0A4059546D4D3D07C77B1CA8D91532D33B9B591368861258E549F2E33D2497BE68D1ED6F0B09C79790ECB8987CE6005679D29BDCF0D61D7A8198F396C1CC6DA3EA01CAC92800655175BD28D7F51E9AC1869A0991445D95183394C0B18BC41AD7E25A05D2DD37FCCEEF9B5E7D23AE5D269E5A8B6317EB6677AB555FAACFAD72D69B059EDB46F500E5641480B2A8DAA52446CDFF9BE1248E353B04AEDB231C4E5503B06503E9EE1B68683D9F78F3C6537ECF78CB261A9A37D1DC750DB1E60DD5009C5EFB074C9F1F3C3DECAE4CD54D8AD4B651CB60E4641480B2A899757E8619AE9B5535A78FB3F41ED70C37CD500356718274D7CB892457901FDFC3B2CD7FE1CDD62E26108CB36CF3ADE4277A8835AE21BDF2E558C589FA325756C12B7A60CF2980E0D8250C335CD77691852800654176650A67BA1C7E35F06687B9D585CFB33B316A2BBF98A104E1582BE9D53702104BADC6B64BB4AF7FC3A2BD32D7A9D0BEEE666CAB40AC713560905E7D23E1786BFD10B83C59B7FBA3BE24D69417888E53AE6BB3C85C0A4059906315607A3B99194ED5875C38E995BFAA5D046D182601334AB471754D6855AB43279ACF6372F061BC8DBD755CEC7296786A7575A679FA2566284134B58A8019F5CE0BA95D0C6DCF190257C3717AB8ECD89A089145290065418E55F07A6CD51E60CD7DBE60C3EC8C6C30E65582314309CA85611ABC5D202EE347EFA76DED4DA496BD98486239437BBF36E79D5C86F67E8D787A33CDDDD7D2BAFAD54CF4FF9C99146C68BD907261D80B54A766E98B5DA99F04B12BB34362D7A9280065510A40599055CE78F7FDAA43DEDA6AD0716F5748309CAADB0637D1FF73026614D7B5E97DFCE334B49D4F43FA3C921D2F2473FC31026698A13D5F01D7C1756D06F77C05C38C3039F81B126D2FA0217D1EF1F4667A1FFF38AE6B1330A34CF4FFC2EBD9D9567EB6204265CE32182B57B32EB0E4ED4E11998F025016543D13787A7173B0A1FE44B8DAD25866D41B1E9BA10485890304CC30471EFD281D1B6E21965A835DCED2BBFD1374AC7F13A1583B9635C5C0D3B731F8F417B14B59C2B1763A36DC4CEFF66AE8451A96D2B1E1168E3CFA5102669842E6C0EC5AC0F2645D55E8BA7B80567EB638825D500F5016A533416441567912D7AD2E2C36C349AC9ABDBFC14863CD10385AB70B241008915EFD6ACC509C48620591C432C6FAEEC1A9E471ED328D9D2FE2E0AFDE4FE3B22BC07598E8FF255BDEB89D918377110A3572E2D0F708C53B88A6BA59BAF956EC4A9ED14377D5ED06090467EE01CE6E8503B04AB37B855DD7F1D62A8ACC4701280BAA14EB0F44AA5BEB178C7B0550CDF0ECBE6023102492EC22DEBCC17B6D38BE8483BFFE2BCE7FD54FE9DFF9690072E3FB29E506305C974A25C7E4D0A394A6FAE9DAF241F6DCFB7A3ACF7D370091C40A00B289150402D53F57DBCA7BA5EFEDF264FD3298393DC2DACF20329786C0B220AB30EC3D9EEF44B8D97580B19AE5262E2DDDD77374E7A7C98FF700108E77B2F9FAEF631826AEEB32D6FB63706D0C23048130B836637DF77AB3BCEBAFF83289E94A3299C18718DAFB55D2AB5E896D55EF475697BA4C4F82587397C1D43FAFFD0C227329006541B5C3C7602835A707D85077229C5D9922146926D1BE95B1233F269AEC66A2FF7E5CA7C29E9FBC91ECF00E00A2C92E460FFF083008469B09469B018391437791EADC06C078DFBD1CF8E57B0197C9A14730430D648EFD92E6AEABAB0731D594C5772AF9BA5960C7CA7BA5B3E67E0691B91480B2A0BA43D043F1BA3031C3C9BAF2F895FC10EB2EFF024EA54830D244DBDA9BB0CA93F4FFF65FD970E5EDE4C7764F5F338765E508455B08041B30430942D116EC52D61BAE96A6FAE9BEE4EF1878EA0BB84E85B6B5AFC7B10AD8D61417DCF873F2E37B67EF015AB9BA7580567992406876485CFB1944E65200CA82AC72ED99C0B1393B41E2DECCEFF8D1FBE9DCFC171866043392A465E575D5DF2F6588376F24D6B40EBB3245393F4469AABFDA4B8BA6315C171C8750AC15D7A93039F86BAC7206D77588379F432018F7EEEFB5AD7B03AE5DA1521A65C315B733D67BCF741B27EB96C1D40E8FE77E0691B93409220B72EDD982A2819A21EFCC519476254763E78BE9DAFA21628D6BC90C3E4824D6E9FDCEEACB3E5573358381A7FE0F9186E558C5311A5A3651CE57EFCF85E31DE4C7F71149AE6460D7E73102D5BDBC4BCEF9F3BAF64453ABC88DEFA5B9EB65ACBFF2768AD93E0AE33DDE119DB8CEF424C8EC90B8F63388CCA51EA02CC8ADAB065D73087A28895DCE9268BD804D2FFF36B1C6B5D3BF0018B3DBDC8E3CFA37DEE3FEDFFE0B2D2BAF2337BE078070ACBDBACED02A108A55CF102E4CEC23DEB289E103DF9CF71A60604CD77B3143092E7CF50324DAB750CAF67907A4571749CF0E895D558596452800654175E7819831ECE9BDBFC1589ADEED1FE7DCEBBEEB153BAD148609C797108AB652298C70E2F0F729E78729E78728E70648A4CFC30C25284E1EAE5E2F18C7B18BD55257D33DB6E2E46182E126A2C99558A509F2E33D94F3C7C90C3C4861623FF1A6F58462ED94F3C7816A859AF36EB897A19E7F27186D02C02E67EBAACEE85C10598C86C0B220C7297A8F03A1EABA3F33D244D3F22B5975C9C7BCB25300637D3FA5A5EB65D8569E1387BF4F257F9C55DB3EC1898377519AEA67FD555F61ECF00FC94FEC07666691A7174F4FF7D8F213FBC98EEC60FD955FE6D8AECF618612AC7DC9BFD2B7E3538462AD746CB805D7B519EBBD9B8E0DB700D5E20B2B2FFE6B2AC53186F6FE5B7586B86612A4F63388CCA51EA02CACE6FE99194AE2BA0E1DEBDEC486CBBF58177E0056719450AC8D687225BD8FFD1D9D9B6F25146DE5F8BE3B6959F972220DCB983AF114C5CC2100A28DABB02B39EC4ACE3B3FB898394431738850344DB27D6B754F713046E7B9EF6460D7E708469A0845D358C5F1390D3558FB92CFB2F4BCF7E03A16666876088CEE01CA22D403940539EE6CEDBE42E6001DEBDFC4AA6D9F7CF60BDDD97338C67AEF26DEB49150340DC0E6EBBF4730D2E25DC3752A98914642913433D55E42D13466A409BB344161E200002D2B5F4EB2FD62A0BA1BA4217D3EC3FBFF83F6F537577FCF75AA131F35566FFB24C17092DCE853F37E0691B91480B220C7AA0E1F83D1160C0275E197197888F1BE9F608653046369126D5B28E787C88DED61D985EF2737B61BD7A970E081F770D14D0F034C0F4D0D22F14E0291460CA3FAE767865344629DE44B190291D9DE5BCF7D6FA56BCB07AB95A157DD80551AA738798844FBC50CF67C0DAB308A53C9D2D4752D8D9D9701D0B5E5C30CEEB99D60A419AB34EE7D0691F9280065418E53261CEFA47BDB27E8AC599232B4F7AB18811081509CA9912748B45D44263FC2E8911F108CB66297B21CDFF70D702B746C7C0B95E228A1689AA66557108A34B362CB878937ADE578CFD701685B7B130DAD177274C727BD3A828E5DA479C5558CF5DD4BC08C1049ACC0AEE438F6D46D84A2AD1886C9D4F00E1AD29B29660F53CC1CA063E35B01E8DCF44E02C118871EFA2BAFA2B5C87C1480B2A0D2543F1BAEBADD5BD80CD522A356719448B28B726198352FF92C8E55A434759463BB3E4F22DC841949E25A7922A92E2A8513F4EFFC3481500376294343CB664E3CF32DE22D9B39E79A3B013871E887E4469F24DEB289F2547FB5249655C2088408C55A294DF6926CDB4A39374829DB47EBAA57126E5846C7C637D3B7E31F8835AFA7981BC4752C8CE982091DEBFF8C70B48D7DBF78D759F9EEE48F83E1BAEE7CF5C945705DDB2B5050EBD1AFAF61E9E677D3B4FC2A468FFC8052B61FC308108E77D2B4FC0A268F3F4ADBDAD733D6FB6326871E219258CE8A8BFE07CF3CF401CC6003CB2FFAEF1C7BF25F8837AF070C72E33D2CBFF0BFD1BFF39FB1AD1C6B5FFC198EEEFC34A5A963A43A2E21BDEA150C1FF84F92ED5BC90C3C48293700AE4D24D945BAFB06C6FBEE6370CF97B9E42D079FD5D66AE9AC931FC624FEA4009453669533F4FCEC16A6469EE4D2B7F591197890DCD86E3A36DCE29D0D9C1D7A8CB1BE7BE8D8F856FA767C8A48432746308A6B150003C72E52291CE79C977D8B3DF7BC0E5C874DD77D873DF7BC8E60348D69467171080463B856917261889517FF6F06F77E95A6A57F42D3F22BB04AE3E4C7F7D1D8F9222FDC1EBEBD9554E7656CBCFA0E82E1C6C53F88C83405A09C9242E6190E3CF01E3A37BD83B6756F006078FF7F901FDF4BF7257F5FF7DA1307EF62FCE8CF5877F96DF35EAB3879989167BE452018C7304CEC4A96B6756F249A5C39EFEBF73F702B2D5D2FA375F5AB01C80CFE9AC2780F85CC41566DFB07EF75C307BEC9D09E7F63DDE55F98DD9D22B208AD039453F2D81DEB308C80177EAE53A19039801108D3FBF8C7009742E619009ABBAEA17DFDCD94A6FAC98FF7D0FFE46738FAC43F79D78AA656915AB28DB6B5AFA375CD6B482DD94624B19CFCF85E26FA7FF1ACF7EE7AC1FF22D9FE4286F7FF3F001A3B5FC4924DEFC02AD5173A685FF746300C1EBB63DD69FA16E4F9469320724AB6BD7D90BD3FB9D97B9E1FEF61E4996F93EC78E1F4FABD671878FA3692ED176386930CEEFE12C14833CBCE7F2F76254F38DE0E54CB6199C1188D4BFFC4BB5638BE8472FE38B9D1A7C90E6FA769F91575EF1D4D75931FDFCFE1473E024680E6E55731D67B0F8E53E2F0237F4DBC79231D1BDE0C806B97D8F6F6C133F08DC8F38186C072CAF6FFE2DD3876898D2FFD7700C68FFE8CC2C47E1CA7C2D4F013746E7E377D8F7F9CF4EA1B39F8D00768E9BA969695D7562733965C5A5D2738FA34E0126FDE4830D244F38AAB3971F02E9A56BC94E2E41186F77F83687225F1964DE4C77B88265756C3CE2E529C3C52DD3E67181886497AD5AB300221BAB67E08C330D977FFDB0998910587DE2273A90728A76CFD155FE491AF7579CF9B575C4DD3F22B29657B4977BF92A9911D34775D432CB59A8B5EFB6B0E3EF401A64676126FD944AC712DBDDB3F8E631588B76CC20884A8144F30F0D46DD52208D1168EEDFA3CE5FC1095C209924B2E253BBC1DC330991CFA0D9DE7BE8B48C3724E1CFE1EE7BFEA6718469068AA9B4A61C49BA91EEFFB2997FEF9D1B3F5F5C81F21F500E57772E097EFC575CAB4AFFF3392ED5BBD93DAE6933DFE18D9911D2C3DF7BF307AE4C78C1EF911CBCEFF4B6C2B47F6F8E3F43FF959565CF401624D1B48B45D48EEC4539C38F45D5AD7BC9640204466E861D2DDAFA430B18FF4AA1B8099438FEA0F41CA8E3CC1F0BEEAFDC175977FE1F47E01F2BCA20094DF89EBDA9C38F85DC67AEF263BBC03C30890ECB89858E33AA2A96E22C92EA2C99584E34BEA7ECF2E67EB4AD703947383841B3AEBFECFB18B1846D05BD0ECBD363F4431DB4B29DB4771F20885CC336487B7E33A1689D60B48775F4FEB9AD7600442A7E783CBF39202509E13BB9C253BF204C5CC418AD95E8AD92314278F50A93B512E4E30D2841108D6ADD133C3A9E96BCC9E35629533B88E85559AA83B8429146B279AEA269AEC269A5C49B47135C9B61778D710F97D2800E5B473AC7C35D0EC6A6102AB34C1DC3F3BC3300846AA454D03669460A4A96EA82B723A280045C4B70C668AB28988F88C768288886F290045C4B7148022E25B0A4011F12D05A088F8960250447C4B012822BEA5001411DF52008A886F290045C4B7148022E25B0A4011F12D05A088F8960250447C4B012822BEA5001411DF52008A886F290045C4B7148022E25B0A4011F12D05A088F8960250447C4B012822BEA5001411DF52008A886F290045C4B7148022E25B0A4011F12D05A088F8960250447C4B012822BEA5001411DF52008A886F290045C4B7148022E25B0A4011F12D05A088F8960250447C4B012822BEA5001411DF52008A886F290045C4B7148022E25B0A4011F12D05A088F8960250447C4B012822BEA5001411DF52008A886F290045C4B7148022E25B0A4011F12D05A088F8960250447C4B012822BEA5001411DF52008A886F290045C4B7148022E25B0A4011F12D05A088F8960250447C4B012822BEA5001411DF52008A886F290045C4B7148022E25B0A4011F12D05A088F8960250447CEBFF037E0424F03BE3D2770000000049454E44AE426082');
/*Morocco             */INSERT INTO "Flags" VALUES('Arabic', 1, X'89504E470D0A1A0A0000000D4948445200000140000000D50806000000264C29EE00000006624B474400FF00FF00FFA0BDA7930000000774494D4507DA0508132A079D4A76D400001B3D49444154789CEDDD79909CE561E7F1EFDBE774F74C77CFA139353D874660C9485ED91007DBC410B061ED38045C5E3BB539D6C64E2AE54D76B3E54D6AE3AD1C4E1C17A14282CBBBDEB89CD8864A55D66B2E83314612BA1042C6188C40A35B9A4333D268469AE9FB7CDFFDA385D030F3BED3127320BDBF4F95AAD0CCDB3DAFA0F9E97DDEE77D7E8FB1E3DA0D1622222EE459E913101159290A4011712D05A088B8960250445C4B012822AEA5001411D752008A886B290045C4B5148022E25A0A4011712D05A088B8960250445C4B012822AEA5001411D752008A886B290045C4B5148022E25A0A4011712D05A088B8960250445C4B012822AEA5001411D752008A886B290045C4B5148022E25A0A4011712D05A088B8960250445C4B012822AEA5001411D752008A886B290045C4B5148022E25A0A4011712D05A088B8960250445C4B012822AEA5001411D752008A886B290045C4B5148022E25A0A4011712D05A088B8960250445C4B012822AEA5001411D752008A886B290045C4B5148022E25A0A4011712D05A0AC989C6952B0CC953E0D713105A0AC98BD99143FCBA457FA34C4C57C2B7D02E25E7F3F31469D61F0C1FAE84A9F8AB89402505644C5B24896CB2401130D456465E873272BE2D55C9650431D759120AFE7322B7D3AE2520A405911DB33490ABD71CABD71B6A7932B7D3AE2520A405911DB3349CC9E6A006ECBA656FA74C4A51480B2EC8E14F2E4B06055045A23A4CC0A278A85953E2D712105A02CBBE7D249CC440C0CC030A03BC6AEF4CC4A9F96B890025096DDE65C92526FFCC2EF8B7D71366B182C2B400128CB6AA25CE254A1009D0D6F7EB12BCAC97C9EC97269E54E4C5C490128CB6A773A89AF230ADE8B3E7A5E0FBE8E28BBD3BA0A94E5A5009465B5399722DF179FF3F57C5F9CCD393D0E23CB4B0128CB2663563890CE40776CEE37BB630C663264CCCAF29F98B896025096CD0BE914C1960804E7598159E723D01466AFCA116419290065D96CCDA5C8CD33FC7D43AE2FCED6AC86C1B27C1480B22C4A96C5CFD229ACC43CC3DFF3AC9E382FA653942D6B19CF4CDC4C0128CBE2956C064F38000D41FB831A8278C2015ECEAA1C419687025096C5F66C9242BFFDF0F70D85FE38DB350C9665A200942567013B3349CCC4C2016826E2ECCC24D120589683025096DCA17C8E8201B484173EB8254CC1537D8DC8525300CA92DB75BEFAAA566622CE0E7504CA325000CA92DB929D5D7EB090526F9C67B52A449681025096D458A9C864B1041D0D0B1FFC868E06268B25C64AC5A53B31111480B2C476A79378BAA2E0316A7F91C7C0B33AC62E0D836589290065496DCEA52838ACFEB053E88BB3598FC3C8125300CA9249562A1CC96461B5FDEA0F5BABA31CCFE598AE9417FFC444CE5300CA92D99349126CAD8780F7D25FECF7E26FAD678F3A026509290065C96CCDA6C83A0D7FF36528DAD75FE5FAE26CD16CB02C2105A02C89A265F1723A050EE5078CCCC0A8C366488938AFA4D3142C73F14F500405A02C9197B2697C0D751009D81FB4EB04C6CE13F6DF0FFB09C442FC541D81B2441480B2249ECD24E7ADBEBFA052BDAAB34C0B2AF62B7F737D71B669365896880250169D09EC5E68F9DB6892DE4898AE7008C6ED03CEEA89B3279DC2543D822C0105A02CBA03B92C159F079A42B6C7044E4C735BB881DBC25102C7A7EDDF2C5E8715F4B22F975D823315B75300CAA2DB91495276BAFAB32C189DE1A6FA18BF521FC5189EC1E902AFD8AB7204591A0A4059745BB349CA4EE50713191A0C2FBD812003C13AC2860167EC5BA02B3DBA0F284B4301288B6AA45860BA5C86B67ADB63BC27A6B925FC6639C2CDE128DE13E7ECDFB4B59EB46572BC905FCC53155100CAE2DA9549E2E98E39961F044E4CF3E1FAE885DFDF1C891238E1701FD000AB3BC6CE8CAE026571290065516DC9A628380D7FA7F318C50AD785DE6C87DE180E43A102D3F65778A5DE46B664B52C4E1697025016CDB94A9913D91C74D9AFFE3086A6B9B1BE010F6F5E217A30B8B1BE0163C8E12AB0AB81B17C9EC97269314F595C4E01288BE6F9748A407B03F8ED3F56A1E3D3DC128ECEF9FAADE12821A7C761BC1E7C9D519ED36CB02C2205A02C9A2DB92439A7D51FD912C5991CBF14993B417243A49ED24C0EB2F65778F9DE389B350C9645E45BE9139085ED4A27F9D1CC39D25685AE80C3C6E28BAC8245AE525B1141DEAC543734EFEEB53FE8D553C4FC3EEE3F333EEFB7637E1F933F78ADBA81FA3C2CD3E4B55C89BF9E18C5C725344C2F92826552329D57A40C15F23478BC7C32DECC6DD14B2F8295E5A500BC027CB03ECAD6D40C7B9249F6852CE86D5CE9539AEBD014448310F6DB1EE2199A66AACEC3D36BEC568854BFBE50E46EB9BC335C7A47A6A050E0F65823B72AFCAE080AC02B8007F8CB8E6EEE8C35F13F4F0F53481729BDBF1BBCCB7F1564C773780A6B4DB3FD828E5C093357823B3742DD55F6B1AB98F8F78C10CA56F86AA29F8DA1C84A9F91D448F700AF209BC211BED73D40FF4896E0930721FD0ED935AD6262A68B584ECBDF5E3D8DA73174F5855FAA40F0F1035C3396E7C1EE0185DF154601788569F1F9F966571F771226F0D860B55474A51D98C4087A215E677B8867641AABBF69194F6A190C4DE37F6C904FF9A27CA3AB9746DF5516EE2EA0FF625720AF61F0C5967636D545F8AB6DC729AD5B45E5FA4E30566648EC393285D5E7106E6513335304A72BC42B8969E17BF124814353FC455B37BF1CB9843D8FE51D45578057B00FD437F0DDC400DD4793049F3A0CB9957948D84A16B09C567F0C9EC108F9AB932457BA6C89E08F0ED17322C577BB07147E573805E015AEC31FE0DBABFBF9682940E09141185FE6E7E486CE55273E5AEDEF7D798E9D85AB61F83B96C2FFC87E6EAF04F9A7AE7EDAFCF633DE7265D010F82AE0370CBEB4AA937F170C73EFE6A394DFD38EF99EF6A5FDA11650AC60BC76062311C374187E9BD379785F5775BD6FAD1C768BBBC06380EF32FE0EF7188EAB55E6B0C0FBCA38BE7DA7F9B3D62E6E6EB88C7D8EE51D49017815B92D1AE79ABA107FBA7F98A953690A37F742B0C6FFC467B3F0F4E1EA569597C0F27BB136F4DA1F70EC6C75FF8F670E5FD2FBD6C430AAE5AA9722E4873BD642A37D5BF52C853281678FD3325DE4DEEE352496F14174597AC68E6B3768B385AB4CDE34B9F7CC18BB8B190ABFDAEF383C9DA550C6BFE518756773FC6D4782BE80FDAC2EC0D97299CF8E1CA1F25BEF01EFFC57549E9F8FF1AB27F2FCD7968E4BFA33DC3F39CEF60E3FE67B3BE73FA062E2FDFE3EFE25B196E605665F0F15727C796C98525B84F2ADFDE0AF71A3F6890CC1ADC7F85030C29FACEAA4CEA33B46571BEF675BDAFE72A54F421697CF30B8B93E4A0C0F2FBD3A8CE9F7C0AA1A42D0E7C1BCA699B2D760CBA151BA7C01DE1D0A13F478E6FDB5339DE4A59887F2DA66DBB70CED19E59EFA66FA8375B6EF33DFAFB061B06BEA2CE50D6DD561EE5B7FF9BD04CF6449142C368623B6EFF393D4347F3B7192E20D9D9837266C83FAAD8CD727F0EF3CC11F35B5F17BCD6DF85668865D9696FE4ABB8AFD7AAC896FAEEEA7E59509025B8F41A9B67B70E6756D146F1FE0FEE9D37C756294A2CD30F399DC025B5FA68B945279DE1BB66F87B6B3295C4F2553747CD83BDF1BE7199B7284BC69F295D3A37C237986E21D6BB1D6B7D6F6834B15025B8FD1F28B09FE4FF71A3E11BB0A266FC49602F02A3710ACE37BDD6BD874AE42F0D1413897ABED856DF514EF5ECF8EBA0A9F1B3DCA68B130EBDB59D3643093816E870981E169AEAF6FC07F19574F7EC3E07DF50D18C30E1559891883990C197376B08F140B7C76F428BBC2150A77ADABFD16C0B91CC14707D974AEC277BBD7301074BE0520573E05A00B443C5EEEEDE8E19E7013FE270E621C9EAAED85753E0A77AC65EC9A463E3772941DA937579DFC349322D018765CDA163E3ECDADF374FFD5EAB65003A1630E0118F4116C89B03793BEF0A5EDA919EE1939CAE9773551BC7D6DCD9340C6E129FC4F1CE49E7013F776F450EFA9F13EA15CD114802E61009F6E6CE1EB9DBD44F79EC4BFE304946BA8BA32A0F2DE0E0AB7F6F33753633C30394ED9B2D89A4D92EB7718FE162A1427336FEB41E11BEB1B284C66A0603F339DEB8B5577A1B32CFEF1CC385F9D1CA3706B3F954D1DD4D4985531F1EF1CA261EF49EEEFECE1D38D2D2B50B4252B4501E832EB43611E4C0CB06EA248F08707205958F845005D518A77ADE7479E3C5F38798CBDE91456C22100476718088769F05EFE9554C4E3E5DA48D871BDB39588F3D3748ADF3B798CA73C398A77AF87AE1AAF3A93D5228375A70B3C945091811B29005D28EEF5F140672FBFE98FE27F7C108E3B6C4979B1B09FC2C7AF61A82D44A15C81947D78D61D9FE6A3A1CB1FFEBEE123A12875271C0A1F1A8294433E8EF94C0ABF76AD631FE12C43D3F81F1FE453BE061EE8EC21EED523B16EA40074290FF0D9A656EE6D4F107E6E18DF9E1158A0EDB8FA4283CACDBDB0B11DB61CC578696CEEC3C8158BF2D80C1FAA7FFB01F8C1FA28E5B119A8D89F9BD5DF84E1311CB7E2BCC0B4F0BD304A64E7105F6B4BF085E6B6591B3489BB28005DEE7DE17A1E4A0CB0663843F0894BE818BCBE0B6E1F80C1093C4F1D9ABD82643C455B30B8286B65DBFC7EDA834118B3DF0CC9EA8963A50AD8B7B19E972D117CF2203D4329BED33DC00DF3EC4D22EEA20094CBEF186C6FC0FA0FD755D7ED3EFC3A9CAECEC6FA4F4C736B68F15A526E0B2DB0717A4BB8FA80F35187D9ED9349028FECE7E356886FA9C840CED34A1001C06318FC52B89E3E7F90E75F1BC62A9B581DF50B770C7A3D58EB5661648AB07704C330F01D99E20F1ADB68F62D4EC83478BD3C75F234950D6DB633BB9E54014E26E19A96D9DFB0C0FBF23881BDA37C7955179F696CC1A3551D729EAE0065969BEAA3D58EC1C33397D43168DD98809BFBB15E1EA3902FD119987F67B7CBD1EEF7532957E0F0A4ED31666F239CCBCFFE62BE4CF0E9C3741E3AC7BF74AF518B8BCCA1009439DEE818BCB578BE63F0548D1D833D71F8F4467C6DF5FCF6F0110EE66B5C75E2E04821CFEF0C1FA15C31310ED907201D0D5815F3CD3EC4890C8147F67353CECBB7BBFA59AD1617998786C0322FAF61F0A14803ED1E1F3FDD378C6580D556C3A481DF83794D0B799FC14F0E8E10F77AB9B6AEC6EAA9B7F8E1CC59FEFCD40899F775C086768CC133D5D9E7F918069EA92C4C64F0644BF8770DF1DF9ADAB9474506E24001288ED604EBF8707D94178E9F2277F00C6677ACB6E565AB2254BAA2FCFCC0288773397E395CFB9AE0BC69F2D7A747793837535DCED6138748007E710A5A22B6D5FA16C0FE33B49CC9F38F9DBDBC5F75F5B2000D816541894090FB3B7A2827F3F0E87E3872B6B617B68429FCC67AF6442CFED3C811868B0BAF3A193E5F64B0A7DEA278D7BAEA0C2F80C7C0D31DC7D83F61FFE2D5318C8AC9373AFB5464203551004A4D5EC96608754431AEEF82DD2730B61FABED85412FC5DB0798B8AE85CF8F1CE599A4FDE32CCF24A7F9FCC8514EBDBB99C2ED0373AE34CDBE38C664D6FE6705BCD4B536F04A366D7F8CC845148052932DB924B9BE78B557EFE3EF82F1349EFFF75ACDB3C4E6C6760AB70F70DFD953DC3B3146E9A2D52325CBE2BE3363DC77F614858FACC1B4BBCFD715C32C94613A3FFFF7815C5F9C2DB965DE184AAE580A405950C13279259D8637CA0F5AC25877AF878620C60F5E07A7CEBE8BB5D553BC7B1D5B03453E3F7A8CF15291F152F59F37FB8B14EF5E071D0EF7EDFC1E3C6DF5B0EF94FD313D715E49A728583534DD88EB290065412F66D20462A1D94503411FE61D6BABB3B2DB8E61EC1EAEEDCD427E0A1F5BCBC8DA189F397690DF1E3EC2C84094C2C7D656372C5A80D9DF8467CCE10A2FECC71FADE3A58C86C1B23005A02C685B3649AE77FE8788ADF7B4C3AD6BB00E9EC1BFED787507B885542CACF114F8BD946EE9A3727DD7C22B4EA0BA11D2F00C66A6E8D86598EB8DB3CDA62A5FE4620A40716402CFA753583D0EDD7FA6457724C4BAC912C1C717E8189CCA627C7F1F56B90277AD77AED4BFD8F9EEBE774F57E80E87AACBDE6C58BD719E4B27D1205816A2001447AFE7329801AFE33EBAFEA1193E128EF240672F9F71EA187CED34FCE820466F23D627D6417D8DCBE52E74F74579A0B3873B2231E77284C61066C0CBEB39871963111480B2801D9924E55E87AB3F0B8CE1696E8A44F1009F6B6AE56B6D0922CF0DE37B61B4DA316882E7E943F0F331B8A917F30309F05E4E775F2B1E0C6EAA8F561B6B1C36452FF7C6D991B1BF4A140105A02C605B2645B9C761987A2643C4F0D07FD183C73744EA793031C09AA134FE875FC7F8B75F60A58A70E73AE86BACED07674B049E3C48EF508AEF256677F7F50482443D5E389DB17D79B927C6F6AC02509C2900C5D670B140D2AC80C31A60CFD0341F9E67E7B7169F9F3F6C6EC3932F637445B1EE5A0FB11A57679C4CC2C3AF533A97E53F37B5B16A9E5AAD5B220DF8861C86C16DF5CC542A35AD3E11F752008AAD9DE9647592C261863678629A9B237303F007D353FCF1D8098AEF5F8DF9E13EF0D5F051B3C0F8F9186C3902D734C3077AF8EFE3C3FCDF739373CA9E3F1C89E273BA0F6818D01DABFE19446C2800C5D6965C8AA2D3FDBF64012B576243287CE14B19D3E47F9C1AE65B99294ABF762DD65B0B4AEDE4CB787E7C08F64FC06D03F0FE6EACB5CD943E712DFF9C3BC79F8C0F91BE6803F4778722788A15C78DDE8BBD71B6E41480624F0128F33A572E3392CB41A7FDC646C6F03437D4375CA89B3A52C8F3BB2347F859CCA070D73A680ADBBE7696D3698C875F875C09EB53D7CDDED6B23144E137D6F172A37756C7A007F8607D0386D330B82BCA482ECF54D97E5F61713705A0CC6B772689BFBD01FCF61F91D0F1696E3B7FFFEFC733E7F883D1634C6D5C45F1B635E0AF6D3F6063DF6978FA102462989F7CF7FC555B7E0FA55BFB39B7A98D2F9E3CCEC3D3D5BD3F6E0947091D7708409F077F7B037B341B2C36148032AF2DD914B93E87E16FA14C612ACB865084AF9C1EE51F662628DEB116F3BAB6DA7E40B182F79923582F8FC1077AB06EEA5DF025D6FA564A1FBB867F4A4FF267A786595F17A694CC43D6BE9021D71767B35685880D05A0CC91334DF665D2CEAB34866768F2F9F8A3B1E33C17AA5487BCAD91DA7EC0D92CC1C706B93E69F1BE5084E02BA71CEFE5CDD212A670D77A5E8C1A7CE1E4B1EA86E64E650C8938AFA5D3E44CAD0B91B9148032C7CFB26902F190633981F1FC30678A45C6DFD544E18EB55057434B34601C9824F0E4217E3FD2CCDF75F4F0F79DBDDC136AC4FFC4418CC30EDB5A5E2CE0A5F891354C6D5CC59962119E772862A8F311680AB337A3AB40994B0128733C9B4992739AFDAD5858A609B7F453D9D461BB55E52C6513FF8EE3C45E1AE781AE5E3E196F06AA2FFD74630B5FEFEC25BAF724FE1D271C8B0E2E665ED7061F5D0B1E034A15DBE3727D719ED53058E6A10094594C2CF66452584E01982FC1A737D6BEAA63264FF0F1036C3853E6A1EE01D6D7CD9D1D5E1F0AF3606280751345823F5CA050E162ABA3F0998D50B00F402B11636F3A49D961E99CB89302506679359B85A0D779D5462430BB1BD0C9F173F81F3FC07F0C44B9BFA387A8D77E7638EEF5F140672FBFE954A8309F3A9F73B142AC0E23E4679FCA11E42D148032CBCE4CD2F9E1E75A552CFCCF0F53BF7B98FB3A7AF8DDA6D69A46CA1EE0B34DADDCD7DE43E4B961FCCF0F43E5ED5FB9157AE36CCBCCBCEDF791AB8B025066D9964D5271EAFEAB45BA48F08903AC19C9F250F75A36856B9C1DBEC8A67084071303F48F64093E7910D2C5B7754A666F9C1D9A0891B75000CA05C70B79D29609AD356C806E676486C06383DC6944F8DF5D7D34F96A9B1D9E4F8BCFCF37BBFAB8933081C706AB155897FD66117286C59182FD864AE23E0A40B9E0B94C12BAE3B5CDEABE9565E17DF124A1ED27F84AEB6ABED8D28EB7C68DD09D780D832FB6B4F395D6D5D46D3B8EEFC593D58EC14B6554274376A91C412EA200940BB66453146DF6FE70942B117CEA30DD47937CA77B0D37461C7676BB4C37461AF86E6280D54793049F3A5CF3769C17533982BC95025000982C9718C9E7671711D4623C45E091413E5A0AF0EDD5FD74F86BACB9BF0C1DFEEACFF8683940E0914118BFC47B7A1D514EE50B9C2E5D7A78CAD54901284075E3237F4714BCB57F243CBF384560F351FEB4A99D2FADEAC4BF0843DE85F80D832FADEAE4CBCD1D04371FC5FBF23873CA02ED780D7C5D51766B182CE729000580CDB924F95A87BF8532C19F1CA17DFF14FFDCBD86DBA28BF0D8CC25BAB921C6B7BBD7D076E02CC19F1C86426D9557F9BE469ED13058CE53000A39D3647F3A03891A826C324BE0D1416E4C1B7C67F51A1281E0D29FA08D4420C87756AFE143592FC1470661C27E8F900B5647399CCDCE2A5715F752000A7B3329024DE1050B0D8CFD13049E3AC41F4657F157EDDDD47956FEE353E7F1F0E76DABF9E3582B81A70FE379EDB4F30B823E022D115E48EB994051000AF0EC42DD7F2513FFD66334BD7C9A6FAEEEE7D7634DCB777235FAF7B146BEB9BA9FE657CF10D872D4B11C21DB17678B768C131480AE57B62CF6A69358099BFB7FE772041F1B64D3B90A0F26061808D6B8B3DB0A1808D6F1BDEE01AE9FB1083E3A08676DD6FE26E2BC944E51523982EB29005D6E5F2E8B11F2CF5B7E601C9EC2FFC4413E176AE4EF3A7AA8F7D45673BF92221E0F5F6B4FF0FB9166FC4F1EC2383039F7A0FA00BE863A5ECEA697FF04E51D4501E872DB323314DE5A7E5031F13F3744C3DE93DCDFD9C3671A5B2E6B71C84AFA64BC99AF77F6127B691CFFF6E3733A06F3BD319ED55E21AEA70074B99DD914E6C5E507C902C1C70FB06EBCC043890136862EBDC8E09D627D28CC43DD036C982C137CFC00CCBCB90ED8EC89F35C2655F3238472755200BAD8D1429EAC65C1AAF32137348DFFF1413EE58BF240674F75BF8D2B5CD4EBE5FE8E1E7E2710C3FFF8018CA367ABDF680E53F21A0CE6D511E8660A4017DB954E6226626059F85E1825B27388AFB525F842732B9E2B6ED06BCF007EAB6915F775F410797E04FFEE6AC760B937CE4EAD0A713505A08B6DC92529B546083E79909EA114DF4B0C7043E46D5461BDC36D0A477828B196B527B3049F3840B939A4BD425C4E01E85267CA254632397C7B47F8B815E25B5DFDACF2D558737F056BF2F9F85F5D7D7CCAD380EF85114EE7F29C2CBEBDB255B97229005DEAC733D5FD36FEA2B59BFFD2D2816F198A0CDE293C187CA1B995BF694F00F0C3991AB7E394AB8E02D0A5B2A6C9BFF65DC3AF345C62FDD555E4C64803DFEF7FD74A9F86AC2063C7B51BF424800B995857D544C7DBA17F17EEA52B4097D2FFF06FD2BF0BF752008A886B290045C4B5148022E25A0A4011712D05A088B8960250445C4B012822AEA5001411D752008A886B290045C4B5148022E25A0A4011712D05A088B8960250445C4B012822AEA5001411D752008A886B290045C4B5148022E25A0A4011712D05A088B8960250445C4B012822AEA5001411D752008A886B290045C4B5148022E25A0A4011712D05A088B8960250445C4B012822AEA5001411D752008A886B290045C4B5148022E25A0A4011712D05A088B8960250445C4B012822AEA5001411D752008A886B290045C4B5148022E25A0A4011712D05A088B8960250445C4B012822AEA5001411D752008A886B290045C4B5FE3F78A2E1921C0E17370000000049454E44AE426082');
/*Saudi Arabia        */INSERT INTO "Flags" VALUES('Arabic', 2, X'89504E470D0A1A0A0000000D49484452000000C80000008508060000001E9EB72C00000006624B474400FF00FF00FFA0BDA7930000000774494D4507DB021116341B0FACC00F0000200049444154789CED9D656054D7DAB6AF99897B42DC0804094103C19DE0140A14778A95162B50A4452B4069A1A5409152DCA14029C535140B1EDC5D9200719B2493F7C7CEACCC9030A7E77CDF392DD375FD9AED32FBDEEBB1B5B68A21557391482485A2FEAB4F4022F93B2305229198400A442231811488446202291089C4045220128909A4402412134881482426900291484C2005229198400A442231811488446202291089C4045220128909A4402412134881482426900291484C2005229198400A442231811488446202291089C4045220128909A4402412134881482426900291484C2005229198400A442231811488446202291089C4045220128909A440FE0B540E08A15AD1B2852E0BF52E0680BD952DEF56A8FFC67D68D46AECAC6CFE2BE727F9F3989D409A84546769F789B83BB818CDF7707015BF1DACED08F52E4629CF4042BC820872F3315AD7CDCE09954A65F23845EC9DE916DE8C88D2558DE697F529CE86BE5F119BFCAAC036EF94ABC399312B0118D7B437CB7B4CC2C6D20A8020371F36F49DC6F7EF8DC44A63C9C4E6FD889F7980292D07887371B675604E875168D4C67F9BE1B50158692CF177F114D38ED676D42E5EF18DD7D2A972631A97AE66B4BFD5BD3FC7DAC24ACCEB502982AF5A0F2E74FB77CAD5A188BDF31BF7FF36637602F1712A42DF1AAD19DDA8879857D6A73831D376D3B7466B009A845463E3FBD3393C7C210B3A8FA553E5C662DD492DFA1337632F9FB71A64F238BB06CF614DEF2FD83F64BE516B31B25137569FDECDFD57CF0A6C1351AA2A4919A968D46A86D6EB848BAD23ADCAD6016066DB6174AADC98E10DBA30B5D5403C1DDCB0D25832B9C50036BE3F0D3B2B1BBA546ECAB0FA9D19D5A8BBD867874A11C44CDBCDD0FA9DC4BC610D3AF36DBBE162BA5DC506FCDC7D02961A8B42AF25CCBF34BB3E9C43FF5AEF02F051BD0E740F6FCEE0BAEF01E0EFE2C9EADE5319DFA40F61FEA58DB655A954CCEF34861F3A8C3679BFDE56CC4E20AB4EEFE2D8DD8B540BCA7F68BD1CDD50A9540C6FD005805BB18F08F10AC2C7C99DFA252A13FDF4B658774483AEA8556A4635EA5EA01532242CA0341D7F1ECF8B9404A3B767909B2FC31B74A166B1F280F200478E584C909B0F657D8A1379FB3CD6165638DAD80150DE371880529E81621F631AF7C4D5CE514C77A814C181A13F1216500A802FDEF9800A7E2500B8F8E42699D9594C6BFDA130C9FA547F878E61118478050150AB78054A7B166550EDF6855E8BA3B51D166A0D8BBB7C4ADF1AADC57E3E6BDA17675B07025CBDB0B6B042A55231A6714FA36DFD5D3C0974F5A65B78333A8645BCF17EBDAD989D4072737359F8C716EEC43D2EB0ACBC6F30369656F4A8DA82B63F8DA6DF9A2F69BF640CB3DA8DE097FE5FE366E7C493C458006C2DADE957B3CD1B8F3365E76226B7EC4FE49DF3ECBA7A9C6FDB0DC7C9C69EE19B67D163E5244EDCBB44D5A2A1ACEE3D95BAC195685BB1016EF6CE6CBD7898346D06D14F1451FA38B90390ADCB11FBCECAC9E6F8BD6812D293C5BC1A41E5E859B525A09850CB7B4C46AD52732BEE11E3B6CFC3C1DA8E8A7E25B1B6B0A2AC4F71D42A35139ABF9FB7AD22D6492DFAE1629B2FBCD751A954FCD4F5334A7A2862757770616CE35E3C498813EBB4AFD4102F4737C203CB60A5B14445BE29BAB0CBF802E6DEDB8ED90904203D2B930DE7F651DCDD8FBE355A9394910A805AA5E6BD8A8D18DBA417631AF762D9A9DFF0722C42A87731DA576CC8B21E93B811F340ECA77B78F3371E63F5E9DD04BA7AD3BC4C4D7C9D3D78AF5223AA0795E3F2B33BECBC720CB54ACDA22EE3851DEFE5E846CB05C35977760F00DB2F4502E064630FC0F787D6897D877ED599B94736D27FED57625E564E367BAF9F12D361FEA5695FB12100F32237F2323591C4F4143C1DF31FD08E6111B8D83A0A117A38B80AD118F2C7DD8BE2F78BD404F6DF8812D3C31B744197AB233D2B1350C439B8EE7B9CFE6405DFB41B46564EB658D7CDCE89AFDF1DF2C67BF636623602A9E85752FCFEE5C241CE3DBACE91E18B58DA7D22E57D4BA0CBD50150AF44180075832B51252084C48C14B15DEB72758D9CF3F2BE2528EF5BA2C0B1CAF90473ECE32538D9D8337ADB1C9E26C611E4E6438DA072629D772BD42B60AFC726C78BDF979EDE01F205B2F6CC1EAE3DBF0F40FD1295C5752C3EB615004B8D05FBAE9F223737FF9BABDDAB2A02CED1E9B81E739F6B31F7C5CB009487B946B172A46565887943EA75A4844780D1796D38B78FC3B7CE028A90BB853713CBD2B332E954B931D763EE8B79E181A15C8FB94FFF9AEF929C998636270B805769493C498CC39C301B818C69DC8BE2EE7E627A54447711C90976F7170F9F6164A669480D0EDF3A2BCC9B5F2E1EE4F483AB8062AAEDBE7A026FA72246C7695DAE2EC7462EC1CFC583293B7F62C1D15F70B056FC89723EC1623D7D40E04DC4A727014A640A4097ABE39B03AB008C224A23B77CCFCDD88700CC78770819D95AB1ECDECB27E2F7E7BB96909B9B4B627A0AF1698A69F6F389ED1CBF1B2DB60718BE79369906FBD05F6BD7E513789AF770D72A56412C9B75700D3F1EDD2CEE5F8E4EC7F1BBD18CD936173B2B1B2AF896E0E1ABE779E7F394893B169ABCEEB70DB31188A38D1D11A5F243AE1D2AE53B8C6E764E443DB802201E02501CCCE7492FD9786E3F0045EC5D8419A352A9E8B17212FBF2A6D52A35535A0EE0D781DFE26463CFAC836B98BAEB27005232D348D5A68BD6C6C1DA8EA621D5799192C0EC836B0B3D5F2B8D2580D1DB7CF7D51380D282E85BB2546D3A3D564E429B9385A3B51DB696D662FDF567F789DF86E6D7FD574F013878F3344919A95C787C532CDB71E5288FE2630A9CCFF3A497745AFAA9680DF4B8DBBB9091A5E5CAB3BB00A46765306DEF327EBB7C943B2F1E636D61C9BD97CAF14ABED63299036623100BB586AA454301C54C0870F562D0FAE90064666BB911ABF816161A8D78A3BE4A53DEE29F6CFB81C4F414EA14AF484CF24B61C604BBFB038A19B47DD02C26B7507212DF1E58CDB85FE7199963579FDD23C4AB28FE2E9E342A158EB58515DB2F47722DE61E4001E7586F8E7939BA89E3E84D213F170F7A566D41117B677A556B4997CA4D99FCFBE202D71CE0EA85B7531142BC8228E7134CAD6215F075F6E0FE4B25C45CAC882F00E71E5D17DB94F2082CB01F3DC7EE5E64F4D63946F3DCEC9D94EB7BAE08C4C1DA0E373B655E52462A510FAE8A90B6938D3DBECE1E6FDCFFDB88D908449B9D4595801040C9649FBC7F99ABCF95873326F91577E21473A4A25F29E6456E0410A1D6A789716C38B70F4B8D0595FD437894A0BC61F5265BFB8A0D49D366B0326A27BD574DE1FBC3EBB835798B78B001765D3D8E4AA56245CF294C6ED11F80C8DBE749C94C07147F41EFFFD409AEC4B8A6BDC5B6535A0EC0D3D1950FEB7610F356F49CC28B19FB58D1730AF169497C736015476E9F33BAE640576FDA56A8CFDA3E5FE4E574C6D1A06465F146D7B768E71FDF10DB94F62A5AE0DE59692CD9D0771A6BFB7CC1DC231B597D7A9758E697F7C0EBEF2540A84F7100D69FDD4BAA369DBB2FF24DBDD29E6F16E0DB88D90824559B4105BF92B8D939111E588698A4976259427AB278E86B17AF20DEE6C3EA77E6F3568350ABD45C7EA638CD253D0384BDAD7F032F3FB5834E4BC7D37BD5145646EDA44FF5770872F3E171428CC8472C3EBE95CC6C2D8D4A8553392084CC6C2DDB2F450A93CED1DA8E23C317F1E88B1D1C1EB6102B8DA5081CF4A8DA8298697B98D6FA434009F9BEB7642CB1C9F13C4D8C636EE44672743A7AAF9A6A14FA0D74F5E246CC032AFA95A488BD3321DE45B9FAFC9EB856BD4F743BEE312999690022370250DAB3289D2B3721D8C38F4E951BD3B54A33AA152DCBA0F5D3B9F8E41600F54B56A6A25F49EEBC782C7C970A79C29BB95FF1990C93A265F24A69CC05B311C8B3A41758A8354C6939909ED55A92999D6F4B770F6F2EFE547B2B5BA32CF9C4E6FD383F7635036AB5059450A8DE1C2B5EC48FC2D0662BA1CD0BE3D6D032B436004F12E218B36DAE5867D1B1ADC4A72573E6E135A3C892BF8B271AB59AEB31F7099ED28EF64BC614D8FF8F4737B335FA30FB6E9CA2D9FC6124A62B91B607AF9EF1D1C69962BD529E811CBA75968AD3BBD36DF944CA4FEBCA85C73785284B790662A9B14097AB130FBC6142724D9F2F58DFF72BC635E903C0956777F17070214D9B218E63A5B16465CFA96854F9A6A961C410E07E5E8B05C60234070AAF3D780BD13BE1FA928B5FA38F886575822B5127B8D21BB7D5B702FAFD7839BA0110ECE15FE8FA0BFEF805173B079233D29875708D98FFC3910D9C7D749DE2EE7E6C3ABF1F175B47B275397CB2ED0716741E8B5AA5BC8FAE3DBF4FA3B983799EF492FBAF9EF1C5EE9F19DBA41700BF5F3EC6C41D0B51AB54F45831A9C0B1D79ED9C3B826BD29EF5B8216A1B588285D9503374E8B1610202649A903B3D45810E4E6C3ADB847443FB94DEDE2158DDEF02F521200E8554D4940765B314124301F27C41ADD9FA9AD0672E5D9DD4243DF862D485137EFC26FF25B8AD90864C7E53F884D8E1789B2330FAF916CF0E636E4DCA3EBFC7A299261F53B8B32115DAE8E5907D7B0F5E2619187D09B58AF939299C667BF2D2874D9B1BB173976F7222A958AC3C31662A9B1A0C6ACF73971EF128D4A85F33CE925DB2F458AC41BC0A4DF173179E76272737371B3736245CF29B408ADC9D5E7F7F8EED03A5645ED343AC6FD57CF28EF5B02954AC5A22EE3A938BD3BA9DA74B1FC59D20BF13BD0CD9B5B718FB8F44C79F0035DBDB0B1B422234BCBF0CDB338367289B807FAF030205A2D3D9F44F41411BD72BEC146CB9E27BD243D2B135B4B6BF1723117CC462069DA0CDA2C1EC5B4D61F7233F6215B2F1E46AD56F13431AE406465D3F903CCD8B78295A77E6768FDCEA46565B03A6A9730ADF449B100172F2C351646D9E2D729E31DC4CDD887B40CADCDAA5E53897A70858E4BC7E366E744F5BC4855CFAA2D597A723B97F26ABEDCEC9C98DA6A208FE263789C104BA0AB37730EAF0760CB809942A061FEA559D9730AB9B9B9468EB361A83AD8DD9FCF5B0D62D4D6EFC5BC6789F9020970F10294281B28E1EA60777FAE3CBBCB8DD80744CCFD90ED836611E8EA6D640A1AFA3AA094DF370FAD0928FE9487832B7129F989CFFB2F9F51C63BC8ECAA7ACDC607013875FF3211733F64F086196873B2C8C8D2D2F087C1AC3DB3473C9C0056164A0EE2FEAB678CDE3687FDD7A3A8E45F4AD411C524BF223E2D198D5A4D8DA072342859456C5BC63B88918DBA01F059B3BE9C1FBB9A1C9D8E492DFAE36CEB409390EA2CEC3C8E94CC74212CBDF9A4C7C3C195D18D7AF05DFB912CEF315994A297F72D21C461C8B0FA9D8DA60D6BA340A9DE354C522667A691A65542C601AE8A400C4DB0A206E5FD179FDC226C460FBEDAB34CB41A253D0250A95442242F5313C9C8324E2E06BB1BFB6777F392965EAF2556DF76CC4A20857133F621DD574CA4C2F46E1CB8711A008FBC2A5D2B8D255BFBCFE4F0F085ACEFFB15D1E3D70AFB5A9F6C8B1CB198FD43E603CA5B7473BFAF99D56E04ED2A36A045682D5EA42402F9197180CE959BE06463CFEF578E018A635CDDA00CE556DC23369D3F40AA369DF8B424369D5712953E790FD7F64B917CB471A648DABD6EEA190A245B9783855AC30F1D8DCBCDF56696BE0EEB656A22CFF3227BAFFB09AFD29298B06381A8788E1EBF0E1F27772198A789714CD8616C5206BD764EFAE4A3A3B59D51B5C2DB8ED99858AF63A5B1A45FAD36740C6B8C9FB307BF5C38C8C378A524425F3E32BE691FA35E7DDE4E45D835780EB30EAEA16C5EAC1F14614C693980529E81A247E096FE4A94E7585EA15FE4EDF322937CE0E669CA7807B1E4F836DAE6EDBF635804A7EE5F06147FA7F3B24F0B9CB34D5E96BC45682D12D253C8C8D262A5B1146F673DFA8A638065277F6340ADB6342C59858E61116C3A7F00500411ECEE6F24DCCBCFEEE0ED5484A2AEC61DC44049582EEF3199E6A135B91E739FB8947812D253280A68D41ABE3BB48E77CAD511ADE9EBA235EC20E66C6B4F6CB2718BF3B662962D48CD62E5B9F2D97A7EEC34968625AB50CA3390F0C03222F46B67A9F477D0F75F98B06301BF5D3E0A2859ECD9ED478852103D935B0CA06B9566BC8E3EF4F9F12FB385007C9D3DD871F90FF65C3B29DEF675DF1045B3506BA859AC3CC3EA77E6E3865D0125FAD4AB5A4B51C8F8F389ED46DB18FA0A738F6C14C2FFFADDA1E2BCF5AD85A1406EE7750178BD0569115A8BE8F1EB681E5A93A3772E1031F723B272B28589E5606D8B2E57479FD59F8B7C4AE500E342CCB8BC8818808D8535E682D909A44DF97A1C19BE88121E01E4E6E6B2FD52243566BD4FD3F943C51FAE7FF08ABBFB91A3D371F5F93D5EA526FDA9FD9FBC7F59981E2F5212981FB90950ECFEB63F7D4272661AA1DEC5A8E057826C5D8E286FAF1C1062243A2F47372636EFC7C32F7EE3F8C89F99D3619491AFA367F9A91DFC7CE257A379FAECBC1E7D7948B122BE0CACDD0EC87F60F5D70AF96690A10F32BC41177EFFE03B5CED1C99B2F327B6451F169DBD5E8F643D78F54CBC10DEABD88856656B8B65CF0D12B3FA6EC4E6805999588D4A85B3A9DF74D42A356BCFEC61C6BE155C7A7A1BB54A8D46AD167FB8D6202AA551AB85B96488DEB65F746C0B2D436BA3CDC9E2BB43EBF8F1E866EC2C6D08F12ACACDD88724E7BD51417948D69ED9CDA0DAEDA91A184AF493DB44DE3ECFE8881E58A835F8BB7A72F7C513FAD56CC39C0EA3B0B7B22DF43A727373897A70855907D70893C910C310B1938D3D9BCE1FE0E89D0BD40DAEC484E6EFB3ECE46FC2E4311248825E20F92D4844E9AA1CBF17CDE00D5F73E9E96DAE4FDC84B38D035B2F1E2621EF7E19B608FA50B04AA56249B7095498DE8DB894785EA6E6B720D207F91B626D61C5926E1358796A275FEF5FC9EDB84762D967CDFAA2CDC912B982F8BC22457D6E0294DCC6B2933B185ABF132BA376929E95C1A0DAED59737A371FAC9F012862B2D25892AA4DE7AC4101A02189E98AF9A3F7734EE6995D00455DBD19DEA04B81A8949E79911BD975F504E71E5D377A23BF8E61B9BABEBA77D8E66F39F3C94ABC1CDD1815D19DD8BC10ACDAA0A0F2715E0BE2E3E48E855A43B62E87FE6BBF34EAA772F2DE657A576F4545BF92E285626D91DFF2E9CBF4F5D738BFD3183A2D1DCF3383F335A7D158CC46207656D6D4FB7EA05106584FDB0AF5B9FBF2093BAF1C07942812409B45A36853BE1E7656D6ECBD7E8AF0C0320CADDF897DD74F09F3C1C7D95DEC676E874F6855AE3661337A884A60E373B0A14DF9BA00E2ED1B9712CF938438FC5C3C98D0BC1F0D0B31A3F40CA9D78921F53ABD7139283D0BEB7C37404CEBCD990B8F6FB2EAB4522736AA5177911771346841F4F746A552E1EEE0C2F3A49746E2005819F53BBDABB7A284877F815C0840429AB1D9D5312C82B615EA73EAFE1531EF4D8343BC8D988D0F129F965CA838AC2DAC08F32F8DA7839B7030F55D4A53B5E9AC3BBB879F4F6CE769621C231B2AF98D93F72F0B3BDD42AD11FB9A75700DB696D60CA8ADD46D19FA14D61656ACEDFD85A8453A74F38C58A64FA8352A15FE2F8713FA57AC3BBB57D45581B1093565E74F64666B71B2B1C7CF59E92C66D8823C34E807F2A6BEE3876F2915C3A9DA0CB4D9590596EB5B90270971A29FC9FC4E630A0C45642E98E755E5E1EEE04229CF40542A15FE2E9EBC484960E9C9ED1C347878217FE89A3AC19538FBE83A8F1362A8121852607F775E3C66F6C1B594F15242BD0BBA8C059448D18E0F668B90F1A6F3078CCAC30D9DD6515BBFA7D9FCA10CDDF42DDF1E58CD8A53BF8B3AB23FC392E3DB0AF408D4F3E0D53316FEB1E58DDB66666B4504CC30BAE5E1E02A6AD574B93A52B5E9443DB862E4CCEBD1FB2039B9397CB47126B9B9B9F83A7B1875D33527CCA72D2C84757DBEE4725EDFEF62457CB919F7907E6BBE345AC7C7C99D855DC6D1A67C3D007E8CDC4CB3323545EBF0BA09929891C291DBE708F32F4DBDE0304A7A04F0EBC05994F10E02145F66E496EFC4FA7E2E1E460FDA9AD3BB89497E65D403D0CECA86CB9FAE7F63ED979ECC6C2DA71F5E35B9CEB4BDCB78BF661BA35C0928233A5E7D7E8F94CC349C6CECC9C9EB665CC4DE99A84F9613E4E6C3C82DDFF3DDA1B5349937841729099428A458D3B04FFCF17BD14A1F99EAADA81C10425246AA518B660E984D0BE264634FEB7275C5B4855A43BD126114B17726292315954AC5C6F7A753DEB7045E8E6ED40DAEC4DC8EA3B93661A310C7D947D75911B583C1759401D37273738DCC19804337CFB2EEEC1E3A556E8C9BBD33A7462F17E2D0E5EAF860FD0C23536FE6BBC38CBAC93609A96EB4BFF14DFBF0E88B1D858A23335B4BD4832BCC8FDC44879FC7E1F3590B32B2B46F8C7E8122E8EF0EAE15390F7DEEE7D3667D81FC10B13E08B0A4DB0431B2E457AD0753DEB70427EE5DC2526341453F651CAEC27C117DC5F0B8EDF348CA48C5C5D6D1A860D25C309B166444C3AEA2DF3428C93A2B8D252E768EAC3FBB9781B5DB51AB5805A2C717DE473C2E259E2ECB3EA371E96A342B53035004635890074A21A3855A43EB727545D75350C4F1E18699AC39B35BCCEB5AA5195DAB3435DAFEF35683D8167D8494CC34CAFB96109DA4E2D39259757A2737631F722BF621B7E21EF130FE39393A5D8173B5D0E4FB45A9DA8C02CBA7ED5D4E257FE5E1BEF2EC2E0ED6763429AD0833335BCBEDB847DC7BF9941A41E544A61F9488D88E0F66D3EEA731342E5D550C5EF7206F500643BE3DB81A50843665E74F3428995F439694915260FDB715B31148B7F066F45A39454CEB6DEC60777FFAAEFE9CA6656A14188357CFBD974F69BF640C1959992CE93641CC371CAB4A4FAD621558D0799C51294A5C4A3C3D564C32329B6A04956349B7CF50A954E4E874AC3BBB87EEE1CD2956C4973D1FFD40DBC59FE09E57F99A929946D56F7A73E745C1C1EEFE1586E16C3D8E36762CEA321E802D170F51D4CD1B0F07171CF3465FD1FB29E39A28DD7E8FDF8BC6CF593105035DBD399B377EB01EC35035C0AAA89D62A00B80B94736A0CDC9122DF8EB91AEB719B330B15CED1C29ED59D42881A6B7B143BC8AE2686D47F56FFBB02A6AA7D1A81D4F13E3F872CF52C2BEEE41627A0A0786FE28860A3A74EB2C6BF3B2E0A00CBAB0B0CB388E7EBCD8A883D56F978F527E5A572371340FADC9BE21F3443E60F82FB3E8B972B2685DF42DD988BCD212A5E3547EAF3C3D6E764E2CE83CAEC048F1FA07FDD8DD8B46AD26282DE781213F8A6EB2EBCEEC2139230D954A45C352E1ECBA7A82B9473652C22380D6E5EB723BEE11F5BF1F44D56FFA188D7DA5E779D24BA6EF5D2EA6775F3B6134A01D2849554F0757542A15C99969A2F4C51C300B81E86D65271B7BD161EADECBA7E4E874A8556A56F69A4A8E4E47AF5553701CD580E0A9ED0898F80E7E135AF1D59EA5F4AAD692F363578BEEA8B7E31ED179E9A7C221ED1EDE9CEB133731A8767BD12B50CFD213DB8949CEEFC137B1793F7E1B345B8C95B5E0E82FA21C65D0FAE9FC71E702A024D9F4BE4F098F00B6F49F899F4B7EBF15175B478E8C58C40775DA8BC125F4894AB54A4D4CF22B06AC337E502BF997E2D4E86542C0637F9D47B62E87A789716873B21852AF23637F9D8B36278B910DBBA156A95977762FD9BA1CE252E2099FD99B1F8E6C1066DDD13B17A839EB7DD2B419BC5FA30DDDC39B73F9E99D024303350DA9CE67CD94111B8FDF8DFE0FFEC1BF2F2A8654CDFDD7ABFDBD6956A606BB3FFC811F8F6EA67B78736ACDEEC7D5E7F738346C81A86F4A4C4F61E3F9FD9C7D789D576989783B15A14A40195A95AD6D3448F5D947D769B368144F1395E4DEE22E9FD2D2A0E62836399EA377CEF35EA546805256BE2A6A17F65636342859C5C8F4DA706E1FDD574C34F2236C2CADF8A6ED303EACDBA180D832B3B5CCD8B782293B7FC2D9D68176151AF0E53B83D9167D9860777F1A8754635BF4617AAC988C9D95B551D9C70775DAF34DDB61C281DF74FE009D968E17FBDE3AE01BDA56A8CF37075671E1F14D96749B80ADA5352D160C17E371E971B373C2D6CA5A145A162BE2CBF9B1ABB1B2B0C47F422BA32469BD1261EC1A3C47B496DD574C64ED993D980B6621906A45CB726AF43231ED37A1154F13E3A8135C8983437FFC5399DD6C5D0EB30FAE65CACEC5A46765D2AA6C6DD6F4FE02675B0774B93A0EDE3CC34FC7B7F16B74245939D9448F5F6B2486D79917B991915BBE7F636FC4723EC17CDCA82BED2B36341A33EB71422C0113DF11D387872FA47AD1726C38B78F2D170FB1FF4694E80C058AAF33ADCD474619FA1BB10FA83DBB3F2F5313C5BCB23EC5393F76B5D1BDC8CCD6E23A26C2C8347D13BDAAB564528BFE4CDBB39C8DE7F7E3E5E8C6949603E816DE4C08FDF483ABD49B33B040E7AAB719B310888DA515573EDD4071773FF65D3F45D3F943C5B28E61112CEEFAE91B47354FC94C63C3B9FD4CDFBB5C38C9036BB7637EA7315C787C931D97FF60F5E95D051CE8723EC1EC1B32AFC0D0A40FE39F336ACB1C365F2858645818961A0BC203CB50C9BF1481AEDE443DB8C2D68B87C5725F670F32B2320B2D6D99DA722093F2C6E0D273E5D95D9ACC1B62D42F5DCFC70DBB31ABDD7091CDFFF1E866A35152DE448857107B3EFA8140576FCE3CBC46D4832B0CA8D5D6486CA7EE5FE6DDC5A385B9692E98854040895A35295D9DFD37A20AC4ED9D6D1DE852B929558B86E264634FB62E9B47F1B1FC71E702076F9E2910BFAF5DBC22775E3C365930088AB3DCB7466BAA05952547A723F2F6395645ED2A60A3FFB70876F76753BFE954F22BC5B598FB2C3DB19DB947369A3C7EA352E18C6BD29B17A9090CDEF0758192F6C2E81EDE9CE6A135D9786E3F41457CC4C772B272B2897A7085E5A776B0FCE40EA34F38980B6623907F32B696D67FCA4CFAFF81AB9D23B58B57E449421C37621F18997BE6881488446202B308F34A24FF2DA4402412134881482426900291484C2005229198400A442231811488446202291089C4045220128909A4402412134881482426900291484C2005229198400A442231811488446202291089C4045220128909A4402412134881482426900291484C2005229198400A4422318114C83F083B2B1B3EAAD7F1AF3E8DB70A29907F10FD6AB6615EC74F58DCF5D3BFFA54DE1ACCE6033AFF0961FEA5695AA63A4919A9E4E874646465929E95892E37570CC999929946564E36DA9CEC024394EA97FD19B4D905B7FF5FA3FF345C987FE9BFF43CDE26FED1232BDA585AB1F7A379D4CDFBC2EBDF85DCDC5CF19DF53FC3BF23D4A26E3EC4A725F120FE39C919A9646667119712CF8B9404E25212F0707021C0D50B1B4B6B369EDBC7CAA89DFFE9659805FF68818032AEED0F1D46D3AF669BFFE76F989B23AD167ECCCE2BC7FEEAD3F8CBD050CD6FCA5F7DF8FBFAEF000001B849444154127F25D9BA1C7EBB7C942D170F93919D895AA5C2CBD10D8D5ABA67A07CE9CA9C3E88F3EFF28F6F410AC3DAC20A0F07175CED9C70B57314DF4CFF774C99FF2519D9DA3F35BABB9FB30791231673FC5E342B4EFD8EA3B59DF862AEB585157696CA57A206D77D4F7CEF3C3E2D19B7B111FFBD93FF9BF38F76D2DF4466B696C709B146DF3B3707025CBC00C8CEC9E161FC73B27372B0B1B4624483AE5C8BB9C7AFD19164646B79BF666B401188BDB5CD5F78C67F3DB205F907E1E9E8CA932F7762A1D6FCEB95F3B8FCEC0EE5A775FD2F9ED5DF1BD982FC83884D8E67C6BE15002C3BF91B2A54B8E47D4F1E2025339D2C5D3655034359D173324F135F30E297D97FD5E9FE2D902D88A4502C35167F4B7FEB7F8D0CD5480A458A43410A442231811488446202291089C4045220128909A4402412134881482426900291484C2005229198400A442231811488446202291089C4045220128909A4402412134881482426900291484C2005229198400A442231811488446202291089C4045220128909A4402412134881482426900291484C2005229198400A442231811488446202291089C4045220128909A4402412134881482426F83F2041B251E860EC9D0000000049454E44AE426082');
/*United Arab Emirates*/INSERT INTO "Flags" VALUES('Arabic', 3, X'89504E470D0A1A0A0000000D4948445200000140000000A008060000007DA3B59C00000006624B474400FF00FF00FFA0BDA7930000000774494D4507DB040A053B041304E9220000026949444154789CEDD7B16D025114055163115BA207440164AEC43539DEA2C828008AA004DCC377F0B49A732AB8D148F7703F5DDE1F2CBBFE3EA627008B3EA707004C1140204B00812C0104B20410C81240204B00812C0104B20410C81240204B00812C0104B20410C81240204B00812C0104B20410C81240204B00812C0104B20410C81240204B00812C0104B20410C81240204B00812C0104B20410C81240204B00812C0104B20410C81240204B00812C0104B20410C81240204B00812C0104B20410C81240204B00812C0104B20410C81240204B00812C0104B20410C81240204B00812C0104B28ED303F6EEF9F3BC4D6F00D608E03F9DBFCEDFD31B80352E309025804096000259020864092090258040960002590208640920902580409600025902086409209025804096000259020864092090258040960002590208640920902580409600025902086409209025804096000259020864092090258040960002590208640920902580409600025902086409209025804096000259020864092090258040960002590208640920902580409600025902086409209025804096000259C7E9017BB76DDB6D7A03B0E6703F5DDED323F6ECFA7A4C4F0016B9C04096000259020864092090258040960002590208640920902580409600025902086409209025804096000259020864092090258040960002590208640920902580409600025902086409209025804096000259020864092090258040960002590208640920902580409600025902086409209025804096000259020864092090258040960002590208640920902580409600025902086409209025804096000259020864092090F507C46E0EC02B265D480000000049454E44AE426082');



/* zh-CHS   "Chinese Simplified", */
INSERT INTO "Locales" VALUES('Chinese Simplified','zh-CHS');
INSERT INTO "Languages" VALUES('Chinese Simplified','English','Chinese Simplified');
/*China*/INSERT INTO "Flags" VALUES('Chinese Simplified', 0, X'89504E470D0A1A0A0000000D4948445200000140000000D50806000000264C29EE00000006624B474400FF00FF00FFA0BDA7930000000774494D4507DB03030B190E91D5F88C0000100D49444154789CEDDD7B701DD561C7F1DFEEDEBD8FDD7B654BB6057560425B98F00A6F6CE33A0949EB4E279DF4311366FAE08FD0B4400A342901332D6D98B624051A089929A469681BA66993269326994E6999A49360C664486248F3222E814247B665CB92ACC77DEEAB7F487EC896A52BFB4ADADDF3FDFC675B0C7BAFA4EFDD3DE7EC59EBD58BD626020003D9AB7D0000B05A08200063114000C62280008C450001188B000230160104602C0208C058041080B10820006311C00C2AFD74B4DA8700E40201CC18A72FD1BAF73756FB30805C2080596249837F52576143BCDA4702E40201CC90BE77B555BE24541258AB7D28402E10C094E8FFED966ADB3BB24AF3EF4E56FC994803EF6D4A9292CE4A1E19905F85D53E00CC987CBAA873FF664AEB6E6FA8B9DB557DA7ABC6B75CC50D4B5639D1E08E86ACD9EF5612720608F402014C89E890AD837FE5E9AC0FD5E56D0EE46D0E940452F3BBAEEC4A22F7DCE3667ED9C216E8092E8153A4F1BCABC9AF948EFED97225EFDA40E54BC3395F67392B7D64403E11C09419FBFB8A3AAF2C5C38F7DC483FF5C0B4FADED556611D33C2C0E9B2782648FAB8E7C47AC3C7A76495BBF8D62452E77F1D4D3F53547D97AB703F9F6940B772F9DB527A53B8F817A5583064ABF9BD2E8767ADD919E29B9ADAF8C894FA6F6CE5F4BB0AF45EEE2641ECBE44EB6E696ADF9DB5D53E94D356B92C94774DD0D5D746E396EABB8A6AEC72D5FC6141E22E39A06BB90BA07F5DA0D2F991EC6AA2783A7BCB459CBE441B76D4173C8B4B4269F2DF4A6AEC72D5DA53901806044E4BEE2E96AAEFE8488EE45DD7DD1954AA58D286BBEA72FA171EFB0B861C8D3D5151EB25E2079C895C05D0F613952E9C19FFF3B7662F806BDEDD52E5EA63E3979DD71D1DFEE7F29CA531007A275797C0DEA6E0E8DD1295AB02D95EA2B8918DCBE0F2A5A1FA7FA3AD60BFADE9AF1655DF55543034FBF9644BEE79912A97CFC6311B2F0948BD5C05F0F8B33EAB30B38878FA99E22A1E51F7DC73620DDD5653383CCF49792C8D7CD4D3398F4FC9AE25B25C562E01BD909B4B60BB9CCCB97C9424EFE7B273193CF59FC5F9E3372B1AB335F2B02769E60E1100672E3701AC5C139EB4938A37CFDF6559E3DBAEA6BF5AE40C10E891DC04D0DF76F21E51562991774DB617459FE8D05F7BEABC9AAB910B60D5E42280562951E5DAF94397A5CBE06E24A134F27065B50F03C8855C04B0725528FB14F7CD7A9B82DC8D9945874FFFDB561864E12070442E02B8D09A3FBB92A87255BECE02CFC49A77B7E46FE3FD00A41C04D02A48DEE6857FA1B3B8287AB944E3B636DCD990C3365A40F60358BE2290ED2F3C2BEA6D09D84474563C61C92A263AEB8FEB12EF090C97F90076733967571395AFC8D76CF019B1A4D285D1CCD659A750188CB5EEE6A64A17F0BE21BF32BD9EC2B217BFFC3DC2DFDA517377A65F6E4F24D1B1FBE8D6DED052EB078E9ABB6766899CFE58FE5B02D5B677543C2F5263B7ABF6CBBC67C8AF4CFF7497DF1CCAE9EB6E51B0775D203D2EE3F7CB4BDAC7FDC19236EC6868E20B2579578533CF1E99BD2C8EC66C1D7CC05B956304564AA603E82D6136D35993A87249D8FD4ECB8670AA89066E3AE15238960EDCEF2B69B1EB02F22DBB6380F6CCE6A74B91B745D14B619512F9DB02F5FD6A7BD1AF1DFF6C59ED3DCC9020FF327B3A54BE2894D3BFB4A51CFED640A39FAC18B389A855902A5707F2DF1AC8BF2EE8EABEE8F61E47139F2BAFC0D101AB2FB301F44FE36CCE198855BE3054EB47997DD95D295E30F390A4F2C5E1D2EE8249661ECB9918F201012CEB6331D7DED852E5E250D1B4A5B86EF56E02C292FCEB8353DEFEB690CE6B8EDA2FF5EEF2CE2A4A762D96E54A135F2CABF9623AE2EA9E1DCBBFBE237F4B20F7FC485697C379ED3D8EF6EFA82961F50B0CB0AC01B41C69FD1D0D55B79FBC534B9E246D4B238F7AAAEF4CE74DC7762D91774D206F4B20EFDAC5B7089BFC4A49A37FCB860BC8BF1579307AE58A5083F73464F7E5EFDAAAF583820E3EE8291ACBC67C52E5CDA1CE7E607AD1AF3BF8615FF5E7D21974A05756E4B7B6F9DD82866EADA9F19DFCFC42259134FEE9B2F6FF513533F193668EFB44D3CF14D5F989231DF751B8E1AE860A67E7EF030B38DE8A9C011EFBBF497DBFD2D6C04DCD4C6F5115EEB775F0215FEDFFC9DE5291D285A1363E7CEC0C70F2A992461F9BB9DC2DAC8FE56D0AE4BF2D50F9E250E1215B43BFD7C77820726B650338ABF8B39106EF6EC83D377BB7654C7FA3A8D1C72A9979DADC898AE7457AC3635392A4609FADBDB7D794B44F7E2D762551F5ED1D4553B6EACF66F8D30A58C0AA4C59765E71B4F70355ADBBA5A9DA2F666382246E591A7DBCA2E9FFCAC653E61693C4D2C843FEBCF193A4B86969F2299E478C7C5BB5351B49CBD2A18F7B6ABEE86AFDED8D45B7B45A4DED9F381A79D057B02F3B637D0B8AA4897F29ABFD72F62EE1815E5AF5456BF59DAEDA7B6A1ABCBBA1D245291B6C4AA4892F9534FE642537E36071C35270C0D138777B00AB3306381FCB9E5938BDF686562AEE508E0E5B1A79C4CFDD165A85F5B1ECB5C9CCAC2F60B8D404F088F265A1063FD890B37EF5966034771734F288AFE87036273A00742775019424BB2FD186F737E46D59D9DD5B92501A7FB2A2892F95E6AC8903904FA90CA0A4993583EF6C6BE0775BB28ACB7F88C13E5B230FFA6A7369081823BD019C553C2FD2E0BD0DB91B976FCDE0F4D78A1AFD4445311B80024649C174C3C23AAF399A7A7A1917E226D2F867CAC40F3050EA032849DE96655C836299BD533460B2D407D0591FABFCA6E55D84773A9BAB02C8BED407D0BF2E58F6A32C5F18CA1960E713C034E90FE0D615383B3B8D072C01C8BE5407D05993A87CC9CADC83C63820609E5407D0DB1A1C7D50F772AB5CDAFD43D67383896F182ED501F4B7AEE056598E56FCCE93D5B6E6D75BB22B86451F384E6A03685713952F5FFAE56F5CB7D4FC8E7B5AB7B2F9DBCC0AA07F7DA0EACF9BF59A81E3A53680FE9640D6122F7F5B3F2A68EFED350DDFE7EBC05FF88A2697768D57BE3C48F5BE84BD64B952F18D91AAEFC8C686B4C072486D009734291149873F5BD6F03D558507675E52E379577B6FAFA9F9BDEEB7B3B20AE65C06572E0F6415A4D205A16CD3C63E8159A90CA0ED25AA5CD95D88C243B6F6DF5BD5F867CA4A4E58CA178DDA1ABEB7AAF1274FFEB753316551B4B7797678C136E73503274A6500BD4D41574F8D6B3CE76AEF1D35B5BEBFC0595E2C1DFE7C59FBEFAA291C5EFCE556AE0CF33F316049DEE663D1F3DFCA6530CC94CE002E724692B42D8D3E56D1810FFB8ABB1CE76BEF71B4F78E9AEACF2CFC5023AB98A8726D4EF6BF3F85D2F9919C75C74E892B978672FAB91306E649DD7EEF56399177F5A903D479DDD1C8839E3AAF2F7D8160DCB074F0214FB5170A1A785F537679FE333D7F5B47F59D197E14A423ADBBB9297763A4B86E296959B28E3BAB2D9E77C2D662B6B4F1D1E9A33B60DB5E22BB94C872A524B234FD755763FF5091682472267501F4AE0E6595E60FD3E453258D7DAAACA473662B78A7BE5654EBA5820677D4553CFFE47D068F1CC3A91E19997A9134FE645983F734E4BFA5BBF1BDC2FA5885F573FF2E6E593AF480A7C6B753F76302F444EA2E81E71B908F272D1DB8DFD7E86395338EDF11C15E5BFBEEAACDBBFDFD6267A15910372C0DDFE7EBE0477CC5F5A5BF67AD970A1ABAA546FC906BA90AA0554CE60CCE4B52EBFB336BFB1ADFECFD25691248634F54347C9FAF68626E24F2726F707D97ABA15B6BDD3FDD2E9126BE50D2F08EAAA243A9FAF1007A2E553FE1952B4359B3E37249228DFF6359FBEFAD2A1C5DDEC36CEE76B5F7B69A9A2F1C8B84BFA5BB99E82C88C66C0DDF57D5E8272A0BDF21134907FECCD7D8A72B5D2F1B02B22C5501ACFDC2CC728C68D4D6F0DD551DFE5C595ABE4781CC118DDB1AFE5055637F3733D86F95BB5F8B98098934FDF5E2C26173A4A08BA542405EA4E6A7DD72A4F295A19A2F1434F4BE9A5A2FADC2D853224DFC6B49FBEEAC299AB4D4F76BED953F8665E45DBBF8ED85D52E274D803C484D002B9B024D7EB1A4E13FAD9ED6A07D2FB55F7634F43B7D8A27ADDC5C064B92B769EEC44E5CB7148ECF7DAFFDB7B3281AE648CF63316DA5739D595A8F6B892C477AE3E7278E8EB1B67F5CD0C1073CC5D396066E69AAB6FD58F8F6FE414D9D57783E32F22F356780A98D4C5A8F6B89CA971D9B609AF87249FB7754158ED88A9B960E3DEAE9C0FDBEE2C6CCD9606D7BBE2EFD8153494F00B1AC6ABFD456124807EEF735F6A98A921326971ADF743574734DED1F3BF2DF16B05B348C40000DE1AC4D34746BDF82EB29A3F199C5E153FF5152F9D26C2F0407BA919E31402C9B2313390913BCC01CDCE76400C207CC8F4B6000C6228019D47F636BB50F01C805029831FEB640D5ED2C56067A81006688B33ED6863F6CC862890AD0130430259C8145565C3BD2E0DD0D59E584490DA04798054E89BE7776E45FDFD1F4D3454DEF2C2A3C30F7B369ED0DADA36BF392805340A01708604A8CFF5359E5CB42F5BFA7A5FEF7B4D479D551FD5957F5E78A726AB1FA7FEBD8C4C789777100383D2C844E11BB96E89C4F4EC95933F772388934671BABCE6B8EF6DE565BE1A303F28731C01489A72C1DFC4BEFA40D184EDCC3CFE98F55BA80D340E04C71069842FD37B6B4F637175FEB171EB0557FCE556397ABD69E426E76AE01560A014C2347DAF8C8944AF33CB2F354E2BAA5D60F0BAAEF7435FD8DE2C2CFFE0020894BE054B29C44766969FF4D3C6D293C642BF83F87F8015D6216388506DEDB927BEE22677F89D4DE5350FD3957F5E75C85FBF92C03968A00A68CB72550DF2F2FBC237334666BDF0796FF71A140DEF11B94228575B1367CB0316737E62492E2D6DC85CFD1A445FC801EE00C302D1CE9AC3FAFCBF6122591D47CD155E35957F56FB92A0CC4DAF8B169594506F7805E2280293170535349C7D2C8473D359E778F3EA048923A938EC69E286BDDEF37259DBC2E10C0E921802931FE6465C14D0E26FFBDA4CAD5A1BCCD812C973341A01718484A896E767819F9D8CC737CADE2F21F0F6002029821F194A5831FF1D90E0BE811029831CDFF2E68E2CB4B5C250D605EDC0A07C0589C010230160104602C0208C058041080B108200063114000C62280008C450001188B000230160104602C0208C058041080B108200063114000C62280008C450001188B000230160104602C0208C058041080B108200063114000C62280008C450001188B000230160104602C0208C058041080B108200063114000C62280008C450001188B000230160104602C0208C058041080B108200063114000C62280008C450001188B000230160104602C0208C058041080B108200063114000C62280008C450001188B000230160104602C0208C058041080B108200063114000C62280008C450001188B000230160104602C0208C058041080B108200063114000C62280008C450001188B000230160104602C0208C058041080B108200063114000C62280008C450001188B000230160104602C0208C058041080B108200063114000C62280008C450001188B000230160104602C0208C058041080B108200063114000C62280008C450001188B000230160104602C0208C058041080B108200063114000C62280008C450001188B000230160104602C0208C058041080B108200063114000C62280008C450001188B00023016010460ACFF0735938B37BA4FCA9A0000000049454E44AE426082');
INSERT INTO "SpeakLocales" VALUES('Chinese Simplified',0,'zh-chs');
INSERT INTO "SpeakLanguages" VALUES('Chinese Simplified','English',0,'Chinese Simplified');
/*Solo pongo zh-chs, tambin hay zh-cn, pero debera ser lo mismo.*/


/* zh-CHT   "Chinese Traditional",*/
INSERT INTO "Locales" VALUES('Chinese Traditional','zh-CHT');
INSERT INTO "Languages" VALUES('Chinese Traditional','English','Chinese Traditional');
/*China*/INSERT INTO "Flags" VALUES('Chinese Traditional', 0, X'89504E470D0A1A0A0000000D4948445200000140000000D50806000000264C29EE00000006624B474400FF00FF00FFA0BDA7930000000774494D4507DB03030B190E91D5F88C0000100D49444154789CEDDD7B701DD561C7F1DFEEDEBD8FDD7B654BB6057560425B98F00A6F6CE33A0949EB4E279DF4311366FAE08FD0B4400A342901332D6D98B624051A089929A469681BA66993269326994E6999A49360C664486248F3222E814247B665CB92ACC77DEEAB7F487EC896A52BFB4ADADDF3FDFC675B0C7BAFA4EFDD3DE7EC59EBD58BD626020003D9AB7D0000B05A08200063114000C62280008C450001188B000230160104602C0208C058041080B10820006311C00C2AFD74B4DA8700E40201CC18A72FD1BAF73756FB30805C2080596249837F52576143BCDA4702E40201CC90BE77B555BE24541258AB7D28402E10C094E8FFED966ADB3BB24AF3EF4E56FC994803EF6D4A9292CE4A1E19905F85D53E00CC987CBAA873FF664AEB6E6FA8B9DB557DA7ABC6B75CC50D4B5639D1E08E86ACD9EF5612720608F402014C89E890AD837FE5E9AC0FD5E56D0EE46D0E940452F3BBAEEC4A22F7DCE3667ED9C216E8092E8153A4F1BCABC9AF948EFED97225EFDA40E54BC3395F67392B7D64403E11C09419FBFB8A3AAF2C5C38F7DC483FF5C0B4FADED556611D33C2C0E9B2782648FAB8E7C47AC3C7A76495BBF8D62452E77F1D4D3F53547D97AB703F9F6940B772F9DB527A53B8F817A5583064ABF9BD2E8767ADD919E29B9ADAF8C894FA6F6CE5F4BB0AF45EEE2641ECBE44EB6E696ADF9DB5D53E94D356B92C94774DD0D5D746E396EABB8A6AEC72D5FC6141E22E39A06BB90BA07F5DA0D2F991EC6AA2783A7BCB459CBE441B76D4173C8B4B4269F2DF4A6AEC72D5DA53901806044E4BEE2E96AAEFE8488EE45DD7DD1954AA58D286BBEA72FA171EFB0B861C8D3D5151EB25E2079C895C05D0F613952E9C19FFF3B7662F806BDEDD52E5EA63E3979DD71D1DFEE7F29CA531007A275797C0DEA6E0E8DD1295AB02D95EA2B8918DCBE0F2A5A1FA7FA3AD60BFADE9AF1655DF55543034FBF9644BEE79912A97CFC6311B2F0948BD5C05F0F8B33EAB30B38878FA99E22A1E51F7DC73620DDD5653383CCF49792C8D7CD4D3398F4FC9AE25B25C562E01BD909B4B60BB9CCCB97C9424EFE7B273193CF59FC5F9E3372B1AB335F2B02769E60E1100672E3701AC5C139EB4938A37CFDF6559E3DBAEA6BF5AE40C10E891DC04D0DF76F21E51562991774DB617459FE8D05F7BEABC9AAB910B60D5E42280562951E5DAF94397A5CBE06E24A134F27065B50F03C8855C04B0725528FB14F7CD7A9B82DC8D9945874FFFDB561864E12070442E02B8D09A3FBB92A87255BECE02CFC49A77B7E46FE3FD00A41C04D02A48DEE6857FA1B3B8287AB944E3B636DCD990C3365A40F60358BE2290ED2F3C2BEA6D09D84474563C61C92A263AEB8FEB12EF090C97F90076733967571395AFC8D76CF019B1A4D285D1CCD659A750188CB5EEE6A64A17F0BE21BF32BD9EC2B217BFFC3DC2DFDA517377A65F6E4F24D1B1FBE8D6DED052EB078E9ABB6766899CFE58FE5B02D5B677543C2F5263B7ABF6CBBC67C8AF4CFF7497DF1CCAE9EB6E51B0775D203D2EE3F7CB4BDAC7FDC19236EC6868E20B2579578533CF1E99BD2C8EC66C1D7CC05B956304564AA603E82D6136D35993A87249D8FD4ECB8670AA89066E3AE15238960EDCEF2B69B1EB02F22DBB6380F6CCE6A74B91B745D14B619512F9DB02F5FD6A7BD1AF1DFF6C59ED3DCC9020FF327B3A54BE2894D3BFB4A51CFED640A39FAC18B389A855902A5707F2DF1AC8BF2EE8EABEE8F61E47139F2BAFC0D101AB2FB301F44FE36CCE198855BE3054EB47997DD95D295E30F390A4F2C5E1D2EE8249661ECB9918F201012CEB6331D7DED852E5E250D1B4A5B86EF56E02C292FCEB8353DEFEB690CE6B8EDA2FF5EEF2CE2A4A762D96E54A135F2CABF9623AE2EA9E1DCBBFBE237F4B20F7FC485697C379ED3D8EF6EFA82961F50B0CB0AC01B41C69FD1D0D55B79FBC534B9E246D4B238F7AAAEF4CE74DC7762D91774D206F4B20EFDAC5B7089BFC4A49A37FCB860BC8BF1579307AE58A5083F73464F7E5EFDAAAF583820E3EE8291ACBC67C52E5CDA1CE7E607AD1AF3BF8615FF5E7D21974A05756E4B7B6F9DD82866EADA9F19DFCFC42259134FEE9B2F6FF513533F193668EFB44D3CF14D5F989231DF751B8E1AE860A67E7EF030B38DE8A9C011EFBBF497DBFD2D6C04DCD4C6F5115EEB775F0215FEDFFC9DE5291D285A1363E7CEC0C70F2A992461F9BB9DC2DAC8FE56D0AE4BF2D50F9E250E1215B43BFD7C77820726B650338ABF8B39106EF6EC83D377BB7654C7FA3A8D1C72A9979DADC898AE7457AC3635392A4609FADBDB7D794B44F7E2D762551F5ED1D4553B6EACF66F8D30A58C0AA4C59765E71B4F70355ADBBA5A9DA2F666382246E591A7DBCA2E9FFCAC653E61693C4D2C843FEBCF193A4B86969F2299E478C7C5BB5351B49CBD2A18F7B6ABEE86AFDED8D45B7B45A4DED9F381A79D057B02F3B637D0B8AA4897F29ABFD72F62EE1815E5AF5456BF59DAEDA7B6A1ABCBBA1D245291B6C4AA4892F9534FE642537E36071C35270C0D138777B00AB3306381FCB9E5938BDF686562AEE508E0E5B1A79C4CFDD165A85F5B1ECB5C9CCAC2F60B8D404F088F265A1063FD890B37EF5966034771734F288AFE87036273A00742775019424BB2FD186F737E46D59D9DD5B92501A7FB2A2892F95E6AC8903904FA90CA0A4993583EF6C6BE0775BB28ACB7F88C13E5B230FFA6A7369081823BD019C553C2FD2E0BD0DB91B976FCDE0F4D78A1AFD4445311B80024649C174C3C23AAF399A7A7A1917E226D2F867CAC40F3050EA032849DE96655C836299BD533460B2D407D0591FABFCA6E55D84773A9BAB02C8BED407D0BF2E58F6A32C5F18CA1960E713C034E90FE0D615383B3B8D072C01C8BE5407D05993A87CC9CADC83C63820609E5407D0DB1A1C7D50F772AB5CDAFD43D67383896F182ED501F4B7AEE056598E56FCCE93D5B6E6D75BB22B86451F384E6A03685713952F5FFAE56F5CB7D4FC8E7B5AB7B2F9DBCC0AA07F7DA0EACF9BF59A81E3A53680FE9640D6122F7F5B3F2A68EFED350DDFE7EBC05FF88A2697768D57BE3C48F5BE84BD64B952F18D91AAEFC8C686B4C072486D009734291149873F5BD6F03D558507675E52E379577B6FAFA9F9BDEEB7B3B20AE65C06572E0F6415A4D205A16CD3C63E8159A90CA0ED25AA5CD95D88C243B6F6DF5BD5F867CA4A4E58CA178DDA1ABEB7AAF1274FFEB753316551B4B7797678C136E73503274A6500BD4D41574F8D6B3CE76AEF1D35B5BEBFC0595E2C1DFE7C59FBEFAA291C5EFCE556AE0CF33F316049DEE663D1F3DFCA6530CC94CE002E724692B42D8D3E56D1810FFB8ABB1CE76BEF71B4F78E9AEACF2CFC5023AB98A8726D4EF6BF3F85D2F9919C75C74E892B978672FAB91306E649DD7EEF56399177F5A903D479DDD1C8839E3AAF2F7D8160DCB074F0214FB5170A1A785F537679FE333D7F5B47F59D197E14A423ADBBB9297763A4B86E296959B28E3BAB2D9E77C2D662B6B4F1D1E9A33B60DB5E22BB94C872A524B234FD755763FF5091682472267501F4AE0E6595E60FD3E453258D7DAAACA473662B78A7BE5654EBA5820677D4553CFFE47D068F1CC3A91E19997A9134FE645983F734E4BFA5BBF1BDC2FA5885F573FF2E6E593AF480A7C6B753F76302F444EA2E81E71B908F272D1DB8DFD7E86395338EDF11C15E5BFBEEAACDBBFDFD6267A15910372C0DDFE7EBE0477CC5F5A5BF67AD970A1ABAA546FC906BA90AA0554CE60CCE4B52EBFB336BFB1ADFECFD25691248634F54347C9FAF68626E24F2726F707D97ABA15B6BDD3FDD2E9126BE50D2F08EAAA243A9FAF1007A2E553FE1952B4359B3E37249228DFF6359FBEFAD2A1C5DDEC36CEE76B5F7B69A9A2F1C8B84BFA5BB99E82C88C66C0DDF57D5E8272A0BDF21134907FECCD7D8A72B5D2F1B02B22C5501ACFDC2CC728C68D4D6F0DD551DFE5C595ABE4781CC118DDB1AFE5055637F3733D86F95BB5F8B98098934FDF5E2C26173A4A08BA542405EA4E6A7DD72A4F295A19A2F1434F4BE9A5A2FADC2D853224DFC6B49FBEEAC299AB4D4F76BED953F8665E45DBBF8ED85D52E274D803C484D002B9B024D7EB1A4E13FAD9ED6A07D2FB55F7634F43B7D8A27ADDC5C064B92B769EEC44E5CB7148ECF7DAFFDB7B3281AE648CF63316DA5739D595A8F6B892C477AE3E7278E8EB1B67F5CD0C1073CC5D396066E69AAB6FD58F8F6FE414D9D57783E32F22F356780A98D4C5A8F6B89CA971D9B609AF87249FB7754158ED88A9B960E3DEAE9C0FDBEE2C6CCD9606D7BBE2EFD8153494F00B1AC6ABFD456124807EEF735F6A98A921326971ADF743574734DED1F3BF2DF16B05B348C40000DE1AC4D34746BDF82EB29A3F199C5E153FF5152F9D26C2F0407BA919E31402C9B2313390913BCC01CDCE76400C207CC8F4B6000C6228019D47F636BB50F01C805029831FEB640D5ED2C56067A81006688B33ED6863F6CC862890AD0130430259C8145565C3BD2E0DD0D59E584490DA04798054E89BE7776E45FDFD1F4D3454DEF2C2A3C30F7B369ED0DADA36BF392805340A01708604A8CFF5359E5CB42F5BFA7A5FEF7B4D479D551FD5957F5E78A726AB1FA7FEBD8C4C789777100383D2C844E11BB96E89C4F4EC95933F772388934671BABCE6B8EF6DE565BE1A303F28731C01489A72C1DFC4BEFA40D184EDCC3CFE98F55BA80D340E04C71069842FD37B6B4F637175FEB171EB0557FCE556397ABD69E426E76AE01560A014C2347DAF8C8944AF33CB2F354E2BAA5D60F0BAAEF7435FD8DE2C2CFFE0020894BE054B29C44766969FF4D3C6D293C642BF83F87F8015D6216388506DEDB927BEE22677F89D4DE5350FD3957F5E75C85FBF92C03968A00A68CB72550DF2F2FBC237334666BDF0796FF71A140DEF11B94228575B1367CB0316737E62492E2D6DC85CFD1A445FC801EE00C302D1CE9AC3FAFCBF6122591D47CD155E35957F56FB92A0CC4DAF8B169594506F7805E2280293170535349C7D2C8473D359E778F3EA048923A938EC69E286BDDEF37259DBC2E10C0E921802931FE6465C14D0E26FFBDA4CAD5A1BCCD812C973341A01718484A896E767819F9D8CC737CADE2F21F0F6002029821F194A5831FF1D90E0BE811029831CDFF2E68E2CB4B5C250D605EDC0A07C0589C010230160104602C0208C058041080B108200063114000C62280008C450001188B000230160104602C0208C058041080B108200063114000C62280008C450001188B000230160104602C0208C058041080B108200063114000C62280008C450001188B000230160104602C0208C058041080B108200063114000C62280008C450001188B000230160104602C0208C058041080B108200063114000C62280008C450001188B000230160104602C0208C058041080B108200063114000C62280008C450001188B000230160104602C0208C058041080B108200063114000C62280008C450001188B000230160104602C0208C058041080B108200063114000C62280008C450001188B000230160104602C0208C058041080B108200063114000C62280008C450001188B000230160104602C0208C058041080B108200063114000C62280008C450001188B000230160104602C0208C058041080B108200063114000C62280008C450001188B000230160104602C0208C058041080B108200063114000C62280008C450001188B000230160104602C0208C058041080B108200063114000C62280008C450001188B00023016010460ACFF0735938B37BA4FCA9A0000000049454E44AE426082');
INSERT INTO "SpeakLocales" VALUES('Chinese Traditional',0,'zh-chs');
INSERT INTO "SpeakLanguages" VALUES('Chinese Traditional','English',0,'Chinese Trad.');
INSERT INTO "SpeakLocales" VALUES('Chinese Traditional',1,'zh-hk');
INSERT INTO "SpeakLanguages" VALUES('Chinese Traditional','English',1,'Hong Kong');
INSERT INTO "SpeakLocales" VALUES('Chinese Traditional',2,'zh-tw');
INSERT INTO "SpeakLanguages" VALUES('Chinese Traditional','English',2,'Taiwan');



/* da   Danish,               */
INSERT INTO "Locales" VALUES('Danish','da');
INSERT INTO "Languages" VALUES('Danish','English','Danish');
/*Denmark*/INSERT INTO "Flags" VALUES('Danish', 0, X'89504E470D0A1A0A0000000D4948445200000172000001180806000000414B7D3500000006624B474400FF00FF00FFA0BDA7930000000774494D4507DB04020A1A3070C767A60000042349444154789CEDD6B10DC2400004414C8C6B21C0FD574060D7E2029E0E0840E8B568A6828B56B7ECB7C7B8F0B7EEE773F684B78E759B3D01F2AEB30700F01D21078813728038210788137280382107881372803821078813728038210788137280382107881372803821078813728038210788137280382107881372803821078813728038210788137280382107881372803821078813728038210788137280382107881372803821078813728038210788137280382107881372803821078813728038210788137280382107881372803821078813728038210788137280382107881372803821078813728038210788137280382107881372803821078813728038210788137280382107881372803821078813728038210788137280382107881372803821078813728038210788137280382107881372803821078813728038210788137280382107881372803821078813728038210788137280382107881372803821078813728038210788137280382107881372803821078813728038210788137280382107881372803821078813728038210788137280382107881372803821078813728038210788137280382107881372803821078813728038210788137280382107881372803821078813728038210788137280B8658C31668F00E0731E39409C9003C40939409C9003C40939409C9003C40939409C9003C40939409C9003C40939409C9003C40939409C9003C40939409C9003C40939409C9003C40939409C9003C40939409C9003C40939409C9003C40939409C9003C40939409C9003C40939409C9003C40939409C9003C40939409C9003C40939409C9003C40939409C9003C4093940DCB2DF1E63F6087EE77E3E674F78EB58B7D91320CF23078813728038210788137280382107881372803821078813728038210788137280382107881372803821078813728038210788137280382107881372803821078813728038210788137280382107881372803821078813728038210788137280382107881372803821078813728038210788137280382107881372803821078813728038210788137280382107881372803821078813728038210788137280382107881372803821078813728038210788137280382107881372803821078813728038210788137280382107881372803821078813728038210788137280382107881372803821078813728038210788137280382107881372803821078813728038210788137280382107881372803821078813728038210788137280382107881372803821078813728038210788137280382107881372803821078813728038210788137280382107881372803821078813728038210788137280382107881372803821078813728038210788137280382107881372803821078813728038210788137280382107881372803821078813728038210788137280382107887B01CFE510467019D2EF0000000049454E44AE426082');
INSERT INTO "SpeakLocales" VALUES('Danish',0,'da');
INSERT INTO "SpeakLanguages" VALUES('Danish','English',0,'Danish');
/*Solo pongo da, tambin hay da-dk, pero debera ser lo mismo.*/



/* nl   Dutch,                */
INSERT INTO "Locales" VALUES('Dutch','nl');
INSERT INTO "Languages" VALUES('Dutch','English','Dutch');
/*Netherlands*/INSERT INTO "Flags" VALUES('Dutch', 0, X'89504E470D0A1A0A0000000D4948445200000140000000D50806000000264C29EE00000006624B474400FF00FF00FFA0BDA7930000000774494D4507DA040614160A48F83B90000002E549444154789CEDD6311502511004413E3A482E4309E6CE0B16F7646CD0550A26EA37E7FFF9CE0B20E8BD3D00608B00025902086409209025804096000259020864092090258040960002590208640920902580409600025902086409209025804096000259020864092090258040960002590208640920902580409600025902086409209025804096000259020864092090258040960002590208640920902580409600025902086409209025804096000259020864092090258040960002590208640920902580409600025902086409209025804096000259020864092090258040960002590208640920902580409600025902086409209025804096000259020864092090258040960002596766667B04C0060F10C81240204B00812C0104B20410C81240204B00812C0104B20410C81240204B00812C0104B20410C81240204B00812C0104B20410C81240204B00812C0104B20410C81240204B00812C0104B20410C81240204B00812C0104B20410C81240204B00812C0104B20410C81240204B00812C0104B20410C81240204B00812C0104B20410C81240204B00812C0104B20410C81240204B00812C0104B20410C81240204B00812C0104B20410C81240204B00812C0104B20410C81240204B00812C0104B20410C81240204B00812C0104B20410C81240204B00812C0104B20410C8124020EB5CBF7BB647006CF000812C0104B20410C81240204B00812C0104B20410C81240204B00812C0104B20410C81240204B00812C0104B20410C81240204B00812C0104B20410C81240204B00812C0104B20410C81240204B00812C0104B20410C81240204B00812C0104B20410C81240204B00812C0104B20410C81240204B00812C0104B20410C81240204B00812C0104B20410C81240204B00812C0104B20410C81240204B00812C0104B20410C81240204B00812C0104B20410C81240204B00812C0104B20410C81240204B00812C0104B20410C81240204B00812C0104B20410C81240204B00812C0104B21E455509864447EA2B0000000049454E44AE426082');
INSERT INTO "SpeakLocales" VALUES('Dutch',0,'nl');
INSERT INTO "SpeakLanguages" VALUES('Dutch','English',0,'Dutch');
/*Solo pongo nl, tambin hay nl-nl, pero debera ser lo mismo.*/



/* en   English,              */
INSERT INTO "Locales" VALUES('English','en');
INSERT INTO "Languages" VALUES('English','English','English');
/*UK*/       INSERT INTO "Flags" VALUES('English', 0, X'89504E470D0A1A0A0000000D494844520000007D0000003F0806000000CD10C74200000006624B474400FF00FF00FFA0BDA7930000000774494D4507D90711130D22DDCE292D00000DF749444154789CED9D7B788C67DEC73FCFCC24724222A7215A4224111204F5524B2652BA042DBA0EEDA2BAC8B97D4BE3BDBA45D0F6BAA4ECA522116C2D59C796B4556C1D3693A8C35A67718A43834A4D4E1239104966E6FD634C76C93CF24C244A329FFF92B97FCFEF8E8FC94C9EB9EFEF2D5C193D55AF9C138943FF3E9843DA919F99BF5CCDC1E337CCAA6B6C8A4F7E4CEB9636355F5F099D4CF9D19392EBEDFB05D265674ACDD7774B2B700CFCBC41E7F8B40CECD38105312A82FB7702405F5945E1A66FC95DB69AAA1C8D689D43FF3E28E744A2283B748CABA3A6E2F0BB7EB49D13897DBF40498D83FB7722B87F27F61FBE46DC7235874EDC6C901FC88238AFF67E99B8181521033A0306D977B67C47EEB23554FEF2AB689D7DBF40DACE89C4E177FD0050181F28FBE928577E3A4ACBC1FD51C64660FF4A2F49130919D09990019DD97BF02AF396A571F4CCADA7F9B92C98A05F8FF62CFC2098A103BD00D0576BB9B3F57B7297AEA2F2971CD13AFB577AA18C8DA0E5E0FE8F7C5FF1F8C0D28C2394661CA1A56A00CA8F22B1EFDB43D2C4860EF462E8402F76A75F262E41CDB1B3E293B1208DBE011EC445AB181EE40D1864176DFB01CD92642A6F883FB9ECFBF640F951242D55034C3EAE50B83A539D5F58EB8152F5614AD58769153C10656C0476BD03244D74789037C383BCD9A9CE6241423AC7332DF2CDA58FBF07F3A3830855F9000F656FDF45EED2641E648BBF8CDAF50E40191B41ABE0814FBCBEC2EFC41E0AFEB685BC84B55417DCA935A024ED20256907691532C820BF577749130F55F93022C89B9DEACBC42D4FE3E4F9DB92EA9A3381DDDA1217134CA8CA1B4110D06B7506D97F59C5836BD745EBEC7A7537C80E1924A98F42666B835BC4545CA68EA760ED16F256ACA5BAB0A8D6C092FD0728D97F8056C382681B1B816D805F9D1717048191C13E84AABCD9F1CF2CE296A771FAA2F8BBCBE64ACFAE4AE262821935C4074110406790AD599ACC83ABD745EB6C03FC681B1B41AB614166F5938D9CB191E39939C8EC6C718B7A17BF137B6837F77F51B471325950B2279DAC90F1644F8EE1FEB94B929A0882C0E8105F4E7E1F4E6AE244027CDDCD9A645325C0D79DD4C4899CFC3E9CD121BE087A3D45A9BBB934703437C2FF4F54B86D775F3C5396E3B37FAB59C28F67E63072C64604BCE6EA05412054E54D5C4C3081DDDA02A02BBF47FE9A8DE4AF5C4FF59D62D35711045A0F0F46191B89AD9FB7E4E67ABD9ED4BD175990A026332B57729D145E84BFD3FD7DDC991FAD62CCD0AE35CFECE21D7BD12C594945D635D13A5B3F6F94B191B41E1E0C8220B9DFC9F3B7895B9EC64EF565F47ABD41BAF14141101835C487B898607A765502A02B2B277FCD46F256AE475B74D7F4550501C71121286323B0E9DA45F264743A3DDBF75C60E10A35E72EE749AE7B12CFB3F4EEDE6ECC8B523176981F32D943D93BF7A159924CC5C52BA275365DBBA08C8DC071448859B24F5FD410B73C8D1DFFCC42AFAFD1FCA8F49A6F0A02638676657EB40A7F1FC3AF626D4919F9AB52C85FF577B4774B4D7791C9700C7D0DE5EC30B3E57FF38FF32C5CA1E6C2D57CC975A6781EA5FB79B9322F4AC55BBFEF6690ADD753BC6B3F9AF8A4BA65CF0EC331F43590C924F7CBCCCA6541829AD4BD171F916DC4A474233299C0D8617ECC8B52D1DDDB0D00EDDD52F257FD9DFC5529684BCAC40A711C3514E5EC706C7C3A4B9EAC4EA767EBEE732C4C5073E9E702C975FFCDF324DDB7930BF3A2558C1FDEBD46F6DDDD6968E213B97FE1B2689D8D4F6794B3C3711C35D42CD9E72EE7B170859AED7B2EA0D3896A7DB274233299C05BBFEFC6BC28157E5EAE00688B4BC84F4E217FF506B4A5E2F29DDE781DF7D9E1D874F1943C799D4ECFE69D992C5A914E56B679F29F07E93E9E2ECC8D0A6262A8FF7F64FFA846139FF4C437BF365D3C719F1D8ED31BAF9B25FBC2D57C16AE50F3CD3FCE3F51B61149D28DC86402E38777675EB40ADF4E2E00688BEE92B7723DF96B36A22B2B172BC469CC7094B3C268E1D5516A3BB45A1D9B7EC8E4D3A4742E67D7BE81648ADF52BAB7A7339F44043169A43F72B90CF47A4AF666703B3E89FB672F88D6B5F0EA887256184E63869B25FBD2CF052C4C50B375F73949B28D9825DD884C263031D49FB95141F8781AE457DF2926DF28BFFC9EE96672194E6347E0FEE14C5A74EE28B95FB556C7A61D67599498CED51BB56F20FD37BF8574AF0E6D981B19C4A4510128E40669257B33D07C91C4BDD3E745EB5A74EE88FB8733711A3B02412E5D765676018B56A4B37967A659B28DD44BBA11B95CC6A491FE7C121184B7A73300D5778AC84B5C47C1579BC5E52BE406F9B3C268E1F9B2E47ED55A1D29DF9EE6D3C40CB26FD5BE8104CF56BA677B273E891CCCE4377BFE4776DA41348B13B9773253B4470BCF97719F156690AD904B9EDBE5EC423E4D4A67D30F9968B53AC9758FF354D28D28E432268D0A606E64105E1DDA00505D5844DE8AB514ACDD82EEDE7DD3CD15729CC68D44393B0CEB0EED25F7ABAAD6B23EF5349F2565703DE7D17B08CF427A470F47FE1C319829637A62F5505AA9FA309A2F12293F7646F4DAD61DDAA39C1D86D3B89166C9BE7AE30E8B12D3D9B4E32CD54F21DB48834837A290CB7867740FE64605D1E925C31DBDEA823BE425ACA5E06F5BD0DDAF303D09851CA73F8C42392B0CEB973D24F7ABACD2B26EFB293E4F3EC08D87F21B537A070F473E0E1BC4D4B1BDB0B67A283BE3089AF824CAFF7D4AF49AD62F7B185EB3FF30CA2CD93FFF52C4A215E96CF8FE4C83C836D2A0D28D28E43226BFD9934F2207E3D9FEA1FCFC4272977F45E1BAADE82A1E989E8C958236E347E3FEE14CAC5F6A27B95F659596B5DB4EF2F9CA0364EE8A6C70E9FE2312F9387C10D3C605D6C82EFBE928B717273EF1DAD62FB5C3FDC399B4193F1AC1AAD6A7D8A264DF2AE2D3C40C52BE3DDDA0B28D348A7423560A3953C6F4E4CF1183E9E8E10840555E01795FFE95C2946FC4E55B5BE13CE94DDC3F988195875272BFCA2A2D408D18787AE98F5FB3ECD031348B13293B725CF41A561E4ADC3F9881F3A43711ACAD24F7BE9E53CC674919AC4F3D4D55B556729DB934AA7423D65672A68EEDC5C76183E86094AFC9236FF95714A66C43F7E009F2DF198BFBFBD3B16A57BF0F699E56BA91B223C70DB20F1D13ADB56AE78EFBFBD3717E67AC59B26FE414F379F201D66D3F55F39FAC3111F4A6EED335211A4A7A5342FA1F87169A0C16E9CD108BF466889035E4AD26FD9A7EEF8CF83D6F31EC7AD4BD14EC454638E5D2AD494BB7501BCBAFF76688457A33C422BD196291DE0CB1486F8658A437432CD29B2116E9CD108BF46688457A3344D1D4EF335BEEBDD7C6B288E2312C8B282C34492CD29B2116E9CD1085D0655EA33731B51A560AFACA2A0A376C27F7CB3554FD2A9E58E1F06A5FEA937AD9D054FD9A4BEE976B28DCB01D7D6595C931B2162D709E3C0EB798F7B0521AB67F3FF3D5B0CF7ADDBB14CC8DBD7478B52FF06CD6BD4BA12A4743EEB2D5146EFA565CBE4D0B9C27BF85DBFB7FC2CACDB009F459AD7B6F945FEF0AB98C69E302C9DA17C39ACF464B16AEAFAAA670C3762EFE4F28B73E5A282ADCBE5F205EA95FE1B5631D0EAFF6A5B24A4BF2E663780D59C6FD0AD3FFC8F5E57E45155E439691BCF998E467A1958792F65FCCA3EBBF761AD6C09BD8DDA2AB7840FEEA0D5CEC3D8C9CB9F154E717D2D1C391359F8D266B5F0CD3C605D66C8A6C681A7D2F9B14F4D55A8ABEDE816669329537A5C75E3E0F7BD9A450793307CDD2648ABEDE815EE4192CB3B5C1E5DD09B8454F43E162D804FA5CEF6533B56B550AF58DBD7C1E77AD4AA1F2C62D344B9229DAF683B87C3B5B5CA64DC02D6A1A0A67C313E7B9DAB56A6A7FBA1424C75E06FAA39C1359137BF922EC4F97C283EC9BE42E4DA668FB2E71F9F676B8BC3711B7C8A935997EBFE9FE7453491452901C7BD9B31BCA8F2268357430F062265148E1C1B5EBE4FE659541BE884499BD1DAED3DFC6357C0A8A3686F746CF3489C254E68C24743A8A52774B8FBD1C3A1804E1C5CF9C91C883ABD70DAFF9A9BB412722DFC11ED7E96FE3163E05B9536BA09133674CA54B4942A7A3E8BB1FC95DB2928A2BD9A2C36CBBFBA28C8DA0F5EB2A1084A6972E25918A2BD9E42E5949D1773F8ACA97B774C075C63BB8864D46EED80A68E0742953397292A867EC6593CF91934845D635344B5652BC63AFB8FC560EB8CE9C8CEBCC3F226FDD1278CA1C3953899192A867EC65B34B8C9448C5C52B68962453BC739FB8FCD62D719DF9475C674E46DECA01303331D25436AC24EA197BD9ECB361255271F10A9AF8248A77ED07914FC2E54EAD710B9F82EBF4B79139D8037564C39A4A8196443D632F2D29D08FA5404BE4FE85CB68E213B9BB3B4D54BEA28D23AE46F9F676808914E8D0E91BF4F3A383E8E32F3DD5A9BEB1977ABD9EEFF65D222E218DB3971A56B6911741BA91005F77E2A28379E3355FF3E49FBB84263E89BB3FAA9F20DF09B7C8A9B8BC37B146FEF1CC1C1624A49BBF72A6646F06B717279A157BA9D7EB9FD9C90E2F927423B54E7690C8FDB317B8BD389192BD19A26314CE4EB8454DC365DA046476B68019CBA54AF61F40139FC4BD53E744C73C1E7BA9D7EB9FF9192E2FA274238F9FE122957BA7CEA1894FA264FF01D1310A9736B8454FC3E5DD09754B2F493B68907DE2ACE81853B197BFD5694D2FB274238F9FD624957B27CE1AE4A71D141DA37075AE7D2E9B91FAC65E5ACE657B7A8C67AD3C7E2E5B5DD8F50EA0D3D664CA8F9D41F34522A5EAC3B5C654E7179A3E8CAFCED8CB973C709FF53009F1A16CCB098C0DCFB1B3398C98BEA1D6098C7561DFB7079DBF5E4DF9BF4FA1894FA234E3C8238F3F72ECA6A4D8CB0FA6D366C21B35E17896B3561B9FA3676E31ECDD945A67ADD685FD2BBDE8BC6D0DE5474F727B7122653F1D05301CB05B9FD8CBE7F554E5A6CCA11337796DCAFA5AA72AD78571A59131F5F2FF011B5438A00B32526C0000000049454E44AE426082');
/*USA*/      INSERT INTO "Flags" VALUES('English', 1, X'89504E470D0A1A0A0000000D494844520000007D0000004208060000007AACD95D00000006624B474400FF00FF00FFA0BDA7930000000774494D4507DA0A0513301A3E5BAFDA00000D8649444154789CED9C7B784D57DAC07F3BE7E47E21F743845C883B09266850D7565DEA6B83A286A1465554E954BFCF75B4334CAB7D30F4519DEAF8DA519DA2ADDBB884964134F91A495490884424222757B927E7BABF3F225BB67DD2A2537DEAECDF3F2767BF6BAF77EDF5EEB5D6FBBE6BE50844CC117904385676E5976EC2AF0687BB2F04F87AFEE00D3F55FEB074A8B48C64743F6F0FFA746BCFE61553090BF6C751AB9115747375222CD89F8FDF9E4D78FB005A79BACAE4822010DACE8FE5F3C6327E586F747EAD14CA747EAD183FAC37CBE78D25B49D1F8220C8E4AD3C5D096F1FC0FFBE359BB0607FDC5C9D647247AD86B0607F36AF98469F6EEDF1F3F6F8C91D608F4846D7681CF86CFD5CC60F8F64544C574C668BACA0D16866D18C110C8DEECC7B2BA728E4A228D2332288399307B36DED4C3CDD9D15CA3CDD9DD9B6760673260DA6674410A2285F594C660B9B574C6558FFCE2C9A3902A3D1AC908F8AE9C6F8E1BDD8B97E2E1A8D62A252B907B44D7F149556B1E7E8395C5D9CB898755351D06CB1F2EDF91CAAEB0C94945753576F5494399F71834FF727029075BD5821CFBA5ECCDEE36908B7CBDE4D5DBD91F8848BA45ECE233DAB00B3C5AA287331AB80ADFF3C4583C1445169D57D3DAC4A234273474EA371C062B14A9F00E386F5E2E089EF5B948F1DDA8B7F9D6C591E111208C095DCA207AEE3C7DA00604C5AFF73F4CF2389B6F997A64EB458ACF8FB78B2FCA5B1CC8A8D61DD0787D9F0C97169743775FAFC694359FAE218BE49CCE08F9BF6919D5722ABE7A9213DF8E3CB4F2300AB37EFE7F0A974998EF0F6FEBCB1700223067661EDD6436CD979522677737562F18C91BCFEE268B6EF4960CDD643949457CB7434E1D85A75EEEE951617C592F26AAAEB1A70002E5FD32BA6738BC5CAD76733F0F270C551AB910CDE9CF8844B04EBBC09D6F9109F704921CFCE2BC151ABC1D3DD95AFBFBDAC30645DBD91CBD70A71C0819ADBCB8ACA4F477BF7054F7717AA6B1B00F8E66C061BFE1E4F44A8CEA65CA311E8346A393D22DADA94BB38393269E156E9EFDA7A83A2CCB6DDA759B4E69F324FBCB9FC6671251D86FD37BDBB04DB94ABDC3FB291EEE1E6CCB27963A4EF27923228AFAC23312D47BAF6973F3C2BFD7DE14A018525151C6B368A67C7C6D0A9430000B5F506CEA6667336355B3278A70E01CC8E8D91CA1F4BB84461492517AE14D8D49198964379652D279232A46BCBE68DC1C34D191DA8DC1BD248EF1ADE86F8BF2FC6CFDB03511459F5D77D32EFD9CBC3956D6B66327E782FA27B86F2F44BEFA12FAD94E48220B060FA30DE5E3291375F99C098DF6F2221E5AA4C594C9F8E1CDAB61067472D5651E4BD1D2764619BCEAF15FBDF5F40AF2EED08F0F562CEF28FA9AAA9BFD3588D036F2EFA2F16FD6E24BF9D309051B3D67339BB108084BE53FFF3BDF3882219FD727621074E9C272CD89FAF8EA52AC2A5AA9A7AF61E4FC5C549CB9994AB328343639CBEEB7032CF3ED187F28A5A85C1011252AE72FCEC657CBCDCD975385911A7EB4B2BD9139F82BEB492BDC753650687C6B0F1ABF814FA746B4F4E7E89647080FAEBCA3053C536B290CDDDD599DA7A83F40930302A9C6F53B36572375727C9B11B1019264DFF4DD7DD5C9DA86F30218A22ED74DE00DCD0DF4210045C5D1CA5323F54C78FB5A1B91CD4DCFBFDA0C1B7CFEAA62F4D593693D982BF8F2773270F61D38A299457D67125B7483292C96C41A37160EAB868362E9F825F6B77F20A6F515C562DABE7F1E808DE583881A71EEF89BEB492DC8232998EB0607F16CE18C1AAB8F19457D67229BB50CAC299CC16DC5C9D983E61005BDF988ED52A929D5F4245759D4C471333EACB7EC66E7AB4F8C1902D24C88FD69E6E184D669B215B668E9E609D0FD1BDC3C8C957866CC917AE1313154E4C5438C917AE2BE439F925F48F0C2358E743664EA1CD90CD6034E3EDE54687205F3564FB0FA108D99C1CB5184D8DA3EDF4B92B7CF0F9298202EF6C9E383B6931DC1E8D82203068EADB740DD7D9BC1F60C19B9F2994362FF3E9BE4456ACFF0A07873BEF5F731DC56555F48D5D43B71FD00110FDF5DFEEE3B1ED1BD99AEEECA4E595192359B7ED488B37AC9C3F8E3F6D39D8A2FC85898338723A9D82A20A9BF2A0C0D68C1EDC838FF69C79601DAFCF19CD5F3F392EBD180062E6872D965791230DAF2E613ABE3FB09A9571E358B3F819B477ED6079BABBB0E3DD392C9DF71427FFB144B175DA18B20D67C3F229247FB982C7A2C215CA1E8B0AE7BB2F56B071D9732C983E5CB1B5AAF36BC5C91DAFB174DE183E7D670E9EEE2E32B956E3C09AC5CFB02A6E1CE70FACA64B980E95FB47B26C468E9EC4B46CF20BCBD979304911B255D736B0FFEB3472F24A38723ADD66C8B6637F2237F5B7B8987593B3B7BDEDE69C4DCDE6D2D59B141457B0637FA2CD90EDC8BFD3C9C92B61DF37698AAC9BD96265E7C124F20ACB494ACB212347FF933BC01E914DEF817E5E149755E3EFE32179E25DC3DB48F170A09F1745A555D22734CE104D9DEFEDE5464D9D01EF566E9494D7208AA2945E2DBD55832008F8FB7870ABB20E0F37676E55D529EAB0A5A3791B027C3D2929AF21C0D753B6B5AA4EEFF78ED0D21939DFD61EF4EF1DCABA25B12C5AFB3967CE5DA5C16092E41A8D0343FA45B066F1336CFAC771CE9CBBCA0DFD2D591D915D8399753BE5BAFD8B04D22EE7CBE4ED74DE0CEADB9185BF1DC1F20D7B39957C45E6C1BB383B32A86F47362E9BC2EBEFEC26E97C2E651535361FE4FB416D6D5E5751A2F0DE9B28AFAC65F2987E84B50F202244C7F1B39765728BC58A56EB4064D776C43D3F9C2F8EA628EAD09754316D5C7F0401FEB2F5B0425E545A45DCB4E144760D467BD7FE384083C14444888EF0F6FE4C1E13CDE153175B7C90A27D277FEC59556EA330BA200888A288288AFCFBFFAEB0EB50B2CCA9737010B05A1B2787BA7A23D3977C4450606B2959D25C5E5DDBC0DB1F1E0144D9FADC54C664B6B0EBC8776CF8F818750D469B3A6EE8CB897DF97D02FDBC241FA0A98D2A0F86E2E4CC0B1307F1B7CF4FB578C34B5387F2FE67275B944F1ADD8F6F12335A9C867D5B7B307C4017761F497E601D739F1BC2477BCEC86606350D7BEF4869D82E613A0E7EB080C9A37F839BAB1367CE65616D369A3CDC9CD9BC722AAFCE7A82FEBD43399194496D9D415659DCF3C358B724962963A349B994A758E3074685B3774B1C139FEC4B7D8391EF2EE4CAE4817E5EEC7CF7F7CC7D6E082141BE9C4CCAC468BA936ED56A1C58B5603C4B5F1CC33323A338732E8BD25B8D2F979A86BD77A4E93D2347CFD5BC5242DBF9B3637FA22264ABA93370F4F4459E1E1149E2F91C9B8712B77F99C0CAB8B15454D5491B24CDF936359B8AAA3A7C5ABBB3FDCB0485BCA8B48AC4B46CA27B8772F4743A3577BD54668B951DFB13993F6D18D9F925B290ADEBFAD7EEFFE9ED14D9F4DE3954476E41296D035A73ED4629D098416BCAAE4584049275BD9888904032AFE915F2403F2F1A0C26027DBDC8BA5E8C288A5282A5BAB6014110E8D42180A2B22A5C9C1DA517A7791D9D43755CC92DA2538700E930657379683B3F6E16571012E427B501D490ED7E90EDB29555D460B158A9A8AAC3DFC793EE1DDBF2E19F66F27DE60D6AEA0C1496544AE59C9DB444760966E3B22914965461325B282CAEC460345356510B40F74E6D991D3B888191E19456D4505C564D59452D06A399DA3A03ED74DEF4EB11C25BAFC59291A3A7BCB296A2B2AADB3A6AF17477A16744101FAE99497AD64D4C260B054515582C5685CFB0FAE5A71F5297FDFA697197ADAAA69E5571E3E9DBB3031346F6564CB506A399EE9DDAF2787404EB974EB679664D40E00FB347F1EAAC5108080A79756D03EB973DC7D0E808BA776A2BCBA543E39232614424BFE911C2CAF9E314872A541E8C16E37483D14C7CC2454E266592AF2FB71922E51694F1E7F70FE1A875A0B25A6990ECFC623ED997088864E72BFFF9A1B2BA9EAFE253309B2DE416281D31511449CF2A60F9C6BD984C66C54BA1F260C8D6744110887DA20F7B8E9E03EEC4CBCDE3E249A3FB49E1962DF9E8C13D4848B92AADE177C7D69EEE2EC4F4E9C891D3E9B2EBCD63F3E63A6CC9273ED9972FE253642F62D6F3FD7EBE5E7AC490467AE7501DEFFECF2406F40A2334D88F0DDB8F491EBC288A78B839B37CFE385E993E9C27077767D9FA2FA5FC7C53E7CF993498957163C9BB798B25EB76CB4ED18AA2C880C830DE797D221DDAF8F2E696836CDB7D5ABAD76A1509F0F564EDABCF32755C347D7A7460CD9683D2B262B58A68350E2C9E358A252F8C66E6B331BCF6D62EC999CBDDB4F32174D7A381B4A6675ED3536F30E1ECAC65DFF1349B215BF2856B18CD66726F944A066FCECE0349B4F270C3C5D95166F02612D372707176C2CBD3959D079214F2E2B26AAE159462325948BE70CD66C8B6EF781AAE2E5AEA1B8C32EF5DE5DE914DEF317D3A9291A327C0D75376D2B4897E3D42B8947D93DE5D826DC6E1C16D7C701004DAE9BC399B9AADF0030441E0B1A8706EE86F611545F20BCB15750C8C0AE77C463EDDC2DB929C9EAB90770D6F437159355DC274B213B76A46EEDE697197EDD7866AF47B473BB7DBA371FA24244A75E4EE154154B7ABEC0EF5A71CEC10D5E876886A743B445BF0C9815FBA0D2A0F19E198EF10D591B333D4E9DD0E518D6E87A846B743B4811386FED26D5079C8A819393B449DDEED10D5E876886A743B445B753EF3976E83CA4346CDC8D921EAF46E87A846B74354A3DB215AD70EEACF76D81B6A46CE0E51A7773B4435BA1DA21ADD0ED19A2AD45F56B637D48C9C1DA24EEF76886A743B4435BA1DA21ADD0EF97FB87D811F1AE541FF0000000049454E44AE426082');
/*Australia*/INSERT INTO "Flags" VALUES('English', 2, X'89504E470D0A1A0A0000000D4948445200000140000000A008060000007DA3B59C00000006624B474400FF00FF00FFA0BDA7930000183049444154789CEDDD7B5454E5DE07F0EFCC70919B80CA2DC5A3802699F5723942A532DE32312160658521626AE69B95CB65B6D6A940CFE9AC4E5A5676AC4EC7B2D7F0989E14C124EF9897BC005E1211853847C1B8688A200A32CCFB07310A73BFB167667F3F6BB1D6B8E7D9CFFC0687EF3C7BEF67EF2D51CAE54A64660272394CA5540279791558BAF4308A8B6B4DEE4748A9A9E1C8CE9EA2FE8444625EC74AA5DAA2E9D3BFC7FAF5A5E6F52B90C8C80064663E8AA95343BBFE6A8E1E05962D03B66F37AC23B91CC8CC84646CA135CA243288140505C0D8B11D3F050526752291000909A1282C4CC3D6AD49888C0CB0689124BCC8C8006CDD9A84C2C2342424DC137E478F0253A600B1B186859F5C0EECDBD7F163C6972E912548558F1884A401838F1C99546D098390C0E02371500FC04E0C425162F09198680FC04E0C425160F091184971F428101FAFBF2583D02131F848CCA4183912F8FE7B3008C585C147044855D3D41884A2604BC1A7618A24518F924647AF435E5E0518848ECDD6822F2FAF02D1D1EB4C5A9FC852A4C5C5B54848D802AD4178E40883D08ED96AF025246CB1DBB386C871A88E026B0DC2981806A11D62F011E9A7360D864168DF187C4486D33A0FD02A41B87FBF49453208F5B358F0C5C531F84834F44E84B66810CAE50C420BB378F075FE3F9980C147F646FF9920BF6310DA16ADC177EC18834F2402033D1018E821741976CDE000ECC4201496DEE08B8961F089446262181213C3842EC3AE191D809D18843D8BC147DDA5A40C454ACA50A1CBB06B2607602706A17531F848135FDF5E90CB83219707C3D7B797D0E5D82DB303B01383D0B2187C1411E10F994CF32D19A64E0D85B3B314CECE524C9D1AAAB18D4C26414484BF354BB47B160BC04E0C42F330F8A8D380015EB878F145BCFBEE180C1BD6A7CB73C9C943343E068061C3FAE0DD77C7E0E2C517316080578FD46AAF2C1E809D0C0AC2C993F57724922064F05177797915D8BBF722962C1989D2D259387C381573E73E84FEFD3D3169D22055BB499306A17F7F4FCC9DFB100E1F4E4569E92C2C5932127BF75E445E5E85706FC00E4880E53D724D8EC8C80064653D8A279FD47037B1A54B81FC7CC33A92CB81ACAC8E3F741369BA8B9D507785D37A97B563C73A7E2F86DE652D2EAEE3F762E6DDFDB66DAB405696FDDEDDCFD1F8FAF6C299333371DF7D9EAA650A85526DD3B8FBB2CB979BF0E0836B71EDDAED1EABD51E596D04D89DCE11E1F6EDA21B1172C44786B876ED36E6CDDBD56599A6FD82DD97CD9BB78BE167801E1B0176676B23C213276A3507A1154680C5C5B5888808E0888F0CB66E5D3C9E7FFE0183DA7EF3CD59A4A519F8391239C102B0932D05A1465608C02E187C648051A3FAE3C081E70C6A3B7AF4BF70F060B5952B720C92A79FCEB589EBF20E1EEC8D69D3EE476464807A107EFA29D0DC6C58477239307B36E0E26299C2AC15806D6DC037DF181E7C2E2E1DEFCBCCE02B2EAEC5C68D65A8AC6C30B91F4BDAB4A94CE8126C9AA7A733B2B21EC382051170719119B44E6BAB02AB569D4056D6213435DDB17285F64DA254F2C2E43A597B04287212C90AA14BB0491249C781B9E5CBE5080A32ED7CDF5F7FBD89C58B0BB07E7D293F865A3000F561005A150350DDC30FFB61D5AAF1183D7A8045FA3B70A00A0B16ECC1A953F516E9CF9138095D0011DD2591744C7DF9FCF353D8BCF902FCFDDD1118E8817EFDDCE0E7E78ED8D8209DEB1F39F22BEAEB9B71E5CA2DD4D4DC445D5D33EAEB9BE1EBDB0B1209BF8FBBE308501F8E00AD8A2340C3F9F8B8E2DAB5053ADBF8FAAEC2F5EB2D3D5491FDEBB1798044649EB030DF2EFF6E6951A0A545A1B30DE9E664F6088774E3EF578FE54217603742437D548F5B5B1598362D1700B0695382EA087168A80F0A0B6B04A9CF1E71044864274243BD01749CF6969E9E8FDCDC0AE4E656203D3D1F0A85B24B1B320C0390C84E8486FA40A9045E7C7127366C38A75ABE61C339BCF8E24E28955D4789A41F8F0213D989B0305F2C5CB8176BD6FCACF6DC9A353FC3D3D319C9C9BC42B43118804476E2ABAFCE60EDDA335A9FFFE8A3623434B4F66045F64FA204384F830423E141101210F70112916831008948B4188044245A0C4022122D0620118916039088448B014844A2C5002422D16200129168310089C822ECF1CA6F522895E08F8E1F73095DBFADFF90C3484F7F50E8128CC611201199CDD9598A152BE2E0E7E72E74294661001291D9C68D1B88BE7DDD9090102A74294661001291D93AAF439892625FD723640012915E7E7EEE58B4281AF7DDE7A9F69C4C2641626218808E91A0B7B7AB5A9B3E7D7AE1E597231016665B57AC769A362D4FE81A000083077B63DAB4FB11191960DED1A48202E09FFF045A0DBC30647C3CF0FCF380938D5F1BB6B5B5E37D151418D6DEDD1D78E925202646B548A9048A8B6BB17163192A2B1BAC532739A4FAFA66F4E9E3868B175FC48E1D9558BBB60439391770E74E3B468D1A8080808E7D7FAEAE324C991282F5EB4B2193493069D260CC9C391C090961D8B8B10C9F7C7242E077D29504582EE8A1B8C8C80064653D8A279F0C353FF8B2B280FDFB0D6B1F1F0F6466022347EA6E676BF705DEBFBFE37D1A1A84932777BCCF6E41B86D5B05B2B20EA3B8B8D6B2F591C3727595A1A8280DC387F70300D4D535233BBB14FDFB7B62DAB4FB55EDF6ECB988C2C21AA4A53DA01A315EBEDC84071F5C8B6BD76E0B52BB368205A02D059F52099C38518BC8C800F5F65608C0E2E25A44449839D265109200FEF8C7401C3E9C0A2727E3F69E25246C415E5E8595AA325D8FEF038C8C0C406E6E120A0BD33075AA19E1575000C8E5C0D8B186855F7C3C70F428F0FDF7AAF0532A81DCDC0A4447AFC3FBEF179A5888F1DE7FBF10D1D1EB909B5B61FA00312E0ED8B7EFEEEF419FFC7C2036F6EEEF011DD93E756A280A0BD3909B9BA4F90B80E81EC78FD7E0BDF78E1BB5CE37DF9CB5C9F0037A30006D35F81213B70832FA292EAE4562E2160621D99D65CB0EA3A4E48A416D6B6A6EE2D557F75AB922D3593D00197CBA31086D97ABAB0CAEAE32A1CBB039A1A13E686CBC6350DB6BD76E63E8505F2B57643AAB052083CF388207E194290CC26E1E7F7C101E7F7C90D065D80C2F2F17AC5821C7C993E9888D0D32689DF0F0BE387428156BD64CB2C9B3442C1E800C3EF3081684DBB73308BB494A1A82A4A42142972138890478FEF9075056F602162D8A86B3B371B121954A306BD6089C3FFF02162C8834FA008A3559AC12069F65310885E5E424454242281212426DEA0FB6A70D1CD81B3B773E8D75EBE21114E461565F3E3EAEF8F8E371F8E9A754D5541AA1993D0DC6D6A6B3E4E55560E952E3A775A4A686233B7B8AFA13569806337DFAF758BFBED4A86E2223039099F9A8795F2E80F1D367E2E381B7DF76C8E9334E4E52B4B5B56B7C6EFCF881D8BD7B1A0060C2848DD8B3E7A2D17D38122F2F17040579C0CFCF1D7E7E6E080CF4C0934F8662CA9410ADEB1C3C588D0D1BCEA1A6E626EAEA9A515FDF8CDADA669B9A0B68F2571B477C3D8B2342CB7BF5D548AC5A351E5151EAF5DFBBE9AB6933382A2A00AB568DC7ABAF465AB5465BD1D8D88AF3E7AFE1D0A16AE4E494E3B3CF4EE1DCB9DF74AE73F97213FEFEF713F8EEBBF33870A00AE7CEFD6653E1079810800C3E6131082DE7934F4E60ECD8601416A6E1F4E99958B8300AFEFEEE904A25AA93FB818E13FDA55209FCFDDDB17061144E9F9E89C2C2348C1D1B6C73A776F5A42143BA1EDDCDC929EFF279ECFEBC2D323800050DBE2347441F7CDD3108CDD7D2A24046C60F686B6BC78811FDF0C107635155350F7BF74EEBB2BF2B28C8037BF74E4355D53C7CF0C1588C18D10F6D6DEDC8C8F8012D2D0A01DF81B04242BC558FDF79E708929272F0F2CBBB559FC5D050DBBAF081267A03D02682EFF7FD4F0C3E750C42F3743FB3C1D9598AB8B860B5767171C15D8E7EBEF7DE711C3F5ED32335DA2289E46EC07DFC7131DE7CF3200060F5EA9358B2A4E3EFBB776F17F4EBE726588D86D01A80160DBEB163197C5666F120DCB74F344168CC990D0050527205CB961DB66245B6AF7F7F2FB8B939E1CB2F7FC66BAF753DD363F9F2E3F8F39F7F0260FB9BC16A016895E033E4882383CF222C168472B96882B0A54581D9B37718DC7EF6EC1DA2DEF4053A367FBFFDF61CE6CEDDA9F133F6F6DB87B072655197CD645BA40A40069F63B189203C760C80ED07616C6C1056AD1A6F70FB55ABC61B7C2684A3AAAE6EC28C19F95028B47FB0162DDA87A222DBFEDB9532F81C9BA041181363D341E8EFEF8E356B26E1D0A1544447071ABC5E7474A0EAF42E7F7FDB3BBDAB2754545C476BABEE51B05209BD53658426696F572ACD9EC0BC74A9D9136B4D9DC06C29B63E11DA522C36A1DA94FF770D13D7A5D2156614611A272729E6CFFF1F2C5DFA187C7CD42FDF6E8CEBD75B90997908AB579F14C584684723E5884F5C6C6D44D8D3241260DEBC87316EDC409C3D7B15E5E5D7D1D464D8954DEED5D47407E5E5D771F6EC558C1B3710F3E63D6C973706173B895269E49F80838CF8BA13CB08B03BA1478492981FCD7851CB71737342FFFE9EB87061B6CE764386FC13D5D54DB875ABAD872A236B32FC4C108EF81C92E023421B71EB561B9C9DF55FFBCFD959C6F07320FA0390C1270A8205A10DE93E65E3F3CF4FE1F3CF4FE96C43F64D7B0032F84449CC4178EFA95BD9D9A5983F7F37E6CFDF8DECEC528D6DC8FEA90720838F20CE20ECBC69774E4E39D2D3B7A3BD5D89F67625D2D3B72327A7BC4B1B720C770390C1471A88290843437DB073E77FF0CC33795D26F82A144A3CF34C1E76EEFC0F47800E46CAE02343882108ABAB9B9094B455E304DFD656059292B6A2BABA4980CAC85A04BB313A91AD7177774673B3EE398186B4B1179D67BF14168AF7AA364E421740642B0C093647093FA063423800CC9E2DDE0014EFDD5E8844CCC7C715CF3E3B0CCF3E3BCCECD301ED190390488466CC180E0F0F6778783863C68CE142972318EE032472705E5E2E983BF721F4EDEB867EFDDCD0B7AF1B468DEAAFBA924D5D5D330E1EACC6D5ABB770E5CA2D5CBD7A0BFFF8C7693436B60A5CB9F5711F2091836B6C6CC52FBF3460E9D2C7E0E1E1ACF6BCBFBF3B92933BEE7C77F3E61DA4A56D1745F801DC042612852D5B2E202E6E032E5FD63E8DE7F2E526C4C56DC0962D177AB032617113984844060CF0C2A953E9E8D3A75797E5BFFD761B0F3FFC35AAAA1A05AA4C181C011289C88D1B2DF0F6563FEAEBEDED8A1B375A04A848580C40221119356A0064B28E0B3F565535AA467C329904A3460D10B234413000894464CC9801686B6BC7871F16213CFC4B84877F890F3F2C425B5B3BC68C6100129103737777424C4C36162EDC87A6A63B686ABA83850BF72126261BEEEEE29B14C2832044245A1C0112916831008948B4188044245A0C40338487F74578785FA1CB2022133100CD909C3C44750E2511D91F06A019929286202989014864AFC437F1C742060FF646545480EA71656583C0151191B1380234D1BD233F8E0289EC1303D044292943353E2622FBC100344150900762638354FF8E8D0D42509087801511912918802678EAA921904A25AA7F4BA5123CF514378389EC0D03D0049AA6BE703A0C91FD11650026270FC15B6F3D8281037B1BBD6E9F3EBD101717ACB63C2E2E58ED2ABB861838B037DE7AEB11062891004419805BB79663F2E4C1A8AC9C835DBB9EC6F4E9E17073336C46506262189C9DD57F6DCECE5224268619D4879B9B13A64F0FC7AE5D4FA3B2720E264F1E8CAD5BCB8D7A0F44643ED15E0E6BD8B03E387162067AF5EA08BE8686167CFB6D19D6AE3D839F7EBAAC75BDDCDC244C9D1AAAF1B9BCBC0A24246CD1BAEE238FDC8799331FC433CFDCAFBA2CF9EDDB6D8888F83F9C3BF79B19EF86884C21DA000480D75F1F89BFFD6D8CDAF2D2D2ABF8E28BD3C8CE2E455D5DB36AB997970BEAEBFF17AEAE328DFDB5B428E0E7F7F72EB714F4F777C7F4E9E19833E7218DE70D2F59F223DE7BEF9805DE0D11194BD40128934970F8702A468E0CD2F8FC9D3BEDD8BEFD177CF5D5196CDFFE0B92938762C3862775F6F9ECB3DBB079F379C4C7872023E341C4C78768DC64068063C77EC5A38FAE874221DAFF022241893A000160F8F07E282A4AD33AAAEB5457D78C8686160C19E2ABB3DD850BD7E0EDED0A7F7F779DED5A5A14888A5A8792922B46D74C449621031ECF12BA0821D5D737A3B5B51D1327FE41673B0F0F67F4EDEBA6B7BFBE7DDDE0E1E1ACB7DD9FFE74103939E2B90135912D12FD0810D0BF296C69DCF425B20DA29C06D39D42A1C4AC593BD0D2A2B0FA6BB5B428306BD60E861F910D6000FEAEA4E40A962D3B6CF5D759B6EC30F7FB11D9086E02DFC3C9498A2347A6ABAEF367694545B5888DCD465B5BBB55FA2722E37004788FB6B676A4A7E75B6553B8A54581F4F47C861F910D61007653527205DF7D77DEE2FD7EF7DD796EFA12D91806E03D860EF5457E7E0A5253C32DDE776A6A38F2F3533074A8EE798444D473B80F1080A7A733DE7CF3112C5C18051717DD13A2CDD5DAAAC0CA9545F8CB5F7E4253D31DABBE1611E926FA007CEEB96158BE5C8EFEFD3D7BF475ABAB9BB0787101FEF5AF733DFABA447497680370C4887EF8F8E3F190CBD5AFEDD7930A0A2EE19557F6E0E79FB97F90A8A7896E1FA08F8F2B3EFA681C8A8B67081E7E00209707A3B878063EFA681C7C7C5C852E87EC4844843F2222FC852EC3AE892600251260D6AC11282B7B01AFBC12092727DB79EB4E4E52BCF24A24CACA5EC0AC59232091E85F8728397928929379474273886213382A2A009F7C32A1CB9DDC6CD99123BFE2E59777A3A8A856E852C8869594640000860FFF4AE04AEC9761D781B763BD7BBB202626083B77FE07274FD62130D0037E7E6EF0F37347509007BCBC5C04ADAFB1B115BFFE7A13F5F5CDA8AFBF859A9A9BA8AB6B464C4C102E5CB8861B375AF57742A273FFFD7DF0C0037D558FCBCA78457153387C00DEB8D18AD5AB4F6A7DBE572F27F8F9B92130D003FEFEEEE8D7CF0DFEFEEE080CF440747420C68C1960D6EBFFF863150A0B6B54C176E5CA2DD4D535A3A6E626EAEB6FE1F6ED36B3FA27C79596F600FEFBDF1B3870A00ACA6EDB69292943BA3CFEEB5F8F76795E2201468F1E803FFCA137D6AD3BDB13E5DA25870F407D6EDF6EC3A54B8DB874A951EDB9C58BFF6876006EDB5681E5CB8F9BD50789D3C183D5387D7A266A6B6FE2EBAF4BF0F5D725B878F106002029E96E002625DD0DC081037B233D7D38D2D3872320C0030F3DB45688D2ED86E8035097D0501F9BE883C4A9B2B2018B1717E0D34F2762D9B2C79095F528F6EEBD88DCDC0A444505AADA45450562C1824824248462DCB881904A3B8EA2BDF4D22E5456360855BE5D10C5411053EDDAF534264CD07DA5687D76EFFE2F264EDC64A18A486C241260D7AE69183F7EA051EBEDD9731113276E54DB74A6AE6C672E880D0A0BD33D7A6B68684143438B597D10E9A2540273E6EC30EAB4C9A6A63B98336707C3CF000C402D5C5C64080EEEADF5F9E6E63B484CCC4162620E9A9BB57F3883837B5BFDFC62726C95950D78E38D1F0D6EFFC61B3F72D3D7400C402D060DEA0D994CF38CE4D65605525272B17FFF25ECDF7F092929B9686DD57C0D41994C824183B40729913E2E2E32787B1B3E5DCBDBDB855FBA0662006A1116A6F9B2550A8512CF3DB70D3FFC50A95AF6C30F9578EEB96D5AEFF3A1AD2F227D9E7862304A4A32F0CE3BA30D5EE79D7746A3A424034F3C31D88A95390606A0162121DE6ACB944A2023231F9B37ABDFCE72F3E60BC8C8C8D7B8DF45535F44BA8484782327E729E4E7A798B41F392CCC07F9F929C8C9798A9F3F1D18805A74BF01BA5209CC9FBF4BE7A4D275EBCE62FEFC5D6A21A8EF66EA449D2412E0B5D7A270E64C061213C3CCEE2F31310C67CE64E0B5D7A2788EB9069C07A845F76FCDD75FDF8FCF3E3BA577BDCF3E3B054F4F172C5F1EA7B52F226D944AE0C30F8BB07AF549F8F9DD3D2BC9CFCF1DFEFEEE5D3E579A2C5EBC1F7575CDA8AF6F569D7D545F7F4BEB3E6AB163006A71EF04E665CB7EC28A15869FCDB162C5717879B9E0EDB71F51EB8BC810ADAD0A545737A1BABA49B52C38D84B6F007EFBED398D67359166DC04D6402A95A8426BE5CA2264661E32BA8FCCCC4358B9B20840470076CECE2732554848D72FD2B367AFE2ECD9AB3ADB906E0C400D8283BDE0E222C3175F9CC6A245FB4CEE67D1A27DF8E28BD3BFCF29F4B260852446F71E0C292FBF8E4993FE8D4993FE8DF2F2EB1ADB907E0C400D42427CB07E7D295E7A49FD80863194CA8EF331D7AF2FE5373399AD73ABA4AAAA118F3FBE0955558D5D1EDFDB860CC300D4E0D2A51B484FCFD73AAFCF180A8512E9E9F9B874E986052A23310B09F1467D7D33264CD8D4E54C8FCACA064C98B009F5F5CD3CE0662406A006E5E5D7D1D6D66EB1FEDADADABB6CA61099C2CFCF1D13266CD278F1D3B2B2DF3061C226F8F9B90B5099FDE2D56088ECC4B0617D70EE9CEE2B3F1BD286EE620012916871139888448B014844A2C5002422D1620012916831008948B4188044245A0C4022122D0620118916039088448B014844A2C5002422D1620012916831008948B4188044245A0C402212ADFF072217C9181CF3554C0000000049454E44AE426082');
INSERT INTO "SpeakLocales" VALUES('English',0,'en-gb');
INSERT INTO "SpeakLanguages" VALUES('English','English',0,'U.K.');
INSERT INTO "SpeakLocales" VALUES('English',1,'en-us');
INSERT INTO "SpeakLanguages" VALUES('English','English',1,'U.S.A.');
INSERT INTO "SpeakLocales" VALUES('English',2,'en-au');
INSERT INTO "SpeakLanguages" VALUES('English','English',2,'Australia');
INSERT INTO "SpeakLocales" VALUES('English',3,'en-in');
INSERT INTO "SpeakLanguages" VALUES('English','English',3,'India');
INSERT INTO "SpeakLocales" VALUES('English',4,'en-ca');
INSERT INTO "SpeakLanguages" VALUES('English','English',4,'Canada');




/* fr   French,               */
INSERT INTO "Locales" VALUES('French','fr');
INSERT INTO "Languages" VALUES('French','English','French');
/*France */INSERT INTO "Flags" VALUES('French', 0, X'89504E470D0A1A0A0000000D49484452000000C80000008508060000001E9EB72C00000006624B474400FF00FF00FFA0BDA7930000000774494D4507DA0611123828251C33AC0000018F49444154789CEDD3211502410000D1852A3CA260094010F425C01181062872A1CE4083B1BBE2FF0463E6304ECFDF60DCAEE7F17A5C66672CE17BDFC6FEFECCCE58C2717600ACCC20100C02C120100C02C120100C02C120100C02C120100C02C120100C02C120100C02C120100C02C120100C02C120100C02C120100C02C120100C02C120100C02C120100C02C120100C02C120100C02C120100C02C120100C02C120100C02C120100C02C120100C02C120100C02C120100C02C120100C02C120100C02C120100C02C120100C02C120100C02C120100C02C120100C02C120100C02C120100C02C120100C02C120100C02C120100C02C120100C02C120100C02C120100C02C120100C02C120100C02C120100C02C120100C02C120100C02C120100C02C120100C02C120100C02C120100C02C120100C02C120100C02C120100C02C120100C02C120100C02C120100C02C120100C02C120100C02C120100C02C120100C02C120100C02C120100C02C120100C02C120100C02C120100C02C120100C02C120100C02C120100C02C12010FE2A4F095881A188F80000000049454E44AE426082');
/*Belgium*/INSERT INTO "Flags" VALUES('French', 1, X'89504E470D0A1A0A0000000D49484452000000C80000008508060000001E9EB72C00000006624B474400FF00FF00FFA0BDA7930000000774494D4507DB050313241B0B9553B10000018B49444154789CEDD3210102401000C1038D27049A1C48A84505825008470168B0F65FCC2458B38799F90DF3B89DE7F5BCACCED8C2FBFE99EBF7B43A630BC7D501B033834030080483403008048340300804834030080483403008048340300804834030080483403008048340300804834030080483403008048340300804834030080483403008048340300804834030080483403008048340300804834030080483403008048340300804834030080483403008048340300804834030080483403008048340300804834030080483403008048340300804834030080483403008048340300804834030080483403008048340300804834030080483403008048340300804834030080483403008048340300804834030080483403008048340300804834030080483403008048340300804834030080483403008048340300804834030080483403008048340300804834030080483403008048340300804834030080483403008048340300804834030080483403008048340300804834030080483403008048340F803379D0758FE61EA2B0000000049454E44AE426082');
/*Canada */INSERT INTO "Flags" VALUES('French', 2, X'89504E470D0A1A0A0000000D49484452000000C8000000640806000000C3867F0B00000006624B474400FF00FF00FFA0BDA7930000000774494D4507DB04030E302E5A1659540000089549444154789CEDDD6F6855651C07F0EF2E6ABA960ECDCD6C7075CECC7F5B26992112C8D2329005652B5F0531D077BE10620C068232F05544A0D59B4C63D58B2450075959BE482B6B61A0D44C6353D1AB4DB7DBD5DDD5797AF16BEDFED93DBB7FCE39CF739FF3FDC061DBBD77E7F99DC3FDDEF33CE7DFAD5080820D941D8B618D8A0ADD157822A2BB0022933120442E181022170C08910B0684C8050342E482012172C18010B960404C72E58A4C648C0A1E4937485B9BFC7CE71DBD7578C19223E90C88292E5C0056AE94DFCF9D031E7D546F3DA5B22420EC6299A2A303F8FB6F993A3A745743FFE116C40467CE004F3D35BE0C1515C0B7DF024F3EA9B7AE52700B429E79E38DF4802B258F91760C886E3D3DC0C993D98F9F3C29CF9156EC62E9E438C0E38F033FFF3CF1F34D4DC08F3F029132FC1C63178B4AD6DD9D3B1C803CD7DD1D5C3D94855B105D9249D9957BE992FBEB162E945DC0D3A605539757B805A192ECDF3F79380079CDFEFDFED743136240BCD6DB0BECDC09C462B95F333C0CECD993FF3CF7EC91FFC9251693367B7BF39F27E54749E7A4FC2753C4E34A45224A555529D5DEAED4E060F66B3A3B0B5FBECECEECF90C0E4A1B5555D2663CEEF7D2E54FF7FBC1A38901F1C39225E37555572BB57BB752B1983CF7CD374A555616BE7C95954A9D3A25F388C5649ED5D5E3CF2F59A26F7927A2FBFDE0D1C441BA1F5A5B818F3E4A7F6CEA5460EE5CE0EAD5D2E63D7F3E70E3869C9292EAE597CDDAE3C5413AE5B46A55F663A3A3A587039079648623579B543206C40F8F3D168E36438001F10303620D06C40FB5B5C0BC79C1B5376F9EB4499E6340FC12E4273AB71EBE6140FC12E4A0990374DF30207EE116C40A0C885F18102BF04061A13EFE18983E1DD8B2C5FD758E03CC9A05C4E3FED6535505DCB933F935239F7D06DCBB076CDDEA6F3D6378A030A48E1D035E7905387DDAFD759108D0D8E87F3D8D8D9387E3F469A9F9D831FFEBB10C035208C7018E1F071209E0D967E5F63C6E82E8FA4CD6C6B973526B2221B53B8EFF355924BC01B97E5DA642F4F6CA795080746B366F06060672BF5E77400606A4C63B77E4EF1B370A3F25BE98F56491F006A4BF5F0EB045A3C08B2F02FBF6C98D12DCAEBB387A34FDEFCC3760269D01C915E0CC6548353C2CEB60DF3E5927D1A8ACA3FE7ECFCA2D37E11DA43B0E505303DCBA95FE7824022C5D0A3CF104B0668DFC6C6A027EFB0D686E06AE5DCB9ED7860DD27DC9BC2CF6EE5D60E6CC894F2EF4C29429C0D010306346FAE3C924F0DC73C0975F66FFCFFCF9C0E79F038B17CB35EFDF7F0F7CF79DFC3C7F3EBB0B36678E6C790ABD71842583F4705F0FD2DAEA5DFBDBB629E538D96D2C5FEEDF322F5F9EDD9EE3482D5EB5D1DA5ADCBAD5FD7EF0680A6F170B00366EF46E5E870FCB65AF999A9ABC6B239F79EFDC29B578C5CB75548618102FBDF926D0D595FE5834EA6D1BA9EAEBD3FFEEEA921ABCC48084D8C30F032B56783BCFF676E0830FC6FF1EDBEBE587D4BD4B070F4ADB5E5AB142D651884DD15D80761B3702BFFCE2DDFC94025E7B0DF8EA2BE0A187804387BC9B77A64387E432DE6BD724204A793BFF906F3D8030EFC51AD3D3237B7C28DBF1E37290B11896ECC56240EEDE0566CF96F39468DCF4E9C09F7F66EF42CE97250109F718049037C0FAF5BAAB30CFFAF5C587C3220C08003CF38CEE0ACCC375028001111B36E8AEC03CCDCDBA2B3002C720805CB3F1C003DED5628344A2B42E16C72096701CE0DD777557619E0307786A3C80F09E8B954C2AF5FEFB4A2D5BA6BF7653A765CB641D2593A13D172B7C01711CA5DE7A4BA968547FCDE53245A3B2CE263A19D3F28084AF8B555121E7470D0EEAAEA47C0C0ECA3AB3645C5188F00ED2CF9F075A5A805F7FF5A71E5B3CF20870E4885C2353084BC214BE2DC898A54B813367804D9B745762AE4D9B641D151A0E8B84372000505D2D97A0EEDAA5BB12F3ECDA25EBA6BA5A77255A85B78B95E9C30F81D75F9773B3C26CC60CE0BDF780575F2D6D3E9674B118905467CFCAB8C4ED4E2536ABAB93F1C6EAD5A5CFCB928084BB8B9569F56AE0871F8075EB745712BC75EB64D9BD08874518904CB5B5723790B636DD9504A7AD4D9699DF3192850199C8B46972AAC5DB6FCB976FDA6AEA5459C60307B26F594400380699DCD75F032FBD04C462FECC5F97B973814F3E019E7EDA9FF95B32066140F2F1C71FC00B2F003FFDE45F1B415AB50AF8F4537FEFB8624940D8C5CA47340A9C3A15DC5707F869EB5659163FC3611106245FF7DF0F7477037BF7167E1B4E134422527B77B72C0BE5855DAC621C3D0A6CDB96FBA6D5A699354BEEB6F8FCF3C1B56949178B012956B99CEC58ECC986A562400C13744000B933FCDAB5405F5FF06DE763F162F976A9D9B3836FDB9280946167DA2073E600DBB7EBAE22B7EDDBF584C3220C48A94CFEA434B9B632C18094EA8B2F745790DB8913BA2B287B1C8394221E071E7C10181909BEED7CDC771F70F3A67C5574D02CD97AF1EEEEA53871A2B8704422726A797DBD4C7575F2FDEB172EC8F30D0D723DC6C000F0FBEF320D0C147E1B9E9111A9B1A5A5F01A090003529A2347723F5759296FF4458BC68330362D58907D72E08E1DC0C2857213ED9E1EF9BF54C92470F9F27860C6A68B17652F5A2291BB4606A468EC6215CB71E4D8C2CC99F2665EB44802D1D0202128E68B67162C006EDF96A95057AE4860FAFA64BA7851A6A121396613F4D17F4BBA580C88496A6AE42B07FCFA56DC20591210EEC532492201FCF38FEE2A2805B7202619FBD41D1929FF0B98B805214F0D0F8FFF1EF63BAB1884013145EA5E281BB6869660404C911A90A1217D75501A06C414F1B8EE0A68020C88295203F2D75FFAEAA0340C882952BB58361C07B10403628AD4808C8EEAAB83D23020A648DDCD9BEBBC2A0A1C03620A8E3B8CC480982275AB512E774B090106C4143C7A6E2406C414A95B0D8E418CC18098827BB18CC480988201311203628AD480B08B650C5E936E8AFA7AA0B9597EAFABD35B0BFD8F174C913F78C11491FD181022170C08910B0684C8050342E4E25F0F59153E440594DF0000000049454E44AE426082');
INSERT INTO "SpeakLocales" VALUES('French',0,'fr-fr');
INSERT INTO "SpeakLanguages" VALUES('French','English',0,'France');
INSERT INTO "SpeakLocales" VALUES('French',1,'fr-ca');
INSERT INTO "SpeakLanguages" VALUES('French','English',1,'Canada');


/* de   German,               */
INSERT INTO "Locales" VALUES('German','de');
INSERT INTO "Languages" VALUES('German','English','German');
/*Germany*/INSERT INTO "Flags" VALUES('German', 0, X'89504E470D0A1A0A0000000D494844520000007D0000004B08060000005DA3889500000006624B474400FF00FF00FFA0BDA7930000000774494D4507DB04030E0B35ECC17F80000000D549444154789CEDDDC10D80300C044107D17F6974402DD045F2D8990A2CADEEED3533DF90729D3E80FD440F123D48F420D183440F123D48F420D183440F123D48F420D183440F123D48F420D183440F123D48F420D183440F123D48F4A0FB3D7D01DB597A90E841A207891E247A90E841A207891E247A90E841A207891E247A90E841A207891E247A90E841A207891E247A90E841A207891EB4BEC767871A4B0F123D48F420D183440F123D48F420D183440F123D48F420D183440F123D48F420D183440F123D48F420D183440F123D48F420D1837EB6C7053F081088220000000049454E44AE426082');
/*Austria*/INSERT INTO "Flags" VALUES('German', 1, X'89504E470D0A1A0A0000000D494844520000007D000000530806000000B226086300000006624B474400FF00FF00FFA0BDA7930000000774494D4507DB0403121837761C052A000000F949444154789CEDDDB10D83401000411E59EE85129C92B81D726A764401EF2E20D8990A4E5AE9B2D38DDFF6990B29EBD303703FD183440F123D48F420D183440F123D48F420D183440F123D48F420D183440F123D48F420D183440F123D48F420D183440F123D48F420D1835EEFEFFEF40CDC6CCC39DDB2C558EF41A207891E247A90E841A207891E247A90E841A207891E247A90E841A207891E247A90E841A207891E247A90E841A207891E247A90E841A2078DEB389D35C50C7FD97AACF720D183440F123D48F420D183440F123D48F420D183440F123D48F420D183440F123D48F420D183440F123D48F420D183440F123D48F420D183FE96DA0CA9A88BC3730000000049454E44AE426082');
INSERT INTO "SpeakLocales" VALUES('German',0,'de');
INSERT INTO "SpeakLanguages" VALUES('German','English',0,'German');
/*Solo pongo de, tambin hay de-de, pero debera ser lo mismo.*/


/* el   Greek,                */
INSERT INTO "Locales" VALUES('Greek','el');
INSERT INTO "Languages" VALUES('Greek','English','Greek');
/*Greece*/INSERT INTO "Flags" VALUES('Greek', 0, X'89504E470D0A1A0A0000000D4948445200000140000000D50806000000264C29EE00000006624B474400FF00FF00FFA0BDA7930000000774494D4507DB010C001B26B8A09E23000003EB49444154789CEDDD216E156B1C87E139E4385282222184841A44AF8084E42E008D0081A586157405ACA08E05A06F4211355D02DC203088EA438AC1008120C8B0024CC9E43BE57D9E05FCF3536FE653B3DA7972344F17D4E1FE9DE9E9FDDDC5EEEF1D9C4C9B4FDF17BB0F8C7569F40080510410C81240204B00812C0104B20410C81240204B00812C0104B20410C81240204B00812C0104B20410C81240204B00812C0104B20410C81240204B00812C0104B20410C85A8F1EC0326E5FDF99FEB97965F40CD86A02F8977A70EFFAF4ECF1DEE819B0D53C81812C0104B20410C81240204B00812C0104B20410C81240204B00812C0104B20410C81240204B00812C0104B20410C81240204B00812C0104B20410C81240204B00812C0104B2562F5F6FE6D123CEEBEEADABD3EEB5CB8BDD3F79F771FAF6E3E762F797747AF6757ABFF93C7A066CB5D53CCF173680FCDEE1F1E9F4ECBFF7A367C056F30406B20410C81240204B00812C0104B20410C81240204B00812C0104B20410C81240204B00812C0104B20410C81240204B00812C0104B20410C81240204B00812C0104B20410C85A5FD97F357AC3B91DEEDF999EDEDF5DECFEDEC1C9B4F9F47DB1FB4B3A78707BFAFCE2E1E819B0D57C0102590208640920902580409600025902086409209025804096000259020864092090258040960002590208640920902580409600025902086409209025804096000259020864AD470F6019A7675FA6A3371F46CF80AD26807FA9E3B767D3F1DBB3D13360AB790203590208640920902580409600025902086409209025804096000259020864092090258040960002590208640920902580409600025902086409209025804096000259020864AD5EBEDECCA3479CD7DD5B57A7DD6B9717BB7FF2EEE3F4EDC7CFC5EE0363ADE679BEB00104F8139EC040960002590208640920902580409600025902086409209025804096000259020864092090258040960002590208640920902580409600025902086409209025804096000259AB9D27477E8B0924F90204B20410C81240204B00812C0104B20410C81240204B00812C0104B20410C81240204B00812C0104B20410C81240204B00812C0104B20410C81240204B00812C0104B20410C85A3FFAF7C6E80D0043ACE679F65F6020C91318C81240204B00812C0104B20410C81240204B00812C0104B20410C81240204B00812C0104B20410C81240204B00812C0104B20410C81240204B00812C0104B20410C81240206BBDFFFCFFD11B0086581FBDF9307A03C0109EC040960002590208640920902580409600025902086409209025804096000259020864092090258040960002590208640920902580409600025902086409209025804096000259BF00390B4ECA4CC996F20000000049454E44AE426082');



/* he   Hebrew,               */
INSERT INTO "Locales" VALUES('Hebrew','he');
INSERT INTO "Languages" VALUES('Hebrew','English','Hebrew');
/*Israel*/INSERT INTO "Flags" VALUES('Hebrew', 0, X'89504E470D0A1A0A0000000D4948445200000294000001E008060000001B94FD7600000006624B474400FF00FF00FFA0BDA7930000000774494D4507DA0602091116F2E4050C0000200049444154789CEDDD7B9CD5D5792FFE67AE0C30C228220A8A621818AC1AA2A65E005F31A7B998789A4B45345EEAD1268D4DCA457331691A4F736A4C93A88889369793FA33DE10939AF3D2984B5F9A970C1A1B3544A9CC0041414510D1010718E6FAFB83D6D4883AB8D6CC9EBDF7FBFD9F30FB590B06371F9EFD5DCFAAE8EBEBEB0B0000788B2A0BBD0100008A9B400900401281120080240225000049044A00009208940000241128010048225002009044A004002089400900401281120080240225000049044A00009208940000241128010048225002009044A004002089400900401281120080240225000049044A00009208940000241128010048225002009044A004002089400900401281120080240225000049044A00009208940000241128010048225002009044A004002089400900401281120080240225000049044A00009208940000241128010048225002009044A0040020894009004012811200802402250000492AE2849FF5157A130000142F1D4A00009208940000241128010048225002009044A004002089400900401281120080240225000049044A00009208940000241128010048225002009044A004002089400900401281120080240225000049044A00009208940000241128010048225002009044A004002089400900401281120080240225000049044A00009208940000241128010048225002009044A004002089400900401281120080240225000049044A00009208940000241128010048225002009044A004002089400900401281120080240225000049044A00009208940000241128010048225002009044A004002089400900401281120080240225000049044A00009208940000241128010048225002009044A004002089400900401281120080240225000049044A00009208940000241128010048225002009044A004002089400900401281120080240225000049044A00009208940000241128010048225002009044A004002089400900401281120080240225000049044A0000920894000024A9E8EBEBEB2BF4260000285E3A940000241128010048225002009044A004002089400900401281120080240225000049044A00009208940000241128010048225002009044A004002089400900401281120080240225000049044A803770FFF297E2FEE52F157A1B00435A455F5F5F5FA137013014F5F4F6C571E73F1811110FDF70625455561478470043930E25C0EBF897BB9E8DE5AB5F8EE5AB5F8E7FB9EBD9426F0760C8D2A104D883B6F6EE98327B696C6EEB8C8888B10DB5B16AC9AC68A8AF2EF0CE00861E1D4A803DF8C77FF9FD2B61322262735B67FCE3BFFCBE803B0218BA742801FE48EBFAED71D4D9CBA2ABFBD56F8F35D515F1F8CD3362EAC49105DA19C0D0A44309F0472E59D4FA9A301911D1D5DD17972C6A2DC08E0086368112E0BFF9D9AF5F88BB976D7EDD9FBF7BD9E6F8D9AF5F18C41D010C7D0225C07FEAEAEE8B050B5BDEF4EB162C6CD9630713A05C099400FFE9DB3F5A1F2DEBB6BFE9D7B5ACDB1EDFFED1FA41D811407170280720769FE29E327B69B4B577F7EBEB1BEAAB63D5925931B6A17680770630F4E9500244C497BFBBA6DF613262F79CCA2F7F77CD00EE08A078089440D9FBDDEA97E37B3F7966AF5FF7BD9F3C13BF5BFDF200EC08A0B8089440D95B704D4BF4F4EEFDD33F3DBD7DB1E09A373FC40350EA044AA0ACDD71EFA6B8EF9117DFF2EBEF7BE4C5B8E3DE4D197704507C1CCA01CA5647676F1C7156733CB96167529D49E387C713B7CE8CBA5AFF4607CA93773FA06C5D79CB53C9613222E2C90D3BE3CA5B9E4ADF104091D2A104CAD2B39B3BA2694E73B4EFECC952AF7E7855B42C9E1913C6D665A907504C742881B2F4C5EB57670B931111ED3B7BE28BD7AFCE560FA098089440D9F9F58AB6F8E1CF3664AFFBC39F6D885FAF68CB5E1760A8132881B2D2D717317F614B0CC4C33E03591B6028132881B272E33D1BE2A1FFD83A60F51FFA8FAD71E33DF9BB9F004399433940D968DFD9134D739AE3D9CD1D03BACE84B175D1B27866D40FAF1AD07500860A1D4AA06C7CF586B5031E2623769F20FFEA0D6B077C1D80A1428712280B4F6ED819479CD51C1D9DBD83B25E5D6D653C71EBCC98347EF8A0AC0750483A944059F8CCB5AD8316262376DFC2F3996B5B076D3D80421228819277DF232FC68F7F35F8F76DFFF85769F78403140B811228693DBD7D317F614BC1D69FBFB0257A7A3D5904943681122869DFBDF399786CCDCB055BFFB1352FC777EF7CA660EB030C0687728092D5D6DE1D8DB397C60B6D9D05DDC7FE0DB5B17AC9AC68A8AF2EE83E00068A0E2550B22EFBDE9A8287C9888817DA3AE3B2EFAD29F43600068C0E2550925AD66D8FA3CF59165DDD43E32DAEA6BA221EBB6946341D3AB2D05B01C84E87122849F3AF6E1932613222A2ABBB2FE65F5DB8C341000349A0044ACEDDCB36C7CF1F7A214BAD93A7EF1B274FDF374BAD9F3FF442DCBD6C73965A0043898FBC8192D2D5DD177FF2B1E658FDF48EE45A559515F1F00D274644C471E73F9865FC4FE32123E23F6E991935D515C9B500860A1D4AA0A42CBA7D5D9630191171C1FF9C10D31BF789E98DFBC405FF7342969AAB9FDE118B6E5F97A516C050A14309948CCD6D9D31F9F4A5B16D7B7772AD86FAEA58B564568C6DA87DA5F694D94BA3AD3DBDF6A891D5B1E68E3FD40628763A9440C9F8E2F5ABB384C988882FFDAFB7BD2AF08D6DA88D2FFDAFB765A9BD6D7B777CF1FAD5596A010C053A94404958BEFAE538F6FC07A337C3738E53278E8CC76F9EF19AE71CBBBAFBE2A8B39745EBFAEDC96B545656C423379C18D31BF749AE0550683A9440D1EBEB8B987BD5CA2C613222E2CAB953F77868A6A6BA22AE9C3B35CB1ABDBD7D31F7AA95E19FF44029102881A277C77D1B63E9F297B2D43AF5C4FDE38333C6BEEECF7F70C6D838F5C4FDB3ACB574F94B71C77D1BB3D40228241F7903456DE7AE9E689AD31CEB377524D7EAEF6D36396FE19938AE2E5A16CF8CE1C3AA926B01148A0E2550D4BE79F35359C26444C4A7FE6262BFAE466C3A74647CEA2F26665973FDA68EF8E6CD4F65A90550283A9440D17AE6F98E983AA7397674F424D71ADB501BAB96CC8A86FAEA7E7D7D5B7B774C99BD3436B77526AF3DA2AE2A5A17CF8C830FA84BAE0550083A9440D1FAFCB75765099311115FF9C4E47E87C988DD732ABFF289C959D6DED1D1139FFFF6AA2CB5000A41A0048AD2038FB7C5ADBF7C2E4BADE98DFBC4C73F74F05EBFEEE31F3A38DBD89F5B7FF95C3CF0785B965A00834DA0048A4E6F6F5FCCBB3ADFC89DABE6354555E5DEDFAD5D55591157CD6BCAB287BEBE887957E71B7D043098044AA0E8DC78CF867878E5B62CB54E7FF7B838E5D8FDDEF2EB4F3976BF38FDDDE3B2ECE5E195DBE2C67B3664A90530981CCA018ACAB6EDDD31754E736CDCB22BB9565D6D653C71EBCC98347E78529D2737EC8C23CE6A8E8ECEDEE43D1D386658B42E9E19A346F6FF794E8042D3A1048ACA1537AECD122623222EF9D861C961322262D2F8E171C9C70E4BDF50446CDCB22BAEB8716D965A0083458712281A6B9ED911477E6C59ECEA4AEF044E18BB7BA078FDF03C03C5DB77EE1EB0FEECE6F49998C36A2A63C52D3362F2C12332EC0C60E0E9500245E3B3D7B66609931111575CD4982D4C4644D40FAF8A2B2E6ACC526B57576F7CF6DAD62CB50006830E2514B133FEEE77F16FBFD952E86D0C8AAEEEBE68DFD99DA556755545EC3362609E517C79477774F7E4795BAD1F5E1D35D57B7FFABC18FDD93BC7C4ED97BFBDD0DB00DE2281128AD88AB5EDF18EF31EC81660A010AAAB2AE2B7379E14471E5E5FE8AD006F918FBCA1881D79787DFCF5470E29F43620C95F7FE41061128A9C0E2514B92D5BBB62EA9CA5B1656B57A1B7027B6DCCE89A685D3C2BC68CAE29F45680043A9450E4C68CAE89CB2ECC73A7340CB6CB2E9C2C4C4209D0A18412D0DDD317EF38EF8158B1B6BDD05B817E3BF2F0FAF8ED8D27457555791C3C8252A6430925A0BAAA22AE9C9BE74E69182C57CE6D1226A14408945022DE7BFC98F8D0C907147A1BD02F1F3AF98078EFF1630ABD0D201381124AC8373E3D3586D5F8DF9AA16D584D657CE3D3530BBD0D20237FF34009693C6444CC9B7368A1B7016F68DE9C43A3F110D74A42297128074ACCB6EDDD31754E736CDCB2ABD05B81D73870CCB0685D3C33468D1C989B8A80C2D0A18412336A64755CFEC93C774A436E977FB251988412245042093AFF03E3E3B869A30ABD0D7895E3A68D8AF33F30BED0DB000680400925A8B2B222AE9ED7141526B230445454445C3DAF292A2BFDA18452245042899AF9F67DE3ACF71C54E86D4044449CF59E8362E6DBF72DF4368001E2500E94B0F59B3A62DA99CDB1A3A3A7D05BA18C8DA8AB8A95B7CD8C89E3EA0ABD15608078321A4AD8C47175F1F97327C565DF5B93ADE6E7CF9D94ADD67F69FEDD4BB1ECB1B62CB5FEF488D171CAB1FB65A93550EE7BE4C5F8F727B666A935E3E88601E9FCFDD30F9FCC56EBF3E74E1226A1C4E9504289DBD1D113D3CE6C8EF59B3A926BD55457C46337CD88A6434766D8D96E39BBA8631B6A63CD1DB386FC29E26DDBBB63F2E94B63735B6772AD81E8FEB5ACDB1E479FB32CBABAD3FF7A9838AE2E56DE363346D45565D81930547986124ADC88BAAAF87AA65B49BABAFBE233D7B666A9F55F3E7B6D6BB68FE4BF7A51718CA41935B23ABE7A519ED14E3B3A7AE2B399BF279FB9B6354B988C88F8FAA7A70A935006044A280367FC8F0363D6F43C1F8BDEBD6C73FCF481CD596A2D5DFE522CB97763965AEF98322A2E386D42965A83E182D326C43BA6E419EDB4E4DE8DB174F94B596AFDF481CD71F7B23CDFDF59D3F78D33FEC781596A01439B400965A0A22262E1FC7C235B2E5994DEC1EAEDED8BF90B5B22C74337151511D72C28AE913495951571CD823CA39DFAFA22E62F6C89DEDEB4DFCCAEEEBEB864519E6E676565452C9C6F7415940B8112CAC43153F375F05AD66D8F6FDDB13EA9C60FEE7A361E6DDD96653FA79F92AF033B98664DDF374E3F254F07EFD1D66DF183BB9E4DAAF1AD3BD647CBBAED59F673C16913E298A986EB43B9702807CAC8A6173B63CA194B63DBF6EEE45A0DF5D5B16AC9AC18DB50BBD7AFDDB6BD3BA69CB13436BD987E2865F8B0AA68595CBC2369D66FEA88A639CDB17357FA73A4E3F6AB8D55B7BFB543499BDB3A63CAECA5D1D69EFE6763D4C8EA5875FBAC18B7DFDEFFD9008A930E25949171FBD5C6972F785B965A6DEDDDF1A5EFAC7E4BAFFDCA0F7E9F254C46447CE6ECC38A364C46EC3E05FD99B30FCB526BD38B9DF1951FFCFE2DBDF64BDF599D254C46447CF982B7099350667428A1CC7476F5C691672F8BD54FEF48AE555559110FDF70624C6FDCA7DFAF59FDF48E38F2EC65D1D9D59BBCFE21E3EAA2A50446D2ECE8E889A6339BE3E90CA39D6A6B2A63C5CD33A2F19011FD7ECDF2D52FC771E73F183D89CF604644341E322256DC3C236A6BF42BA09CF83F1ECA4C6D4D655C35AF294BAD9EDEBE58B0B065AF5E73F1352D59C26444C4D7FE664AD187C988DDA39DBEF63753B2D4EAECEA8D8BAFD9BBEFC982852D59C26444C455F39A84492843FEAF873274DA8CB1F1DEE3C764A9F5AB475FECF7E89F5F3CB425EECA3492E6A4A31A4AEAAEF2B3DE73509C745443965A772DDB1CBF78684BBFBE76C9BD1BE3578FBE9865DDF71E3F264E9B31364B2DA0B8089450A616CE9F16D5557966BA7CFEDBABA2A3F38DBB8EDD3D7D317FE1CA2CEBED1EB933ADA446D2EC1E7D342DDBE8A3F90B574677CF1B771D3B3A7BE3F3DF5E9565BDEAAA8A58387F5A965A40F11128A14C4D3B6C64FCCD5F4CCC52EBC90D3BE31B37BDF1DDCFD7FD687DAC7C2ACF489AF34E1D1FC74D2BBD9134C74D1B15E79D3A3E4BAD954F6D8FEB7EF4C6A39DBE71D393F1E4869D59D6FB9BBF9818D30ECB772527505C1CCA8132D6D6DE1D934FBF3FB66CED4AAE553F7CF7F89E09635F7BE27ACBD6AE987CFAFDD946D2B42E9E19078E19965C6B28DAB865574C9DD39C6DB4D39A3B4E8E31A36B5EF373CF6EDE3DAEA87D67FAB8A231A36B62CD1D274743FDD0BFF61218183A9450C61AEAABE3FF7C22CF9DD2ED3B7BE2D2EBF63C46E8EFBF9B6F24CD17FFF2F0920D931111078E19165FFCCBC3B3D46A6BEF8EBFFFEE9EBF27975EB73A4B988C88F83F9F681426A1CCE9504299EBE9ED8BE9E73E102BD6B627D7AAA88878E0BBC7C70947FEE170C98AB5ED31FDDC07B29C229E7CF0885871CB8C1856E2A7887775F5C6911F5B166B9EC933DA69F90F4F8A230FAF7FE5C77EBDA22D4EFAC44359AEBD3CF2F0FA58FEC393A2AA88AEBD04F22BED7765E04D555556C4A28BF31CA6E8EB8B9877F5ABEFE79E7BD5CA6C2369BEF1B7534B3E4C46440CABA98C6FFCEDD42CB57A7AFB62EE557F380CB5A7EF518A45174F13260181128838E5D8FDE2C3271F90A5D6BF3FB1356EBC67434444DC79FFF371DF237946D2FCD93BC764DB6331F8F0C907C49FBD33CF68A7FB1E7931EEBCFFF98888B8F19E0DF1EF4F6CCD52F7C3271F10A71CBB5F965A4071F391371011BB4F6A1F7156F39B8EFFE98F83F61F168FDD3423FEF48207B39C22AEAEAA88DFDEF8EA8F6DCBC18AB5EDF18EF31E78D3F13FFD3169FCF0F8F71F9C18479FB32C9E7B615772BDBADACA78E2D6993169FCF0E45A40F1D3A104226277E0987FE6A1596A3DF7C2AE98FDC5DF661B49F3C98F1C5276613262F7F3899FFCC821596A3DB96167CCFEE26FB384C98888F9671E2A4C02AFD0A1045ED1BEB327A69CB1345BE8C861CCE89A685D3C6B8FA36FCAC196AD5D3175CED22CA39D723968FF61B1EAF659513FBCF8AFBD04F2D0A1045E513FBC2AAEB828CF9DD2B95C76E1E4B20D9311BB03F565174E2EF4365EE58A8BA60893C0AB0894C0AB9C77EAF878E7B4D185DE4644ECFEC8F7A28FE6F9C8B7985DF4D1A1F391FF3BA78DCE769B0F503A044AE0552A2A22165DDC3424EEC9BE726E53B6FBC68B597555455C39B7A9D0DB18527F3680A145A0045EE384231BE2ECF715B60BF5E1930F88F71E9F676C4E2978EFF1851F9B74F6FBC6BF6A683DC07F712807D8A39C773DEFAD613595F1F8CD33A2F1901183BEF650B6FAE91D71D4D9CB625757FA68A7BDF54677B503E850027B34616C5D7CEE9C4905597BDE9C4385C93D683C6444CC9B9367B4D3DEFADC39938449E075E95002AFABA3B337A69DD91C4F3D97679E647F1C386658B42E9E19A346560FDA9AC564DBF6EE983AA739366E19BCD14E871D343C56DE3633EA6AF520803DF3EE00BCAEBADACAF8FAA707778CD0E59F6C1426DFC0A891D571F9271B0775CDAF7F7A8A3009BC21EF10C01B9AFDEE03E35DC70CCE7DCDC74D1B15E77FC0489A3773FE07C6C771D3460DCA5AEF3A66BF98FDEE0307652DA0780994C09BBA7A7E5354550EECAC988A8A8885F3A745E500AF530A2A2B2B62E1FC69033EBEA7AAB222AE9E5FF87145C0D02750026F6A7AE33E71E19F4F18D035CE7ACF4131E3682369FA6BC6D10D71D67B0E1AD0352EFCF30931BD719F015D03280D0EE500FDB2B9AD33A6CC5E1A6DEDDDD96B8FA8AB8A95B7CD8C89E39C22DE1BEB3775C4B4339B634747FED14E0DF5D5B16AC9AC18DB509BBD36507A7428817E19DB501B7F7FC1DB06A4F6A5E74E1226DF8289E3EAE2D2730766B4D3DF5FF0366112E8371D4AA0DFBABAFBE2E8739645CBBAEDD96A4E1C57172B6F9B1923EAAAB2D52C273B3A7A62DA99CDB17E5347B69A4D878E8CC76E9A1135D59E6705FA478712E8B79AEA8AB872EED4AC35BFFEE9A9C26482117555F1F54FE7FD9E5C3977AA3009EC1581120080240225D06F5DDD7D71C9A2D6AC353FF7ADD6013954522E7674F4C4E7BE95F77B72C9A2D6E8EAF63414D07F0225D06FD72E5997F5F9C988DD2795AFBCE5A9AC35CBC995B73C95F5F9C988889675DBE3DA25EBB2D6044A9B433940BF181B34F4181B040C153A9440BF7CE93BAB07244C46ECFED8F60BD7AD1A90DAA5EC0BD7AD1AB0C705DADABBE34BDF593D20B581D22350026F6AF9EA97E3FFFEBF6707748D5B7FF95C2C7BAC6D40D72825CB1E6B8B5B7FF9DC80AEF17FFFDFB3B17CF5CB03BA06501A044AE04D2D58D8123DBD03FB744C5F5FC4FC852BA37780D72905BDBD7D317FE1CA18E807967A7AFB62C1C296815D0428090225F08696DCBB317EF5E88B83B2D6C32BB7C50D3FDD30286B15B31B7EBA211E5EB96D50D6FAD5A32FC6927B370ECA5A40F1722807785D1D9DBD31EDCCE678EAB99D83B6E681638645EBE299316A64F5A0AD594CB66DEF8EA9739A63E3965D83B6E661070D8F95B7CD8CBA5A3D0860CFBC3B00AFEB1B373D39A861322262E3965D71F90D6B0775CD6272F90D6B07354C46443CF5DCCEF8C64D4F0EEA9A4071D1A104F6E8D9CD1DD134A739DA770EFED0F1613595F1F8CD33A2F1901183BEF650B6FAE91D71D4D9CB625757EFA0AF5D3FBC2A5A16CF8C09638D76025E4B8712D8A34BAF5B5D90301911B1ABAB37FBED2FA5E073DF6A2D48988C8868DFD913975E678C10B0670225F01ABF5ED11637FFBCB08763EEBCFFF9F8C5435B0ABA87A1E4170F6D893BEF7FBEA07BB8F9E71BE2D72B8C76025E4BA0045EA5AF2F62EE552D033E92A63F2E59D412DD3D43602305D6DDD317972C2AFCF89EA1F46703185A044AE0556EBC6743FC66E5D6426F23222256AC6D8FEB7FFC74A1B75170D7FFF8E958B1B6BDD0DB888888DFACDC1A37DE63B413F06A0EE500AF68DFD91353CE581ACFBD30B8A788DFC898D135D1BA78568C195D53E8AD14C496AD5D3175CED2D8B2B5ABD05B79C541FB0F8B55B7CF8AFAE15585DE0A3044E85002AFB8FC86DF670B93EF7AC77E59EA6CD9DA15FFFBFB6BB2D42A46FFFBFB6BB285C95CDF93E75ED81597DFF0FB2CB580D22050021111F1E4869DB1F0B675596A1DB4FFB05872C5F498347E78967AFFFCAF43E723DFC1B4626D7BFCF3BFE6F9C87FD2F8E1B1E48AE971D0FEC3B2D45B78DBBA7872C3E0CE2805862E81128888888BAF69898ECE3C2369AEB8684AEC3FBA26AE9AD794A55E774F79DE29BD6061BE434957CD6B8AFD47D7C415174DC952AFA3B3372EBEA6FCBE27C09E099440DCF7C88BD946D2FCE911A3E3BC53C74744C4874F3E204E3936CFC7ACFFF69BC28FCD194C77DEFF7CFCDB6FF28C4D3AE5D8FDE2C3271F101111E79D3A3EFEF488D159EADE79FFF371DF238373CF3B30B4099450E67A7AFB62EE552BB3D4AAA888B86641535454FCE1C7165D3C2DAA2A2B5EFF457BE1B3D7166EB0F760DAD5D51B9FBD36CF60F7AACA8A5874F1B457FE7B4FDFA31473AF5A193DBDCE7642B91328A1CC7DF7CE67B23D9F78F6FBC6C7094736BCEAC78E3CBC3E3EF1E183B3D45FF3CC8E6CCF790E650B6F5B176B9ED991A5D6273E7C701C7978FDAB7EEC84231BE2ECF78DCF527FC5DAF6F8EE9DCF64A905142F6383A08CB5B577C7E4D3EFCF728AF88DEE7ADEB2B52B269F7E7FB4B57727AF336A6475B42E9E19078EC973B864A8D9B865574C9DD31CDBB6A7FF5E35D457C79A3B4EDEE3C8A59C77B58F195D136BEE38391AEAAB936B01C5498712CAD865DFCB3792E673E74CDA63988CD81D38FEE1E393B3ACB36D7B777CE1FAD2BD53FA0BD7AFCE12262322FEE1E3935F777EE784B175F1B97326655967CBD6AEB8EC7BE53BDA09D0A184B2B5F2A9ED71F439CBB29C229E347E783C71EBCCA8AB7DFD7FA376F7F4C5D1E72C8B954F6D4F5EAFB2B2221EFAFE0971DCB451C9B5869287576E8BE3FFEAD7D19BE199C469878D8CC76E9A11D555AFFFB06447676F1C71567396F13FD55515F1D84D3362DA6123936B01C5478712CAD4FC852BB38DA4F9A74F4D79C33019B13B702C9C3FED0DBFA6BF7A7BFB62DED52B4BEA4EE9BEBE887957AFCC1226232216CE9FF686613222A2AEB632FEE95379C60875F7F4C5FC85790E7701C547A0843274D7B2CDF18B87F28CA479D731FBC5EC771FD8AFAF7DEFF163E2B41963B3ACFBC0E36D71EB2F9FCB526B28B8F597CFC5038FB765A975DA8CB1F1DEE3C7F4EB6B67BFFBC078D73179463BFDE2A12D71D7B2CD596A01C545A08432D3D9956F20755565455C3D7FEF86975F35AF296A6BF2BCF55C7ADDAAD8D1917EA8A4D07674F4C4A5D7ADCA52ABB6A672AF07CA5F3DBF29DB68A78BAF6989CE3218ED04BC9A400965E6DA25EB63F5D37946D25CF8E713627AE33E7BF59AC64346C4DFCE9E9865FDA73775C4D77EF864965A85F4B51F3E194F6FEAC852EB6F674F8CC64346ECD56BA637EE1317FEF9842CEBAF7E7A475CBB647D965A40F1702807CAC8A6173B63CA194BB38DA459B564568C6DA8DDEBD76EDBDE1D53CE581A9B5EEC4CDEC7F061BBC7154D1CB7E713E643DDFA4DBBC7F7ECDC95DE691DB75F6DACBA7D568C1AB9F7E37B36B775C694D94BB38D765A75FBAC18B7DFDEFFD9008A930E2594912F7D27DF489A2F5F38F92D85C988DD81E31FFFBA31CB3E76EEEA89CF2CCA73AB4C217C66516B96301911F18F7FDDF896C26444C4D886DAF8F285F9463B7DE93BA53BDA09782D8112CAC4A3ADDBE207773D9BA556D3A123E3D3A7A77D6C7DC16913E298A979C6FEDC71DFC658BAFCA52CB506D3D2E52FC51DF76DCC52EB98A9A3E282D3D23EB6FEF4E913A3E9D03C637F7E70D7B3F168EBB62CB580A14FA08432D0D717317F614BB6913457CE9D1A35D56987382A2B2B62E1FC3C774AEF1EB993EFD73718768F3E6AC932FAA8A22262E1FCA6A84C3C5853535D1157CE9D9ABEA1D8FDEB9BBF30CFAF0F18FA044A28034BEECDD7C1FBC04963E30327E519FD336BFABEFD1E39F4667EBB2A5F077630FCE0AE67E3B7ABF274F066BFFBC098357DDF2CB5727E7F972E7F2996DC9BA7030B0C6D0EE54089DBD1D113D3CE6C8EF5194E11D754EFBE0D25D7C7A211BB0FA54C3BB339CBF89FB10DB5B1E68EB7762865306DDBDE1D934F5F1A9BDBD20F258DA8AB8A95B7E53D94D4B26EF72D4A5DDDE97F3D4C1C57172B6F9B1923EAAA32EC0C18AA86F6BB2E90EC9BB73C95254C46447475F7C50D77E7EF02BE63CA3EB1ECB1F4A1DE9BDB3AE33D731F8E538ECD33A87BA0DCF7C88B59C264C4EEDFBBEB7E947F4C4F8E3019B1FB1F0CDFBCE5A9F8F2056FCB520F189A7428A184E5ECFEC15B35105D546068F10C2594B02F94C84D3214B71D1D3DF1854C3701014393400925AAF9772F95D45DD714B75B7FF95C34FFAEF8463B01FD23504209EAEDED8B05D718D9C2D0D1D717B1E09AE21AED04F49F400925E8869F6E8887571A2ACDD0F2F0CA6D71C34F37147A1BC0007028074ACCB6EDDD31754E736CDCB2ABD05B81D73870CCB0685D3C73C88F7602F68E0E259498CB6F582B4C32646DDCB22B2EBF616DA1B70164A643092564F5D33BE2A8B397C5AEAEDE426F055ED7B09ACA78FCE619D178C888426F05C84487124AC867BFD52A4C32E4EDEAEA8DCF7EABB5D0DB00321228A144FCE2A12DF193FB9F2FF436A05F5F8948EF00000AA3494441547E72FFF3F18B87B6147A1B402602259480EE9EBEB864514BA1B7017BE592452DD1DDE3A92B280502259480EB7FFC74AC58DB5EE86DC05E59B1B63DAEFFF1D385DE069081433950E4B66CED8AA97396C696AD5D85DE0AECB531A36BA275F1AC1833BAA6D05B0112E8504291BBECFB6B84498AD696AD5D71D9F7D7147A1B40221D4A28622BD6B6C73BCE7BC0736814B5EAAA8AF8ED8D27C59187D7177A2BC05B245042113BE3EF7E17FFF69BF23829DBD5D317ED3BBAB3D4AAAEAA8C7D465465A9F5C75EDED113DD3D794637D58FA88E9AAA8A2CB586BA3F7BE798B8FDF2B7177A1BC05B24500245E3239FFF6DDC996934D28D5F3E2ACE3D757C965AFFE587F76C88F3BEF278965A1F3EF980F8D77F7A47965A00034DA0048AC69A6776C4911FCB7313D084B175D1B27866D40FCFD3A96CDFD9134D739AE3D9CD1DC9B586D554C68A5B66C4E483DD24031407877280A231F9E011B1E0AC43B3D47A7673477CEDC67C774A7FEDC6B559C26444C482B30E152681A2A2430914956DDBBB63EA9CE6D8B8655772ADBADACA78E2D6993169FCF0A43A4F6ED819479CD51C1D9DE99DD303C70C8BD6C53363D4C8EAE45A0083458712282AA34656C715173566A9D5D1D91B9FFB76FA9DD29FFB766B9630191171C5458DC2245074044AA0E89C77EAF8386EDAA82CB5EEB87753DCF7C88B6FF9F5F73DF262DC71EFA62C7B396EDAA8382FF3412180C120500245A7B2B222AE59302D2A324DD4B9F89A96E8E9DDFBA77F7A7AFBE2E26BF2DCA15E511171CD82695159591E638280D222500245E9A4A31AE2ACF71C94A5D6F2D52FC7F77EF2CC5EBFEE7B3F792696AF7E39CB1ECE7ACF4171D2510D596A010C36877280A2F5CCF31D31754E73ECE8E849AE35B6A136562D99150DF5FD7B7EB1ADBD3BA6CC5E1A9BDB3A93D71E515715AD8B67C6C107D425D70228041D4AA0681D7C405D5C7AEEA42CB536B775C63FECC59DD2FFF0FD3559C26444C4A5E74E122681A2A6430914B59DBB760F145FBF297D06644D75453C76D38C683A74E41B7E5DCBBAED71F439CBA2AB3BFDED73E2B8DD03D6870F1B98AB200106830E2550D4860FAB8A6FCE9D9AA5565777FF0ED95C7C4D4B96301911F1CDB9538549A0E8099440D13BFD940363D6F47DB3D4BAE7C117E2EE659B5FF7E7EF5EB639EE79F0852C6BCD9ABE6F9C7ECA81596A011492400914BD8A8A884517E71BB973C9A2D63D7620BBBAFBE29245E983D023768F3E5A7471BED147008524500225617AE33E71C16913B2D46A5DBF3D16DDBEEE353FBEE8F675D1BA7E7B96352E386D424C6FDC274B2D804273280728199BDB3A63F2E94B63DBF6EEE45A0DF5D5B16AC9AC18DB50FB4AED29B397465B7B7AED5123AB63CD1D7FA80D50EC7428819231B6A136BE7CC1DBB2D46A6BEF8EBFFBE7D5AFFCF7DFFDF3EA2C613222E2CB17BC4D98044A8A0E255052BABAFBE24F3ED61CAB9FDE915CABAAB2221EBEE1C4888838EEFC07DFD2F58C7FACF19011F11FB7CC8C9A6A0F4F02A543A0044ACEDDCB36C7699F79344BAD93FFF3F4F8FDCB5FCA52EFAE6F1E131F9C31364B2D80A142A0044AD2FBE73F123F7F28CF789F5CDE77FCFEF1B385C7167A1B00D979861228490B17340DA98F956BAA2B62E182A6426F036040089440496A3A74645CF4D18985DEC62B2EFAE8C437BDD211A058F9C81B28596DEDDDD1387B69BCD0D659D07DECDF501BAB97CC8A86FAEA82EE0360A0E8500225ABA1BE3ABEF2F1C985DE467CE5E3938549A0A4E9500225ADA7B72F8EF9CB07E3B1352F1764FDA327EF138FFE7F274655A66B210186221D4AA0A4555556C4C2F9853B0CB3707E933009943C81122879A71CBB5F7CF45DE3067DDD8FBE6B5C9C72EC7E83BE2EC060F3913750169EDCB0338E38AB393A3A7B0765BDBADACA78E2D6993169FCF041590FA090742881B23069FCF05870E66183B6DE82330F132681B2A14309948DF69D3DD134A7399EDDDC31A0EB4C185B172D8B6746FDF0AA015D0760A8D0A104CA46FDF0AAB8FC938D03BECEE59F6C142681B222500265E5BC53C7C7F17F327AC0EA1FFF27A3E3BC53C70F587D80A148A004CA4A45C5EE513E150330C967206B030C65022550764E38B221CE7D7FFE2EE2B9EF1F1F271CD990BD2EC050E7500E50969EDDDC114D739AA37D674F967AF5C3ABA265F1CC9830B62E4B3D8062A2430994A50963EBE2D2F30ECF56EFD2F30E172681B2A5430994AD8ECEDE38E2ACE67872C3CEA43A93C60F8F276E9D1975B5FE8D0E9427EF7E40D9AAABAD8CAF7F6A6A729DAF7F6AAA30099435EF8040593BFDDD69F76D9F72EC7E71FABB07FF9E7080A144A004CADED5F39AA2AA72EF67FD545556C4D5F39A06604700C545A004CADEDB1BF7898F7FE8E0BD7EDDC73F7470BCBD719F01D8114071712807202236B775C694D94BA3ADBDBB5F5FDF505F1DAB96CC8AB10DB503BC3380A14F87122022C636D4C6657F35B9DF5F7FD95F4D162601FE930E25C07FEAEAEE8BA3CF59162DEBB6BFE1D7351D3A321EBB6946D454BB631120428712E01535D51571F5FC373F6473F5FC266112E0BF112801FE9BF79FB07F7C70C6D8D7FDF90FCE181BEF3F61FF41DC11C0D0275002FC912BE74EDD6307B2A6BA22AE9C9B3E081DA0D40894007F64EAC49131F78C435FF3E373CF3834A64E1C59801D010C6D0EE500EC415B7B774C99BD3436B77546C4EE53E0AB96CC8A86FAEA02EF0C60E8D1A104D88386FAEAF8EA458DAFFCF7572F6A1426015E870E25C0EBE8E9ED8BE3CE7F3022221EBEE1C4B7743D234039102801DEC0FDCB5F8A888893A7EF5BE09D000C5D02250000493C430900401281120080240225000049044A00009208940000241128010048225002009044A004002089400900401281120080240225000049044A000092089400002411280100482250020090A4224EF8595FA137010040F1D2A104002089400900401281120080240225000049044A00009208940000241128010048225002009044A004002089400900401281120080240225000049044A00009208940000241128010048225002009044A004002089400900401281120080240225000049044A00009208940000241128010048225002009044A004002089400900401281120080240225000049044A00009208940000241128010048225002009044A004002089400900401281120080240225000049044A00009208940000241128010048225002009044A004002089400900401281120080240225000049044A00009208940000241128010048225002009044A004002089400900401281120080240225000049044A00009208940000241128010048225002009044A004002089400900401281120080240225000049044A00009208940000241128010048225002009044A004002089400900401281120080240225000049044A00009208940000241128010048225002009044A00400208940090040928ABEBEBEBE426F020080E2A5430900401281120080240225000049044A00009208940000241128010048225002009044A004002089400900401281120080240225000049044A00009208940000241128010048225002009044A004002089400900401281120080240225000049044A00009208940000241128010048225002009044A004002089400900401281120080240225000049044A00009208940000241128010048225002009044A004002089400900401281120080240225000049044A00009208940000241128010048225002009044A004002089400900401281120080240225000049044A000092FCFFF34CE6E22D96E6410000000049454E44AE426082');



/* id   Indonesian,           */
INSERT INTO "Locales" VALUES('Indonesian','id');
INSERT INTO "Languages" VALUES('Indonesian','English','Indonesian');
/*Indonesia*/INSERT INTO "Flags" VALUES('Indonesian', 0, X'89504E470D0A1A0A0000000D4948445200000140000000D50806000000264C29EE00000006624B474400FF00FF00FFA0BDA7930000000774494D4507DB071D0D192AEC1DE683000002E649444154789CEDD7310DC300100441DB0A0157611066A9C33494DE30BED8190457AD74E7FFFECC0110746D0F00D82280409600025902086409209025804096000259020864092090258040960002590208640920902580409600025902086409209025804096000259020864092090258040960002590208640920902580409600025902086409209025804096000259020864092090258040960002590208640920902580409600025902086409209025804096000259020864092090258040960002590208640920902580409600025902086409209025804096000259020864092090258040960002590208640920902580409600025902086409209025804096000259020864092090258040960002590208640920902580409600025902086409209025804096000259020864092090258040960002590208640920902580409600025902086409209025804096000259020864092090258040960002590208640920902580409600025902086409209025804096000259020864092090F57AFFBEDB1B00569C3333DB230036B8C0409600025902086409209025804096000259020864092090258040960002590208640920902580409600025902086409209025804096000259020864092090258040960002590208640920902580409600025902086409209025804096000259020864092090258040960002590208640920902580409600025902086409209025804096000259020864092090258040960002590208640920902580409600025902086409209025804096000259020864092090258040960002590208640920902580409600025902086409209025804096000259020864092090258040960002590208640920902580409600025902086409209025804096000259020864092090258040960002590208640920902580409600025902086409209025804096000259020864092090258040960002590208640920902580409600025902086409209025804096000259020864092090258040D6037CC80896408BDE5A0000000049454E44AE426082');


/* it   Italian,              */
INSERT INTO "Locales" VALUES('Italian','it');
INSERT INTO "Languages" VALUES('Italian','English','Italian');
/*Italy      */INSERT INTO "Flags" VALUES('Italian', 0, X'89504E470D0A1A0A0000000D49484452000000C80000008508060000001E9EB72C00000006624B474400FF00FF00FFA0BDA7930000000774494D4507DB0403113108867A09A50000019349444154789CEDD3B11141011444D147475223964A240AD0812E648AFA2D888C36647470533F38A7829D9DB99B791CBFC3DC76E7E57EB8EEFFBD630D9EA7CBF279BD7D3133DB7F0F8035130804814010080481401008048140100804814010080481401008048140100804814010080481401008048140100804814010080481401008048140100804814010080481401008048140100804814010080481401008048140100804814010080481401008048140100804814010080481401008048140100804814010080481401008048140100804814010080481401008048140100804814010080481401008048140100804814010080481401008048140100804814010080481401008048140100804814010080481401008048140100804814010080481401008048140100804814010080481401008048140100804814010080481401008048140100804814010080481401008048140100804814010080481401008048140100804814010080481401008048140100804814010080481401008048140100804814010080481401008841F79360B39B6CEF74F0000000049454E44AE426082');
/*SanMarino  */INSERT INTO "Flags" VALUES('Italian', 1, X'89504E470D0A1A0A0000000D49484452000000C80000009608060000009BDCC71900000006624B474400FF00FF00FFA0BDA7930000200049444154789CEDDD777C1475E2FFF1D7CCCEF6DDECA657D22094107A13A5DAC0861DEC8AE5ECE54E3DEB79963BCFD3F3AB1E76141B8A88A2A0880514A4F71E4802E9BDEC667B9FF9FD110C46FCE5BC7BA85133CFC78307C9CE64E7339FDDF77E3E33F3D9CF088AA228A854AA1F24F6740154AA5F3335202A5537D480A854DD5003A25275430D884AD50D35202A5537D480A854DD5003A25275430D884AD50D35202A5537D480A854DD5003A25275430D884AD50D35202A5537D480A854DD5003A25275430D884AD50D35202A5537D480A854DD5003A25275430DC8AF482010C0EBF5F6743154DFA106E45764FEE3A7F2FA63337BBA18AAEF907ABA002A0887C3844221B4BA1424298AD7EB4592240C06434F17ADD713D479B17ADECB8F9C4D86F91056BD0949A3E00EFAA96ACFE1BA073FE9E9A2F57A6A0BF22B60CD184F8B2389DAE666446434E634AC19B93D5D2C156A0BF2ABF2E2C317801CE1BA073FE8E9A2A80E530FD27F253EFDF453C4C4B168D326B26CD9B29E2E8EEA30B58BF52BD0DEDE8EC7E3E5824BAF0160F5EAD5343737939292D2C32553A901F9150887C31417175350508046A3211A8D120E877BBA582AD480FC2AB4D41F222BB0903D1F2E405604625181A6D47F939595D5D345EBF5D480FC0AAC5FF230E79E6844D275FC1E8DC0E22FFFC9A8634FEAD982A9D483F49EB67EF5979862B56CDC16C0E3008F13D66D0960949B58B7EAB39E2E5EAFA79EE6ED618FDE3A85546D1D6FAF6C66447F0BA2A0B079BF974B4E4CA53194CA5F9E5DDBD345ECD5D480FC020E1E3CC8C71F7FCCECD9B3B1DBED3CFFFCF3B4B7B7A3150234EC7F8F6D7B1A38F7043BBB2A2C44A23146170458BCB29D31C3D3491B388B28660C0603B7DC720B1E8F8779F3E6317DFA74060E1CD8D3BBF6BBA706E467505252C2F2E5CBB1582C58AD56E6BFF92A85037329DDBF839C742B216F2DF9E951A2910891201C6C8870D23813C52D03104481A294123EDBE0A36F9A16AD0124494B758B0E419F466D9397FE834672A0B49A8B2FBD129FCF87CBE562EAD4A90C1B36ACA777FD77470DC8CFE0EAABAE44E3DB46FFF4768AF20D6844A86808D3D816211C5248B2696977C5D06B34B428F9A4991D68A32E5AB5A3516485A4D856C2A28DE6400A299A3282E118769B86567704BD5E203541222F438FACC0EE83010E36DB512C6379E9E5577A7AD77F77D483F49F502C16E3E187FE4A8EEE4BEE9829B3BFDCCF818321366E0FE06B07BD2261371A68F79A7149455C70DF2A9E7CE52B828622BCFE187A431C06930D5F4026621CC493AF7CC985F77D835B3B0C77C04C9CC1800109B70336EF08B2B724C881CA00379F2993A7FB82071FFC0BD168B4A7ABE177456D417E424F3EF924BBD7BDC69C5B74DCF9EF5A664D4962CDAE205ED35866CCBC9171E3C6A1D3E98EFA3B87C3C13F6F1C426D6B180181F4782D7F7A662BE9E9E947AD1B0E87D9B2650B4BDE7D1E936F031386EB59F4751B4FDC9AC5EDCF471938EE726EBFFDF65F62777B05B505F90989A248B2358CAC40302CB3698F8FD36F58C41373DE65E2C4895DC2E172B9B8F2B273A9ABAB23212181DDE57ECE9F66E7A2D3EDECA9F2939E9E4E434303D75C713E2D2D2D9D7FA7D3E938EEB8E3787CCEDB9C75CB6236EDF6E10FC984A30AC97141341A4D4FECFAEF961A909FD0F0E1C3F1FA43880224C649E467EAF17ADC9DCBBFFAEA2B1A1A1A0078F0EEABB8FBCC529EBA77226BBE59CD9821468E1F6D65FC100BC78D30B37EDD5A9EF8F344EE3AF3007FBFFF72009A9A9A58B16245E7F3B9DD2EF2D27424D925749280CB1366F0E0C1BFEC4EFFCEA957D27F4253A74EE5E567D25194306DEE18B228F3C51B373369F21E0441E0FD97AE213D2186473F051BBB494BB4F0C06C3B373F71217FBD2A89365794AA863057CE48E2EE4767F2DC9D6900A468CBB8F7CE3FA0737D418B5BE0C4132B50148565AFDEC8D8FE22ADED1DC71DEE682A279DA45E7DFF29A9C7203FA17038CC4D37DDC831692B185F64E68197EB898415A2E8B8EAB6E769DE7A27179E6CA7B83C883710C3641049B449A427690128AE08100CCA8C1C6406C0E58D71A02A884127222B0A23FA9B58B4D249D68417F9DB7DB389D707B0C769F8F3E569EC3D14E49BDA1379FC897F61B1587AB21A7E57D42ED64F48A7D3919D9DC347EB04D292B44C186A61488189771ECEA46DFB1D0CCAD5F1E1AA767233758C1D6CA630DFC8E71B8F74C1BC7E195FE8C8E7D5B2752E46F43731ACC04851BE914FD6B91835C8C49E4FAFE1A3C7529938CAC2F08146B25275BCB75A2125350DA3D1D813BBFEBBA5B6203F830D1B36F0F23FCEE4C293E3D955EAE78C897632923B5A894048E6EDE56D8C1F6261EE92160ED546C84C31202B0AA148C74BA1D78A8802D4B704C94DD7F287B352D854ECE58293E2311B3B0EC2EB5B227CB1C9C5801C238B56B673C51D1F3061C2841EDBE7DF2B35203F3159963975DAF1A4EAF771DC503329095A0AF30C6CD8E363DB013F4D8E287D337524DBA58EF65B817044201C89750644A715D06B45745A100401455668F3C438541D223D59CBC80126460F3272A82E4C4D5398CDFB7C54B9FBF2E9E7ABD1EBF53D5B01BF336A17EB27268A229F7DB98A09673C48694D84E3475B99B7B4951D07FCC45B356424690947642C26111181BC0C3D579D99406D43847E197A0AB30D1CAA0A73E9A909F4CDD4232A60318984C33269495AE2CC225B8A7D2CF8DCC9C4E1162A1B220C9BFA6756AEDAA886E367A006E46772CDB53732EB960F39EF9E4AB2D374B8FC0A5683C409A3AC78DC32B9697A248D40BB3B467D4B84FA96308EF6182D8E188D6D61EA9AC2B43963E8740239697A9CCE18278CB662D14BB8FD0A290912173F50CD8C6B1672EB1FEFECE9DDFDDD524FF3FE8CC68C198B2859D85316A04F8A4451BE91B2EA100EB7CCB00146EA5B23543584D95FE527215EC3EADD2E00D25235BCFFB503A34E222F43C798C1265E5EDC4A797598A27C03A24661FB8100264B12C71EA71E77FC9CD463909FD93FFFF94F8668E631FFF3365212259A1C1172320CA4C64BF4CDD2E16E976971460947217AF81844D20AE82448899788B38B1CAC0BD3E28C52591722355162508E8164BB01FBB817983A756A0FEFE1EF9B1A905FC0053326E16A2FE192132D54D74638541B02057C2199CC443D497689048B84412BA000E1A8429B274A9B2B4A4D7310B3518300E464E8C8C9D2F1C9463F83C7CCE4AF7F7BA6A777ED774FED62FD024E3DEF6A9AB6DEC7E76BBD8CE86762EA701BA200CAE1315BB202DE400CB7AF637DAD16122D1229368911FD4C0802C80A34B747F86AA387B1830CC4E70DEDD99DEA25D483F4FF417373F37FB57E5E5E1E3BCB6492E23458F412A1B0422CD61110492360D08A24DBB4A4256A494FD49214A7C5A817913402B202B11884C20A16838664BB96ED07A2F4EBD7EF476FDFEFF7ABB755F81FA95DACFFD292251FF1E7BFFC99BDDBF6A1D56A7F709D4824C28B2FCC61C79AD7493639488917906581BAD6083BF6FB506481C23E460A738C584D128200B19882462300477E96E58E96E5404D80DD957E440D8C1C6426234942232A34B72B3479E21976ECA5DC74CB1FFFBFE539EBFC337169DAD046F5580C5616CFFFE867AB9FDF1B3520FF85471FFF3BEF2D5F80CEA8E3CB055F63B3D98E5A67C3860DFCDF8317F187193AF233F57CB2C649636B0C4180817906CE9868E3B1D79BD85F0E4D1E89AC340B5A318A51AB20281DEBC968F0874016F4D4360788378428EA1BE3EE2BD258B6D64571451014484ED070C6443B354D615E5812E696FBDE64E2C4894795E9ED05F359B0E64D0C663DD17094D64A277FBCFC4ECE3DE7DC5FA2DA7ED3D42ED68FF4E8E37FE7B3ADCBC81B9E8D24697E301C2FBDF02C1FBD782E2FDC6967ED4E0FFFF77A334A404B41B299826433650723FCF9995AEE999D466E86CCE397DBC8B587C8C81DC96373D722268E236018CC6373D7D26FC809A45B23DC7FAE9EBE1951EEBB329DFB9EAB63FF81303976237D134D88212D73E6B7F2F5162F2FDE61E7D3572FE0B9394F1D55AE602084562FA1C80A068B9EC2C905CC9BFF2A070E1CF825AAEE374D6D417E848F967EC84B4B9F25140CD16F641EA5AB2B58B5A4EB743C8B3F789F1DCB6FE5CA1989FCEB8D66FAA775749F62310541805044C1A01568F7C5108C31F2327478DB44C60DB410892A3CBAA09ED9D39249B64BCCF9A899EBCF48C16A14D971C8474C1FA5C519C5E700BBB5A34BA6D11C3ECA1704FCC118654D016EBF2C85F99F3A1830F509665D706167D9FC7E3F275F3895C2C9FD29DF5945DE906CFC9E00EE92001F2FFCF497AECEDF14B505F98EB6B6369E7AEAE84FE0E7DF9E43381C2667701F00922CC95D96B7B4B4F0C9FCDBF9D345293CF9461305A946526C3A1A1D61966D71B0AFDEC3577BDAF972878B7054E6506D88F1432C6C29F170A0264071B59FCB4E4AA2AC2E80D31365FAE8384A6BFDD4B78559BDDBCDB143CD1CAC09220BB076AF9B2F773A29AEF7B06C8B8366478414BB8EFC14234FBED1C4CDB392F962E15D3436367696CFE3F120481DC7377943B329DD568ED96EC2A08EFCFD8FD4807CC7F5B75ECB8265F3BB3CB660E102CC9906444140AB97A8D855C56DD777FDCEF7BDB75FC93D97C6F1CC8266FAA59A484FD0E1F446D8B8DFC33F6EC9E0A16B3379E19E6C6C56114501BB5583C31DC56CD050DF1A66E12A078F7E021F6D70F3D8BB0D3CFDA5C8A2354E7697FB3119445CDE1876AB0605B0C5893C7F4F360F5F97C963B766B2A9C44DB3334246BC967E29269E9CDFCCBD97DBF9CB5D5777962F353595FBAF7D8883DB2A104481D49C24EA4A1B680D35B1E0DD059DEBAD58B982F32F3A9F582CF6B3D6F36F891A90C38A8B8B69D7B6624AD6F3CA6B47A6CF59B6F2635A2A5BC91D9A8DA7CD4B8A2693D4D4D4CED9434A4A4A48D3EDC01790F1B81492E2B438BD51402022CB6426777C0FDDA01300855D153EAE382389656B5D18B402EF6D564839EB9F9CFDF7259CF4E86A8EFFDB2ACE7B6C290557BEC9FBDBB544A3F0F90637579C91C49E2A2F9118980C1D2F5B66B28E180A82A8D0D21EC56E95F07BA0DD1DA38F7117C5C5C59DFB3165F214BC2D7E42FE30F6541BEDCD6E52F392B0D96C3CFEC81DBCFDEABF9833F719347911FEF6E823BF58BDFFDAA90139ECB1A71E25B7A80F669B99255F2EEE7CBCC9D988A4D7E275FAF01F8C72C9CCCB38E59CE9D4D4D400F0CC13F773DD3949BCB5AC8D824C2381B08C280804C2322EAFC0CEB200002BB778D068051EBC3E0DAF2FC69A1D21761BCE64C6635FD07FD4240024AD0E9DA1A3DB939E57C0398F2DA339E72A566D0BD3EE8EF2C8F5E9E80DB0724BC797ACF61C0CE0F08042C715785F30467E9A9EB797B771D58C449E79E29ECEFDD0EBF57CB3743D87D656130D45C91F9643C9A643ECDBB99141C2326AB73D4BC8E8231A8EB162EBE7FCF591077E896AFFD55303725893A701048846A2F8F074B610F535F558E24DE85BE23879EA349E78F351EC7DACB4B6B6128D4611BC5B911505BF172C060D28108AC85434471977FD8B3CB92C9ECF37BA983CD2C23DB3D358B6DEC70D73224CB87F25132FBEED3F966BEC999771C2C3ABB8F94558BAC6C75D97A73179A495159BDD3CBED4C6B137CCA5A4368A82822C2BE8B502A18040242AA30BEC24128970F0E0419E7BEE595E79752EEFBEB28842E328BCE521FC2E3FAB3F7D9B1617D43444C91E9249D01764D0E47E6C2FDEFA7357F96F823AD4E4B028918EFF23512C61177FB9663013CEB8179FCBC7B1B95348494961F1868518AC7A6425466666260B172E647CA1C0A22F1DCC9C9484AC28B87C31EA5BC3541B27717CD128728ADEE4B3355FF2E66BDF201A6C8C3DF32A669D157FD4F66539C6A6852F11A7559012B31830F5CCCE651AAD9699FF588ADFDDCEAD4BE6110DBA48E93F9EA9B74F0760D5A613C80C7C4546A296480C0A320DBCBFC2C9F8222D0B162CC0E576F1D1C685E82D7A3E58B5908837C6574B5673C1E5B3682FDF87601CC8D6AA1D0C9D087254261A89A189AA6F0D505B904E72B4E36CB700A4893EAE3DD9CCDBF39E42ABE838FFEC99BCF3D91BA4E5252347659408A4A7A7B37AE562A68DB771A83A4266928E3EC97A8A724D9434CA1C7FE503E8241D3A49C7A8A9A731E9927B484A1F801C8E763EFEDD7FEB5EFF17674D1EC335975EC8E5D38FA376F796A3D6B127A45078DC19A4E68F61C4E4533B1F3F7EF6FD1C6A86DA96301A11CC7A0D95F5614E3EC6C6EA151F70F1451723881A2C7633C6040379E3B3387ED644AC7156EA9B5C3CBF781B79A70C27128E2088029256832BE8EAD917E457A25707C4E17074FE2C291DC334A29118AD71E95C37A785B22A0F8F3CF010B7DD7F0BFDC6E651B1A79AECC24C4CA2054110903DA5489A23C3D4BF551EEA43588EE1F57BF1FABDECD9F0153BE63FCE4983D3496ADE49D9B66F3A977DFB2F3F2D9137DE7883479F7C9AE4E4645AEBCA8F5AE7D3E71F42AAD8C8D4FEC934AF7A078FCF83D7EF251809D12C669364D3E2F04489C90AE1208802E02B439224249F1E49D290906EA3E6403D8513FA53E7A826CE6AC29E9E8DA4D7D250D6446A5E0A9E362FD3264DFF255F8A5FAD5E1D909B6EBD91071EFC0B0063878C27E80BA12890549887396F34069D40C1804144CD419A2B5B894BB0D252DDCA15E75F452412C1AC6D6773B19FC139E6CEE7DC57E5C7D4EFF82EDB0955EC60DC9831AC59B79ECB2FBF1C6FE5BEA3CAA2D1EAD06AB544F556AEBBF94F0C9C32A3CB7245513876703F9A9A9A88CA32679E760ACE869ACEE5E682134889979836CACEB07C13857D4CACDFEDC3AA77A1D56A3975CAE93455B562B418C91BD287BD6B0F206B620C1F39069DA021128C100A4610352275071A89B31E3D52A037D23CF8E0830FF674217ACA6B0B5FE5507B29D525B53C70EF5F79E6FFFE8DD1AE4767D0126D5510A35136EDDB8529438FBBD5437CBA9D385F32F7DE792F9B376FC659BE88E6B608270D8D473A3CD0F08BED6ED24FB9174977E4FBE1E1DAFD6C58F30DED1191D52BBE40973398F88C9C2E6539B47727575E781E5BB76C61EA4D0F23885D3FBB1459A6AD7813DBB66DA5C62FB06FFB6632C69C802074AC97D4279F9A35EF30BABF09935E437E868135C52E6C1691987934175C7001C69885AFD7AF2431231E9D414B2010A2BEBE05FC3E8424234A4CA6BEB489A5AF7ECAA489937EE6DAFF6DE8D52D485489D06F542E1B6BD670CBED37F3B73BFF41C81DA6724F0D9E1607FD060CA6C1554B63791382289212CC6274D1180076EDDA45568A96764F0CBDF64835367BB5C4C527A2D3E93AFFF931327DFA7424394CD271673270FC095D96EB743A069F328B43E5E50C2E1C74D4329D4E87C168443298183A7428080289E3676030183B975BE26C34FB8E8CE6D588026E6F8CBC0C3DFBF6ED23140A31F3FC9964EA73A9DED84834124340419034F803218A5797107341866067C3DA95BFF86BF16BD5AB032269243C0E2F495909D453C157DFACE4A60B6FA3B1BC1983060ED536D050D58C45B1F38F9BFF851C81279FFD170055555514641BF007BA1E7F382347CF6AD8FFC4F390743A460C1D42564161E7E37A9D8E789B9D789B9DB4B44CF61EAAC168D0773E166FB3A3D31E99F0BA31A6E7D65B6F254E2B909ED7FFA8EDB823E62EBF07023020474F55650527CE98CAA4738EA5B47E3F271D3B0DA5518B51B6505152493818408C482438CBB9F3E47A767DF160E773F4F6DB29F4EA80D8CC0958132C341E6A26393B89AFB67DC1E9A79EC165E7CD66CFA112F6EDDFCFFC97DE61D97BCB79F68539AC2F59872CC9783C1E5A1ACBC94ED51189C85D9E33C2D1E39B249D8E2DFBCAC8484FEBF2E637194D5DD6F3CB1AAA9DFE2E8F994DA6CEF5A79C7F351F7CF811564BD7BFFB5640E81A905058212349475B732599E959F419924E5C9A8555655FD0D05ACB6B4FBFC59BAFBE454C89929F9ECAD07E6934B6CA54B759282D2BE5DEFBEEE1D853C7F2C823BDF7CA7AAF0EC8AC3367D170A8198D24E26EF5D077742EF73E70370FDCF700624466FF9E031C3BFE582EBEE2624A1D25202818E30CB85C2E827E2F46BD4824DAB505098BE6A3B6A3114574F1E96CDFB9FB07CBA1C8326E470BFB36AEA2BDAD0DB7A3851F1A642D080287AAEB09460534E2D12F5D4CF3FDD64B412B0944C221745A3D468B81D4DC64FCEE0085530B98FD87CB9978DC24CC261BAE7607164B22F35642B9CBC4D5B7CFA64A2A2573705AC7B9EF5EAA570764C6196712AC8F92D13F9D8ADD55483A0DA5352500188D662EBDFC129E78F209CA9D6558E2CD847C21445143626262E77348DF7BA346C4AE9FEE568B95386B1CB6D4742A5ADC7CDFBA45F378F9E67379F9DE6BC9484EC2D754C55B7FBD9E39D79F493814ECB26E7B6B1365D5B50C983283386B1C1673D730C6A4AE0191BFD3B83DFBE473946DAC4467D0923F3487AAE25AAC457AAEBFE97A22A97A6ADB5A3918CE4393368084E136064EC9C7D1D08E25DE4CED77CE96F536BDFE72E9076F7CC869174DA3FFD87E14AF2F45AFD7E372B90819A0DE5BCB828FDF21B95F22AE1617169B19D94B9709A265BA7ED2CB4AC7C7AD56ABC56C30F2D92B4FA0C4A2D4EEDB865EAFE5DDC7EF4608B8E937FE24469D7C367507F772EB6DB772DF3D7793367420F979796CDBBE9DCCAC6C629130E80DAC98F7245BBFFE94D4AC1C4E3C6634CB5E7C14AFAB9D41C74CE6C44B6EC2EBF312894611C4AE37CF110F7FF28B22C4C5C5C1E1C3094123905190466D4903CD55C58C3D7D0403C7F565CD67AB197BCE70448D4853650B0969765CCD6E46161CFBF3BD00BF72BDBA05818E37CE476F7C82634FC7A4062E878B33CE3F8D41C7F547B2884816B1E31A812F8CD6A83DEA029AF8BDFE874E94D16AB5584C66CAF76EC71472B2E1B30FB1DBE2185C58C8E6CF3F64EEB34F51BDBFA3BB158D44A8AAAAE2EA6BAE2512893266CC18AEBEEA2A2A2B2B3A9FD3DB58497E6E0E4D9565C4D96CD41CD84DB2CD4CA4B50E008BD9825EAB43FEDE3075F1704224B1A329B9FEE29BA9DBD282C7E1C36831206935A4E727E36870A237E9094743C4A232CE86760441C06C33D156E9E2BC73CFFB096BFCB7A5D706E4B5D75EC3E97402909898C8B245CB9973FF8BE4C617205BC2288242DFE13938EA1D34553693949D88D0AE81C3DD1693351EAF5FE6FB773C1345018BA9A3EBA3A060B3DBB8EEBAEB1933761C898989BCF3CE3B949595A1281D4F5434F954F6EDDD4B4242024E8783482442525212DE8882D112D7F13C8AC269A79DC6A5975FC19E3D7B78EEB9E7F8DBC30F75D9AEC9644250E4EF954521109211751D17FD2E987901F39E7E83AA6D7594AE2FA766771D7AB301492BE1770718397D281B3EDA8ADF1B2425270947A3936BCEBB8E3E7DFAFCA475FF5B225DBEBCAEA7CBD023D6CD9BCF3F5E7A8ABEE73F4C4AE1185C15C5D857DF83A3A6969C938EA3BDC985D6A0456FD2939A9F42556980F48997F2D647FFE2C0C0732909A55356B3159DAE6B0B2229478E1BACF189ACD8B0813BEEBC8B482482D7ED62DAB469DCFAA73BE83F76320043279FC26B9F2EA4C8E5A2ADAD8DFAFA7ADE7FFF7DFA0C3BAEF379DA9C1D57C3870F1F41637D3D53A74EA5B9B999AAEAAA2EDB368A812EBF6BB522E57521B684D2183CE362E46810734A2E69D3EE27A16018E1576791599086B3D1452414C5D9E22231331E5B721CC51B2B703965A2FD72F8BA97BE47A0171F834826333999317C9B9E60F7A6FED8B30773D5B0282F39B41D5D8BFA8ED6252EC9428B2B8371773DC6EE67CE25777006556B96604DCFA6AC2688C9F8BD2E967C64905F6A9F7C127306B06DEB16DA1C0EF27272F8F7BFFFCDDEB24A2EBBECEE237FA337B071C37AE21312A8A9A92133339306E9C895F8D9FF7C8D576F9B495E6E2E82004F3DF514DB77EDE1FC3B1FEFBAED68D7930026A3C881CA20D68C3C9AD7AFC79610C3868383EF7F8968CD4308840108F94358132DD414D791DC27995DEB9A481E791691C6F788EBF3E3E7DFFA3DEAB55D2CAD2589E4EC242C76038583DCB4EC5AC2D335D328F16600108B741CD126A4D9E97FD6ADEC7EE58F8C3AB100639C015FED5EECD9FD6971464949D012FACEB510235D27684B2918CAEEDDBB484C4860CD9A35A4A4A4207DEF56D08AA2306AF468DADA5A39E698633874E85097E51A8D84A208646464A2D7E9A9AEAE26100C92989ED5653D239ECE9FA331859444896667146B461E2841E253ED381A9CE40C4C416E2F2529CD0080DF1DC06C33A14FCC271C3F059D368AD0B084F884C31343F462BD362029C3A7D2DEE20641201A8E72CCC9D93497ADC5367022A1401839F6ED1B43201AF491606945D249283208B100F1F9851C6A921833D8CC573B8FB41A89BA00CA77CEAF6AF53A24AD96AAAA2AC68E1DCBAE5DBB7EB03C315926273B0787C341FFFE475F2597B412959515048201525353F9DEC9331445215EEFEBFCFD9B3D1E460D3451DEA42179C07034D62C0441203ED54E4B4D2B5903D2A8D8D784BBCD83A22854ECA9251C9518D8E7208346A563B59BC81E9446C5CA85FF7B25FF0EF4DA80648D9A4A73B59BAC01E9D41F6C2216951939250B7F4331E5BB6A8845651445C1ED0C50B366217D87F7C1EF0EA0376AD1E8B4088248952F8941B906CA1A8EF4FDFBA5091CDC7DE4DB781AAD0EABC5424E4E0E5AADC4B061C3F8FE95374110D8B57327A228B268D1224A4A4A8EBA50A8D56A193A6C182693F907035459BC8BBCEF4CB6B2AFDA47515F2315DE44045143C4E7469115249D84DE6420E009A0355928DE11C6DBE6A5E2809BEC3E216459C6D1E4222D3F85F23D8DE49D30EBA7A9F0DFA85E1B100481B0BE804830C2C0B1FDD8BFA1145112C9EE13A2A95120353789DA9206FC0103314F1DA246A4B1A299A4CC44349634BC8D35B49987D0D816C1623EF2863F76B095E2D51F1CD9CEE1F779656525D5D5D52C59B204E107AE4C8F1C350ABFDF4F2C164396E5A35700CA4A4B090683CC9D3BB7F32CD8B7F6AE5CC4A421719DBF9BCCD0D21EA1D5D471DFF471B7CFE3D0BE8EEFBFC4255AF03ABDA466E8D1B8DB0836FB48CF36A0D36B68A971905D98494D49032125E1A86B2BBD4DEF0D083074F6DFD9F25535B22C3364E2200E6C28233D3F19BD4164DFC63ADC2D6E64C10C4AC7F5855854A6FA403D968C42D6FDE352D2279CC792352E0AFB19A86FEB38E035EA440CEDDF195222405353137DFBF6C5E7F3D3D4D47454B75ED468D06975842361B2B2B23ABA50DFE3F7F9484E4EC6A0D753595949F47BD73C74CE1D98F41D2F67537B84C2BE06967CE3226DFC3900484633C6B481D41F6C221C08230822EDAD5EB2F45142421C01B70FA3D580206AD8BBEE104DAD098CB8E995A3CAD1DBF4EA8008A286E137BDC596D5EDD496355034612065DB2A488C8F113778060D079B683FB80B416B21168DA1C8322D0E0B352B5EC0688A624A4C6753B9953326DA59BCA1AD997EB43A0000154E49444154F379F3CCAD840247061D1AF40624498B5EFFEDC1F9F7AEBE47C308A24056561FFEF4A73F71E59557D25C51D2651D9D5E8FCD6E47923A4E3C7EB70B160987C836B574FEFEFEDA56664CB2B3FE9085E4C231A028082F8CE7A2EC6DE41E77295587FC848331DC8D1E0439882714448E1F45E901118F611205572F62C8D5474FA0D71BF5EA80444301444962C4CD73318E7D881DDB05224A1CCE161F4DABE6913CFC34F293CC88A6142A76D7D0EE8821A50CC3962091352083FD1FCEA1CA3685AAC63076BBD0D9324C1F6561F5C26701F0B5B590919985A81119316224B366CD42FAFED5C5480893D184D7EBA5BCBC1C4992887ADBBBACA21145F47A3D168B85993367929A924234DCD16AAD59F802D3461EBE38A980CD2E50DB1CA6DA3C8180A309048178A386B34698B16D798EE17F98C398FB3E27274ECB8176057BBC8EDC13AF64F0A58FA1B52612723B7FDE8AFF0DE9D501F13656F3CD7D27B0F3998B39F8F13308C67472CF7F92E1777E4AFF73EF42ACDE4CBC4E43A0B186B2AD95A44CB88996DD2B91651993D548B07E17FD66DCC8DB5F78B9E49444DE5FDBD18AA4C66BD1557D06407DF136F2F2F34081FCFC7CAEBDF65A8CBA2301A9DCBF1B8BC984352E8EACAC2CA2D128E17018BDA663A61380A6EA724CA68E53B2469391C71E7B8CD9975DCA9A0FDF0240ACF884CCC48ED669D19A362E392591052BBC644CBE88D2799773E083A7D95123F2E1460D23070FE2E017F3D937E72CC24916064EE8833D4162CF4BD7B2E7B90B09EE7B9D5D4F9FC7818FE7FD62AFC3AF59AFBD500860CF1980392189F42C81E41C018DA69ABAE537E36893D1A48C65D0DD4BD978F7A908BE6D288664A6B43CCEC963DCCC5D27426E0A7A6D08411459EF1ACE8DDA0A7CB1F0B7F34933B920C0FECDAB5122FE8E7B9DA3B06BD72E244983511269AA2927B54F3E9FBFF61452C8CDF32FFE1B5FD8C3C6D255F8DA42B4377968BCEF2A66FFE539D62C9CCB88E123111068A86FE0F3CF3F07A076FF76CA760C62429E0FB0A228E0972318F522DF3417E27CF72EF206A6120E6DA33179144B6B82B4D5EC4517DFC4316717A1C414AA0FD4614DB0108E44319A8D381BDB89291A0A4EBAB0FBCAEB257A754000D2A75C8B52FD16CE7A27A14098DCA23EE46904029E2A763E3D8B217F7C09D7EB3750DEEC63489A9198624489751C5FC42559A8D9F00559331FE1F90FCFE0BAB39279F5FD662E3F3185630BAD2C7DF761F6ED6E21160D1308FBF1F85C7CB86C3182ACA16AEE930C183D12C1DCCCC0E9479FB6B5DB4D24D98D3C7BE7D9781ADD44DB071008F97038DBD8B26B13269395FADA4612E5722E3BC70AC0FCAF5BB8EA9C249EFFB01DCBB1F711DDF024B202B94599B8D71C24EED8EBB194B6D37744C7F7E10FEDACA4DFC83CF6AE2DC1EF0A20209251904E4549108D419DD81AD4809039F664F696AC2327AE81D4BC642AF756138DCAA46427326E5A1E3BDEFF2342FEF1C4EAE673DB3B2019AD18E33BAA4DA7D7120EFA30D81359EF3B864B83FB484DD5D0E48C901AAFE5B4223FD1FC22D2FA753D2B959C62A5ADA29D5D1BDFA370F2801F2C577BBB1FAD56C3B50F4DE78397BE267D641C923E01E818386836E9913DD90C6DDA0258697645884F14098565D6B8C7E25CFB2EE327F7A3FE6023724C26BF289D8AE65AACDA8EEE5D6D49C7FE2280DEA8252EC14A5C721C8776379131F5EA1F2C536FD4AB8F41BE5574E943D43AFB52BAB58ADCA1D9148CCAC3EF0950B6B51CB355245CBD0273B29DB16716A28B13F038BC047D41FC9E001ABD8E928F5F21EFD27FF2E8BB212E3F3D9177D674DCC3706291157355E951DB6B69F660CB8CE3A2DBA6611445C4EF5D18319BF5D86C46348787AB9F7BED54F2FAA574B9BCE8F387685EBD8189451DADC7826F9AB96A46227F7F2744EE25FFC4DA67309E362F2802D1480C8FC34B60FFBBF419984EC3A126249D8435C142E5BE1A9A2A5A70B6FAA92C719379E2B5E44DE9BDC3DBBF4F33ECE23F3DD8D385F835482E9A80216712BB967D49736513E14014591609F8C1E78DE26A6923B3208DBE43D2D1197554EEAA268601D1948CA679253E9F8E48DE7442C5CB9975B29DD73F6D65445F0BD909022B76BA89CB48EAB2BD60308256AB21273F199BCD88D7132416EBB8F8979868262B33018BC5D0B9BED1A843A311F1783A460BD76D2DE1AA910A8971126FAC68E2CA731259BEC1CD96CC7BB1E50CA475EF37580DADF8DD01923213D8BC7C2F432616D0DEE40205D2FB76B46A3B5795221B32C93AE9060A2FB8177BCEA05FA8C67F1B7A7D17EBBB8C09A98CB8FEB92E8F29720C41D450FCDE9358ECF5946D2F67E0D80292B3E259B7641F568D44DE902C9C0D4B69284BE25D6914230714337AA891E5DB9C9C322A9EA23DCD34FAF230983B46E89A4C3A4451403E1C0883414B41410A95550EBCDE208D8D6EBCDE10397D9290BE33A5505292955038465D751B854A130599897CBED5C9B0C1063CFE182FACB6A1E9B79FD68DAF60C83B818A7D2DC427EA3A26B5163554EDAD2521239E3E0333D8B4AC98A8A980DC331E207DE4E45FAE927F6384CB3EADEDDDC335BF23EC69A776F34A1C07D6A28D3561D04731DB24621105B733864E1B66D0F8BE946DAD60D03105789C5EF69524D0AF4F23217F88A43E89EC58534F8A26C8BC1BC27CB1D18D12D23069B08DFB163A483CB9E3069B59990924261E3DB983A2406D9D0387A363D0A1A415C9E993D8A525511485554FBFCB23E7DA59B7CF836288327DBC8D2B9F93F01AF5F41BDA3143FBFE9D3E0C89D948BE3DF85B63B4D5D7129F9D8C25DE42342AD356E7C29A91CB885BDEF8652AF7374AED621DE6AA2E65FDDFCFC3142DA170948DBCC1C9A4E6C49390662331C34E46DF785A6A5A114591DCA23E946E3D4462463CADD54D043C5E0C6609BD494F7E613207CA426CDEEEE0CF17DAD85EE6C3ED96397EB091159B5AB164A5E2F604F0FBC3982D7A349A232D8420802DCE884614F17883C8B282D3E947A311319B3A5A9F35EF7CCDB5A3152A1B43B445C2CC3A3981EBFFAF8D16AD9D821199B4D53948C949A6A136C2D06B9E66FF9B4FD13F5147AD338CC96EC096642129D3CED0C903B05A650E7DF606AE66370905237BAAEA7FD5D4801C66B025624C2DC075703D56BB1167433BCE2617CE4627ED4D6E5A6BDAD0481AEA4A1A70343AC91B9A4DC3A126FC8E56A2C64164E769A8DC5B43427A3C5A4D88D0903FF2C57B9F71EFA57656EE74414464685294CD07435852E30987A3389D7E2449C468ECFAFD10B3598F41AFC5EDEE38DEF07882C83138B4E900534DB5F8833207DB7C5C7D5612D73EE5E640289B71D3F3696FF160B41AD16A25AA4B1DF8B77D413F73889D8D0A09C34FC06E0D30606C1E280A75A58D04BC41068CCAA172DB568C99C330D8927EA86A7A35B58BF53D4147337B5EBF83E4A410FD4664A3913A4E8B86FC614AB65413B10CA5CF88E389DBF810CDED616AFD1A1A2A9A49282864E484242A76553378C20076ED90E87BC61F89BC339339375A58BEDE4D537D0C93496283A61F0979474EFDC6C79BC8CA8C47FCDE14421E6F90CACA366459A6ADA2895181526459262945E4F489366E79CE4B45FC7412A57D986D0610044C7146D67FD64C5F53104DC48FDB17E4BC8979040395EC0CE652DEEA63CCC9051D23EE15A82DA9273EC3CEAEAD0AA36E9CF34B56F56F82DA827C8F64349339FE6CB419C751FCCD6E6ACBDCD455047104731870C913A40E3F1EDF8AA778E22C3735AD3198F12ADACA0D786AABF03447D1DB4DD41FAC27EA77937DC255888567F3CE8B1F71E16481E4640D6B7778488BBA701A93D01E6E3982C1081E779038ABB14B974BAF93B05A0CD497B7905DBB87667788E3C79BE99BA5E7E6B91A2C57BC47CBD6C5582D614451A0ADCE4DC3D63AF2F45E028664326E79134FF13A722D2E2E39518F4DE7A261FC8BEC58349FDA9246BCED6EA26199B67A0F91988EF4B167F454B5FF6AA92DC87F291A0CB07BCE1FC853CAA87381D7988AAFDD4D9C04856916225199BAB091EABA5A728FBF8041E7DE86A2C854CCBD81AB86EE634CA189C7DF6C829896E888D198938FDC6640ABD3909F9B8CC1706412EAE6EA56CA177D822846B8E3D2547696067879C720F2AE7E9EB0CFC557779D862DC9489A498B3916C11F92D957E725A16F5F34929668388C5991C9CD4B21965248E249378220A0C4A234EED98835230F9DDE88CE96D013D5F9ABA706E4BF50FEE5025A37BD4E9F01A92040637913724CC6EBD35374D1FDF4AB7F93ADAB36A3336722853D889240506326945448FA6937E2DCBF96FED5CFF1D06C1BEFAD70F2D93A37D609E3B1A51F99A951A311C9CB4DC66CD6517BB0819D6F2C61DA780B174E4BE0AFAFB553927513C6D45CCA5EBB9F647D188D2020684482E12821633269238F473B702225F36FC37478EEAB5854211494C93EFD3ED2864FECC11AFCED5103F223ED5DF82F94865524F749A4A5BA956838424A4E0A55A56EC6DFB718CDF23FF3CF53CBF8A638C2D2C19F120DF8A858F12E4AE556ECE126C29E76F4B6441C492388F3EEE29A639B193EC0C863AF35511A4EA470DAE8CE6D693402956BF7911AA8E69E2BD2D8531EE0A5D509B48979247BCA08785C68E3D37099FA601F359D8CD1C753B5E613CE082F23E06DA5DC15615D35E40E8A27128AE06870628C33E268111830EB01120A86F7604DFEB6A801F90F028E6676CEBB0F6DB812A3D5402C122331238148244A4D999BB177CC471F9780E7EB973959BB9CDA601CEBF4E7E1DAB112BD2462345B8920E0F6FA893A6AC8961C8892448D90C5C8C443DC3A43A4CD15E5F5E5ED04728A104401EDC1DDCC3E2D9EB44489271747D85A9B42B6D6490C2D759A2CA4F8542C9280569009F97D842351AC432661D9F71E779CEC26208479D27137659F3CC7C01176009C8DED182C069ADDE98CBBF9E91EAED5DF0E3520FFC1DE457368D9BA188B5583D16A405120E0074DC260465EF37704CD91C108619F1B4F7D05AC5BC0270BDFEAF23C6D6D6DBCFDEE42366DDF85A3A58980A301972F40D41ACFD8E44AAE39C34430A4A0280A66A3C84B4B7CACAE4A41E36E25CE6AC19C9A4B727A1663870DE1EACB2E223EBEEB9D724F9F7509BE824924B6AE2343DB40CBA4A77096EFE5E0070F61304A6416A40050B5BF9971F72FFFF92BEE77421D6AF21F149D7F339C7F3391809788DF8746A7436F3DFA36CE003A731C214F3BE386147579FC94534E61F9F2E5CCBEEC52CC063DA79E7A2A2E978B8C8C0C366FDECC376BD7F2FAD63682EE5662B11886B82412FADB9873F504C68E3B06599659B162055EAF97F1E3C773C30D3770CC31C770EBADB7766E63E49022366A6C988F7B1417A00352874E2075E897D46F5FCDA1A54F20D9B3D165F6DE89A8FF176A407E24ADD182D678F4DDA3BE2FB5681C7B177EDEE531AFB76332398D46C33BEFBC83D168E4B5D75EC36432F1E0830FB263DB3666CF9E4D301864C58A154C3BE178CACACAB8E7DEFB38E69863983D7B36CF3CF30C43860C61F0E0C1D4D5D51D35F5CF9EE2FDA4CC9AF98365CA1839990C75BCD5FF441DEEFE5F8AF83DDD2ED7E80C78235D671C311A8D2C5CB810A7D389DFDFF1652B9FCF476565252E970B8FC7434242027BF6EC61F8F0E1BCF8E28BDC73CF3D58AD565E7CF145B66CD982DD6E67E5CA9524252571D1451771F7DD7777D986371C43F39D1B87FE60D903DE6E97AB8EA6B620FFA5D5779D43526E01A9275C48FAB0097C3BC955E3AE7538367C4CA25EC05955D6E56F9E78E209CACBCB696F6FE7E28B2F26272707ABD54A7B7B3B4EA7139D4ED7394BC9C18307D1E974D4D51D99307AF5EAD52C5DBA94E5CB97130874CCACF8EDD76EBFD55A7100FF53D7E15124528E3B8BCC7127762EABD9F019D5CBE6D15657C98CD736FF5C55F3BBA406E4BF945E348685FFF757DEFF7029DBDFFF1B11454044E6CCE3C673E5C2B9AC5EBD9A975F7E994824C2D2A54BD9B06103EDEDED288A424E4E0E23468C60C080019D6F70B7DB4D2814E2C081034C9F3E9DFCFC7C3C1E0F82203077EE5C00162D5A445B5B1B9224B174E952AAAAAAF8E4934F48484860ECD8B19C75D659F4CBCFE3EAABAF66CA9429CC79E955BE9AF76744494B38E06374E100E62E7A8B532FB9AE27ABEE37493D8BF523C4C221345A5DC76C8C5E170DAFDFCFAA658B7F70DDEDDBB7F3E69B6F3278F06056AC58C1DB6FBF8D2449343434505A5ACADEBD7BA9ABABE393CFBE206DF0584C5A11935644F2B7214A5A248D44341C2264B013963BBA4E155B5773EE9933C8C8C860E8D0A1F4EFDF9FF4F474A2D128975D761913274EA4A4A484CB2EBB8C91237F7854EE98C927D2F786A7D0C7251CD9A7FFD02553A92DC88F52BDEA7D8A173CCDF06327130C4568ACAEE4B5B7E633FBD24B8E5A372E2E8EA2A222162F5E4C6A6A2AB366CDEAEC3E69341A0C06031515154C983489BA01A761CB1DC8A607CE2139D64CDC65FF4667B1D1F8EC157874498C7AE84322E5C50CF036B176ED5A72737359B3660D914804E170D7CE66B3F1C9279F70F6D96763B55A7FB0FC2FBDF22AF5D555049FBE19A3514FD9EEEDE49C30936157DCFBF355DAEF841A901F21EFE48B89B63570EC80341EBEEFAE6ED78DC562F4EFDF9FD9B367D3D2D2825EAFC7EBF5929C9C8C5EAFA7BEBEBEE33E884E2791A08F866DAB189B1262BBAF80FC011D9FFED585A733C4F10DF5EB3E46B4C41374B9282C2C64C89021A4A5A5118BC5686A6AC26C36138944888F8FEF7CFC875C7BF5555C7BF55500DC7ECFFD84CD296A387E24B58BF55FA8FDFA7DF4E59B7877DE8B1D37C5FC011E8F8739CFBFC0D79BB62199ECA0C4304822847CF4494B46124502C1205B4AAB1974CB1C2A9F381F2B014C7F780373523A008A2253F6C80C6C460D49B72C64FDFDE73161D43052929370793C54D53522E8CD441450108978DB99386618F7DE7DF7FFB715F1F97C9C75D1E5F85307D1EF6CF558E4C75203F25F0AB9DAA858F87F64C569B9E4DC3339EE98B1C8B2CC966D3B58F8D1C7D4B47990FA1F43D6A433F9EE34EE918097A63D9B70966C45B226D0F7C499942D9E4372D54AEAE24732E2A627BB6CA7F29BA518573F45AD3687A29B9F61EF826788789CA40C9B44F6F893918C5DBFB25BFED97CC2659BC9B49B39EF8CD338E1F82988A2C8E72BBEE68D77DFA3D91F63E0EC0730C4A7FC12D5F4BBA106E47F24472354ACFA88605D19D1580C6B9FFE644F38FDA8376E77F6DC339578A348CA1F3F4067B51FB5FCD023A743C843DFBFADFED1CF190B07295BF616CE43BBD1EA7498B20732F0F42B1025ED7FFE63D551D480F420775D39E694AC8E33643F408E46F1345462EBE5F709EC49EA417A0F8ACBCCEF76B928496A387A983AD444A5EA861A1095AA1B6A4054AA6EA80151A9BAA10644A5EA861A1095AA1B6A4054AA6EA80151A9BAA10644A5EA861A1095AA1B6A4054AA6EA80151A9BAA10644A5EA861A1095AA1B6A4054AA6EA80151A9BAA10644A5EA861A1095AA1B6A4054AA6EA80151A9BAA10644A5EA861A1095AA1B6A4054AA6EA80151A9BAA10644A5EA861A1095AA1B6A4054AA6EA80151A9BAA10644A5EA861A1095AA1B6A4054AA6EA80151A9BAA10644A5EA861A1095AA1B6A4054AA6EA80151A9BAF1FF00D9A0ADBFB7A7CC860000000049454E44AE426082');
INSERT INTO "SpeakLocales" VALUES('Italian',0,'it');
INSERT INTO "SpeakLanguages" VALUES('Italian','English',0,'Italian');
/*Solo pongo it, tambin hay it-it, pero debera ser lo mismo.*/


/* ja   Japanese,             */
INSERT INTO "Locales" VALUES('Japanese','ja');
INSERT INTO "Languages" VALUES('Japanese','English','Japanese');
/*Japan*/INSERT INTO "Flags" VALUES('Japanese', 0, X'89504E470D0A1A0A0000000D4948445200000140000000D50806000000264C29EE00000006624B474400FF00FF00FFA0BDA79300000F4149444154789CEDDDF973D4759EC7F157A7BB934ED22137108E709F0AC429410575C46B44C4D575D4615D1C672C6757742C1DB576C763576B65D541776B4A1DC7F56274665771474571451DAF29100F14044450308491441212725F7DED2FD41652EA4248FAFDFDF6E7F9F807F2A2BEE4994FF7B78F402A954A09001C94653D0000AC104000CE2280009C450001388B000270160104E02C0208C059041080B308200067114000CE2280009C450001388B000270160104E02C0208C059041080B308200067114000CE2280009C450001388B000270160104E02C0208C059041080B308200067114000CE2280009C450001388B000270160104E02C0208C059041080B308200067114000CE2280009C450001388B000270160104E02C0208C059041080B30820006785AC0720F3C51A9BD5DBB04FB1C666C51B5B94ECE955B237A64447972429989FABACECB0B222390A97162A5C5AA47079B1C22585C6CB91E90820FA452A9E50C7961D6ADFF4B9DA377EA68E2D5FA8ABFA4B75EFACFDBFD01DAE607EAE22A3872977EC08E54F19ABE88C498A4E9BA0FC2963150805FBF95F00170552A954CA7A04FC27D91B53CBEAF5DAF7F63A35AFFE48ADEF6DEA73E80E57B0205F85C74D53E1EC2A959C769C0A67571144F40901C4218B37B7A9E1F937D4F0FC1B6A7AFD3D25DA3BAD274992428551959C7EBCCACE9DABF2734F51A8A8C07A127C8200E23B257B63DABBE24DD53DF1A29A5E5BAB644FAFF5A4EF949593AD92334F50C5A2052A3FEF5405C23CCB836F4700F18DBA77D5E92FF7FD97BE7AE205F5D63759CFE993ECC125AAF8F1B91A71D58F141935CC7A0E3C8800E26B3A3FABD1CEBB1ED557BF5FA9542C6E3DA75F044241959F7F9A46DD709906CD3ADA7A0E3C84004292D4FEF136EDBCEB51D52F7F55A964D27ACE80293DFB248DBD7DB1061D7B94F514780001745C57F56E6DBFE15ED53FF7BAE4CA7F854040E5E79DAA89FF7E230F8D1D47001D95EC8DA9E6EEC7B4F3CE4794ECEAB19E63222B3747636EFD3B555EFF63656587ADE7C000017450D36B6BB5EDAA25EAFC7C97F5144FC89B345A931EB85925A71D673D056946001D126B6CD6B6C54BB467F92BD6533C69C8C2799A74DF2F152E2DB29E823421808E685EBD5E9F5CF28FEADE55673DC5D32295153AFAE9A52A3C7EBAF514A4019F0693E95229D5DCFD983E9AFB53E27708BA77D5E9C3932F53CDD265EEDC14721827C00CD6DBB04F5B2EBD498DABD6584FF1A5B2F9276BEAEFEEE0217106238019AA7DF3766D9877A57ABEDC633DC5D722A386A9EA7F1E50FED471D65330000860066A796783369C73B5E2FB5AADA764847049A166ACBC5F8527CCB09E827EC673801966EFCAB7B5FE8C9F11BF7E146B6AD1FAD3AFD0DE956F5B4F413F238019A46ED90A6D3CFF5A253ABBADA7649C4467B7369E7FADEA96ADB09E827EC443E00CB1FBB7CBB575F112EE5C0EB44040937F73B386FFFD45D64BD00F086006F8EA0F2F69CBA53767F4871878492098A5A39EBC534316CEB39E822344007D6EDF1BEF6BC3BC2B95EC8D594F714A567658552F3FA8E25367594FC11120803ED6FADE267D74EAE53CE767245418D531AFFE079F31E86304D0A7BAB6EFD2BAD98BD4DBB0CF7A8AD3B2CB8B75EC3B4F2A777CA5F514F40177817D28D1D1A58FCFBD86F879406FC33EEEBCFB1801F4A16D8BEF50C7A75F58CFC07EED9BB7EBB39FDF693D037D40007DA66ED90AD53DF1A2F50C1CA4F6B1E7F4D5935C17BFE139401FE9D8B2431FCC5CC8C32D8F0AE6E76AE6BAA7943F798CF5141C224E803E91ECEAD1A61F5E4FFC3C2CD1D1A5CD175EAF64B79B5F31E04704D02776DC7A3FCFFBF940FBE6EDDAB9E461EB1938443C04F681D6759F68DDF1972895E09D1E7E909593ADE3363DABBC09BC34C6EB38017A5C2A91D4D62B6E277E3E92ECE9D5B6AB9658CFC02120801E57FBE8B36ADBB0D57A060E53D36B6BF9F2291FE021B087C59BDBB476E239BCE0D9A772860FD6095B5F50309A673D05DF8213A087D52C7D9CF8F958CFEE7AD5FCEA71EB19F80E9C003DAAB7BE49EF8C3B5B89F64EEB293802A14151CDAE7E59E19242EB29F8069C003DAAE6578F13BF0C106F6DD7AEA5CBAC67E05B7002F4A078739B568F3C83006688D0A0A8E6D4BCA2505181F5141C8413A007ED7EE819E29741E2ADEDAA7DE48FD633F00D38017A4C2A16D79A513F504F5D83F514F4A39C114334A77A9502A1A0F5141C8013A0C734BCF016F1CB403D5FEEE16B353D88007A0C0F953257ED23CF5A4FC04108A08774D7D4AAE9D5B5D63330401A57AD56CFEE7AEB19380001F490FA675EE5AB2D33582A91E4ED711E43003D64CFF257AD276080ED797A95F5041C80007A44F7CE5AB57EB0D97A060658EBFB9BD5BDABCE7A06F623801EB1F7E5D5D613900EA9941AB9D69E41003DA2F1A53F5B4F409A34AE5A633D01FB11400F48F6C6B4EFAD0FAC67204D9AFEF4AE52F184F50C88007A42FBFAAD4A747459CF409A24DA3BF9905B8F20801ED0BC66BDF504A459CB9A0DD6132002E8092D6B3FB69E8034E38F9E3710400F68DBB0CD7A02D2AC7DE367D6132002682ED1D6A1EE2FBEB49E8134EBDABE8BE77D3D80001A6BDFBC9DB7BF39289548AA63CB0EEB19CE2380C6BA76FCC57A028C746DE7DA5B2380C6BA76D65A4F8091AEEADDD6139C47008D7513406775EF2480D608A0B19EDD7BAC27C0484FDD5EEB09CE2380C6624D2DD61360A4B7A1C97A82F308A0B158230174559C3F7EE608A0314E80EE8A35B55A4F701E01B4C66B009D958AC7AD27388F001A4B74765B4F809164578FF504E7114063A918A70057257B63D6139C47008D05C221EB093092951DB69EE03C02682C9817B19E002359B939D6139C4700AD6571095C150871FAB7C66F9FB17049A1F5041809970CB29EE03C02682C5C4A005D15E28F9F3902688C13A0BBB2CB4BAC27388F001ACB193EC47A028CE45494594F701E013416193DCC7A028C44C60CB79EE03C02682C97003A2B77CC08EB09CE2380C672C78DB49E002379132AAD27388F001A8B4E9FA800AF05744E2098A5FCA9E3AC67388FDF3C63C1FC5C45C6F250C835B9E32B7927880710400F28A89A643D01695630836BEE0504D0030A6757594F409A71CDBD81007A40D19C63AC2720CD8A4EE49A7B0101F4808263262B18CDB39E813409154615AD9A6C3D0322809E100887543C77A6F50CA449F1DC590A04F9D5F302AE824794CE3BC97A02D2A4F46CAEB55710408F289B7F92140858CFC0400B04547AD61CEB15D88F007A44A4B24283661E653D0303ACF084198A8C1C6A3D03FB11400F1972F159D61330C0865CF403EB09380001F490C1179EC9DBE232582014D4E00BCFB49E8103F0DBE62191914355C2F34319ABF4AC139533ACDC7A060E40003D66D8E5E75B4FC000197EC505D613701002E831E50B4E514E05A7844C13A9ACE0E52F1E44003D26100EA9F2178BAC67A09F8DFCF942054241EB19384820954AA5AC47E0EBE2CD6D5A3DF20C25DA3BADA7A01F848A0A34A7E615850645ADA7E0209C003D285454A011575E643D03FD64C4E28B899F477102F4A8D8DE66AD193B4F89B60EEB293802A1C2A8E654AF52A8982F41F7224E801E152E2BD2C86BFEC67A068E50E5758B889F877102F4B0786BBBD64E3847BDF54DD653D007D943CB34FBF3957CD499877102F4B0D0A0A8C62DB9C67A06FA68FC5DD7123F8F23801E57F1D3F354700C1F9EE93783661EAD8A4B1758CFC0FF83007A5C202B4B531EB99DD790F948201CD29487FF998F37F30102E80305DF9BA2CAEB7871B45F8CBAE13245F9D6375FE026884F24BB7AF4FECC1FA9E3931DD653F01DA2D3276AE67B7F505684EFFCF5034E803E91959BA369CFDCAB607EAEF5147C8B60344FD396DF43FC7C8400FA48FE94B19AF49B5BAC67E05B4CFEEDADCA9B34DA7A060E0301F4998A4B17A8E227E759CFC041865F7181865E32DF7A060E13CF01FA50A2B35B1FCC5CA88E2D3C1FE805D1E91375ECDADF2B9817B19E82C3C409D087827911CD58F16B6597175B4F715E7679B1A6FFF1DF889F4F11409FCA1D5FA9A39F5EAAACECB0F5146705F3229AF1E2FDCA1D5F693D057D44007DAC78EE2C4D5D768702412E63BA0582599ABAEC0E0D3A6E9AF5141C017E737C6EC8C2799AFCD03FF1AE83740A0434E5E1DBF886B70C400033C0B0CBFF5A137FFD0F44301D02014DBAEF97DC89CF10DC05CE2075CB56E8D32B6E532A9EB09E929102E190A63E7ABB862EE2430E320501CC307B57BEADCD17DFA84467B7F5948C12CCCFD5B467EE55E9BC13ADA7A01F11C00CD4B2F6637D7CCED58A35B5584FC908E1D22255BDF400373C321001CC501D5B7668C3D957A9BBA6D67A8AAF45460F53D5CB0F2A7FF218EB291800DC04C950F953C769D6874FA96CFEC9D6537CABECDC53346BDD53C42F837102CC74A9946A962ED38E5BEE532A16B75EE30B817048E3EFBE4E95D7FE2D77D6331C017444CBBB1BB5F9E21BD5BDABCE7A8AA7E58E19AEA3FEF36E151E3FDD7A0AD280003A24D6D8AC6D57FFABF63CB5CA7A8A270DBD64BE26DD7F93424505D653902604D0414DAFBFA76D572D51E7B69DD6533C217FCA584D7AE02615CF9D653D056946001D95EC8D69D7BDBF53F5BF3CA464578FF51C13C1689EC6DCF2338DBC6E111F2AE12802E8B8EE9A5A7DFE8B7B54FFDCEB922BFF1502010DBEE0744DB8F706452A2BACD7C010018424A975DD27AABEED41ED7DE9CFD6530654D939DFD7D8DB17ABE07B53ACA7C0030820BEA6EDC32DAAB96799EAFFFBB58C794F712014D4E01F9EA15137FE84F0E16B0820BE51774DADBE7C70B9EA1E7F5EBDF54DD673FA247B48A92A2EFB2B8DB8F22245460DB39E030F2280F84EA9585C0D2FBEA5AF9E5CA9C6556B94ECF6F60D93AC488E4AE79DA88A4B17A86CFEC90A8443D693E0610410872CDEDAAEBD2BDE54C38A37D5F4A777156F69B79E24490A15465572FAF12A3FFF34952DF8BE4283A2D693E01304107D928A27D4F2CE06ED7BEB0335AF5EAF9677372AD1D691969F1D2CC857D1EC192A9C5DA5E25366AA70769502A1605A7E36320B0144BF482592EADC5AADF64D9FAB7DE367EAF8F40B7555EF5677F56EC55BFB76520C154615193D5CB963862B7FCA5845674C54F4E809CA9B3C86EF4141BF20801870F1E636F5D63729D6D8AC5863B3925D3D4AC5138AEF3F31860AF215080595959BA3706991C2A545CA1E5CC25BD230E008200067F1380280B308200067114000CE2280009C450001388B000270160104E02C0208C059041080B308200067114000CE2280009C450001388B000270160104E02C0208C059041080B308200067114000CE2280009C450001388B000270160104E02C0208C059041080B308200067114000CE2280009C450001388B000270160104E02C0208C059041080B308200067114000CE2280009C450001388B000270160104E02C0208C059041080B3FE1721799488DDEAE5520000000049454E44AE426082');
INSERT INTO "SpeakLocales" VALUES('Japanese',0,'ja');
INSERT INTO "SpeakLanguages" VALUES('Japanese','English',0,'Japanese');
/*Solo pongo ja, tambin hay ja-jp, pero debera ser lo mismo.*/


/*    Korean,               */
INSERT INTO "Locales" VALUES('Korean','ko');
INSERT INTO "Languages" VALUES('Korean','English','Korean');
/*South Korea*/INSERT INTO "Flags" VALUES('Korean', 0, X'89504E470D0A1A0A0000000D4948445200000140000000D50806000000264C29EE00000006624B474400FF00FF00FFA0BDA7930000000774494D4507D90B1B0C14278B939D920000200049444154789CED9D79581457BEFEDF5EE855708D31268A6C86808888A0200AAE89E3CCFCEECD723349E6660C1927891831E016342A8A0B2A204C6226216C7327BF49C69BC94C6E36E3028880A2C8A228828A2631374E5CC2DA2CDD7DEE1F06625BDD5435DD7475759DCFF3F4F3E8E9F3EDFA5651FDF679EB6C124208018542A1881029DF095028140A5F5001A45028A2850A208542112D540029148A68A10248A150440B15400A85225AA800522814D142059042A188162A80140A45B45001A45028A2850A208542112D540029148A68A10248A150440B15400A85225AA800522814D142059042A188162A80140A45B45001A45028A2850A208542112D540007C8FEFDFBD1D4D4C4771A1491D3D4D484FDFBF7F39D8660A1023800EAEBEBF1FCF3CF63F2E4C9D8B76F1FE8BE5214474308C1BE7DFB3079F2643CFFFCF3A8AFAFE73B254122A1BBC25987C160405454148E1F3FDE5716131383DCDC5C787979F19819452C343535213636164545457D65111111282929814C26E32F3101425B805692969666227E0050545484A0A020BCF5D65BB435481934082178EBADB710141464227E00505E5E8EB4B4347E121330B4056805F5F5F5080909416767A7C53A313131C8C9C981B7B7B70333A3B83A972F5FC68B2FBEC810BEBB51A954A8AAAA82BFBFBFE3121338540039623018101919898A8A0AD6BA53A64C4155559503B2A28885909010545757B3D69B3E7D3A4A4B4BA915E608B5C01C494B4BE3247E32990CFBF6ED7340461431B16FDF3E4EA276E2C4096A85AD800A2007CE9D3B874D9B3671AA1B1F1F8F88880893B25BB76ED1678314CE104270EBD62D93B2888808C4C7C7738ADFB46913CE9F3F3F18A9B91CD402B3608DF57DF8E18751555505B55ADD5766341A111D1D0D994C869C9C1CF8F8F80C66BA148173E9D225BCF8E28B30180C282E2E8654FA731B45A7D321242404172E5C60FD9CF0F070949595512BCC06A1F44B6A6A2A01C0FA92C964A4ACAC8C119F9191D15747ABD592ACAC2C6230187838138A3363301848565616D16AB57DF74B464606A35E59591991C9649CEEC9D4D4541ECE44585001EC87B367CF12A552C9E9664B484860C437343410B55ACDA81B1D1D4D2E5EBCC8C319519C918B172F92E8E868C67DA256AB49434303A37E424202A77B52A55291B367CFF27046C2810AA005F47A3D090F0FE774A3F9FBFB139D4E67126F301848545494C5188D4643323333696B50C4180C0692999949341A8DC5FB242A2A8A718FE8743AE2EFEFCFE9DE0C0F0F277ABD9EA733747EA8005A60C78E1D3659DFB4B4344EF1313131A4BBBB9B8733A4F049777737898989E1748FA4A5A531E2ADB1C23B77EEE4E10C850115403358637D57AD5AC588B7647DCDBDE2E3E37938438A33101F1FCFE91EB1648557AD5AC5295EA954522B6C012A80F760ABF5D5EBF564E6CC999CE27D7C7C485B5B1B4F674AE19BB6B636E2E3E3C3E95E99397326C3CA522B6C3B5400EF61DBB66D0EB1BE52A9941C3D7A94119F9D9D4D323232E8B34117C26030908C8C0C929D9DCD78EFE8D1A3442A953AC40A6FDFBEDD11A72B28A800DE8535D677CD9A358CF80B172ED8647D2F5EBCD8370C222A2ACAACEDA1088B868686BECE30AD566BB6F7DF1A2B7CE1C20546FC9A356BA8151E2054007FA2A7A787848585D9647D23222238C5FBFAFA32ACAFD168640C85D06834243D3D9DB6060588C16020E9E9E98C1EDEE8E86862341A4DEAB6B5B5115F5F5F4EF74E444404B5C276840AE04F58637DCBCBCB19F1D658DF929212467C6666A6C598993367D2D6A080686868E8F7397056561623A6A4A4C4262B5C5E5ECED90A6FDBB6CD11974110500124B65BDFF3E7CFDBCDFAF6677F686BD0B9E96DF5B1DD0BF6B0C2E7CF9F67C4532B6C3DA217C09E9E1E121A1ACAE9C6B1D5FAFAF9F991F6F676937883C160761680B997979717696D6D75E4E5A158416B6B2BF1F2F2E2F4B7346785DBDBDB899F9F1FA7785BADF0E38F3FEEC84BE3B4885E00ADB1BE274E9C60C4EFD9B38753BC25EBBB77EF5E4EF11289841C3E7CD81197846203870F1F26128984D3DF74EFDEBD8C786BACF09E3D7B18F1274E9CE8D70A4B2412F2D24B2F91E6E666475C0EA747D402585B5B6BB3F555A9549CE257AE5CC988E7627D7B5F7171718EB824143B101717C7E96F6AC90AAF5CB99253BC4AA5B2CA0A7B7A7A9283070F3AE2120806D10AA035D6372020C066EBDBD1D161126F3018C8AC59B338C553EB2B2CACB1C2B367CF663CD7EDE8E8B0D90A070404305A7D2D2D2D8EBC0C8240B402989292C2E906B3647D77EDDAC529DE1ED6B7B0B0D0015784624F0A0B0B1D668577EDDAC588EFB5C213264C20870E1DB298E7952B57C8871F7E68D7731712A214C0DADA5AA2502838DD5CB65A5F73CB6435363652EB2B026CB5C2D62C7B65CE0A7FFCF1C7165B7D46A391FCE94F7F221E1E1E44A95492DADA5ABB9FBF10109D005A637D030303496767A749BC5EAF273366CCE0146FC9FAF6B74CD6DD2F6F6F6F6A7D054C6B6B2BF1F6F6E6F4B736B7EC95355678C68C199C07385FB97285CC9F3FDF243E343494F4F4F40CC665706A4427805BB66CE1744359B2BED6AC107DECD83146BC35D6B7A8A8C81197843288141515D964858F1D3B66B715A07B5B7DEEEEEE66E3B76EDD3A5897C1691195005A637DD7AD5BC788B7D5FA363434F4BBF8E5DD2F6A7D5D076BACB0AD2B409BB3C28410D2D4D444E6CD9BD76FBC42A1109D15168D00767777DB6C7DB92E9365ABF5A5CB64B916D62C7B65AB15B634D797EB631BB15961D10860727232A71BC01ED6B7B4B494117FF7E648FDBDA8F5754D6CB5C2A5A5A5365961B601D277BF9293931D71499C025108A035D637292989115F575767B3F5E53A5778F9F2E58EB824141E58BE7C39A77B40A3D1D86C85EBEAEA18F14949499CE2C564855D5E00BBBBBB49484808A73FBCADD677E2C489D4FA522C620F2B3C71E2444EF1E6AC70676727090C0CE4143F75EA5451EC55E3F21BA36FD9B2059B366D62AD2797CB51565686B0B03093F25DBB7661EDDAB5ACF132990C25252588888830294F4F4F476262226BBC442241616121A2A3A359EB0A056357373A2F7F83CEC62BE86CFA16FA9BCDD0B7B4C2D0D601436B3B8CBA4E0080CC7D08A44A37C8866821D5AAA118731F543EE3A09AF01054DEE320D5A8783E13FB515C5C8C3973E680CBD72E2323032B57AE34292B2F2FC7AC59B360301858E3535353B166CD1A93B293274F223232127ABD9E353E3939191B376E64AD27645C5A006B6B6B11161686EEEE6ED6BA494949D8B66D9B49595D5D1D424343D1D5D5C51A9F909080B4B43493B2C6C64604070743A7D3B1C6AF58B102999999ACF59C15A237A0BDFA1C5A4A4FA3E5D869E8EA2FA3EB9BEF400C469B3F5B317634B493FDE1313304EE9153312424001237B91DB2E687F8F878646565B1D653ABD5A8A9A9819F9F9F4979626222D2D3D359E3954A252A2B2B1118186852BE7EFD7A6CDFBE9D355EA150E0D4A953080A0A62AD2B545C56007B7A7A101E1E8EEAEA6AD6BA818181A8ACAC8452A9EC2B33180C888C8C444545056BBCBFBF3F4E9F3E0DB55A6D121F1D1D8DD2D252D6781F1F1FD4D4D440ABD5B2D67526BABFFD1E37FE7E10CDC527D05A560D435BBB438E2BD5A8E01E3619C3164661D4130BA178F07E871CD75EB4B7B723383818972E5DEAB79E442241565616962F5F6E52AED3E93075EA54D4D7D7B31E2B3C3C1C65656590C9647D655D5D5D080D0D455D5D1D6BFC94295350515101373737D6BA4244CA770283C58E1D3B38899F5C2E477E7EBE89F801C0EEDDBB39899F4C26436E6EAE89F8014066662627F1934AA5C8C9C9118CF8E96F37E37AFEDF51B7E8F7A80C5C8CABEBD3F1E357A50E133F00307674A2B9B80257D7A7A332E017A85BF47B5CCFFD6FE86F373B2C075BD06AB5C8C9C981546AF9EBE7EDED8DC2C24286F801775A86B9B9B926A266898A8A0AECDEBDDBA44CA954A2A0A00072397B2BBABABA1A3B76EC60AD27545CB205585D5D8DE9D3A73BC4FA26262662CF9E3D2665D658DFF8F878ECDDBB97B51EDFB4579DC7B5BDF9B8FD59118C5DECD7950F246E728CFCF705181BFF3B68273FCC773AACAC5CB992F1D8432A95222E2E0E3B76EC60FD515CB56A15E3B18B39EC61852B2A2A101C1CCC5A5768B89C005A637D274D9A8453A74ED9647DABAAAAA052FDFC90DE603060D6AC59282F2F678D1782F56D2E3C816B1979682E3CC1772ADC9148306C7E041E7CED0578CC9AC6773616B9D70AFBF8F8202727877347586767274242426CB2C2D3A64DC3D9B36759E35DD50ABB9C05DEBE7DBB4DD6373535D52AEB7BB7F80177AC2F17F1934AA5C8CBCB735AF16B2EAA40EDEC6771EED72F0B4BFC008010FC78B00C75BF588A33739E474BE969BE33328B56AB455E5E1EE4723956AC58819A9A1AB3E24708C19B6FBE89B7DE7ACBA45CA5525965855353534DCA944A25F2F3F3456D855DAA05585D5D8DF0F070F4F4F4B0D6B5D5FAAE5EBD1ABB76ED3229BB70E102424242046D7DBBBEF91E575FDF839BFF3CCC772AF64322C1A8A71E83E7B60428C68CE23B1B06972F5F86B7B7B7C5F7626363515C5C6CB15778CD9A358CE77CE6B0D50ABBB9B9A1A2A20253A64C61AD2B145C4600ADB1BE4141413875EA14140A455F995EAF476464244E9E3CC91A6FABF5F5F5F5457575B553B5FE8CBA2E7CF7C73FE3DA9E1C1875EC3F004244A6D5E0A1A497F1C02BCF38FD301AA3D1887DFBF661DDBA75686FFFB9832922220225252526AD3E6BAC70585818CACACA4C5A7DDDDDDD98366D1ACE9C39C31AEF6A56D8652C704A4A0A67EB9B979767227EC09D01CF5CC44F2693212F2FCFA5AC6FC7D946D4CE7A06DF6CDDE7B2E2070086F60E5C5D9F8EDAD9CFA2E37CFF4350F8E4D2A54B983B772E5E7DF55513F103EE0C84BEB7E344A552212F2F8F93153E79F224C3B928148A3E2BCE46757535C33909199768015A637D376CD880AD5BB79A9459637DD7AC59C37896525F5F8F909010747676B2C63B95F52504DF67FF0D57D7A7C3D8E99C3DBB838554A382D79EB518FD9FFFC6772A7D188D46BCF5D65B78FDF5D719C277376AB51AA74F9F86BFBFBF49F9DAB56B19E2660E4B56F88D37DE404A4A0A6BBC2B59619710C05FFEF297F8ECB3CF58EB59B2BE3366CC406565256BBCADD6D7CFCF0FD5D5D5D06834AC75071BFDAD665C8A4BC6AD4F0BF94E8557463DFD0B78EF4D826C08FF2D729D4E87E0E060343636B2D6B5D50A878686E2F8F1E303B6C28B172FC6A79F7ECA5ACFD971090BFCFEFBEF233636B6DF3AFD595F2EE22793C9505050C0B0BEE9E9E99CAD6F6E6EAE53889FAEF10A6A673F277AF103801B1F7E8EDAA867A16BBCC2772A7D039CFB1B20DD4B797939C349A8542A14141470B2C295959503B6C2B1B1B178FFFDF7598F21045C4200870E1D8A9C9C1C7CF1C51718376E9CD93A494949080D0D35293B73E60C929393391D23313111E1E1E12665F5F5F59C278BAF58B1025151519CEA0E266DA7CEE0ECFC25E8BA7A8DEF549C86CE4B5FA36E612CDA2AD9A7860D3651515158B16205A7BA1B366C60B4F6C2C3C3392DBE01DC59ECE0DED65E686828929292CCD61F376E1CBEF8E20BE4E4E460E8D0A19C8EE1ECB88405BE9BE6E666242626223737B76FC50D5BAD6F4040002A2B2B19D6372A2A0AC78F1F678DF7F3F3434D4D0D63BA9CA3B9FDE55134FC6E2D8C1DECCF2AC5884CABC1C4F7F760D8BC08F6CA83883DAC70686828CE9D3BC71ACFC50A4B2412C4C6C6222D2DCD6584AF17976801DECDD0A143F1DE7BEFF5B506DDDCDC909F9FCFB0BE3B77EEE46C7DCDF5FAA6A5A57112BF5EEBCBB7F8FDF0FE27B8F04C0215BF7E30B477A0FE3FE271F3A303BCE661AD15BE7765186B7A852B2B2BB173E74E9332854281FCFC7CB8B9B9F5B5FADE7BEF3D97133FC0055B8077D3D2D282A2A222FCFAD7BF36293F73E60CA64D9BC669AEB0ADBDBEAFBDF61AA7A58B06935B9F16A2E1B7ABECB234951890C8A4F07D3705A3FE6311AF79705DF64AA552A1AAAA6AC0BDC29696BDFAE4934F101313030F0F0FEB1217102E2D80E6B0C6FADABA4C963358DFE6E20A9C7F7C394837FB1021CACF48146E78E4EF6F626874387BE541C21A2B3C7DFA749496960E78D92B7356580CB89C056663FBF6ED9CAD6F6E6E2E63AE705A5A9A4DCB643992F69A7A5C7836918ADF0020DD3DB8F06C223AEAD8C567B0B066D9AB13274E305686512A959CE32B2B2B394D877335442780111111183F7E3C6BBDD5AB57337A7DCF9D3BC769797DE0CE80673E7B7DBBAE5EC3F97F5B06434B1B6F39081D434B1BCE3FF12AAF3DE6515151888F8FE75477D3A64D387FFEBC495978783856AF5ECD1A3B7EFC78C6760E6240741618B8F36C70F5EAD5C8CECE36BB3783D0AD2FE9EEC1D985B168AB645FE688C28E36D81F930E1740AA54B0571E04ACB1C2D6AE002D9148B074E952ECDEBDDBA59FF55942742D4000F0F0F0C03BEFBC8303070EC0D3D3D3E43D7B58DFFCFC7C5EADEFD7C97FA4E26747DA6BEA71757D066FC757ABD5C8CFCFE7BCEC15572BECE9E98903070EE09D77DE11A5F8012215C05E162C58803367CEE0A5975E8244220170A7E7EC5EEB5B5757C779C0737C7C3C222323ED9E2B576E1F28C1777FFC0B6FC77755BE7FF743DCFEBC98B7E34746465A6585EF6DED858787F7ED6E289148F0D24B2FE1CC993358B06081DD731512A2B4C0E63874E810323232F0F7BFFF7DC0D677E2C489A8AEAEE6ADF5D77DED3A6A229F86FE9630F6C6101AF21143115CF6216F9B30E9743A4C9932050D0D0DAC752D59E1C71F7F1CAFBDF61AE6CF9F3F98A90A062A802CECDCB913AFBFFE3A6B3D4BFB023B92FAA7E271FBCBA3BC1D5F0C0C9B1F89473E7E8BBDE22061CDBEC03B76ECC0BA75EB1C90957011B50566A3AEAE0E9B376FE654373E3E9E57F1BB7DA0848A9F03F8F15019AF8B4844444470B6C29B376FE6340650CC5001EC8703070E709A2DE2EFEFCF691DB5C1A2AB4D878644F611FF14FB70655D1AAFEB27A6A4A430667D98A3BBBB1B070EF03BADCFD9A102D80F0909093878F020BCBCBC2CD6718601CF2776E7C378F55BDE8E2F36BAAE5EC3779905BC1D9FCB00692F2F2F1C3C78100909090ECC4C7850016461DEBC79A8A9A9C12BAFBCD2D7537C372B57AEE4D5FA365DBE8EEB7FF91FDE8E2F56AEA5E5A0FBDBEF793B7E44440456AE5CC92897482478E595575053538379F3E6F19099B0A09D205670E4C811FCFEF7BF4753531300F32B443B9AF4D7F621E2BD6CDE8E2F66C6BCFC1B78ED5ECBDBF1EF5D01DACBCB0BEFBDF71EE6CE9DCB5B4E4283B600AD60EEDCB9A8ADADC5B265CB2097CBCDEE0BEC487EB8D182EB47D897E4A20C0EFFFAF33FA0BFF9236FC7EFDD17582E9763D9B265A8ADADA5E26725B40538409A9A9AFA7D36E808562566232CBF00E3BB2D6FA043195C1E5ABB14E3362CE3350767B817850A6D010E10BE6FB8B68E6EFCF3F8252A7E3CF3FDBB7F83A1BD83D71CF8BE17850C15408192BDBF149E3FFEC0771AA2477FBB193FFC7FE1EF8E2656A8000A9482FDA5F0EAA053DE9C811B1FB06FC94A714EA8000A900B577F40CDF5763CD8A3E33B150A80D69367D079858EC31422540005C85F0FD40000EEA702E81C10829BFBBFE43B0BCA00A0022840FEFAD9690080D6C83E219EE2187EF8DB177CA7401900540005464DE3FFA2E1BBDB0000251540A741577F199D17AFF29D06C54AA8000A8CC25397FBFEAD97D03F9F33D17CF424DF2950AC847E830446495553DFBFDBA5EC4BA4531C47CB31F6DD0629CE85B836011538841094545FE9FB7FABD48DBF649C8C1F656EF846A145BB4C8E0EC99DDBDA8D18A1351A707F4F07C6E83B211BE4494F5400850715400171FECA0FF8E1F6CF333FBE556A00114E042100EAD4C3704A3312559A11B8A0F2408BACFF1F033921F0EC6E4348C72D04EB6E23A2ED063446BD5DF3EAFEDF1FA06BBC02B5DF04BB7E2E65F0A00228204A6B4C1FB25F550CE129137EF8CE4D837F0E1F87AFDC1FC07537EB16A1D04B24B8A474C725A53BFE7BB82794462366B55DC7E2E66B98DE7EC36E39B69F3E47055040500114100D574DA7BE9D570DE52913C7D2A41C82FC913E38E23E0606336B320E842EA914873C1EC0218F07E0D7D982DFDDBC8C39ADDFC3D64FD7355EB1477A140741055040347C6DDA5269507AA04DEA8621C61E9E321A5CDAA46E786F942F3E1A3EDE6EC2678E469507363C3805C1BA5B48BC7E1EBE9DAD03FE2CDDC5AFED981965B0A1BDC002E2F2B55B26FF374A80D39A113C6533B89CD68CC0735E33F1B7119E832A7E7753A31E81173C239133CA17C6011EB293B60005051540814008C1C56F6E32CA0F798CE1219BC18300C819E58B15E3C2F18395CFF9EC814122F9E9F861B82557B207DC43E7A56F00BAC4A660A0022810BEBFD986CE6E66AFE5B121A3D121758D27197A8904DB1E08B2A905662F4E6B46E20F9ED3F1AD9BC6AA38437B07F43FB60C5256147B43055020DCF8D1FC78974EA90C9F0C7BC8C1D9D89F1E8914EB1F0CC1E7431FE43B953EBE73D3E065CFE9B8A474B72ACED02AC2B14902850AA040D07559EEE8F860F804F408785A1C01B07DCC24940C19CD772A0C6EC995487C2814FFB2C28E1B5AA8000A05E17E6B4486AECBF2A0DD7FB9A9F08F61E31C988D7D79EF3E3F1C183A96EF342CF22F3715121F0AE5FCA8C1D0DA36C81951EC05154081D0D6D1D5EFFBD9F7F9E24799C241D9D88F93DA912818E9CD771AAC5C52BA63F7FD019CEAEA5BA8000A052A8002A14DD7DDFFFB5237648DF6775036F6E1A65C812D0F04C368F3F063C77060E8584E2D55D263DF297694C1830AA040502BD9173EF892E317D419304A80E4078271532EAC566BE6687FB4B12C4221555A3F7C86C20F54000582BB86DB976AF7FD0156F75AF241DE485F9CD28EE43B0DABF951A640F67DBEFDD6910D513B281B8AAD500114081E5A6E02D821955BDD6BE9683E1BFA207247F52F22CECC3F868DC38D7E06494BB5D68D1DA4F007154081E03184BBADEAEDB51CC84C86C1A6D8FD7EEC18130421CF95E89148F1C1F00916DF97699CF7C787620A154081E0A1B5EE4B7549E98E973DA7E33B2B67320C26FF33F421AC1F1BC2FB2C0F7BF0CFE1E3D02D35FFF5910D75FE4710943B50011408F70DD342A5B06ECADBB76E1AFCC1733A4E6BF87DD6669048F0CE7D13B1E381492E217E00D02E95A354CB1CB82D1BA285DB7DAEB940852B4205502048A512F88D1F6575DC2DB9122BC685216794AFC35655B99BEB6E2A2C1F1F2688B17ED672D0E3014699CA5BF8D312C504154001F1B0A7F50208DC19729233CA172F7846A25A33DCCE5999A74722C55F474CC0B3DE51A851BB668BA8523B82318651E52DDC193962C4359611110913C7DF6753FC45953BE2C64F474CEBF778FE66131EEE6CB653663FA39748F095C758E48FF2B17A2515A1D12A7543A3CAC3E43AAABCA8000A092A8002C27F826D0208DC5978A0D07D0C0ADDC720ACFD267ED5FC0DA2DA7E80CAC64DD6BF73D3E02B8F07F0CF610FE1BA9B78C6C19DBB5700277AF2980DC55AA8000A88698FD877A9A893DA9138A91D093531607ADB0F08E9B88D60DD6D7875B5C18D18FB8DFD51A640BDDA03559A9138A51E817AF550410F6D1928DF2A4C5BB91E11213C65421908540005C4235EA371FF8821B87ECBBE93ED7512198ADCC7A0C8FDCEEAD252108CEEE9C4033D3AA88C46A8891E4648D02E95A34526C7358586753A9858B87697002AC68C82CA673C8FD950AC850AA0C0889EEA8DBF1DAA1DD4631821C1F76E6A7C2F222B3B509AEF5A81C73D722A8F99500602ED05161831A15E7CA740B98BF6BBD608F4880AE53113CA40A002283062425D6F3C9D90B9FBB9E7D059D378CB833230A8000A8C47BC46E3614FDB7B8329F64161BCD359A409F483DA9FFE38090D2A8002E4D9C782F94E81F2136A7267F8D0A82716F29C09652050011420CF3E3A85EF14283F717F4F27209160E4538FF19D0A650050011420BEE346223C90CE3870061EEA6E877B58105413E81C6021420550A0FC76116D053A035EDD6D18F5F42FF84E833240A8000A94177E350DC3DCE9C29B7C220110AA3460F46F7FCD772A940142057080343535F17AFC211A05E29E8AE03507B133A1AB0D012F3D05A986DF01E37CDF8B42860AA095B4B5B5212E2E0E13274E44797939AFB9AC783A92D36E7194C121A6EB16C6FCE1695E73282F2FC7C4891311171787B636BA1FB1B55001B48223478E60F2E4C9D8B76F1FF47A3D626363D1D9D9C95B3EA3470CC10BBFA2B30FF8E2370B26433E62286FC7EFECEC446C6C2CF47A3DF6EDDB87C99327E3C89123BCE52344A80072A0B5B515CB962DC3FCF9F34DEC467D7D3D366CD8C06366C0EAE7675BBD543EC57602BA5B11F3FA125E73D8B06103EAEBEBFBFEDFD4D484F9F3E763D9B265686D6DE53133E140059085C3870F233838186FBFFD3608612EF8B477EF5E5EADF084078663F5F3B3793BBE5859396722140FDECFDBF1CBCBCBB177EF5E463921046FBFFD3682838371F8F0611E3213161262EE5B4D0100A4A7A763D5AA556685EF6EFCFDFD71FAF469A8D5FC3C0CEFE8ECC1234FA5E3EBEF7FE4E5F8626302E94263C90EC8D5FC6C3BAAD3E93075EA5493D69F39241209F6ECD9838484040765263C680BB01F1E7DF45128140AD67A7C5B618DCA0D1909BFE4EDF86263E7F33379133F80697D2DA15028F0E8A38F3A2023E14205B01F020303B179F3664E7533333379B5C28FCF09C4A31113793BBE5898E70E3CBDE209DE8E5F5E5E8ECCCC4C4E75376FDE8CC0C0C041CE48D85001FC8943870E61F1E2C5E8EAEA32295FBD7A35C2C3C359E30D0603962C59029D4E375829B2F26ED2BF6384876B6F44C427A3866991FFC13ADE8EAFD3E9B064C912180CECFBB784878763F5EAD526655D5D5D58BC78310E1D3A3458290A0ED10B606B6B2B5E7EF9652C5CB8109F7FFE39B66CD962F2BE4C26436E6E2E944A76CBD3D0D0C0AB151E3F661872373E01090FFBFFBA3A128904059B9FC243A3F91BF6B261C306343434B0D653A954C8CDCD854C263329DFB2650B3EFFFC732C5CB8102FBFFC32ED2986C83B410E1E3C88A54B97E2EAD5AB7D6532990C6565658C56DFAE5DBBB076ED5AD6CF94C964387AF428222323ED9E2F575EDDFD09DEFC1BBF83B45D8DD5FF391BBB562CE2EDF8656565983D7B36A7D65F6A6A2AD6AC59635256515181C8C84893784F4F4F64676763C1820576CF57288852005B5A5AB07AF56A6467679BEDE10D0C0C446565A549ABCF603020323212151515AC9FEFE7E7879A9A1ADE7A85BBBAF588887D1B5517BEE3E5F8AE4644D07814BFFB07B8C965EC9507019D4E87E0E060343636B2D60D0F0F4759599949EBAFABAB0BA1A1A1A8ABAB63D497482458BA742976EFDE0D0F0F0FBBE62D044467810F1E3C88A0A020BCFBEEBB1687B7D4D5D5313A3F643219F2BFD563230000124A49444154F2F2A052B12F40D0D8D8C8AB15562AE4D8BFF3595EED9AAB30F63E0FFC75DB33BC891F70C7FA72113F954A85FCFC7C86F5DDBC79B359F103EE8C1B7CF7DD771114148483070FDA255F21213A012C2F2FC7D75F7FCD5A6FF7EEDD8CD65E404000929393391D27333313C78E1D1B508EF6C0E7A191F83C7309860EA12BC60C94A14354F832EB05783E308CB71C8E1D3BC6B9D7373939198F3CF288495945450576EFDECD1AFBF5D75FF33EB79D0F446781F57A3D66CC9881CACA4AD6BA42B7C20070E4E4252C8ACF43770FFBB323CACF68546EF86CEF125E37A1B2C6FA4E9F3E1DA5A5A59CADEFBD848686E2F8F1E390CBC535ADD2A55B802D2D2DF8E4934F4CCAE47239F2F2F2380D70AEABABC3C68D1B4DCA6432190A0A0A385BE1F5EBD75B97B49D991BE683DC8D4F422AA53DC35C9149A5F8EBB66778DF81CF56EBBB71E3464EE2A75028909797C710BF4F3EF9042D2D2DD6252D305C56000F1C3880499326E1C9279FC4E9D3A74DDE0B0A0AC21B6FBCC1E973D2D2D218AD3D7F7F7FC158610078EEB129F8AFE4FF80C28DBFE75842C14D2E43EEC627F0EBD98FB0571E448E1D3B6676AEAF39B66CD9027F7F7F93B28A8A0AA4A5A5718A7FE38D37101414645276FAF4693CF9E493983469120E1C38C02D6901E27216B8B9B919898989C8CDCDEDEBE4080A0AC2A953A74C5A7DD658E18080005456569AB4FA0C0603A2A2A270FCF871D67867B0C200F0D5F1463CB1F62F68EBE8E6350F6765884681FD3B9FC3633CCFA8B1C6FA464444A0A4A4C4A4F5D7D9D989D0D0509C3B778E35DE9CF5EDEEEEC6B469D370E6CC1900777A8A63636391969686A1435DAB63CDA55A805F7EF92582828290939363D2C37BE6CC196CDBB6CDA46EAF15E632C0F9DCB973D8B469934999B5BDC24949491CCF62F05838C30F47DE5E8A51C3B47CA7E274DC3F62088EBCBD9477F10380A4A424CED6D7DC80E74D9B3671123FA55269D6FA6EDBB6AD4FFC803B3DC5393939080A0AC2975F7EC9F12C84814BB4009B9B9B91909080DCDC5C8B75E472398E1F3F8ED050D30544B76FDFCEE9399DA501D2BB77EF660C3A3587542A45717131A2A2A258EB0E36F5577EC0AF13FE8CC66F6EF09D8A53E03B6E24BEC87C01BEE346F29D0A8E1D3B86E8E868187FDA70BD3FF6ECD983C4C444933273039E2DB16DDB36C60F7365652566CC9801BD5E6F312E363616E9E9E92ED11A740901FCE52F7F89CF3EFB8CB59EAD56D8DFDF1F5555550C2B3C6BD62C4E4308FCFCFC505D5D0D8D86FFF9BAAD1D5D7865C73FF0FE97D57CA7C22B4FCE9B84ECF54F38C50653F6B0BE2121219C568AE1627DFB63F1E2C5F8F4D34F59EB393B2E6181535252E0E6C6BE37C6993367B075EB569332B95C8E8282024E56B8BEBEDEAC15CECDCD1594150600778D127FD9FA34DEDBF004342AF1ED2BA251B9E19DA47FC7FE9DCF3985F801772CE9ABAFBE0AADB6FF47146AB5DAA2F5E5227E4AA5120505050CEBBB75EB564EE2E7E6E686949414D67A4240B699EB7A4F4ECC983163A0D7EB515C5CCC5AB7ACAC0C8B172FC6D8B163FBCA468F1E0DA954CA693F85E3C78F63E1C28578E8A19F37C21E356A14341A0DBEFAEA2BD6F893274F62DEBC79183F7E3C6B5D4730D57F2CFE5F74004A6BAEE0FA2D716CAA33C9E77E7CF9C7582C8A7C98EF544C904824983E7D3A9E7EFA69D4D4D498CC51BF9BD4D454FCEA57BF32293B7EFC38962E5DCABA782F70A7D7F889274C97F4AAACACC492254B3859EF37DE7803BFF9CD6F58EB090197B0C000D0D3D383F0F0705457B35B3A4B5638323212274F9E648DB7D50AFBFAFAA2BABA9AF597DE91F4E80DC8FAA00C9BB30FB96C2FF1108D02AF2F89C1AADFCE76FA214146A311FBF6EDC3BA75EBD0DEDEDE576EABF50D0B0B435959D980ADEF942953505151C1C971090197B0C0C09D66795E5E1E672B7CEF383E6B7A85EBEBEBCD0E90CECBCBE334D4E5E2C58BBC0F90BE1737B90C89BF9D85868F56E1D9C7A6B8D4925A128904CF3C1A8CFAFF4E44D20B739C4EFC2E5FBECC28934AA558BE7C396A6B6B111D1D0DE08EF52D2828303BE099ABF535D7EB9B9C9CCCD9FA72FD8E090597B0C0BD8C19330646A311454545AC75CBCBCB6DB2C2274E9CC082050B306EDCB8BEB251A34641AD5673B6C273E7CE85A7A7276B5D47E2AE51E289B99330679A37CE37FD0BD7FE25EC99001141E3F15F5B9E46E273B3E0A1E56F197B4B949494202C2C0C376FDEC4ECD9B3193394860F1F8EDFFDEE7718356A14162E5C88C71E7BCCE4FDF2F272FCE10F7FB0C9FABEF0C20B9CACEFA64D9BF0F4D3FCEE836C6F5CC602F7628D159E3469124E9D3A35E0B9BEB65A611F1F1FD4D4D4389515BE97A2CACBD8F5E7A3F8B2BC81D397CC19904824581439116B7F178DD9215E7CA76391F6F676040707E3D2A54B00EEDC0F3939397D2D3E36ACB1BE9696C99A366D1ACE9E3DCB1AEF6AD6B71797B1C0BDF436D3B9CCF53D7BF6AC4D2B409BDB0CA977AE30172B7CE9D225A7B3C2F71213EA8DCF3397A0EAFD57F1EC63539CCE3EDE8D4A21C76F1785A0FAFD15F86CEF12A7163F0058BF7E7D9FF80177EE87B973E762C58A1526CFFD2CC1757324A552697185682EE2A75028909F9FEF72E207B89805EE65CC9831208470B6C2BFF8C52F1856582E9773DA5755ABD5E2B9E79E8354FAF36FC9C89123ADB2C2313131983061026B5D3E1933D21D4FCC9D84B8A766C06FDC28B4E9BAF0F5F73F82EF46A14C2AC5DC69DE78E3F7F390F3C61378E6D160DC3F7208BF4971A0B8B8187171718C56352104151515F8E0830F3065CA148BF785C160405A5A9AD9E787F792929282C71F7FDCA4CC1AEBBB71E34697B3BEBDB89C05EEC51A2B3C9065AF860C1982D4D454BCF2CA2B663B0C0C0603A2A3A3515A5ACA7A7C215861737CF7430BFE76E80C3E2FBD80B2DAAB68D739A6F7D843ABC4ECA95E5810EE8727E74DC2D8FB84B592F1BDD6D71212890459595958BE7CB9D9F77B37415FBB762DDADACC0F61B27685E87B7155EBDB8BCB0A2000D4D6D6222C2C0CDDDDEC5FCCA4A424C67CE1BABA3A84868632768A9B33670E727272E0E5D5BFC56A6C6C44707030A79DE256AC58C179E14B67446F30E274FD351CADBA82A3A79B50DDF01DBEFD578BCDCF0DE53229268C1D8E00AFD1981DE285E8502F843C3C1632A9709FDEC4C7C7232B2B8BB59E5AAD464D4D0DFCFCFCFAADD7D4D484175F7C1185858526E54AA5129595958CAD31D7AF5F8FEDDBB7B31E5FA150E0D4A9538C95625C09971640E0CE738E7B676F98432E97A3ACAC0C61616126E5776F86C4D6EA33477A7A3A63BEA6392412090A0B0B393F0017029DDD7A5CBE760B17BFB9898BDFDCC4F55BADF8B1B5139DDD7AE8BA7AD0DCD609A391C043AB84BB560977CD9DD77DC3B5F07E7004FC27DC07AFB1239CFAB9A3B514171763CE9C399C7E18323232B072E54A4E9F6BAE35686E73A493274F223232B2DFB9BEBD24272733867BB91CC4C5E9EEEE262121210400EB2B3030907476769AC4EBF57A121E1E4EE6CE9D4B2E5FBE6CF13885858564D1A245A4A3A3C3A4DC603090A8A8284EC7F7F1F1216D6D6D83721D28FCD3D6D6467C7C7C38DD0B515151C4603098C477747490458B1691C2C2428BC7B87CF932993B772E090F0F277ABDDEE4BDCECE4E121818C8E9F853A74E25DDDDDD8371199C0A9717404208A9ADAD250A8582D31F3E292989117FE3C60D62341ACD7E765B5B1B898B8B2312898400200909098C3A0D0D0D44AD56733AFEF2E5CBED7EFE14E760F9F2E59CEE018D46431A1A1A18F10909090400914824242E2ECEE28FA5D16824376EDC6094272525713ABE42A120B5B5B5763F7F67441402480821C9C9C99CFEF832998C9C387182D367161616122F2F2F467C595919A36E464606A7E34B241252545464EFD3A7F04C515151DF8F24DB6BEFDEBD8CF8B2B2322293C94CEA797979F5DB1ABC9B13274E30E22DBD929393ED7CF6CE8B6804B0BBBB9B8486860ED80ADF4D6B6B2B59B66C99C51BDACFCF8F5A614A1FF6B0BE7E7E7E167F30972D5B465A5B5BFBCD61C68C199C8E1F1A1A4A7A7A7A06F3723815A2114042ACB3C2EBD6AD33FB19478E1C61B4FACCBD2C59618D46C3E9F8717171837D39280E222E2E8ED3DF5CABD5F66B7DFB7B7979799123478E58CCA1A9A989CC9B37AFDFCF1093F5ED4554024808215BB66CE174335AB2C2A9A9A99CE38F1D3BC688DFBB772FA7786A855D035BADEFB163C7385BD7D4D4D47E73311A8DE44F7FFA13717777371BBF75EBD6C1BA0C4E8BE804B0A7A7C7262BACD7EB39DB095BADB0B7B737ABB5A1382FADADADC4DBDB9BD3DFDA5AEB7BEF6BC68C198C5E5F4B5CB97285CC9F3FDF245E6CD6B717D1092021D659E1356BD630E2CF9F3F4F542A15A7787356B8B1B19168B55A4EF1D40A0B176BACEFC58B1719F15CAC2F00A252A9C8F9F3E719F11F7FFC31696969319B5B6F6BD0C3C38328954AD159DF5E4429808410929292C2E9E6B2648577EDDAC5295E2A959292921246BC3556986B4F1FC579282C2CB4C9FA96949410A954CA297ED7AE5D8CF8DE5EDF0913269043870E59CCF3CA952BE4C30F3FB4EBB90B09D10AA0355638202080E8743A9378BD5E4F22222238C55BB2C2B366CDE214EFE5E545ADB080686D6DE5D4510680CC9E3DDB26EB1B1111C1B0BE3A9D8E04040498FC88BEF4D24B165B836246B40248C81D2BAC542A39DD68B65AE1952B5732E22F5EBC48ADB00B62ABF55DB97225A7784BD677CD9A3566EB7B7A7A9283070F3AE2120806510B2021846CDBB68DD3CD66C90AA7A5A5718AB787153E7CF8B0232E09C5060E1F3EEC30EB9B9696C688671BF0DCDB1A6C6E6E76C4E5707A442F80D658617F7F7F9BAD707B7BBB49BCC16020D1D1D19CE2A915766EACB1BED1D1D18CE995EDEDED365B5F7F7F7F4EF18F3FFEB8232F8DD3227A01248490B367CFDA6485EBEBEB39CFF58D8F8F67C473B1C26AB59AA4A7A7339E17519C0783C140D2D3D359EF054BD6373E3E9ED33DA456AB497D7D3D23DE92F5BDF7A5542AC9D9B3671D71499C1E2A803F618D152E2F2F67C4DB6A853333332DC6CC9C39D3EC0C018A73D2D0D04066CE9C69F1EF999595C588B1D5FA969797731E30BD6DDB36475C06414005F0277A7A7A48585818A71BC8562BECEBEBCB98EB6B341A195658A3D1D0569F40E96D0DDE3BF5D19CF56D6B6B23BEBEBE9CEE1D5BADAFB965B2C40C15C0BBB0D50A5BB3EC159B158E8A8AA2AD3E17A0A1A1A16FE68F3DACAFB97B825ADF814305F01EACB1C2E696BDB2C60A1F3D7A94119F9D9D4D32323268ABCF8530180C2423238364676733DE3B7AF4A84DD6D7DC3259965EDBB76F77C4E90A0A2A80F7D0BB02B42D56B8BFE73F77BFE8B257E2C69A65B266CE9C49ADEF204005D00CD658E155AB5631E26DB5C2147160ABF55DB56A15B5BE3622DCADB50691C0C04070DD2E39232303E5E5E526657E7E7E484949E1145F5353839E9E1E6B53A4089C9E9E1ED4D4D470AA9B9292C2D819AEBCBC1C1919199CE2939393193BC3517E826F0576566CB5C26CCB5E69341A929999499FF5891883C140323333FB5D24D7DC3259D4FADA0F2A80FD608D15B66633A4E8E868B3BD81147172F1E245B3B3812C595F6B96C9A2D6B77FA800B260CD0AD06C9B2169B55A929595455B7D140606838164656599CC08CAC8C860D4B3A6D7976D85680A212EBF31BAAD180C06444646A2A2A282B5EEC30F3F8CAAAA2AA8D5EABE32A3D188E8E868C86432E4E4E4C0C7C76730D3A5089C4B972EE1C5175F84C16040717131A4D29F1FD3EB743A848484E0C2850BAC9F131E1E8EB2B232C864AEB3A9FC6040059003E7CE9D436868283A3B3B59EB262424202D2DCDA4ECD6AD5B183E7C382412C960A54871210821B87DFB36468C1861529E989888F4F474D678954A85D3A74FE391471E19AC145D06DA0BCC8180800024272773AA9B9999C9E8151E316204153F0A6724120943FCCACBCB919999C9293E3939998A1F47680B9023D658E12953A6A0AAAACA015951C442484808AAABAB59EB4D9F3E1DA5A5A5D4FA7284B600392293C950505000954AD56FBD9898187CF4D1470ECA8A22163EFAE823C4C4C4F45B47A552213F3F9F8A9F155001B4027F7F7F8B5658ABD5E2CD37DFC4912347E0EDEDEDE0CC28AE8EB7B7378E1C398237DF7C135AADD66C9DE4E464F8FBFB3B383361432DB095180C06444545E1F8F1E37D65313131C8CDCD859797178F9951C442535313626363515454D45716111181929212DAFAB3122A8003A0BEBE1E21212190CBE5484D4DC52BAFBC423B39280E851082B7DF7E1B6BD7AE855EAF475555156DFD0D002A800364FFFEFD98366D1A6DF55178A5A9A909A74E9DC2534F3DC5772A82840A208542112DB4138442A188162A80140A45B45001A45028A2850A208542112D540029148A68A10248A150440B15400A85225AA800522814D142059042A188162A80140A45B45001A45028A2850A208542112D540029148A68A10248A150440B15400A85225AA800522814D142059042A188162A80140A45B45001A45028A2E5FF00066E5874EC844FB20000000049454E44AE426082');
/*North Korea*/INSERT INTO "Flags" VALUES('Korean', 1, X'89504E470D0A1A0A0000000D4948445200000140000000A008060000007DA3B59C00000006624B474400FF00FF00FFA0BDA7930000000774494D4507DB050A130718513D3AE000000EF749444154789CEDDD797815E5BD07F0EF2C67CE7E2204859848592FA2ADB5D70212C5FAF4AA6D5140D4BAB4D2FB682B2E50142DFAF860D12A72AF58A956C1AA5837284B0D24C8128258B1ECB74A85B2B402090845598A663D397366E6FE11A96092B3CE9C39C9FBFDFC979C99DFFB7B78E0CB2CEF795F491EF5BA05222201C96E374044E416062011098B014844C262001291B0188044242C062011098B014844C262001291B0188044242C062011098B014844C262001291B0188044242C062011098B014844C262001291B0188044242C062011098B014844C262001291B0188044242C062011098B014844C262001291B0188044242CF5BA8BBEE6760F4444AE902CCBB2DC6E8288C80DBC0526226131008948580C4022129674BCF4323E03242221A9E6FE8FDDEE8188C815BC0526226131008948580C4022121603908884C50024226131008948580C4022121603908884C50024226131008948580C40221296EA7603F415AA02A5A418729FDE908BBA430A0621050290FC3E588601ABBE01565D1DACCF6A6154D7C0DC5B0DABB1C9EDAE893A2406A0CBA42EA7C1337430D4D221F00C1904A56F6FC0E369759C79F828E433BAB559C33C7808F12D1F425FBF11F1F59B60ECA976BA6DA24E413A563280CB61E598140A41FBC1E5F05E7F0DD4C1170072F2271175637F8EF0734F019A96F45873DF7E342F5A82E6B22530F7EDB7A365A24E890198434AAF9EF0DD751BB4D12320F97CA99FA8EB387ECE208466CE80E78AEFA67E9E6541DFF87F883E3F1BFA9FDE4BBF61A24E8EB7C039A0F4EB0BFFDD77421BF1034051D23E5F5FBB0156348AE6454BD20B40498267E86078860E467CDB76447F3313B155EFA43D3E5167C5B7C00E92027E041EBC0F0555E5D0AEBE2AA3F00380D8B2950000FDDDF780783CA31AEA37CE45E8F7B3109EFB3294DEDC0A950860003AC673E93014BCB31CBEBB6E6BF3A546CAE2066255AB0100564323F4F59BB2EBEB928B50F0F65BF0DF7D57C6814CD4593000EDA62A083C781FC2AFBF08B9B828EB72FAC6CDB08E7FF6EF9F63CB57665D139A06FF2F2620B2F035C83DBA675F8FA8836200DA48EE5688C8C2D75BAEFA24C9969AB1E555A7FCACAF5C0D18862DB5D5C1DF4641E562784A87D8528FA8A36100DA44EE7916C28BE7411D74817D454D137AE5AA537F75F418F4CDEFDB368454D815E139B3A18D186E5B4DA28E8201680365E00044CAE741E9D5D3D6BAF1BF7C00F3C8D156BFD7EDB80D3E99C783D073BF86EFBF7F6C6F5DA23CC700CC92D2AB2722F35E817C7ADBDFD2C8466CC5AAB67F5FF936609AF60E26CB083CF610BC37DF606F5DA23CC600CC825CD403E179AF402AEC6A7F71CB6AF5FCEF04F3934F11DFB2D5FE312509C1A953A05D9EC65C43A20E8C019821C9EF43F8B5172097143B523FFEE13698FF3CD4EEE727E606DA4E51109C3903EA37BFE14C7DA23CC200CC5060EA1428030738563F59C0C52ADBBE3DB683E4F721F4BBA72145228E8D41940F188019F05E3B0ADEEBAF71748CF69EFF9D607E7C00F16DDB1D1B5F2E294670C634DBA6F310E52306609AE41EDD1178FC6147C730B6EF4C6915177D45DBCF08EDA27DEF3278AFBBDAD13188DCC4004C53E0E1072105038E8ED1DECB8F56C739F51CF02481C993209D56E0F838446E6000A6C1F39D8BA15DF57DC7C74935008DBD3530FEFE91A3BD48855D11B87FA2A36310B98501982A494260F224C787313EDA0D63F79E948FB7E5BBC149787F7C7DCB4AD5449D0C0330459ECB2E75F4ADEF09A95EFD657A7C466419BE71639D1F8728C7188029F24FB83327E3247BFBFB55C6AE7FC0D85BE34C3327F18E1EE9D89C4722B7300053A07EFB5B50CF3FCFF1718C9AFD30B6EF4CFBBC9C5C05AA0A7CB7DCECFC384439C4004C81F7DADC4C05C9745A8BD3D3614ED0468FE022AAD4A9300093D1B496BD3C7220D3692DF1AD7F8379E0A0CDDDB4269FDE0D9E61A58E8F43942BDC142909EDD26190C22134FEEF5388AFDD04291C84140A02AABD7F74565314F1ADDB323EBFEEA7E3A0F4E9655F4300605AB01A1B61D5D5432EEC82C0B447A08DBC12FABB7FB6771C2297300093502F296D592AEA17F7A0A1F63134CF590058F9B793A8B163178C1DBB1CA9AD9CDD1F81E77F03B9FB19F00C1BEAC818446EE02D70129EA15F2C17AF2A084E7B04E105AF39B2F65F5E5264F827DD83829515908B7A0068F92A20E7045267C1004C40EE5608A57FDF537EE7193A1805AB9742BBE2BF5CEA2A37E4926244CAFE00FF843B00F9D4BF266AE9852E7545642F066002CA3967B7B91A8AD4E53484663F87E0E3532079BD2E74E62C6DC47014549543BDE0FC363F57CF393BC71D113983019840C2970A9204EF4F7E84C8D23F42E9DF2F673D3949F2FB107C722A42B366400A87DB3D4EE9D727875D1139870198C0576F7FDB3CE6ECFF4064D99B1D7E2F0DE5DC81882C5F04EF8DD7253D56E63340EA24188009C8C567A6749CE4F721F83FBF42E885DF422AE860AB284B127CB78E41C19205295FD9C9A77783E4F739DC1891F31880094891F66F03DBA20DBF02052B2BECDD1BD841526157847FFF3C02BF9A0C685A7AE786420E7545943B0CC00432F9472E171721B2F075F8278ECFEBAF8D792E1E8A8295E5F05C766946E74BA1A0BD0D11B980019840C62B3FAB0AFCF78E4764C1AB90CF2CB2B7A96CA90AFC0FDC8BF0DC9721773F23E3320C40EA0C18800E52870C4241E56268DFBFDCED560000F25925882CFA03FCE3C7B69ADB472422FE2B48C06A68CCBA86D4E534845E7A16C1690FBB3A67501B7965CBDCBE6F7DD3967A567D832D7588DCC4004CC0AAAFB7AD9677CC4D882C7B13CA80FEB6D54C85140C20F8D43484663E65EB8B0B062075060CC004ACDA3A5BEB2903FA23B2F48FF08EB9D1D6BAED51CF1D88C8B23247F630B6F33F0722B7300013301C58634FF2F95AB6D6F4397F3BEC1B37D691850BCCC3476035456DAF4B946B0CC004CCDD7B1DA9ABAF590B2BDAEC48ED93C5AA563B52D7CCC11E2444B9C0004CC0A9CD86F45CECE101407FFB5D2016B3BDAEF151EADB7612E533066002C68E5DF62F7EAAEB88ADFA93BD35DB61D5D7437F6FBDED75E33B9D59789528D718800998478FD97EB5A3AFDB08ABB6D6D69A89C41CD83029BE7E93ED3589DCC0004C425FB7D1D67A996E7C94F178ABDE01E271DBEA99873E81B1A7DAB67A446E62002611FFB38DB79086E1D88B89F658C73F83BE61B36DF5F4B51B6CAB45E436066012B1356B617DF6B92DB5F40D9B61FDEBB82DB5D2115B6EDF5567AC62996DB588DCC6004C261643ECAD15F6945AB1CA963AE9D22BDF064C33EB3AE6A7877905489D0A033005CD65E5D917314DE8959905A0DCAD10A167A643BD705066431F3D86F8E6F7333AF764B1F2A58061645D87285F300053107FFFAF887FF0619635B6C03C7C24EDF33C975C84485505B46B462232FF55F827DD0DA8E9AF3398F5DBE0781CD157E764578328CF300053D4F4ECF3599D1F4B77F2B3AA22307912C273667FB90FB1A2C03FE14E4416BE01B924B5E5FAFF3DFE8A5559CD696C2EAB8079E09F199F4F948F188029D257AF81B17D6766275B565A57604AAF9E8854CC87EF8E9FB6B92DA73AE83F51B0B21CDA95DF4BB9A679E813C4B76C4DF9F853C40D4467BE98D9B944798C01982ACB42E3D4E9199D1ADFFA3798070FA574ACF7DA5188AC5804F5BCAF273C4E8A4410FADD33084E7F2CE50D8A327D1B1C9D3B1F46F5BE8CCE25CA670CC034E86B3720B624FD6920A94C7E964241049F7E02C1A79F486BDD3EEF4D3F4464791994810392F791C17790CDA3C7D034FD99B4CF23EA081880696A7CF489B4D7C2D393DCFEAAE77D1D91158BE1BD7654463D29FDFA22F2D642F86EB9B9CD5BE613CC8F0F20BE6D475AB59BA64ECFE957F7887289019826F3D3C36878F091948F3776EC8251B3BFED0F2509BEDB6F45A4623E945E3DB3EA4BF27A1178F421845E9E09A96B97768F4B16C6278B2DAD44735945567D11E53306600662E54BD13C77616AC7B633F9593EBD1BC2736623F0D0FD80AADAD69B76F9775BB6BB2C1DD2763F293E0734F77F8C86FB7F695B5F44F9880198A1C647A6B52C9795445BCFFF3CDFB91891AA0A782EB9C889D620F7E88EF0BC57E0BF7F62AB3983C69E6A18FFD89DF07CAB298AFA3BEE815567EF960044F9860198212B1A45DD98DBDABFBD0560ECDE0BE3A393C2C6E341E0970F20FCC64B90BB153ADBA02CC3FFF3DB1179732EE492E2533E8A2DAB6CFF3CC340C3B87B11DFB6DDD9FE88F20003300BE6E123A81FF33358C7FED5E6E727DF6E2ABD7B22523E0FBEB1B7247C516137F582F35150550E6DC4F02FFB2A6FE74DB665A1E181292D4B68110980019825A3663F6A6FBAA5CDAFB935CF2F030068A34720B2A23CE9DC3EA748E13042B36620F8E454489A07C6DE9AD6F3FA0C030D931F45F38232577A24720303D006C6CEBFA376D48DA7EC216256D7C03A7E1CC15F4F43E8B74F420A06DC6BF00BDE1BAF43646505A4A2EE687EF9B52F3F88C5503FEE5E34BF31CFBDE6885CC000B48979E0206AAFF911E29BFF0200886FD98A48F97C786FB07F4FDE6C28FDFAA0CBDA2AC8C545005A263AD7DDFCB39CAF544D940FA46325036CDEF54770AA02FFC4F1F08FBF1D90F3FBFF177DFD26348CBF0FE691A36EB742E40A06A0433CC34A119CFE58AB37B0F9C08A46117DF60534CD7C91EBFB91D018800E927C3EF826DC09FF1DB7021E8FDBED0000F477D6A061CAE330F7B53F7D8748140CC01C507AF5847FE2786823AFCC6831533BC4FFBA154DCFCC6AD92C9D88003000734A3EAB04FE7163A15D7D556EDE0A5B16F40D9B119DF512F4356B9D1F8FA8836100BA400A06A00DBF02DAE8912DDFD955ECBD2A34F65423B6F8AD2F56713E686B6DA2CE8401E832A92002CF8583A1960E8167E860287D7B039A967A01CB8279F010E21F6C81BE6E13F4751BF97C8F28450CC07CA328908BCF84D2A717E4E222488120A4600092DF072B1E87D5D008EBF3CF61D5D6C1D8530D736F0DAC68D4EDAE893A24062011092BBF67EA12113988014844C262001291B0188044242C062011098B014844C262001291B0188044242C062011098B014844C262001291B054B9E7596EF74044E40AC9B22C2E86404442E22D3011098B014844C262001291B0D41B9E7CCFED1E88885CA1BEB96E9FDB3D1011B982B7C044242C062011098B014844C262001291B0188044242C062011098B014844C262001291B0188044242C062011098B014844C262001291B0188044242C062011098B014844C262001291B0188044242C062011098B014844C262001291B0188044242C062011098B014844C262001291B018804424ACFF0778C50D88240D71350000000049454E44AE426082');
INSERT INTO "SpeakLocales" VALUES('Korean',0,'ko');
INSERT INTO "SpeakLanguages" VALUES('Korean','English',0,'Korean');
/*Solo pongo ko, tambin hay ko-kr, pero debera ser lo mismo.*/




/* no   Norwegian,            */
INSERT INTO "Locales" VALUES('Norwegian','no');
INSERT INTO "Languages" VALUES('Norwegian','English','Norwegian');
/*Norway*/INSERT INTO "Flags" VALUES('Norwegian', 0, X'89504E470D0A1A0A0000000D4948445200000140000000E9080600000055F4EE3800000006624B474400FF00FF00FFA0BDA7930000000774494D4507D70B1211280C072003F40000041B49444154789CEDD7318A95570086E1FFCE5C451C104CE5A0D80981CCB881888D0BB0D1C615B8085114D3A55018A61A57109B2CC02C220611C1C242EC1485912162AE75048B1B32F7E0BCCFD31FCE571C5E38B3773F6D2F260EC5C6EECE74ECF2E5A5CF3D7DF17ABA78F5FE212CFAB6F39B3F4CAFFEF8E53F9D3D78F0703AD87BF43F2F82C3B7367A00C028020864092090258040960002590208640920902580409600025902086409209025804096000259020864092090258040960002590208640920902580409600025902086409209025804096000259020864092090258040960002590208640920902580409600025902086409209025804096000259020864092090258040960002590208640920902580409600025902086409209025804096000259020864092090258040960002590208640920902580409600025902086409209025804096000259020864092090258040960002590208640920902580409600025902086409209025804096000259020864092090258040960002590208640920902580409600025902086409209025804096000259020864CD4FDEB93D7AC391B57EE1C2E8092B71ECCA9569EDECD9D1336069F3E3D7AF8DDEC0776E7D7B6B5ADFDE1A3D0396E60B0C64092090258040960002590208640920902580409600025902086409209025804096000259F3771F3E8EDEC0573EEC1FACFCCE7F168BC95BA06636FD7873317A04C008BEC04096000259020864092090258040960002590208640920902580409600025902086409209025804096000259020864092090258040960002590208640920902580409600025902086409209025804096000259020864092090357BFB7E7F317A04FFF6ECE59BE9D28D5F577AE7B933A7A73F7FBFB5D23B61B4F9E95327476FE02BA7364EACFCCEB5D96CF216A8F10506B20410C81240204B00812C0104B20410C81240204B00812C0104B20410C81240204B0081ACF9DFBF3D1EBDE1C89A5FFA795ADBDC1C3DE3D07D7EFAD7F4F9F9F3D1336069F38F77EF8DDE70646DECEE2402F8E9C993E960EFD1E819B0345F60204B00812C0104B20410C81240204B00812C0104B20410C81240204B00812C0104B20410C81240204B00812C0104B20410C81240204B00812C0104B20410C81240204B00812C0104B20410C81240204B00812C0104B20410C81240204B00812C0104B20410C81240204B00812C0104B20410C81240204B00812C0104B20410C81240204B00812C0104B20410C81240204B00812C0104B20410C81240204B00812C0104B20410C81240204B00812C0104B20410C81240204B00812C0104B20410C81240204B00812C0104B20410C81240204B00812C0104B20410C81240204B00812C0104B20410C81240204B00812C0104B20410C81240204B00812C0104B20410C81240204B00812C0104B20410C81240204B0081AC2F339D3B5B490232D80000000049454E44AE426082');
INSERT INTO "SpeakLocales" VALUES('Norwegian',0,'no');
INSERT INTO "SpeakLanguages" VALUES('Norwegian','English',0,'Norwegian');
/*Solo pongo no, tambin hay nb-no, pero debera ser lo mismo.*/


/* pl   Polish,               */
INSERT INTO "Locales" VALUES('Polish','pl');
INSERT INTO "Languages" VALUES('Polish','English','Polish');
/*Poland*/INSERT INTO "Flags" VALUES('Polish', 0, X'89504E470D0A1A0A0000000D4948445200000140000000C80806000000990438AB00000006624B474400FF00FF00FFA0BDA793000002B249444154789CEDD6411180401003410E0DC8C1BF0ABC2C32F631DD0AF29ACA9999B90082EEED01005B0410C81240204B00812C0104B20410C81240204B00812C0104B20410C81240204B00812C0104B20410C81240204B00812C0104B20410C81240204B00812C0104B20410C81240204B00812C0104B20410C81240204B00812C0104B20410C81240204B00812C0104B20410C81240204B00812C0104B20410C81240204B00812C0104B20410C81240204B00812C0104B20410C81240204B00812C0104B20410C81240204B00812C0104B20410C81240204B00812C0104B20410C81240204B00812C0104B20410C81240204B00812C0104B20410C81240204B00812C0104B20410C81240204B00812C0104B20410C81240204B00812C0104B20410C81240204B00812C0104B20410C81240204B00812C0104B20410C81240204B00812C0104B20410C81240204B00812C0104B20410C81240204B00812C0104B20410C8124020EB7CCF3BDB23003678804096000259020864092090258040960002590208640920902580409600025902086409209025804096000259020864092090258040960002590208640920902580409600025902086409209025804096000259020864092090258040960002590208640920902580409600025902086409209025804096000259020864092090258040960002590208640920902580409600025902086409209025804096000259020864092090258040960002590208640920902580409600025902086409209025804096000259020864092090258040960002590208640920902580409600025902086409209025804096000259020864092090258040960002590208640920902580409600025902086409209025804096000259020864092090258040960002590208640920902580409600025902086409209025804096000259020864FD69D507B6A427017C0000000049454E44AE426082');
INSERT INTO "SpeakLocales" VALUES('Polish',0,'pl');
INSERT INTO "SpeakLanguages" VALUES('Polish','English',0,'Polish');
/*Solo pongo pl, tambin hay pl-pl, pero debera ser lo mismo.*/


/* pt   Portuguese,           */
INSERT INTO "Locales" VALUES('Portuguese','pt');
INSERT INTO "Languages" VALUES('Portuguese','English','Portuguese');
/*Portugal*/INSERT INTO "Flags" VALUES('Portuguese', 0, X'89504E470D0A1A0A0000000D494844520000025800000190080600000072351E9800000006624B474400FF00FF00FFA0BDA7930000000774494D4507DB020204121B917CCC440000200049444154789CECDD799CCDE5FBC7F1D76C6665C660C83EF6355BF67D2B7BA2445A141121ED1469215A68B155F22D8592D2A6B44A0851D62C651FBB6198C5CC98EDFCFEB8667E6366CE30C331B6F7F3F1380F33E77CCE399F733A396FF77DDDD7EDC6401C88C855C9F1DEE53E03111171C6FD729F80888888C8B546014B444444C4C514B0444444445C4C014B444444C4C514B0444444445C4C014B444444C4C514B0444444445C4C014B444444C4C514B0444444445C4C014B444444C4C514B0444444445C4C014B444444C4C514B0444444445C4C014B444444C4C514B0444444445C4C014B444444C4C514B0444444445C4C014B444444C4C514B0444444445C4C014B444444C4C514B0444444445C4C014B444444C4C514B0444444445C4C014B444444C4C514B0444444445C4C014B444444C4C514B0444444445C4C014B444444C4C514B0444444445C4C014B444444C4C514B0444444445C4C014B444444C4C514B0444444445C4C014B444444C4C514B0444444445C4C014B444444C4C514B0444444445C4C014B444444C4C514B0444444445C4C014B444444C4C514B0444444445C4C014B444444C4C514B0444444445C4C014B444444C4C514B0444444445C4C014B444444C4C514B0444444445C4C014B444444C4C514B0444444445C4C014B444444C4C514B0444444445C4C014B444444C4C514B0444444445C4C014B444444C4C514B0444444445C4C014B444444C4C514B0444444445C4C014B444444C4C514B0444444445C4C014B444444C4C514B0444444445C4C014B444444C4C514B0444444445C4C014B444444C4C514B0444444445C4C014B444444C4C514B0444444445C4C014B444444C4C514B0444444445C4C014B444444C4C514B0444444445C4C014B444444C4C514B0444444445C4C014B444444C4C514B0444444445C4C014B444444C4C514B0444444445C4C014B444444C4C514B0444444445C4C014B444444C4C514B0444444445C4C014B444444C4C514B0444444445C4C014B444444C4C514B0444444445C4C014B444444C4C514B0444444445C4C014B444444C4C514B0444444445C4C014B444444C4C514B0444444445C4C014B444444C4C514B0444444445C4C014B444444C4C514B0444444445C4C014B444444C4C514B0444444445C4C014B444444C4C53C2FF70988C8F915DA011583E06818ECA90AF865BCFD083038142A1785A01D30F2C4E5384B111149A380257215084880550BE1C59761F642F0F6031CD0B7AA0D43479E81467DE1991761505940014B44E4B252C012B99C528028203AF51203F91CE0970F7CBCECE29B0FF225D9E1450AC2571F40CD9A191F66F36658B1C27EDE991F869703E2D32F6EB1100884A65ECA02A5008F4BFE024544AE4F0A582279251E08074E80770214CE0F2181101A0AD59A41EDEAD0B416142B94F5AE4386E4FC692A3787B7A7677DEEC8CDB07B0DECDD0CEB7740D81E483E0E1ED116BA6E04EA01F92FF4F58988C8FF53C012B9544E0147C13B128A0542F992D0B21B74680E0DAA673CF4C409D8BB17FE580A7BF6C0C1839092026E6E76FBD6AD397FDAAD5B61C408BB3F80B737942A65412EB425DCDC0FFCFDD38F4F89803D3FC1C65F61E22A381D065ED15017680914BFD0D72F22721D53C012719544E000F84440E920A853137A0D846EADC033752E2E2A0A366D82E9D361E74E484A9DFA2B54C80250D9B250BF3E9428011E67CDDFE56604AB5A3578F3CDF4DFCF9C81FDFB2DC0AD5C09F3E6414C8C85B77CF9ECF81B6F844EDDA1874FEA7DF6C0DF7361CEF770681B049C8236403320DF85BE3F2222D711052C918B110FEC81224950B104F4B90FFAF704DFD4A0B27B377CFA096CDC08F1F110146461A66D5B1834286388BA54BCBDA14205BB649690005BB658E89B3F1F1213EDF8468DA0E9206832DA8E8BD904BF4E85677F85A430689C045DC8B29851444452296089E45602B0074212A07625787C02DCDCD46E8A89819F7EB482F3C4441B916ADC187AF706CF2BF0FFB67CF9A04E1DBBA4397D1AD6AE851933202202FCFCA04307E83C1D6EF5044714AC9C04E33E81F8DDD03C193A01DE97ED5588885C79AEC0BFF245AE5047A1C011A8130A8F8F85AEADEDEAF07078E71DAB7DF2F787F6ED61FC780B2F57237F7F68D5CA2E009191F0CB2F3072A44D693669025D9E86A62F40CA4958F62A8C9903DE07A02F50E5329EBB88C89542014BE45C12C1630794F5823B3AC173436DFA2F220266CDB2A9BF2245A0674F78E8A1CB7DB2974660A0BDBE9E3DC1E1B03AAE71E36CCAB37973E8F43CB49A00916B61EE3330FD0F681A073DD15F302272FDD2DF7F22CE9C06BF3D50A738BCFA1634A96B572F5F0E5F7F0D010170DB6DD0BFBFEB9EF2C8115B41B877AF5D8E1CB9B855840E87DDBF68519BAA2C57CEFE2C5AF4C2CFD1CD0D9A36B54B4A0A2C5B0663C658DD56DFBE30E467E00CFC391146CD801247E101A0C0853FA588C85549014BE46CA720280C5AD786295F408962B6F2EFEDB76DD55FF3E630610278795DF8534446C2BA755658BE678F0521B0E093B692B0552BFBDD3D75B7D00B5D45989202478F5A60DBB5CBA6FAC2C32139D96AC2CA95B3A6A575EAD848556EB8BBA74F254646DAEAC41933A04103E8F50C341C0BBBE7C1AB63C173270C014272F7142222572D052C11802828B41FBA378329B36D1A70FF7E78FE79AB3BEAD7CFF92ABC9CD8BBD78ADE376CB09609050B5AA0E9D2C5024EDA2815D8EDBB76C34FCB61EB2ED87FD802D2F1DD397FBE2DCB606403285C040A9580E29520B436D4ED0ADE6775114D49B180B771234C9A6421C9CB0B6AD786162DA074E99C3F6760200C1E6C3FFFF9A7D56B952C69237CE3EE828895306310B0051E7280935EAA2222D714052CB9BEC540F03EE8DC1066CC027F3FD8BEDDEAAB424260F870080ECEDD43C6C7DBD4D9D2A5B622AF4C1968D62CE34AC29818D8B419E62C8435EB213C1A8E47436402447A41B21FE00FF8000150C637E7CF5F3D06C66EB1ED088F0307819F807DEE70A600B81502CFC250E546A8D5116EB9057AF4B0FB2626DAE8DAE79FC3BE7DB682B05D3B1BB9CB69D17EC38676D9BD1B5E7DD55EF39021F0EC6638B614A60C06DF7FE1610704E4FC6589885C5514B0E4FA9404F97742C71BE1DD191054C0A6D066CEB4919B71E3ACAE28A7E2E260F1621BA9727787366D60F4680B28602345B33E821F97C181137034168E7AC199FC40102EDF9FC61728997AA99D76650AD65DFE1424EE82ED7FC2E699F0A51FC41405EF1250B71D34BB171E7BCCEE121303BFFE0ACF3E6B23792D5A40C78EE0E373FE732857CEDEC788089B3A74386C94EBF96D70E80798F81054D807F7621B568B885C4B14B0E4BAE3B907EAF9C307B3A06A059B0A7CED15AB791A3B167C73385A949262354D8B17DBE84EA74EF0FAEB16B06263E1D7DF60EE42D87D148EB9C1FE7C9012CC15B1F78C175033F5422CB00712F7C0BA15B060228495049F72D0B20FB4EF05B7DE6A755BCB96C173CFD9CF1D3B5AC3D4B3A7389D090EB680161E0E53A75A387BF86118B717D64F86C75F823B4E41934BFDA24544F2901B03715CEE9310C913A7A0FC7198F804DCDED1469D66CCB06EE64387DACAC09C3874083EFAC86AA3DAB5B3269C1E1E56C3B4E00BF8F267088B82BDDE10130CB8A05B7B996DB077999D6FB36656987EB6CD9B6DF46CF060185216A6EFBBF8E78C079601BFDE00F1E5A0414FE83600F2E7B7D1ACEFBF87254B6C5B9F7BEE8162C572F6B8870ED95641152AC0BDF7825B22CC7F00FEF91C1E4D507D96885C1B348225D7BE1408DC0D773680E9F32C0C7DFAA9159D0F1992F362EE356B6C3B9922452C18142F6EE16CC1E7F0E922D8711276FB437C10D7445F021FE066E0E6C3C06158F307BCFA1A44558256FDA14B6FE8D60D0E1C800F3EB0A9C0DEBDA15EBD733F6EF1E23675B86E9D4D45F6EE0DBDE742F4B3F04677A8BC03EECC83D7272272292960C935CDED04D48C83D96F43EDEA56783D7D3A74EF6E5FECE79392028B16D9546083063071A2ADB4DBB103063F067FFE077B03E06420D7FCC67C0D80068721E5302C5F09A35E8680FA70CF181835CA0AE4E7CF87B9736DEAB053A7734F1FD6AD6BAB29E7CFB7D1B0C71E83E7FE833F5E80275F8511B15022CF5E9D88886B2960C9B5C90105F7C2C0B630E1290B4AD3A7DB88D3C489E7DF17D0E1802FBE803FFEB0519AB7DFB6EBBE5F6C6D1C7626C0AE40AECB04E00EB44C8496DB21623B7CBC18F6DD089D1E83BBEFB6CB2FBFC0A38F5AB17FD7AED9072D37370BBAA74EC1E4C916BABA8F859B06C2DB1DA1FC46E891A7AF4E44C435B47847AE3D3150250C7E7A0D263E0DDBB6C1934FDAA8CA8811E70F578B16D9712121F0C61BD6B57CFA7BD0B43BDC3D0B7E0C825D21687763201878E4384C5A0267FAC0630D61CE3468D9D29A9DFAFB5BD05ABCF8DC8F1314042FBE687F8E1C09519EF0E406081E05CF7B434C9EBC1A1111D7D108965C53FC0EC1ADA130FB430B52B3665941F6A449E75FEDB67E3D7CFCB1AD8E7BEB2DBBDFEB53E1D31F619B3FC4E6B088FB7AE406748E86CE6B60ED4618F93FA8D50FEE1A6CC176F1629B027CE001A85123FBC769D5CA7A684D9A04F5EBC32D2F43AD3B614217B8FD00D4C9A3D7232272B1348225D70607DCB00FDEB91FE6BD6D05D723475ADDD4A041E70E57C78FDB7E7A1B375A9B85B66D61DA4C68D01D9E590E7F1787D85C6E23733DAB7F0626AD83EA4FC1D38DE1D3F7AC99E96BAFD946D163C7DA7B9E1D5F5FEB219694042FBF0CBE9561FC5ED8D0093E3D4F481611B95268044BAE7EF1502D1C164E83CAE5AD83FA8A15F0C20BE76E88E970D808D79123F0F8E3363DB5E84778711AFCE30B71D7617D952BD58B877A7FC1CA2DF0E887D067020C1C68F55653A6D8EACD7BEFCD3EFC76EE0C37DD64DB15F5EF0FF77F07AB26C2CBCFC3136720878DE545442E0B8D60C955CDF314747487BF1742A572F0CE3BF6053E7AF4B9C3D5BFFFC2134FD808D7E8D110710ADAF786BED361ED0D10179477AFE15AD7240EDE5C057B6F87913D6CF3EC3163AC97D7134FD826DAD9295AD436D7FEE1075B69D87824F45F02630BC3B1BC7B092222B9A6802557AD80E3F0C88DF0FD07369D3476AC6DE5D2BD7BF6F7494EB61581BFFE6AFBE455AB06C3C740B3C1F08B3F44A9CEEA9270037A1F87B15FC28236307D0CD4AA05AFBC62C169DA345BE9E9F4BE6E306C9875C87FEB2D28D2085EFC17665682ED79FA2A4444724E014BAE4A850FC3C46EF0FAB3101666AD179E78C2025376F6EDB37E4D9D3B5B83D1DF5741CDCE3065271C2E8D26CCF3802FF0F82E68FB0A3CD91CB66EB40DB5DBB7B79AB9FDFBB3BF6F870ED6F2E1F9E721C11B9EDD0ABFB5B06EF32222571A052CB9EA943E041F3D0A0FDF67DDC03FFBCC96F8173847F7F4CF3E83050BAC68BA7469E8FB08741F0FDBCB724D745DBFDA544E8449AB60CDADF0C6A3B631F4F8F1D6617FE1C2ECEF57AE9CB5DC78E51538120E837F87F07EF0858ADF45E40AA3802557958A87E1BBD7A0636BABCBD9B4C946AEDCB3F924C7C75BF82A51C28EFBEB1FA8D609E61D87E81C6E912397861B30E020F49802A39AC2FE3D169E82832D08272438BF5FFEFCB6E1F4071FC0962DD0F30328F21CCCD308A4885C4114B0E4EAE0802A4760F15B50A38A6DAF929202FDFA657F97B0305B49386488350B7D7202DCF204EC0C0572B8B1B35C7A659261E21A58D41EE6BD61BDB0FAF7B79ABA83079DDFC7D3D3A67B57AC8055ABA0C5F350FE15F89F96168AC81542014BAE7C2950331C7E9E01E543AD1968C992B6D75D76962CB129C171E3C0CB079AF482497F4154796CE844AE281EC0F030081D032FDD612D335E7AC9F6355C768E22AB418360EF5E6BCDD1F031A83315DE51877D11B9022860C995CD01B58EC3AF33A1647178FF7DA85AD546A4B2336F9EB50278FC7158BB05AA778355BEE0289C77A72D17A6F16978E87378BE011CDE074F3D05E1E13662999D3E7DE0E4499B32AEF320B4F81FCCF0CDBB73161171C68D81382EF7498864A7C651F8F95D2856D47A5C35690237DEE8FC5887033A74C84F505001828260EF21F8370C92FCF3E65C13921370381C78E4F3C0CDC385C3640EF03F055DDB5ACFA8E06008C834C5191565DDEB2B5582BFBE859B4EA7DFE6B2019DC444484E269F9B1BFEE7DB77E822A5007F0542F13650B2A24D15C6C6C63273667CB68D49172FB653ECD60D36FC0FD60D8607B2A9E31211B9D414B0E48A55E5287CFF268496B591AB860DAD39A5330909D6AAE1D75F4BF2D5579BF2EC1C1D0E07A74E9DCAB3E7BB1CA2A3A3494A4ABADCA7C1C891DD68D9F210234766BF61F7E2C5D637AB4307583315763E067725E6ED798A88803AFFC815AAD27158F8AA85ABD9B3A14E9DECC3557CBC350D1D3A14D6ACF1A060C1827979AA040707E7E9F35DAF4242F2316890AD301C3912F2392968EFD811BEFCD26AB25A0D85B818583006EEB8FCF95044AE330A5872C529190EB39E86AA95E0934F6CDAAB5E3DE7C79E3E6D1B343FFA287879C3CE30BBFEF30F3F64ED9B6F12EC7DF5563C9F4E4A2221BBF6E6D789E59191FCB17B370007B7D9F4E8F0E1B67DCE934F829F5FD6FBDC769B7D6E56AD82962361C121F86D2AB4D658BD88E421052CB9A2148E80717742B386F0DD771012028D1B3B3F3632D2B64E79F24938930C757A4072EAB28D84E8681EDEB89173B5BAFACA07F6FA408D38D8EA0F35A2E09F40B8F92454B98273CD3BF921C801496E1003144B81304F7828F2CADD00F9533F38E50525CFC04E5FA8116BEF79F708CEF9DF6854F9F2FFFF73919330A1358CFCD51630BCF61A3CF698F5C5CAAC4F1F9831C36AD5EE781B66EC801B7E802AAE7F6922224E6915A15C310222614453B8EF4EF8F34F387E1CDAB6757E6C6C2CBCF9263CFD34C42440EDDB61B71FB825E7FCF97E2E059BDBC3E381C028E8E70D419361CD153EE8B5BD29CC28055FD680EFAAC32B45E1683788BBDC27760EBF55823F9AC30B8560FF9DD0DF1B825E86CDB9788C931ED072398C6F04F93C2C584F9E6C9F0567060F866FBFB5558883BF876FEA40B84B5E8D88C8F92960C915C1231EEE280ECF8EB095727FFC01F7DDE7FCD8B8382B686FDA14C64D800E5DA09C2F3C5619CAE6A21543616F98F5196C3C0AC39F80B018DB2CDACB352FE992295A007EDF0A5FAC846F57C1AA5D50BCF095DDDEAB900F7CFC2DAC3D009366C0BE48082D93BBBF80026AC0E697E04861E8D91626BC0C75EBDA7461765DDF9F7EDA46B262E360C432985C1AB4B05044F282A608E5F24B812671F0CE449BF69B33C7BA7867B67DBBF53AFAF967080D85234760D00078E9F9F4633A7674FE141BB08D86D3BE5CF30165F740C75A704319484EB22F69B78330200E7603C780C2A97F96E4DC535997420CF02F100C449CF5E799A5D0AE1E942E014967E0641454DE073BB006F531D8F68AA7804A40601E9EB303580F140422B1F73C1928B3156EAE0D254B437222C4C683FF7E1890FA1A4FA5BEBEE3402850CCC9637B7BC390D1E9BF87875B108F89819E3D6DC3E84E9DA04285F4633C3CE09147AC30FEA59760C46298D40446455E92972F22F2FF14B0E4B2AB160E9F4E072F2FDBDAE6D9676DA9FD993316A87EFDD5C24FD5AA70F3CD306284DD2F31D1F622FCE61BD8B60D92936D5AD199D79BC17F7B21391F900C294950B91C340E84E7BEB1639292A05F65F861182C7807BA3F0C1F4EB3A269C75FF0C1EEBC7837D26D00E6F4832FE642D7DB60C9F750A106148A807BEF867B1FB5E316CD8739A3E0D5B6B0ED2F68DB1716CE821E83A1D57B706B365368974214F06A0B38B61BDC0A437234B8794289C2D0B018BCF4B91D77E8103CDD1CBE1906336740BFA1F0E114E8370CBC3F878907B23EF6A143B652146CD3E79B6EB250D5BDBB5DB77DBB4D09EEDC69C5EFAD5BDBB63B818170FFFDF0F6DB16B65A4D86790FA97D83885C5A0A587259153F01938743F1E256B07ECF3DB6C4FE871FECF60E1D6C9560BE7C16A0D6ACB1D1ADF0700B64B56A41CB96F0D043B6E173972ECE9FA7467918F37EFAD2FE8404F87202C447D9A8D933CFC0B4699094027DEE87874640B162306C9815DA8F6F98276F47169D6E830787DA885D58989DD3F84EE01B688B00A2A2A0680804FAC26B0BADD96848080C7B1C0E1C80E899797BBE8140EDAAD06D86059BB8381B459A3F0A12BCEC9CA64FB7A93B0F2F78FCD98CEF75B162F0F657CE1FBB7469983AD57EDEB913FEFACB02D5E9D350A8907D0E060DB270151B6B9FA33163EC1C5AB4803265AC4F56C707E0BF95B07E16D4C9AB374644AE3B0A5872D9789F86FB6AC32D6D60CA142B6CDFB1C346255E7BCDA6840E1C808F3E828D1B6D54AB6E5D2B5E2EE66C0EE91C6257C29383E08622F6FBE170A87618BC6EB480B529B53769514F78BA0F789E35AF16150963235CF39A73A30630702C143C6BCA2B6C1FB40B07BF200B5C919150B62C943D051DEADB1E7E69124EC29C3C1CBD4A73E03718BD138AA4B623DB77109A1F03B756B6A5CDA64DB6F2AF5002DCDD06BCCEEA4A9F701AC69D3CFF7354A86097DEBDEDF713276CCFC2E79EB37055AE1C74ED6A5386C9C976DBB7DFC2AE5D70EA14DC3B1346AF858A9BB4EFB7885C1A0A5892F7CE00D1502D02826E841E3D6C0B9C99336DF461CD1A9B2A8C8CB420D5A1033CF0808D505DA85B7640C357A070711BC53A7608FCBBC02FF56DF42C6DAFBBC27ED00218FDA79DCF030FC084DBA0FDB7AE78E1B913045439092F2EB066AB77DE0913FA41DDB5E015027DDB414A0AECDF0F95A2A04B33786A2E7CF8210C1800E3AB40B1CBD0FBA9E34128FEA94DD7962B077F7E0F5586C36FDDA07265EBCAEFEE0EF93DA1417E18BF1ADE7DD7469F46B784465B72FF9C850AD954EE6DB7D9EF3B77C2A245B6D2B440010B5B9326D9C8E5DCB930702094EF09130EC0F8CB109E45E4DAA7802579E704543808CD6F821BEB40A992101D6DE12A2C0CEEBDD74255C58A36E557AB96EB9E3A19082C02EBD6D9EF356B429C1BE4F3B76D578A17B7EB1DDE364D083672D6AB17C4BBEE34722D9F8FFDB96081D514393C20D61F6EF0B3E000362213EB0DA7536CBA6CF66C0B580997E9FFEE680F7B4F972CB140E357C88AD8FD0A58B84D1B7D4CF104BFD49618D3A659C072D69DFD4254A8905EAB1715055F7F6DC1AA7061B8FD760BCE9B36C15B3B60C0AF30E970DE2E0610916B9F0296E499CAFFC26F3FD9D6369191360558B8301429927E4C52927DF1FDF4938D2005065A2FAC162DB2DF7F0E2C64AC5FEFBCC83D0558EF039E1BA15123BB6EDD3A88F085F5FBE0975FEC5CFCFC607B3C9C89B5958C8306D9B4D2FAFDB6AAB09C2BDF8C1C8802B625C0DF7FDB885E7838EC8A000F4F28B4D2EAAD0202ECCFCD9EB02DCCCE77D0203BFF2D317002289487E79C08ECF4827C3B2CC8007CBFD65A5FECDC61EFB58F0FF8FAC2BE1438156EE7FAD453F6E7BA70D80F9472F2D8A74FDBE7E35C9F03670A14B0DABE7BEEB1F770C102ABE56AD60CA6BF0F7BF7C088C170CB3AE81D7571AF5F44248D367B963CE1BD0DCE2C87264DE1F69E56839390605F7891915627E3E909B56B5BA04A1B518A8CB42FE5DF7EB310D4BDBBAD1E5BBFDEB642D9B3071C0EAB3DAA5307DE7BAF0C3FFDB4977953A6D06CF8704A03AF5684E02170E048FA34634A0A140B814347329E67FE003B97D8B3BA763A1CE095005DA7429D3CECF03EA20994E90CD131E9D7252543896270F070C6F32B7103EC3F6805E56902FC61EF5298B634EF7A64BD501D8A3E0047C3AD660EECFD2C9EE99C01020BD84AD1F833E9D7797A42DC211838DBDA358C2A5F9E093B7702D0AE5D28D5ABEF2539D9025A9D3AD0A041C6B60CB9B162854D0D87845881FDE2CF61DD6878EDE8853D9E88C8D934822579A2E021183DD546ACEEBCD3F931494936B2347B361C3E6C234A1D3B5AA8EAD9D3FA1D2D5860DDBB7D7C6C9AE7F1C733DEFF9D77B23E6EED63F0DE22F0F6CD78FD8E5CD4FAB84740B93CDE3EA7E07158BB323DA8A4D9B535EBB1BBB767BDCE019408CFDB06A4158FC1D73F8267A6A9BE9D4ECE393BDEE150DCC9F52121B6D214AC907DDDBAF4B60C6075580D1BDA68A7B3ED73326BD6CC2EFBF659717CE5F290D015BE9A0DDDD5C241442E920296E489D2556DDAEFAB6C96E0838D5E34686017B0FAACEFBFB7CD7D3D3CA05B37EBEE7EFFFD70EC9805B1A953E1642CC47942443C4EF742291305258A43D9EACE9FD701243BC0339B24E270C0812FF3BE46A7F869F06B009ED96CDD93B62B9087F39B21193C2FA060FC62948D86B2E5A05859E7B7A70029E779AF4F7E06CE5EF29EF5F07053082803F53B41FDE61690D29C3861A39AE3C6D967A770611B0D6DDCF8DCB55D65CA588FAC5F7F85399FC29785A0EB9173BCAF222239A0802579222A025E7E31EB68CCB9E4CF6FA35D77DE69755BDF7E6BABBF428AC280FEB617DD934FC2D265F0FABB70FC30389CAC34ACEC00EFE570EBF3596F5BF40184C741F91AB07105F4BA1F8ADE90F1989FBE84BBD6E4EAE5BAC48307E1D12530EC7F19AF3F730666BF022135C0DD034E85C15D83B3D626BDFD30BCB927EFCE17A0493C7CF13BDCFA64D6DB3E9B0689BE50B434FCBB16FA0ECED85602E0D3A93070BDF3C72E170FD35642F44AF86B3ECC0F817D41E008811BAA5BE86AD224BD175A78B84D2D3FF5944D47972D6B81AB4E1DE72B52DBB6B551B1B7DE8446BEB0F64ADEDC5144AE780A5872E92541F9E0EC376ECE091F1FB8E30EBB8485C1C71FC3DE7D56D3D5BB172C6A6185EEED6F767E7FBF82D632E06C9F4D869BEF80A2A5AC29E5EBEFC2BBE3A1DB7D50B24CFA71F55BC1615F2ECB6ECA8145339E777232BC390CC64C83DDBB6D5AB44C1978FF2578FCF58C355821A5ADE83CAFF756F477F25ECF1C037D1E061F7F6BC3D16F1A4C190D039E81C0B34256DD5670E80DE745EE69F203AD53A0F511E008B01D8E2C83B5B36072089C280A8195A1F55D16B67AF5B2FBEDD9632B1B3FF8C07E6FDEDCA6A0D35663023CF1047C3E0F3AE4A0179788C8B92860C92557621F8C9FE4BAC72B5DDAB6D3713860F9721835CAA6F8FAF4B6AEE6CE380A64FC7DC7564871839092D697A97E7DEB93F4C4687869208C7D3FE3F3FD19449E07AC78C03BD312C039AF438F47ADC8FF486AD17E7434DCF9087CF41ADC3F32FDD89255E000562C9E97DC32CDA5AEF90D4A54B22D73BEF802CA97B7F77CE84BF0FA08787646FAB1A52BC096406898CBBD028B015D13A0EB01E0009CFA1B967E014FDC004743A1562B68D3C6A698FBF74F6F3E3A6E9CB57168D4C8563D0604C0B477E0EB5617F71E88882860C9A5150FAD4AB8B6A7551A37372B686ED1C20AE03FFDD43ABF03381C1917C7BA652A7AFEEC2D786AAA758C7FEC311B21F3F0B0118E9AAD61F306A859DB8E2D5204C2FD5D7FFEE7B31F285939E3757BB642AFE1F0D942DB6E062C18D6AE0D617B6C7564DAF457E91B21CC536B65E70000200049444154034293C95399DFEBC51FC1D80FE0C5176DEB1A3737EB4BB5650B8494B33D06D3568D962E0D8B0B603B455F846820DC071CBE107D126A56B72EEE2FBC60AB0E6BD6845B6FB5DE6260B55B63C7DAFE963D7A40443BD8BC086A5EDC6988C875EC227A638B9C5FF97D30FEC54BFF3C0101D65CB36449FB3D2A3A3AC3ED2999BEF41313AC2EC7DBDBC215D894D1EAD5D0A9272CFE38D3135C862E9487DCA178D5F4DF0F1C8092A98B053A764CBFFE8E3BE0B3CFA04E5BDB52284DE95008CB54E374A9C5027E45335DE96EDDE66FB821BD06AF5B375BC0D0B10F2C9A9D7E684000C45CC0DE3587814FFC60443918DC043E1E0A757F81E95BE0C775B06225DC7D37BCF28A8D56356D0AB3665943DB89136D85E2A44916B80F1C80F810783C04F5B011910BA6112CB9744E428B7256237439ED06361EB6469669761CB1158D274F5A23CF349B37DBC8CA1F6B331EBF21D656C0E5E5BF48560740F25F70F898FDBE650B142F6AC5FEFDFB673CEFE5CBA1736798F126B4686FD72526C26A2FB8270FCF7913F0CFA1F4F72E3919C24ED98895C391F19CB76C81A34761D10FE07756D1D5E6440B36D9AD87880336006B0BC17FC19052048AD680367741CFB3560C3A1C16387FFED1DA7E0C1D0A3366D8163A5DBA586B0680BD7BAD1FD6EEDD50A386ED2870F7DD369DF9D0D33071171474E59B2422D705351A954BA6DA5AF8FD275B2E9F57BA7429C3A2457B99317E3C9D478FA61430B41534BF2FE3716E1E3695B6F99F8CD77B794195CA160C38ABEF9523050EBC024FFE77895F40AABF3DE1DB2150A54EC6EBDD3D6D3A74EFBE8CD70707DB345B4A1219865DF6EF823A93A15D1E6CFA1C0B3CD9119AF7CA78BDBBA74D5D6EDD96F17A1F1FA85821EB7B9D74064EBE0CC3C232361A6D523594DA05F6E25B126AB783FAADA152A5F429D1A4240B702B57C08E5D76FD8D37DAE6E1A1A1367A75F7DDE0EF0F6FBC61D385997DFFBDF552AB5C191E7CD01EF3A9AEB068B7CBDE2611B94E68044B2E8D3DD0B659DE862B67DC806211B02F9BCD9A9D9556ED76D23B2A2505AA4567BDFE52299E04899B60DF01E7B7673EEF3380B38E0CD151107AC6C90D97800F50F0482EDFEB4D59AF4B4E82FAA7B35E5FB60E4C9F97FEFBFEFDF0F557F0F73A1B89F4F2B2160CDDBA5B217D66C386C14B2FC184093695FCCF3F366275B64E9D6C95E33DF7D85E94FFFD07291560E51E68A27F8A8A482E2860C925517E1F4C3C4753D1BC34661336777515B90118BFF4729F45EEB803E3D603D9F4B1BA58274F5A21FAF1E356CB55AA946D9BF4C41359FB6939E3E7678B2D56AD4ADF05E0CD37B31E3778B0AD727CE1059B46DCB3077AFAC16127A14F44243B0A58E25A89E0F71FD4A80AFFFB9F152D57A902D5ABE76CFB92ABC1FF0A14E0C73A75082D56CC658FE9E9E1417E3F3FE7373A1CD669351B91B1B1A4A45C9A7D7C0AF8F9E1E1AC2B27D82A81E464D66CDBC6946DDB9C6E6FE34AEEEED6D5BFD045EC5E7DE79DB66AB4614368D7CE160CDC9CA9775AD1A2366279EC98D56DF56D0C9B15AE44249714B0C4A54297C2CCF721B4ACFD1E1D0D5BB75A617674B41520376A643D8982832FE3895E041F2F2F464F9942CD9A5AC40F3063CC1892C68DBBE4CF13147471E10AE0F4692856CC46A75E78011E79C46AB432EF303078304C9B6623660D2A838F6AB044249714B0C4650A6DB61A96FD61B073877D91952E6D2BB6FAF4B1631212AC15C2DB6FDB0841B972D6E0B16CD9CB7AEA728D4A4E864D9BAC53FFCE9D364DD8BA35FCF083DDD6AD9B85FF6EDD32DEAF7061BB3D3A1AEE7F153E5C0143F3B0064F44AE7E0A58E232A7D640404BAB7179E41178FE79B8E51658B0C0460EF2E5B38EE9EDDA597350B0A5F19F7D66752EA1A1D0BBB78532910B91B69270D932FB4C797ADA4AC2AE5DADC12858703A7A04C68F85E7C6C18811767BE651AC7BEFB55E592346C0CE1A90B44A7F618A48CEE9EF0B718D64B8E37EF0F186F1E32136161A34B07E4D69CE9C81B56BE1D147EDCBAC460DEBA6FDD45376FBAE5D307B361C3C684D3F7BF4005FDFCBF372E4EAB073A77DA6D6AFB710EFE909F5EA59F3D5B3474577EC80F75E818D3F81FB7EA87FC49A93268DB6A6ADDF7F6F7DC4CE56A1827D169392E0CE31B0F036E895472B3245E4EAA78025AEE101078F42A98236BDF2FCF3F62FFFB3797B43B366D6D471CA14EBA03D6B966DD25CB1A28D5E8D1993718F413737B8EB2E1BF992EBDBE9D3306F9E35834D6BD45FBEBC7D366EBDD5A6FFC03E3FDBB6C13B13E09F259072102A9D8056C7E041D21B985602E63F03774DB2D09F396001F4EC699FD7BE7DE1D3F2D06B6B1EBC5011B926286089CB1C8FB52FBA33676C04CBD9D2F9D5AB6D74CAE1B0CD8AD396C9EFD86161EBE04168DCD8EAB25AB4B02FD2B973E1DD77AD38BE4F1F6B1429D79F98189B46EEDA35E38AD4A82858B502567F0B873683FB51A87C0C5A46C020B2EF08DF0898BF10FA4E86BA75E1AFBFACED4386631AD9E7AF6F5FA8D0C13609AF78895E9F885C5B14B0C46542026C8FB74F3EB1E93D67E6CD83C993E1C71F33EEA757B162FAD625AB56C1E8D1B6F9729F3EB65F1C58381B35CA46C2FAF7B7F60F72FD285AD4FA586DDE0CEB97C0B615907C18F21F8706E1D02F1E4AE4F2315B85C1CFB3A1771F78F6D9AC010BA05A35F8F75FB87B34BC3D17C61E75C9CB11916B9C0296B8844F2CDCD2D87E5EB52A7DD5E0D90E1CB0E6909E9EB61FDC9429CE1FAB7163BB4445C1A79FDAD62575EA5877EDB7DF8613276CB46BF2649BC2B9F9E6AC05CAD78A9DFBA358B2F6E005DDB742A940DAD4BFD4DDA9F2CEEE8DF07C35A87E029AC4D8749FC7453E6657073C3E15DADF07050BDAA86AE6F6667DFAD867EDC51721AA3A241E05AF8B7C5E11B9F62960894B548A8107EFB7AD452A57767ECC471F5907ED7FFFB55181F385A2020560E040BBAC5F6FF559DEDE30608015C62726C2C285369AD5B0A105B06BCD9A2DC718F4F2F20BBAEF5D1D2A5C5301ABDC697875DFF98FCB0D77A0EC36D8FDAFAD1AFCF86378F2C98CC70405D994774202741C063F2C87AE89AE3D0F11B9F664D3A25924774AF95A71FBFCF9D62D3BB39414080FB7D18179F3AC703D37EAD481B7DEB260F5E597B611EF4F3FD96AB1FFFD0F6AD7B62FC663C75CF37AE4FA71F769F8F859DB9FF0C001AB0FCCAC634758BC185A7785DFD44644447240014B2E5A400CDCDAD67E0E0F77BEC1F3E2C5D0A1838D026457009F13850BC3D34FC38C19101707FDFAC11B6F586DCEB46917FEB8573A9F7C1EBCFB4C73E68D6F43E1209F2CB7BBB9C184A10DF87AF22D542A1D7819CEF0EA550888DA60ED18DAB685254BB21ED3AA15FCFEBBD5057A5585EC372E1211310A5872D1CA9F863B7ADA345E9D3ACE8FF9E517DB9264C182F426A317C3D3D3561A7EF491ADF4EADD3BBD30FE5AD4A34D28037B54A5CF2D1578A867B52CB737A81EC2C87EB5E9D6A20CCFF6CFE63F8264ABCB0158F479FA4855661E1ED6283736163A0E81EFBDF3FE1C45E4EAA2802517AD4C808D1C7DF515DC765BD6DB6363C1C7C736EBFDF34FF8FC736BCBE02A8D1BDB73B76F0F6161AE7BDC2BC9FA7F8F733A2E89C4A414566FCEBA8C6DE7FE288E9C88C5E180151B8E5C8633BCBAB53C034BE78097978D069E71D250B473676B48DAE21658AE694211390F052CB9287EA7A15DEAEAC193279D4FD12D5A645F4EA74ED9EDEFBC03AFBF6E1DB85DA9654BEB93742DDAB6E714A53BCFA54C9779FCB226EBAAC21391F154BC6D3EA1DDE631F3CBED97E10CAF6EEE80FF3EEBB5D5A183ED559859D3A6B06285FD43C1A322A8CE5D44CE45014B2E4AD958B8B52B6CDF0E55AB3A3F66E54AFB72FAEC7358BDC9BEA0A64F872F16C29C39797BBE57B388A8331C3E1E0B80BFAF273347B760CE4B6D082E60F35531B189EC3B1C73394FF1AAD6752F7CFB557ABD5566EEEE76494A82463D60B5FEF6149173D05F11725142DC6C73E61F7EB08D9D338B8BB3E941373758F41B2CF18116DDAC97D5C409B6F1EEA851F6A52539D7AB7D790674AF42DF8E1518D05D1D575DA1610CACFE22BD8E2FD1C91055E3C6D6F0B6FDEDF0F30D797B7E22727551C0920B9708D5CBD88F7BF640B972590F59BAD48ADA6362E0D069480E8435C5A0794F58BF01EEBBCF8AD5FBF7B7158892337F6F0B27363E8984C414FEFC47BD295CC10DC8B70FE2E3ED33BB6245D6636EBED9DA830406C2A952797E8A22721551C0920B56220EBA75B0F01410E0FC98DF7F87D6AD2D681D4EDB43D007FEAB02DD46C0B49950AF9ED5643DF104AC5BE7A293BBC687C436ED88A074E77994E9328FDFD71DBEDCA773CD687512962D8376EDE0E79FB3DE1E1868B58600C56A8176CD1191EC2860C9052B7C1A9A34B1AD711A37767E4C5C1CF8FAC2373FC021DFB36E70870395E1D9AFA0CF00EBDA3E6B167CF6197CF8A10B4EEE1A0958EEEED6EEDECD0D1EEE559D51F7D7C6279FCD619D888CE7C889D8FF3FF6EE4E1579F9E106140AB43E599E1EFADF3BB7DA84C192EFEC1F0CA74F3B3F2624048E1F876677C272B56B10916CE86F60B960213EF645F4C71F16B432DBB3277D55DF8E4338DD382EB2242C8886A69DE1E041983811FCFC60E8501B19BBDEA53515BDB56559A63ED594971F6EC0903BAA6739AE76A5427CFC626B46DD5F9B9706DB8EC521C1591B92CAB9F9A640EC2EFBB94409FB4C66D6A4897DE61B3486B5C5B2DE2E22020A5872A152A0546AC7F69327213838EB21CB9641F3E6B07B379C3AC7EEB8C941F07729687D377CF135F4EA058F3F0E0F3D041B365C9AD3BF5ADC5821187777378E45C4FDFF162EC74EC665392E22EA0C6712920138146EA35A752A3B69A92FE75532DAB6CC69D60C963BD906B25123EBE7E6E303F145F3FEFC44E4EAA080251724E834B46F6133719ED96C19BE71A36D61B372251C3ADF604A3ED8530D064D87FB1FB67DE13EF8C03ABF4F9BE6F2D3BF6A8404FBD2AC7631566E3A4AC3FBBEA4DD90EF98F37DD62EAD614762A87DD717741ABE98973F588FAFB7271D9AA80AFB42343B66235437DD047FFD95F5767FFFF4D155BF72109BF5101111052CB9302513A141030B51356B3A3F2639D9C2D7B295702C5FCE1EF7445998130E0D3BC0DEBD307E3C94290303075AA3D2733978F0DA9C567CF601DBFA66EDD6707E75D26434CDF6BDA758BC723F29290E06F5ACFAFFFDB1AE154E9AAB5F12F576C05F2B6D6B1C67AD1A2075F42A1EEA7582756E797462227255C966EC41E4DCFCCE587DD56FBF41FDFA596F8F88808205EDE7FD278102397FECA482B03E00DA0D80A7EF8521FD6D8FC3E1C32D68356A049B37DBDE875BB7DAB626C9C950AA14FF3F8D96133158376E6FECCB3BED4F7F208779304FDCDCA824037B54E5BD85DB72747CE53241BCF8D04D97F8AC72270A7060657867BFE7F9C9F95F42C76F802115C03D02F29D80AA9150EF14D404CE31039D6BDEC99090BAE55281021015657F9EAD5A35D8B2056A36809F83A1D909179E80885C1314B0E48204FBDACAB66DDBE0DE7BB3DEBE6103D4AD0BD1D170E242861EBC20AC0A3CF3252CFC06EEBE0D8A16854993207F7EEB5354BB36DC75978D26A4F9E38F9C3F45BFA2B0DD0B82A320A8061CFA1B2AB684F6BFC30379355C9243539E6C4A644C02F37FDA75CEE32A950E64F1948EE4F77365E4B8787787C2E1240848847077088E834295E1A9D590CD02D42C4A84C2F4B9F6734202FCF30FAC5F0AB37F83A4C3E0170EF5C2A1611C5CEC8E49BE276D056CAD5AF659CEBC4179AD5A367A7BCF3D30230850C012914C14B024F71C1012683F9E39631BE466B661836DFCFCCF3F10ED97CBC73F0145A2A17012140B84DAD5A06C28DC7187D5BFA4898CB4FD0C376F867FFFB57AB0C3B9680955B930BCF0096CDD004DDBC092EFE1A6E6B0AE5E2ECF370FE4F372E793F16DB9B95149C6BEF317078E65EC21E0EBEDC9E0DBABF1DC8375090CB892C6DF4C934AD0E639888C80E2A561EB26F04B8280D5397F8CDDBBE1E187A15851B8F146A8551BFA3F063C66B79F3E0D7FAF852FBE833DEBC07108AA1C8756C7A106B9AB87A89E903A4255D3FA61650E58D5AAC1A79F5AD7F7E460E0DCB95744AE430A58926B3EB1D020B52D838793D60B00616150B62CFCF8231C3CDF37DB29088E842289502208DA35851E9DA172E5F4436262E0EFBFADE878F76EBB2E7F7E1BC56ADDDAA60E3D3DA14B979CBF8E0A91F0C270487683AFE7D975CB16C0902B6CF42A8D9B1B3CD0AD32FDBA5462D5E6A3FCB72F92D8F824424BE4A765DDE2F8FB5EB9FF3BBBED81F123C1CFD73E332929E017051372F118E5CAD9828723472C542F5800FBF6D9B470D110AB096CD0105AB44ABFCFB66DF0FB57F0DE12483E08958F43DB709B563C979AE1F0F746E8D70FDE7D37EBEDDEDE109B5ADDEE5EC4A63F558A252267BB72FF46962B56310754AD02870EC10DD9ECC79692628160DD6688CE5C6B9D029EC7A0440C94F483960DA1F7AD50A386DD07E0E851FB025DBDDABEC8F2E7B729C76EDDA04285DC9F73F78A109408BB13A0A017389220C51BCA038FBC6FC7C4C5C1C4CE30A10194580FFF5482A03D10511CCA45C27B4772FFBC9782BBBB1B4D6B15A369AD2BAF09D321605855A81E093F7B403D2F581707372440D1001839D58EDBBC19BE7E0846D4038FED70A43C54FA0F0ED484363B61F8C9EC9FA35831BBB46F9F7EDDD1A3B0660D4C9E6CF57FF9F2C14DF5A0790B78681430CA8EFBEF3FF8E95398F60BF81F821607A0ED19C8BC1141B5BD30774B7A1874C63DF51F0E25AAC0C1EFA164EEDF2E11B986296049AEE54FB0D1A9DDBBD31B899ECDE148FFF2391A89558D2742C011281E0FE58A40EF5E705BD7F4E2E18808EBE2BE6A95D5D7848440CB96306E9C7582BF588D9A40FE72D036189212203606A277436C84B584F8E61BDB1331D10D86BF069FBF0D335E8619CFC333C360FEFDC01512B0AE644940BB9E702A1AC636875D9BA149086CFA06024BD914EFE6CD16A6BF0982B11FC38C1760EC7898FA0CBC3E1E7E6E099C23603953B42874ED6A17B0CFD05F7FD934DEBE7DF6796CD410DAB587A1CF01CFD92AC0DF7F86B1B321E65FB8E900F4380585807C499098BA0F4E72B2F3E7F4F3B369C9B275602F0A582292910296E49A57BCADD85BB9122A55CA7AFBE1C336C2909464538595BCA05A0918F614B46C9E3E2AF0F7DFF0C30FD6D43138D846245E7DD5461F5C6DEF36883B0DF952EBC51212C12B0C4A96B629A7B7DEB28015E80ED32780BB373CFF941D3BE575A899CDB629925110B0FC37F02E01BBBFB0EBCE6C8642E1E0570B76EC80850B61CC180B31935E80D8C4F4F77AE228E8E282C652F9F259C7F5B41D0692926C84EB9D776CB42B2808DAB486D6B7C02DA9A1ECAF3530690A44AC8746FB21EE905D5FA4089C3801850A657C8EB265AD9548F9AAB035109A455EFC798BC8B543014B72AD80B715B6EFDD0B1D3A64BDFDF7DF6D85D5B061306A18DCDACD6A561213E1D75FE1FBEFEDE7FAF5E181076C4B924BEDAE35B0A917346E65A3197F2C85EA9FC38A4AF665FBD043765CC90008DF013DDF83FDFB2D487EF8348CD877E9CFF15A500068B31D4A3F67238F458AC0FBAF42DF75F0774F0B25DDBBDBE84F8538D8B41D06BC95FE5E7F3204BA9FA7DFD985F0F4CC18B84E9DB2CFE2E38FDBEFAD5A42C74E70D3C73602BB7A25AC98619FE122456CB43673C00A0DB5FF071A3582EF0A000A58227216052CC9B5B4456AC78F43E1D4DD58525260F162F8F65B9B729B3EDDFA602526DA2AAC1F7FB4A996D6AD61C204D74CFB814D2D6EDC089B36C1AE5D5617E68C3B50BDAE8D62B8BB43AD9BAC3039C5CBA629FBF6B5E3123D20BFAF4D4F366F6E61F017ED38932B0E0FA852055E79C5DA68542863D9C32FD03E1B254B5A8889F5844A45EDBDAE5DDB569EFE5E28FBC7DDB307DE7CD356F6D5AE9D35F0E4465010F4EC6997C444EBE736668CD5FBB5690DDD6E85C673ECF739736C64B56D5B2B7A4F6B0B52AE9C7DE63B7786E32EFA3C8BC8B543014B722D20F50B2639D982D5BC79366AD5A993ADF2F2F0B0A9A0C9936D6AE5965BECCBD6E722F71E8E8CB480B47AB54DEB814D2DD6AA051D3B5AF17BB76ECEEF1BED09F9BDE0E69BEDF7E3C7E1800FF8E5CF74A017A4759578F1453B679FDCB699B8CE2579DAA284FEFDA17469D8B7CE1A8D0616493FC6CD0D1CF9203E7551C3ABAFDA9F09E778DCD050ABB1DAB001DE7EDBC27572B22DB468D0001A36B4E0945B5EA99F8B9B6FB6CFF39225F0E493F6DFFECE3B6D85EAC081D612E4D147AD4544FFFE1614F7EFB7C770F89FFB3944E4FAA38025B9E697BA2AF0E851183408FAF48199336D2460FE7C58BAD4C2CEB06156AC7E211C0EEB43B472A5F5D24A4AB22FCFFAF561C0808CAB171D0E9BAAF9E22B38E4A410FDCB1B606935383816FC53471A62E320A4316C5D0EABDB9CF5581E101F079D1AD8EFAF0151D110DD12862F83E2E7E8141F1B9FC4772BC22EE8F5FAF978D2B959E92CD7871D89E1CF7F8E5DD063962E1640C31A59FF03ACDB7E9C5D07A22EE831EB56294CF992D9B7E5FFA002AC2D0E2BEE02CFD4161EC74F429996B0FD55F8DF3BE9C7E60B811347D2DFEB37470349F04C0318BBC6BABD9F2DFC88B5EBE8D6CD469ED21C3E6CC1FBF5D72D74B9BBDB085A8B16564CEF9E8B0658EEEED0AE9D5D2223EDF3FCEEBB36B5D8B72FCC9861C5F3234658A08B4BDD77DB5D014B443251C092DC89878245E1B1C76C6AE4DE7B2D58CD9C6945EBBD7BDB1792DB053405FAEF3F1B3DD8B4C9EE5FAD1A346B66755A691B4A2727DBF6389F7C01BFAF86639170FC344479C2716F289594F571C3BDE1A43FB827415C6A4072F38170A048E6A91D5F082898F1AA80227024194EBB03D9AC2803387E2A9E5E237FC9FD0BC7C2D0BE457765B97EC58623F41DBDE4821EF3AE0E15983BAE4D96EBDFFF6A3B333EDF7A418F397D643306DF5E2DDBDB0F7A417C2024254362EA7BED1F04C781C2994248B22F0405667D8C0351E95B179DCD67B785E10F02ADB9674A21A8DC081A74B45AC05B6FB5E3525260FB7658B6CC3E8B2929D653AD654B1B7DCAAE775B668181E9A357CB97DB564DD5AAD9E8D5F4E9B64063DB365BC8E17691A3B32272ED51C0925CF13F0507136CD55D7030BCF79E4DD9DC771F3CF860EE1E2B22C2BEA456AEB4E054B9B2D5680D1A941ED08E1D83050B61D12FB0E7301C3B0D115E70320008C65A409CCDC95EC875F681DBE3D0B6D305BCE054530641C573842B31658F4293A956CC7EA166F671BE75657E6050041001ECB11ABA7F7F82356FC0678521A108E42B01377582961DD3172E8085F765CB60D62C0B5C75EB5A282B99C3DE0ACD9BDB65E3461839D2A62B1F7ED846B65E7A09C2E22FFCF58AC8B549014B72CC2D06DAFBC3DC39B06E1D8C1E6DFF9A1F3428E78FB16387F59CDAB1C3025A870E16D6D246158E1E85D973E1EB9F61EF51084F8223BE905C18289ECBF34DFDF32607BCF616ACDF9A75BA28F224FCBB0DF0809060A85C23EBE3ECDA0EF7AECADD73BF34D8C13D9DCA3269CE6EA6CCCF3A64D2B04608437B55E7ABA57BF962C99EF33E9E773E0FDE7CBC31FEBE5E3C367915C74F65FD467FA05B656E6D5596D73EDAC88A0DE76FDAE5E7E3C9C461363F3772CA1A62E3330EFFB9BBBB31F6C17A142FE2C7B3D3D7722C22EEBC8FD933026E7F04425B66BDEDE821D8BB0F708352C521B462D66336AD86A9EBCFFB34600F4315A04A34DC1B0DECB191AF355FC3ECA270A030B897803AEDA165379B5A86F416211F7C60D38B850A599D609326E79F4EAC55CBEABFD6AFB780D5AB17BCF61A4C7C19DEDE06C3B527A188A452C0921CABF81F7CF80BBCFFBEADAE9A312367D32DFFFD079F7C625F66152B5A0D4DC5D42FD7F878F8F127F8E80BD81E06E12970C41F528A00652EEE7CD34641DC802A3EF0E2F48CB76F5C091B56C1C773ADB6E7F061F8EA5D78EC958CAF6BF9EF90F0D3F99F2F29D95A7EBBBB3B18DDFF6EC09F498FEE65CAFCAC777EEFD916DC5831983BDA956351AB0FCFFBD83D5A87F2504F9B9AFB6F5F24E366ADCB70BBBFAF27EF8D6E8187BB1BA58AFA53B7EFC2F33EE6FDDD2A33EC4E4B945B769DE4DD85DB32DCDEBE61099E7BB02E00A7A21378F2ADF36F1CE80BDC54085E989AF1FA5FE7411CD0B98F7D76FED90C5B7E810746673C6ED644F05B79DEA7C99637D03C059A1F060E43F266D8F8037CF32AFC5704FC2A40D3DBA14D275B35083692FADD773077AEAD28EDDEDD5A2F9C6B9ABB4E1D1BBD7DFF7D1BD17AE105782B01C6BF01CF5E58799B885C6314B024C70AF8DA6AC0962DED5FFCE772EC9875D1FEE71F6B463A60407ABFAB0307E0C557E1E71570281A0EF9417C08E0A42BBCABB8659A738A89811FE7C093D360EA540B572D5AC07D4FC18C3130F4E5F4634B978525415821D1399C8EB311A09414376262FF23C0AF0EE127773B3D76F3CE086EAC18CCBFFB22399370FEB9C74D3B4E101B9F443E2F77D66ECD5AF41E1B9FC4E69D11D4AE5488559B725614BF7967C4FF87C27F76656D9DBE737F14A7E392F0F3F164D38E9C0FCD647EAFF7ED82836170FBF0F4D582DDBB43A35B61C10CB86370FAB1A56BC17E3728758EC504B9E101D405EA1E058E42FC3FB06211BC5A1C4EDD00659B42F78170CF3D7639750ABEFA0A66CFB6FE57FDFA41F9F2D9BC4E379B16DFB6CD167A0C19021FCDC4964C8AC8754F014B722C6C17AC7487975FCEFE98E5CB6DE555C182B6C47DF870BB7EFF7E183D0E7E5E09FB13E07041E086D44B5EC8D48E61F62BF0C00BF0D14756AC1F1A6A5DBE2B57B682E563C7D257409628010703386FC03A5B992E6BE8D16615F37EF0C0D936C0FD9E5FCAD4CFFE711A6C9CD9B2FB2465BBCE239F9707078F656D2BEF7040E37E5F51AE6401B6EDC9D9632E5B7798CA3D3E23C5E160EFA1E82CB7EF3A104585EE9F5228D09B2DBB73BE778D23D37BFDD10478E65D5BE5376C9835197DFD75183C183E9F66F577692386A5CBC1FA406872099A8D02F800ED92A05D1810067BFF848573E08DE250F426E83ED84255BF7E365DFDE187D664F4965B6CE4D5D3C9DF9855AB5AEDE0430F416DD5E989482A052CC9B1B812E0E6644A3021C19A31AE5A65ABFE264DB2CEED274FC20B13E1BB657020010E17024AE5F96903E09E69B55A7818140CB6E097B69FE28001564F73FF40F86A160C4CDD20D8D313929DAC763B97882837DEFF2AFD7FAF1E6D42B9BD6D2853E76F61E5A6A32425A7B07A73EEDA2F849FCC5877F5FCC07AD4AC10CCC8A96BD81116497C42325B73118400761F4C1F6EC9EFE7C584A10D389398CCB3D3D6129F90CC9113B11C3991F3BD6B8E038532FD374E4E86F0705B95E797DA53ECEEBB6D94A8454FF8FD2768D3D1AE2F5D1ABE2E005CA280955959E0B163C03138B201BEF902DE2903E5DBC1DD8FC2D34F5BCDD68F3FC2D0A1D6E474C000FB7C9F2D2000F2A7C0DDB9DC435144AE5D0A589263D175C071D696310E874D03FEFE45B0C5D40000200049444154BBB56B78E001BB6EE952F8F24B58B21AB6958594CB14AAD2C403F93275FD7678C1CE9DE9B56060412A21C1F6513CBC37D383E432609DCDCBD39DB9E3DAE093CF831B2B16A246AF0517FE60A9EA552DFC7FEC9D775853671B87EFB03708880A6E54DC7B8FD6AD75CF5ADBAAB575546DABD65A67AB56EBAEA36ADDFAB9F7DE7B5BF7DE13110165EF9D7C7F3C5010820282D5FADED7958B98BC39E7241C39BF3CE3F730AA572500C2A3E2E8FAEB9137DE66CFB625E8F7692940D287FFDB712FC3DBF004F2267371080F079B3C70F6ACD43525923BB744883A7582D533930496B93944A6347F7D4BE4067A050281F0F00AFCB5066E1683AFFA438B1662667BE992988D962E2D422B716EA606F8F431B4F9770E5DA150BC832881A5C81467CF4A91EF679F496A2D26460A7ECF9F970BE79A3550BF29B804C0B338D03AA22F53F656F8BD8C985DF6FF32E931132B58350F4E5C84F5AB931E0F098549BF827FF4CBEBE39C605B1E68ED9DF1FDC7C669B9FD38900A6E8EDC781090F937928CC7CF42F1F18F20B78305A7AF3ECF926D5E7F1040BC568756ABE3D6A38C8790A281FF5585D87D129502D002B60EE0B30FD6BC7839F2131A028B6682C7E3973FEB5857F8DB036AA4CE5ABE35F20055FCE1949738BD376B066DDB4AEAF0AFBFE43CEFDD5B4456AD5AA031D06F2DA150283E5C94C052640C8D148583988BC6C5C9CF4B97248AD5A307F4EF2F9188CA6561E76858BB0936ED05CF60F03185507DFE55D9840E087284FA6914E59729A7FFF1C285536C271EEE5F073221B000EAF4D84E69577B2EDECE4021D72B080889C6ADDD7A9CECCD78F0346BAAAA0F9CF5C4ADDD3A62E3B478F88465F8F5C180617EA8D548FFF355D2785DCACF3A2A0C6E9D7BFB02EB3E70D01EAEE5010B3768D40DDC768BB8DAB9132A551283DDC285A5DE6AF162190DB57327B8167EEDE6150AC5078612588A0C11190C952B4BBA67FD7A387448BED52737198D8D959FEEEED29DD7AF97DCE2E365A4C9EAAD70E936788783B71944E524B56D7716A1017E3B028FDE308366007478CD1A63A32413A5528573D0BA6E41D6ED7FC8434FE9C64B3EF2A6A0B3355F7E52945D273DB87CD70F3313FD7E17060612F6D3682485676B65C2CC35D78989D512121E434878D2F4BEBA959C695A332F0BB7DCE1A167088606AF0E191A1868E8DED20D030358B2ED2EF15A5DAA113A9D9B14218FA3057337DE22325ABA18D3C209F86923786D7CE56E5F8B3990B6577CD6F10C386C0DE77241BC3314A9018DBE803E6592D6ECD8273F2D2C644C53952AD23538648808AE7EFDA408BE7F7F68FC168E59A150BC3F2881A54837F6F761EC181917F2FDF712BD9A3F3FF53ACB84E854810270E408CC9A2517A8BA75A141039855439E8F8C84A3C761D36EB8FD189E87819F0904DB029918DA9B1639804A59B739C987EA21977DD2DC9DBDB39B91D7C992CF1ABB52F6B3D48A63EDF806542BEDC480CF4B93ABD10AF238EA9F289DD34E66B0B4AC5380F9C3EB001017A765FAEAEB2FADB3303362F79F4D313735A246995C7CDC6B073973A49C0324D8DB889AFDACB12B8B7EF948DE52AC96653B5FAEB9AA532137AB7F97513B96E6468C5D74895CF6AF9E7CFD361B4333CA1DE0B42D5C7184B85CE05201EA7D069DAB2775074645C997862347C41FCBDD5D1E8F4CE6B15AA28444AE8E1C91DAAC397360C912F8BA2974B8022E6FFB8D29148A771225B014E9267F38B81593D96C43864867953E122F461A8D08311073C9A34761D428F1A0727515C1D5A8017C9290BE8B8B9351243B0EC0A98BF03C0402E2C1D70C627200AFBEB6BF3DE2F5F7E2E7B031257F6E2B3C7CC2884C70458F4AC3E32AD1332B2A3A1E1D50BA88BDDE75658AD86360A0C13F381A9D4E3ED38090E854EB6262B50487C5606E6AF48FCB7BB962FAB759AE9854FC27776E4F3C9EE44444C5FDB3CFD008094B962DAA7F9BEF1A41C02503389F139E3880260F14AD06B5DB42D7F249822A2E4E86371F3D2A3305CDCCA413F6C71F65D240E2F9ABCF50B75E3DD8B4499CDD6BD6845FE7C1A036B0F6F526FA0A85E20340092C45BAD119C0E0C13254D7D55544933E122F46C99DB02D2CA496A559C23CC0478FA4FB70C50AB9C8E5CB27469F55AB4AEA25117F7F38730EF61C819B0FC03714827432D839DA06F1B7FA978AE7F5D1A66E41FE5C7B83867D77D1A4465E761CF7D0BBAEE39003B4AE5B902317BCD06A75B4FA48BF6DBD93BD39B5CAE5E2C4651F6A7DB30D1B4B63F6FDED996A5D5CBC962A5DB650BD4C2E769FF2C0D4C4904F6AE6D7BBCDC6D5F3626E6AC4D6A3EE34FB610F86861A769E487D9C176FFBF151CFED38D99BB3F5A83B15DC1CC99FDB2A039FC6DBC117B86A00979CE0892DE872825D21A8D8183A7F24D60F890405C1BEBD70E6AC9C5B666650BE3C7CF1859C832979DDD0724343983E5DCE6B1717304BE720698542F1DF47092C45BA79FC10FA7C95D07A6F03C1C1FAD7E9125CB84D4C203A3AB5671048A170E1C2D0BDBBFCDBD353A2081B36480D97B5B50CE4AD54099A7F22B744FCFD65C0F4913370F906BC0881C02808360262B3F00D6782819F9761DEA65B78F884B170CB9D34D7058444B374FB5D002A97CC49A36A694F1D1EF94D459A7CB79BBFAFBDBA5BD0F345381B0F8973FC779F9622670E33BDEB6CAD4CE8D3A124D3565D63CFE9A7AFDC66F2998643BAA5D111F09688060E6AE0B63D3CB081383BC01E7215813275A1530D494B2712152511D19D3BE1EE5D39AF1C1DA15A35B15AB07F4D302E3C5CCEC3579178AE172922B3164D537BC02A148A0F1425B014E926A4258C580DDF4B59CE3F1797B470721231E49C8E21CD79F38AF9E49709EDFAA1A1D299B87DBBF855693460672745C665CB4A7AA64183A4D7C7C7C3C387F0F537997B6F594541676B267C579541D35F3FB70FC0DCD4880523EABC3252D2B87A5EBE6EE5C6920441F63A8AE4B3615CDFB47AF68451BD2AB2EBA407779FA4CF8EA1F5C705F9B4511A3363C8B61E8597F07781D049D0A43CF429FCB2AB7A48888C65DABD5B8AD0E3E3A593B55C394945F7EE9DBEB999C9F1F5154106AF1F02EDE703E5FF86A16FC92055A150BCFB2881A5483F46E05F0C9E2534C3A5250A0C0D457C5959492A303D022B25D6D632F3F0E38F931E0B0C947A992D5BA4F8383E5E2E7C2E2E50AA9414DFDBBE036644033F2F8B976F047FACBCF6CA75166646AC19DF800A6E8EAFDDE65F436B131A11CB8683FA671B26E29AD786DD333FC1D6CAE495EB6C2C4DD8FD67539A7CB7FBB5360FF5AB38B3FCB7BAAF1481FA6365598B730168D116EEDC910ED6EBD7A59E0FE45C2B574ED2CCBD7A655C4CE9C3CF4F22B57171690BACC4C76D5FC030AF37DFA742A1F8EFA004962263184044EA1AEB977070906FFF050B8A67D6CA9512756AD224EDC1B9E921470E68D4486EC979FA54A2163B7680CF3B5060ACD1C0D401D5A95EC689C133CFEA9DF357BF8A33337FAA4969D7F4158D9B9A18B2767C031A567561D4FC8BA9C6D7989918F2756B37C6F6A9F24F97E0EB28EC62C399FFB5E1D7791758B8E50EB171DA979EB7B13461E857E5F9A94BD9972C28FE2D1E3F8661C36478789932D2C16793C5825AAB152B919D3B2582FAFDF732973257AED46B6363930496914A0D2A148A142881A5C830E1AF1158050B4A84A950218940F5E923E99BAD5B258D6762227530F5EBEBBF7065947CF9E4D6B8312C5D9A7183CCECA24383C2B4AB5788D3D79E73E98E1F8121D138E7B4A45E65678AE4CBB8323030D0D0AB5D09BE69539C53577CB8E31E4464743C059DADA857D9191BCB5747ADF4E1606BC69C21B519DBA70AFBCF78E2EE158A89B101C5F2DBD1B09A4B9AFE5CC9898C8A7AED9AACC0DC3C92A953B37EBB8F1EC1E1C352D7A7D5CAB9D9BFBF4C23707393E713E75526C7DB3B293AAB49FFB8468542F181A0049622C304275C4C120BDD6D53CCE92B54480456CB96F0BF5510A7818E6D60D020793E3616CE9C91113BCF9F8B6F56C58A327224BFFEC6B774636D9D704A6B3444F1462304D3242332C6C04043EDF2B9A95D3E7796EDDFD040C34715F3F051C5AC739CB2B731E5B3C6990B2FC64445655B23A749428828363696B0B0D728FB74E2E101C78FCBB89B981889AAD6AB27B334132352616170FA847C39387D5AA2662979FC585E1B1A0AD62A82A5502852A0049622C384C6C837FDC44855B914CD65850AC1891309837BAD60C03E98B801721B43D922D0AD83780DD511DF4C2223A5B66ACD1A78F244526C458B8A5B7CF9F2D24A9F5EF2E411F963E5E04028900501B25458C5C410129235E369FE0B44040767DF1C3E6363D9474404A54A59230E57E927D15BEDC409B87F5F6A030B1490F3AF53A77F364F4C0C9C3C0E8757C18BEB60ED0D4676F2FCE3C732E839258F1FCBB9EFEE0E85DE9DC0A942A1784750024B9161624DC1CB2B2952955260E5C993540B656B0E5A27F072022FE052186C9C02B97E03676BA8580A3A3617319528B800EEDD9381D21B374ABBBDA1A114B257AE0CA54B4B9A511F899D8DD63973925DA3ECACE2E2080B52ED62FF109D3591257DC427FCA2E3E2E23033D36FDAFACFDA78A9C5BB7811AE5D13E16E642422BD4913183020696D78389C3A0EA73683D73530F1826A3ED0374246FE000C48982FF8E285D415A6E4F163F1843B7E040AABD341A150A440092C458689304DAAB1DAB62DF5F31A4D92D9796E3B64E272620EC914C2F24218F01038F104168F03A728C86D05A58B40C71650A53274E922379048C4AD5B12E95AB54A220E3A9DD83B942D2B45CFF9F281B5B58E888808AC9D9CC8AEA0823DE0FDFCD59E541F129A3446076505C6E632EE273838184BCB245F9067CF444CDDBA25361E5AADA4F74A94907473A74E2F473E9F3C810DCBE0DC0E88780216BE50F5397C1305FA92B7B18071C2CC9BB43A088382A4F1C2FD0AB47CB5F65328141F204A602932CC738DA45B6AD6940B973E12DBE4AB95878DA7908180FAB082302B115C8F80D37EB07C1AE48C047B6370B281AAE5A1E9C750A18288A9E4787A4ABBFEEAD5D24DF8F8711CBEBEBE58595BE3676626E1AF2CA600B0F3D22529DA5160909D11AC841C5E40400057AFC6D0AF9F3CEEE22262AA695331AC4DEE89F5E409ECDE0C97F641D023C0170A04419517F09B4E8649BF8E9B8650BC9608B7B42C1F12A3A5EED7E10D4B07150AC57F1025B0141926C40CCE5C1417F6B8D423EC0029567FFC186A5505A7A3F022BD1BB780280B788ADC000E5C83E927216734D89B82A3151477858FAA42F9B2D23D9858233361422C7E7E7E585B5BF3289B04962510E6997A5CCD874ABC9F5FB66D5B979022F4F7F7A775EB887F0416489AEFD62D58F627DC3903915E801FE40F82CABEF09336F333C3AFBB40994A121D2B5C38F5F3F1F149F55B712FD41F528542911AF5774191710CC13B50EE1A1B27A5679253AE9C4496EAD503FB980C082C7DD841841D3C416E00073C61CE0DB08F059B18C8610E392CC02836943265BCF9E8A38FD8656525799C6C40E3EF9F2DDB4DC9B14BDEACDEFB2053AFFDB8621E3E6F5A248B8FE86562636331CE468165906074E5E5E5CECAE5915CDE07E661A0F503EB6028190015C2E00BB2D6ECF4A61D742803BB7649FA3925F7EEC9781C00B2EFED2B148AF71825B014992220C1AAA17061F1B62A5AF4E5E72B548059B3A0552B49F5653996A0B5946BDB4BD7B7C731D4BE7995162D5A10962387E410B301632F2FA2A3A331D53768310BB9F52890059B6F67EAB586069A6C1758B76FDFA6783689CD60C0B66041001E3DBACCC2C5B0650198AF83412FB277C677444EE982BD762DC95E2439D7AE89F0F2F08042D9D54DA15028DE6BFE7D7B66C57B49A881182D962B27068D29B1B7878000B95FC011D0A65E932DE4849BF76F02A0737CFD089ACC52F3D933CE9E3C996DDB7F5F38B17E3D75B2C9B2E2AE46835BCD9A005CB9720F4747F8E54FA8B4147ABA4276C5106300D384B46050506A9F3790E86CB97270FD3294F1CDA603512814EF354A602932859FB974F455AE2C6DF1FA3034945A95C61F81C5DBF209B284078F13526AF6E91B4393196A4447736AEDDA6CDB7E4A9CECCDB9B0A21DF73677A278C1D4954506061A568DAB8FF7BE2FE9D8504FD15036E17DE182DE2EBCACE06E8E1CB82578801819F93374A8987ED66B06E34EC2E0DA70221B86205E70864AF5A553352D3B90D0509997796127544AA30E51A1507CD82881A5C8145E2670F068829968A4FE3589D1AD8F6A4381ECEBE47F190D04854BDD55CEA245B3AD3CC61C88BC71239BB69E9AA635F251A9842345F3DBEA755CCF9FDB8ACF9B1621B783057D3A947C2BC7141D1D8DB1BB7BB66DFF919D1D850A1542ABD5626212C2E2C570F4284C9D2A2396161D8393BD61AA933881641527F38911E9C58BF2052225C98557C01DB1ED5028148A942881A5C81CC6F0D05BEE9A9B43849E596C75EAC0C99352A765FF167D82220C22F0F7F7A7449D3ADC34CE8E0230A1D49D3BDCBA7E3DDBB69F9C7D7F3FE5E6A3403C7CC2D878E871AAE73D7CC2D87AD49D90F018166FBBF3768E69D3263E79F428DBB6AF7374C4D0D090478F1E51B870148686307C3854AA043D7B4260200C9B91F529C36739C45FEDC409115A29B974496A0CE3E3C1D03B8B76AA5028FE732881A5C834CFC3E4DB7CB56AE2BA9E92C28565502E405167E02D892C7F2B7F4E9C3A41CDBA75399B376FB6EDA77550105BA74DCBB6ED27E7794024A53FDD408116ABB9F13020D5F35AAD8EB63FEDC7F6E3FFB16A4FE6BA0E33CAB955ABA81A1B9B2DDBD681CCB401FEFEFB08356B26153AD5AB07E3C649F1F999334929C341D5E1F21BEAE94863307793FB9E9E22B45272EA9408AF2B97A1DC1BB5C72A148AFF324A6029324DA0A50CCCFDE823199EAB8FC41462FB6690474F942B3B88728A62EDD6B5585858109A2F5FB6EDC70CD09E3F4F645A39D26CC4DAC298138B5AF1787B67AA97717AFD0BB2186F6F6F9CAE5DCBB6ED5F3730A07482B9D9D1A31BA953E765759E3B372C5E0C070EC0CC9992325C781CD67F062BD232B54D07874B42FD6632ECD9DA5AFF1A0F0FF1793BB9196AAB0E42854291064A6029328DBB29ECD92F73DA0252075500115FC78E41DDBA9037EB3D3FF5630937EE4B7D9475C99264A7AEFBFCF66D564E9D9A8D7BD04FEDF2B9A95D3E37059DADE9D2ACD85BDFFFF2D1A3E99A8D66AB47F3E4A15EAB56008484B863A7C731D4D0107EF9451CDD7BF716E3D109CBC1601C0CC92BE36E32CA314739670F1E84860D533F1F1D9D6430FAE834A4AE865328140A41092C45A68937850B77E5BE93930CC54D49BD7A52986C6505F9ACDEDEB1056983F0F5F5A556A74E9C30CB8656B3040A6BB5786CDA445C5A96F6D9C4E96BCF3977F3053EFE11993622CD2C81818170E448A65DD2D3835FBE7C383838F0E0C1038A14097EE5DAC68D61D428F8E1077176FFA22F7CBE157A14878C9448E93410534066189E3A05B56AA55E73EC989CD3D1D1609CC698288542A10025B0146F884F9444AF1A3582FDFB533F6F6E2ED36A743A685E0FECDF5236ED85F50BF61DDC47D55AB5389F3F7B27C57D71E3068BC68DCBD67DA424382C866ADDB692A7C94A4E5DF579ABFB9E3D70203DEEDFCFB6EDC70346AE121B3A74683BF5EBBFBED0C9C505162E84458B60F366285709669C8611B5E1621A560B29395B1CAA3690E2F5B838FD160D870E41FDFA706C3FD4F3CAC09B5228141F1C4A6029DE080F4BD8B3E7D57E58356B8A7F51BBB650F42D09ACD85CB1ACDDB616636363628B15CBD236FE94148F8FC77FC50A7C7CB25EE8181A885FB9B9A9114B7EFD988D931B91CB5EFFB8E25F7B56E4D0DC16FFD4649999A431A5F80DB87FE70E0E070EE090E55B4EE2888505F5BA7503E0D4A96DD4AE9DBEDF9EA9294C9B067E7E30668C18842E38021B3AC2A634EAA992B323AF4C1E38760C3EFE58FF9AA828F9D2707839D47B5BD6230A85E2BD44092CC51B116809DB0FC82C426363499DA4A4797399E9666707856DDED28199C1ED27B7898E8EA6E6D75F733A0B47DAFCEE04BB52B87BF77FF48819BD7A65D93E12C9E52062AA5DFD82746FE546FBFA85E8D5AE44AA7505F25831A67765EA5771E6B76FC5BCC9C5C9324B8F45A7D331BB470F7A78BD1CBA99EC08E7F56BBE4C71B258316A376C4868682846461E986770DBBD7A4944B5674F29569FB8125EFC0C5372A5ED97A53586B08292CADEBB3769787872AE5F87D2A5E57EC41DB0C8D86129148A0F0C25B0146F86061E07C937FB4F3E81DDBB532FB1B4149F2CAD165A3582826FA95CE999DD33D66D5C47A3D6AD39582CE385E0BE40CADAFDD3C0F942E0DE0F0E2413595640EDE3C7D9B470E11B1C716A6A94C9858181860BB7FC08098F212656CB89CBA923653EFE91DC7C2413B80F9E7D0640B5D259DB5D386FF468BA9F3F4FF2CCD9823CE0F6070C71048F14EBFDC8B80168186059AD1A1A8D868D1B97D1A1C3B34C1D6BCD9A30762CF4EF0F77EE409F91506E2EF42F007ABE0370ACB2D83DC4C6CA79AA4F8F6FD902EDDAC1D54B503EE59B5528148A142881A578639E5888B0FAF8E3B4ED1A1A3592CEAC76EDA0E05B6A6D8F768966FECAF9181818605CB1221969620C06BE2E01C3CA4060C263E373C2CC7A50BC2834EB011B73BEFC9A16C1C1DC1C3F9EC70FB2AEE8DCC9DE9C7A959DB9FB24887CCD5693AFF92A8E5E4C5DFC131D134F85CF37E1F2C94A262FBF4A41676B6A94CD9565C771E9F469A2972CA17CCCCB79B1632ED0A01D98E480FE35E0588230790AF42D03FD3258FEB6C5D1917609D395F7ED5B46E3C699F7D9727686050B60F66C69B468DC16FAEE82DEC52028C5DA9D0ED0A28544AF9A36D5BF3D7F7FE998DD3203DA66CFF8458542F11F42092CC51BF3C20AD6EE9034A19999B4CBA7A46953A9D53231818A85C02C3B8BA200C2C0DC077C9F3FE1F9F3E7B4193488AD39D26790F402E8E52446AA938EC35437989A13B647C097FDA0F76FD0BA215855850329529E43DDDD99DAB93311FAACED33C9E85E95D06820243C8617016917B1C5C669F1F295FDFEDAA3E23FF55B6F8A9F9F1F2B7BF6A47F0A5B8605B9217F55F8B20DECBE0C2E05608A299CB684595561C65E38130ADF3BA5DF63F6418912B8162DCA93274FC89BD70B23A3373B76535398354B260A2C5B06C54BC184A3F07D99A40E437F07B0A9004646F225A04183D4DBB978112A5694FB8117E10DACB6140AC5078212588A3727214D181E0E6DDAC0B66DA997181A42CE9CF0FC39F4FA1ACAEBCBD364162D18BC00E74750D6031A07C3E0A2B07B30CC9BEACDAA55B32959A60C574B957AEDA6FC80A139E0EB25B07C0F2C9D0E77A2643EDDF4BD50BAA288AB69F361F27278D01F16E7805F4AC3495B3001865DBCC82FEDDA111F9F35D6F5B5CBE766E43715D3BDBE7DFD427CD5D22D4BF61D1111C16F6DDA30EAD62D34C0F65C30BB104CCD0BF966C0D0F1D0BB3FB46B0C1317C2A04DF0AB039CF5054F7798B4128A7C0F7F9ABC5E64DD3134C4B5756B0056AE9CC9975F664D9B9E46032347CAFD71E3C4A474D67118561DEE19C2CA8AD0E5AB24E7768D1E5DBA7933B46D0B17FE864AEE5972580A85E23F8E12588A2CE1A1256CD8286373CE9CD1BFA64B1758BE1CDCDC20FF9B065702C0C91DCA3C81969130BF0D5C5E0557F7C0BEB530793454AE0446465AB66C594B6C6C2C75070CE0B045DAA5C941408F12E09E472EB4BBD7C3A3FB306E3BE408838D93A14135D87158E6D10D1D0AB53BC0447368B314E6E791FA9EBC3A1D7D0E1E6470BB76E8745913AA1BD3BB32C3BA97D77BF14F4EA7C6AEAC1A57FFB5EBD2435C5C1C23DAB5E3E7D3A7B145D2A6EBF342D945B0CB051AB587D6ADC1C402FAFF0CADEBC1FAD190DF0EE6EF82713F83AD1DD859C1AEA2F04321D0BE627F2B4B96A4F30F3F101313C3A54B3B285FFECDDF4372BA75136FAB1F7E000B0B987704FEA80F976C64ACD38A15728EA62426466AB36C6C60CB5468F796261228148AF71B25B0145942A025ACDB23F7DDDCE0DEBDD46BF2E59328415C1C74ED08A55E75B54D4904D87940F147D0281026D586BFE7C2B5BDB07D257CD355A26373E7C2C0813060004C9A242DFB5DBA78B262C55C9AB46FCFBEB265D3DC853550341CE6AE86BD1BC1FD01FCB90A723AC36FFB21F231AC0B82054360F060B19DF8B22D2C5D0BE34742FBF17020A1E3AD487C3C5FECDFCFF04F3FCD9248964603E3FB55E5E4E2D634AE9EF7A5F49F462305ED9BA73466EDF8069866813D43747434835AB6A4DFC183E44D1089F35CA1F7549834067E1E095F7782F5EBA1460DD8300A265E943F28334E40C142F0BFED306E3094AC06BF4F839C9169FFC179686040818E1D31363666D1A25984863EC52B1B7CA6EAD583BE7DE5A6D3C15F7BC0D45E463E050448742B259B378B908C8A82B84BD2D0A0502814AF4343AF6CB508527C40140F802D63E522356D1AFCF65BEA35A74EC1B367D0B123B4ED06DB5ED5821F0AB9FC21AF21542B053DBF8072E59252388F1E89F1E30D998A43E9D232E6A458B197D33C5A2D74E8508CF5EB6FB277FD7A727CF30DB5A2F497BCC703B3F2C0050D749B091FB7927DCE9D0B65CAC0A866D0F62AAC690817EEC0ECA530FD77983207BEFF160A3D8371B7F9C7E5FC9EA121B3EBD767D2B66D9867D46FE0150485C6F0D82B84D8382D859C6DC89923EBDCEA83838319D1A205434E9F269F5654B09706869685F86230E21718FC1D7C3718562C04C730F8EC046C6C00E3B748B7DDF2E552733779083C5907A5A2A1EF2B6CC246952AC5F08B17313434A463C7522C5A748F61C3C4E223216B98A53C7E2CE7E7AC59E26BD5B3A7882F7D11AC010360C60C583D135C7F846A19F962A050283E5854044B9165DCB586398BC4EF2A2A4A522B29A9554B449646032D3E02B79445CC81E0F218AA79C1E022707A2E5CD80D73A6885BF7DAB512A1FAE107D8BE5D52923366C8C0DF9E3D257A96323D6660001D3A78B26EDD529A77EECC8E5744B10C81A8388877834D43E0F2DFD221191C2C1D64130FC1C232F0DCFD6571F5F300D8B00DC69E8251F5E166829741B1F878861C3CC84FF5EAF12C0B67F7D9599B50C1CD91AAA59CB2545CDDBF7387A175EBF2DBC993FF88AB33E630BD25CCFF1B868C8449BFC394D9307B0A7CDE1D9E3D86CD2D60CA4E6972F0F484952B61FD5C78B2119EE684128169EFD343A321579B36989A9AB262C54282829E121B2B1D80CF9FC39021FAFDD5DE84428544607DF71D84868A0BFCB97370F9F2CBEB1E3C90B5007FAF50E24AA150A41F432A31FADF3E08C57F0443D0794857599E3CB06F5F52E75572C2C3656E618B16706823DC8B03A767502A0C7AD584B9BFC2C0DED0A89E5CFC962D93FA98DBB7657BDDBB4B64A37A75C8954B7F51724A4A968C65F4E8FB7CFA695F62ADAD7978E00045F45CB52738C19E48F8763C44E8E0C25428D71E6A27387BBF780EEBB7C088992F8BABE5EBA4AEC7DC1C9A7481FF3D07AF57BD8246000020004944415487502A126C8006CF9E316DC70EE29C9D712D59F2CD3EE76C62C3FCF91CEFD3877177EEFC93065BE604EE7D60E4223192CD950B8AB8C194DF61CC4418FF2BF41B0F27CF41AB8ED2CC50AB169CD90F277F81DA23212C1CB6DE8782C6905F8FEBC2849225E9BF6205868686FCF65B5756ACF061C408E9EAFBEC33D9E7902150A102A4B311345DD8DA4A7A73D020A853478AD8478D92FDD826789CCD9801DF7F0FEEF721642A54CD62A1A75028FEBB2881A5C852420DC021005AB51451D4A4496A0154BCB8A466CCCCE0C249A8ED080B46C1B0FEF0712DF0F59588C2EAD5120D69DE1CBA76159FAD7CF9242295510C0C40A78BE0D429633EEFFE2DF38E1CE1A3478F481E403B05AC2E0EBF2C05B75230E677496BADDB0FA55A437010F4EC0CBF4E8669E3528BAB44341AA8DD1C1E39C3E4CB70D30E6A0441E38000CE1F39C2A61B37A8D4B021A659E82EFF26F8F9F931F6CB2F715DB8906F9E3FC7CF0016E785B5B650693674FEFEE5F52945D6D811D07B208C1D0A2DDAC9EFF4442FB0888485D760D9562854137EDD07F542796948F4114B4B1CC68EA56CD5AA2C5C388D8A15B751AD5A2C2D5BCA6CCBDDBBA14307B1F9183942D2BDC58B67DD7BB7B282DAB561F870F16AFBE41318364CCEB5B030A9CD6ADC182677871F6E403AC71A2A140A85AAC152643D7503E0F07AB940C6C589404A24264684D7FEFD525BD3B1A34446828361C306B872055C5DA17D7BC8AA19CD5AAD14DD9F3D0B73E6E463C78EF3444745B1F6E38FF9F9C913002639C0B5F290DB097E9800DF7587955B60C95828B418B6E4012F5B183315FE182BE2EABB3ED0B903C4474089AA50B99A44701299F30778B9C3271D21A409344B28FB7A014C2F5182CA3FFE48FB1E3DB2E64D6602AD56CBFF264FE6E99225F4BF7FFF1FE133A5307C7912BEED0263FF80B2E5925E131D0DE78E83CF43F00D85D31760F848A9C9EA3F04A64F822A5EE01409F9C6418C31FC3915F69C80CE1F83B129F4BB040DA221161852AF1ED30E1FC6D7D797DEBD2BB36993C74B82FCCC1998370FA64C119B8F1933246D38762C6FEC91951C4F4F983001FEFC531A23468E94F3B05B3730368205A561F8EB674E2B140AC53FA8089622CB8988812226D0BC19FCF597441F626361E95258B244220503074AD1F8EDDB72F13C79121A36841E3D246D9398A2C90C3E3E929E5CB50A76EC800307241A51B122B46B17CAF8F137E9D2B51F17BDBDB13B7306479D0E6B2D785796D4E0F7DD61EC7489B2FD3A1536F8C0030FF8756692B8FAF453E8DE032A578722A5C1F309AC9E061E0FA05C8D2471D5E76758D819BEF596FA2E004BA0A19F1FBE870F3377D72EE26D6D29F216D386F1F1F16C983F9FD5DF7D47C3B56BF9CCD797E4555CF94260FA0D98BE1E06F48452E5C1D111E68E86836BA17865A8F509E42D0CEE1EB0662D4C9C2A91AC41C361D17A683B13EAB480790BA1F3E7D0A30BAC3B00573743FBC7D28937CBC5852FD6AFC7DED1911F7FFC9C61C3CEE39462BA4FDEBC92721C3C589CD9DBB7971ABF2143E43CB14EC710E7F4606323827EE64C11FEF9F3CBF9D3A3074CEF035FFF2D5DA60A8542915E54044B912D340B855DABA58D3F34540A88BFFA4A2E8A20A267F366285952A204366F30043A284846A1FCFDB714D7E7CA25DD84152AC81CC4E4EB4E9F81297F383062C81AEAD6ADC7A06AD59871E9121AE086292CCA0DE1C561C11EB17968DE0C867C07C37F4FAAB9EAD71B3A7795AEC56DDB203E5E0AA13FFB0CAE5F823143A06265E83318A6348529B75E9D5A3A6261C1FEF2E529DEBE3DED7BF5C2CA2A7B8C005EBC78C1A659B3F0DCB58B0E376E502136ED3134EE8630AB31FCB21ABA77044B43183E059CF3C9EFCDC444223DDDBAC1E45FC1CB0F860C974856BF9F60F410983407BCBD45B0D47383FA5630F01EE4D281BBA1211BFAF461F0AC599C3C79949D3B3F65E244DF348F272E0EC68C11E1D3B3270406C24F3FC137DFC8DCC1ACE2F061995DD8B72FFCFE3BB46A05AB5BC004357B50A150641025B014D942BE4058F11D5C382F02E4A79FA40E6AFF7ED8B409EAD797F46066EAA92222A413F1D831116F767650B7AE8837B384504C74B49881EE3E0217AE834F08F8C5C00B3388B18162F78A71EDE4356E5FBDCA91F6ED1998ACC3EFBA29ACEB00FD26C3379FBD2CAE06F787964DA06613A9111B3D5A5EF3F4A9A4978A1481002FE8D2237DE22A390F0D0CD8E4EA4A78E9D2946FDB967A2D5B626767F7FA17BE82A74F9F7268FD7A1EEDDF8FD3AD5B74F0F4448FD5935E928BAC6183E0A38670FFBE880F4747F97C9F3F87A70FA1767D983436B5C83A7C0E7E6E06634E40E2E8C6186060E5CA4C3F750A030303DAB62DCB9A35B7498FAEDCB449E65D4E9A24A9E5B16325B2D5AB57263F203DFCF1878CCB2959123AB781497BA048D66D5EA1507C202881A5C836EA3C84C9E3A4DBEFD933B928D6A8019D3A655C58797949BAEFE64DE9D4AB53470A91135344919170EC38ACD90E779FC2F308F03581705BA48D2F05C6CF8D699FA33D6B96AE61C9C489B88E1BC7C7C98628EEB382117961C68264E2EA0758B101B62F87AA8D2585F4CB2F49DBDCBB17E6CE8239F3322EAE92A303AE181870C4C585E00205D0E5C98373A95214AF558BC2C58A616363F392F08A898921343494172F5E70EFCA15EE9D3943B887073A0F0FF23D7D4A7D5F5F0A67E238E06591D5A615AC5A2376190077EFC2C387E0F718BAF6835BB7528BAC3E5FC1F1402890ECAFCC984285E8BA7F3F858A1461F8F0DED4AAB59CE6CDD33F8AFBCE1D1156BFFF0E050BC2C68D22B8274E94D9836F4A7CBC74164E9F0E0B6643C58150256BA61E29148A0F0825B014D982990F2CE8045D3E97A8D5E1C3D29D9591DA2A6F6FF1BD7AF8506A715AB490B41C48CAE8CC5958B315AEDC03EF08F03285E89CA45BD5D8DFB1E78F9E7FF0D5975F31B8756B066FDF4E6209D09822D0628D38B44F99033FFD002B3748B7E0EDDB70ED10581796F753AB9688AB154B61D2D437135769E103DC3232E2B19D1D81666684191961686A4A6C6C2CE6717158C5C5E1181141B1A0208A91B5F5428922EBE7A5D0AD0B2C5E2A226BFE7CE9F05B3E01064E95B5C945D6CFDFC3C8B1F0BC15B40E92E7B7D9D9A19D368DB6DDBBB367CF560E1DEAC9D4A97E193EA6B030898AB66D2B9DAA376F8AC09A3245BF1B7B463973468C6C3FF904669685D1596761A650283E1094C052640B5677604637B0B3057FFFF4A7706262240D74F2A45C283B7796B41B404808ACD9081BF7C29340F03681300720B306E93A7039EFC291F547C893270FC36BD562FAB56B18020F8DE18F5C506A206CDE023BF6BD6CC530A4134C5C2B2EDF0D1AC0BA5522AE263785A9592CAEDE05928BACAFBAC28449B075AB149BCF180CC36627ADBD750BC6FD0A057380E951E8FB107226D45D2DFDFC73C62C5FCED3A74FE9DBB7169B363DC524931F964E275126801F7F945137030648417C99326FFC96F9E17B9834194616873F540D9642A1C8204A6029B20DB7D3E0565852398991A7B4F0F686C58BC503AB5D3B49FF8114522F5D0D3B8F80471878588136279005C38C01888452F74A71E1E8051EDEB9C3CA366D989060DDA0032E1AC09E7CD07E1B944C665770622F3CBC0DB60561C36A983CEDBF2BAE12492EB25A3483F51B61ED2CF87200E44B66A971600BDCE905B543A042829B7F3030AC7A75661C3B86818101EDDB57E3CF3F2F51A0C09B1FD78E1D528F37695252BD5F8B16E25F95596263A14E0DF8A83ED499092DF54C255028148A57A1049622DB30790AAEE15021AFD42BE9E3D933983D5B6A677AF64CAAEF39761C26CD855B7EE061073AFBEC3B4EA3E74634366CCCCE8D3B397BE810A7BEF986411E49218B78606069187BF2E5146787C650A10A74FBF6BF2FAE12495E93D5BF0FB81582E1E3939E7FF208163586B10F931E8B000657A8C0F82347B0B5B565C080EE3468B096962DD35F77F53A2E5E843973A4D1C0CA4A52853636D0BB77E6B6F7DD77D2F96AEE0BC7DCB3EC30150AC50784F2C152641BF1B6E0E708363AB0E76507EEF07089385CB820699D66CDC401FDAFBF6450F0E9BFE1443C78E7022CD2DA43D6A0B5D2E2E3EF83FB3977FAF4EB8F9FA323C74F9DA25242D1BB0150F305FC720E1A7F2905FA73A680A931F4E8FFE1882B003B1DB83D86295760C252983B53227BB97249A3C19816F0FB8D24CFAF7860B09B1B4377EFC6C9C98929537EE1EEDD65B8BB8763659534E7EF4D7176165B8E8103653E65D3A65243B57973523434BD5CBD0A6B9789683BEAAFB74742A150285E8B12588A6CE7A911041F870EEDC47D7BFF7E1152BD7B4B917264A4441C0E1E14E1D5BF3F74E9021EC7A1501C587883911F448643BC0990850EDE89C4D8C6F0F0D64342DC43E8DBFF47EE9B9B73FBDC394A4546026006E4F784A53E70E536F8788889E8940F485C25925C644D5B0B037B8AC89AD51F7E3C0C89E30275C0F02245E8B37D3B055D5D59BA783ED7AE4D61F9F2009A3593CEBF99334558172B96BE9992AFC2D656EAF5060E148B85060DC4C663D122B99F9EED6BB5D0B3214CB90013E3E58B8142A150640625B0146F85285388BB275181F878E928B4B484A953E1D021F8F65B71E9AE5F5F4696346E2C175D5D142C9C0E3DDA429DBC90E305587B83952F18058838D31A9325A22BDA319A3BE7EF601D6F4DF76FFB713A2A8AFB376E503A220200272D5C7C02DE79A1EF1098F249D6770BBE2FA41459FDBA43A7635031C1BB341E1859A810ED972DA374C58AECDABC991D0307E17ACF97B57B21770968D61C5AB6940EC0C993C5DFAC4489F45B7844464AB7DFDAB562D5B077AF189076EA24E398B45AA9C5B2B292ED376AF4F228237D8CFF05DA6F851A3A307EA34F48A1507CE8A81A2CC55BA381178C1B21BE58C78EC1CA955290ECE6F6F2BAC78FC5217DC00019AD13182817CA94510E3F3F387701F61E85DB8FE1790804C4C30B5388CD41A6BB0B735ECCC9F49FA6F3C5675FB07EDE3CFCC68EA5AF9717008B7282D544F87B1A4CB9F9618AABE424D66415AA03754742692D4402C34B94A0F7FAF5142F5D9AD3274E30E3B3CF58E9E585095293B5C41E2EBBC16723A051C2ACCA7DFB24A557A488D4E325F7580D0991D4DD952B92FAD36AC50FAD6A55490926D6EE25B26307AC5B27A9E7CF3F876BD760EE5CA9F74B4B64B9BBC3984AB03420EB3F278542F1E1A10496E2ED1003AD0261DB56A9B1F2F595F44DA2137A4AD6AC1113C91A35C4CC33674EB9008244BE2A5582CA95C51F2B39FEFE70FE22EC3902771E837F380444429009049A22F9ABD785267490F36A4E86771DCE807E0338B4752B67060C60784277E1650D94D5654BA6F2BDC40F703781CA3110080C2F578E913B77E292372F7BB66E6549DFBE2CF3F64E554A1707ACB181C345A0797F68F7A508A7030760E14271E377711121656303E5CA499D55E1C22F0BEDD050898C9E3D2BDDA8919162E1B060419280EFD953C4D9D2A532305A5FBAB06115587F41A505150A45D6A00496E2AD51EE2A74E908172FC1EA5512A5B2B696B4A03E7EFB0DFAF5930BECD8B1306E9C441FC2C3E5827AE102787ACAC532470EA852456EF629AE90B1B170EF1E9CBF0CC7CF81E70BF00D85A0180830861073C08E548AC9FEB63DDDEB7467EAEF53B978FA34EBBFFA8ADFEEDF270BCCC2FF937868344CAE5993B13B769023470E56CC9BC7D151A398F7E2452A4D1B03B80337CDE0A603DCCA0191CEE0941FCA578452A5E4E6E0F0F2EB6263C567EBFC79F9A9D5CA3954B9B244B39C9C60E448995B18142442CDC141C6EA7CF30D9C3E0DDBB78B296972FEF803E287C1CF698F675428148A0CA10496E2ADA1790179AFC08FFD253255AD9A5C08BFFF3EB5280289448C1D2B370F8FA4B4A13EFCFD45705DB82029459D4E0612172D2A1E5C254A248DD549243A5A2ED2672FC1A90BE01B0C4111720B03828CC130C08696255BB27CE1723C3D3C98D8A913032F5EA468BC9A9D929C5DB6B6FCDDAC1923972CC1CCCC8C494387E2BD6811DDFCFD796C060F72808F25600BD8818923142C03256A41E932A985148878BE7E5DD27BDEDE529B656424BFCB2A55A4903D65BDD6D4A95283E5EC9C24B44C4CC475DED6560672EFDA25DBEBD1435EF3E205B4AD00A7BCB2FB535228141F124A6029DE2E5190D3072A18C3C63572811C374E0ADBF5E1EE0E5BB64867D891233222A565CBF4ED2A317275F3A6DCC2C3936A778A179708498912F2EF940404C8889EABB760CB764B7451D558BB660B1616164CEEDB97229B36F169802AD6890526142C48C961C3E8D0AB17B1B1B17CDBA31BCF6EECA66AB9605C2B806B05A9ABD237C2263A5A7E4777EFCA4F5F5F795CA3119154AE9CB8B2A767FCCD860D924AAE5B572C40BEF8E2E514F2B87150B3A6444CC78E85D6ADA16C5968521F161F81BC696E59A15028328E12588A7F054D0C7C690ACBE749BAEFD62DB166D0C7810312CD6AD54ABAC5F2E593E85766498C5CDDBA257305A392F95DDADA4A8D4FE1C2E2D1947861BF70C18011230A3369D23ACA97AFC8AED5AB393D6A14BF3C788059E60FE5BDE6898101532B5562C0CA95B8162B868787077DFBB6A24F9F3B346F1EFDCFBAE868294CBF7F1F1E3C90C85422A6A61265747313D1AB2F92951E8E1C91A6878E1DA550DEC141BFFFD5C0813256C7D959CC44AB5703AFDE304C39B52B148A2C46092CC5BF8643084C690EDDBF943139952B4BC4421FCB96C905B85A3519BDD3A143EAEEC3AC203858C4C0A347D2CDE8E393F45C6C2C5CBA949BCE9D7FA26FDF413CF3F464FAD75FD3F0CC199A868666FDC1BCA3C4010BF2E421A4654B06FEF927A6A6A66CD9B296BFFEFA9956AD9E1216961489021151850B4B14AB4811892ABDA9E755721E3C1081D5B3A7B8AF3F7B26FE6AFA58B50A76EF960ED6132760647738F628EB262F29140A45224A6029FE554AF8C1B64950B4887414F6EF2F05EBFA98364DA258AEAE323C5AA31141D6B061D61855BE0E9D4EA22F7FFC61CBF3E73559B0601DD6D6D6EC5CBD9A131327F2DD8D1BE4D3FDB7FF3B9D34376753E5CAF4FAEB2F4A942E4D4C4C0C3FFCD093A74F77D1AD9B3F850A49F767CE9CD97F2CF7EF4BB4EACA1558BD5A52BABB76C939A48F6BD7A4D3D0C949C472FBF630C00D66DECFFE635528141F1E4A6029FE5D74502B10F62F937F8E1B27F531FABC8A743A183F5E523B565672FF934FE0D225B8734704969D9DF86C55ADFAF2DCC0ACE6C20543468FCE4FB76EA3E9D8B12B919191CCFAE9274CB76DE3DB67CFFE739D863EC0CCE2C529FFC30F74EAD3078023470EF0C71FDFD3BFBF3B8D1A45BF7A036F4868A834309C3E2DA94090F13C8181721E0404C82CC251A3F40BEDA020983E5D8ADE6FDE14A3DBF1E3615463D8E49DAD87AE50283E5094C052FCEB6862A09319AC992BA9B9DDBB4544E92326462E8C83064947D9E8D1307C7892980A089034D1D9B3624EA9D349317BB56AFABBCEDE84B8389833C79653A74A3261C20A5C5D5D79F4E001CB860E25D7DF7FF3959757768F51CC763C351A96162B86659326F4FAFD77ACACACF0F6F666C488AFC997EF024387FAE96D127813B45A11CC67CE88188A8F97DF6FA54A229E9D9C24953B73260C1D2AF5797FFE09438648C7604AE2E3C54B6DE448391F7EFC515EE3E50E9B4FA859830A85227B50024BF14E60150EC32AC1F08122903C3DA15D3BFD6B23226476E1E0C110180A0D9A41A1A2D0AA2134F8488AA613A318C92FD6B76FCBBF0D0CA426A87469E9504BEE189E199E3D83E1C35D285AF453060DFA1D7373733C9E3CE17FC3866173F2245F3F7DFADE5DC41F1A18B0A244091C5BB6A4FBC891585A5A121717C79C39E339756A11BFFFFE94A245B3665FFEFEF2FB397F5E84934623DD9DD5AB8B284E1ECDF4F585037BA50375F95A3030923138C38649AD973EC68F87AE5DA5F66BF4689981E9EC0C136C616870D6BC078542A1488912588A77863CC130A70BB46D2E2DF78E8E50AF9EFEB5A1A15293356C1878F843D5CF20D0061CE2C0311E72DB82AB3334AF07B56B4AD423119D4E0AD8AF5D831B37247DA4D3895D43891222BADCDCD2BE60A7C5810326CC9F9F8F9A353FE7DB6F87626161818F8F0F4B870F27EEDC391ADFBB47B5D877D7C93206D86363C3453737F2B76A4597C18331353525262686FFFD6F16BB77CFA76BD7A7B46B17F5DA6DE9E3D93311B977EFCAE70F2278EDED25C2A82FAD7BEF1E9C3A08D78F81C61DCC3C2024374C3D01188B61E8E0C1609146A870C912F1CC2A5306467403CF03E06C0235BCA195EA1C542814D98812588A778A82CF61FDAF50A5A2CC8EAB5D5B2E8EFA484C13FDF4133C0B869A9F835F3E926610C682A11F3845414E23115DE5DDE0937A50A6746A4B80E8684949DDB82122203A595991BDBD14D7BBBA4AF44B9F316A22070F1A317F7E7EAA54E948DFBE23B1B2B222363696039B377366C50AEC6EDEA483BB3BF9DFE483CA42FE3636E660B16268CA95A359FFFE54AC5A1580888808162E9CCAF1E32BE8D6ED292D5B46BFB6912034544C611F3C90C8E18B1722A20C0D214F1E8948B9B949217CF274AD562B9FF9E5B322A6A23D40E309AE01F0911F94049E034B6AC2CF4720364EA2980306A45D6BB77BB78C55FAF863D83B1A4CC7423D6D167C600A8542910E94C052BC7394F5859D33C5EFEA8F3FC492A14001FD6B1323593FFE08A17150A51378399076614D38980681632CD86AC0C10A72D942A55250B3B2A40DF589A744E3D1870FA54E2CD16354A713A1903BB7145DE7CD9BF4F3D22523E6CECD47A1421FD3ADDB108A172F0E407070301BE6CCC1F3D8310CDCDDA9FAF429B52323B17AE34F2E7D78018773E4E05EBE7C50B020D5BFF88226EDDB6398908B7BF0E001CB974FE5CE9D03F4E8E141E3C671FFBCF6F97378F24444948787D8582437B5B7B191DF55C18252FBA6AF9B3022421CDAAF1C87BB67E5800CFCC0CD1F2A044059520FD1BE67089B9BC0E0ED62363B6386086B4B4BFDEFF1D83129866FDF1ECE2E81077DE00B15B15228146F1125B014EF1E3AA81502BB17C8789B2953C495DBC545FFF2C84859F3FDF7606806B5BAC18D182057FAF747289885824382F072B406271BA8580A2A94824205453898E97115D5E94478F8F8481ACCDB1BBCBCA4C81E2405E9E1E1447CBC33CD9B7FCA575FF5C63E41C5C5C5C571FECC194EAC5E4DD8EDDB183E7D4AE1C0408A0704500C992CF3263C03EE1A1971CFC1011F4747B4050AE05CB52AF53B77A658B162FFAC0B080860F5EA45ECD9B30633336F5C5C9EFF93228D8F1711A9D148AA357F7EB915282051A9B4A25A2F5EC09DDB70F71C3CBC0431CF411300E64150D60FCA854311404FC3E84B9C3487AB5DA1DF3C114D73E648717B5A29DC73E72482F6F9E7F0E020EC680B03C332FAC929140AC59BA10496E2DD240EEA46C1AE8572219D3C5966C7A5E5AF141323F5385DBA408182D0EE27D87E13746944BED24582F0320C053B2D58C680B531D89A839D3938D94189A250DA0D0A27F83FE913608968B5B073A7011B37BA101353907AF5DAD3A245075C9229C7B8B838DCDDDDB973E50A774F9D22C4C3038DBF3FDAA02074111198474763A3D56292DC7EDEC080301313420C0DC1C282780B0B34397260903327798A17A758CD9A142F558A3C79F2BC743CB76EDD62CF9E6D1C3DBA139DCE932A553CA95B574BAE5C12854BCB8F0C44D47A78C0530F787A133C6E42B03768C2C02014B421E01401C502A04414B842AA81CFE9619303688740C7C1E27BB56E9D740B1AA7B1B1EBD745607DF30D789E81B54DE12755C8AE5028FE0594C052BCBBC442E338D8B1486A78264C900EB0B444964E27A9A35AB5A4607AD43C98BC06A2DCC81EAB6E2D1006066160170F560902CCC2182C4CC1DA0C2C4DC1C901F23B437E17C8934B8AF7ADADE1C60D0376EFCE8D8F4F0E1C1C0A53BB765BAA56AD8DABAB2B0669F84944454511191949585818B10905F3969696989898606B6B9BE6EBA2A3A3B97FFF3E67CE1CE6E4C9AD84873FA554A960EAD6F5A3460D1DC6C692F64CBCF9FB4380170478C8CF8840D086822E44DEAF7918E48D80FC41903F0EF203D67AF79C39E2811945A1CA54F8A895F85F5DBA04FDFAA51D31BB7E5DDCD9FBF685E7576071031816A05CDA150AC5BF8312588A771A4D2C3403B62E907F4F9A04DDBB4B9B7D5AAC5C2902A6756B3872013A0F82E785E05F73FF8C012281283089054B1D98C58169BC88317313D0C441748821C63A47B4D1E6989BD9E060EF48F1E2252859A2022E2EF9707272C2C1C1012B2B2B341A0D767676C4C7C71392908B0C0C0CC4D7D7177F7F7F1E3DBCCD8DEB1778F4F001D191A1C4454760611C8583A11FB92C7598C403D172D34583261A1CB4E0100DF611601F0A0E31608FDCDEA69F97AF06A6D5843E2B207F21D8B4499CD73FFB2CEDD79C3F2F8EEE3D7B82FF5D985B0786F9BE3EFDA8502814D98512588A771E4D347C62005BE689B9E8D4A9F0E9A792924B8B4387E0EA55199B12120ECD7AC0D978D039BEB5C37E7362810020185C9E5BD0E70B73CE9E35C1CACA003333080B93D84C8E1C3A22232138388EDAB563D8312382AE5ED194405273A648CDFFFB2036CEE580BDCDE0E745F2BB9E364D2C1CF40D6E4EE4C40929BCFFF24B895C2D6A0C837D5317CA2B140AC5DB44092CC5FB410C348885ED0BC4AF6AFA7468D2443AD5D2E2C91398374FBACD1C1C60E844587018020BF2DEE58D0ADC06F7E3695B577878C81CBE3E7DA06F41F8EBC9BF729899261E9853121CBF83CFFB4881FCF4E9E2E89F5673038815434484749A7A9E82E52D6148E0FB2126150AC57F9B2C1C1CA25064232670C8049A7C2D6DFA3FFE08274FC2E1C369BFA44001994D377BB6D4F04C1C0A07A6429967A0097F7B87AE78351EE630AC2134DF26E2EAD83158B8505CD75F25AE962D937AAC0E1DE0D13E58FD090C53E24AA150BC232881A5787F3086939650AF1B3C7D2605EF2121B0766DDA2F31331391E5E929E9A67225E1E256E8E50CB97DDEDEA12B52A3031697800DFD61FC1EC85F40D2BF7E7E306244DA360C5AADAC2B5D5A867D5F5C0C3BDAC1E0D0F72E30A95028FEC32881A578BF30828B8ED0B00F9CBD086DDA8827D3F4E972E14D8B4F3F95D986C386C1D3A7306F326C1901D59F8359C4DB3B7C8570D70E7E6A0A9557C3A009E0EE2E43BB3B751273D0B4080B13C1FCE9A732FC79F760B8F92DF48F50E24AA150BC5B18FDDB07A05064180DDCCB031DC6C2D4EED0A9B5185E8E1C29F556698DB1295850BCB266CF161FA5DEBDE1C446183B05B65C84EBB6A8FF11D94CA401FC5519CCDBC3A41FE5B1D9B3C56263D2A497C7E7A4E4EE5D58BE5C7CB06CACE17FED20CF56E8AAAA48150AC53B88BA9C28DE5B3C7341DF6570ED0EFC3E047EF9452ED26DDA40F9F2FA5F6368289D8577EFCA90E0AFBE8231C3E01B0F183C06CE86C093B4C6EC28DE887525E17255E83B46A28E972EC1AA55F0ED66FE60AE00000DA049444154B750B4E8AB5FBB7DBB441EC78D83B810185F1E3EB90615DECEA12B140A4586512942C57B4D404E9872099A7F255190D1A3E5C2BD6CD9AB5FE7E626730ECF9D938BB68D0DAC5B0C4B7B41D35070897D1B47FF6170AE00FCD81C5CE6C3C4A5F2598F1D2BC6A053A7BE5A5CC5C4888BBFA5A5988C7A9D825F8BC2D74A5C29148A771C15C152BCF7C4DAC1EE68A8FE29AC9B0E5F7F0D172F4A4DCFA04162D1A00F8D46C6EFF8F989D8727585AE5DC57369D97258B91BAE5B816F6666BC28B8EC022B4A43C5CE30B58B3CB670A1341C7CFFBD38DABF8ABB7761F1621830408C654F4C845363606C94FAC3A55028DE7DD4DF29C57F0353B8EE0C0D7F809FDB43FF1E50A2840C81AE5D1B1A3448FBA58E8E1251B97C596AB89A3583EE5FC1975FC0A225B0E518DCB6044F15EF4D17170BC01A3728D901267717C3D03D7BE0C00149C9F6ECF9FA6D2C5B2605ED132702D1F06703703E024355BD9542A1784F50970CC57F070D78E58721BB25651817271D67E1E1F0DB6F62E9F02A2A54102B87C848F8E107387306FAF4861D4BE1D76AD034180A47BD7A1B1F2A3A604F09E8DF1C6E8C86F13BE0EB9EE2B23E6080AC99360DCA967DF5763C3CE0E79FC548B55F3FF03C0C430B40B3C3D041892B8542F11EA122588AFF1CD13961770C54EC00B38642AB5632007AF264A85E1DFEDFDEBD47775DD7711C7F6EC4D840D436673AC1C1A0A40C30093CA272F17840C41B2056132B022D51533BE631F5A4473D1DEB6869763589F4185D00152FA9CB8A9629E485A9A102320611E864136203C6B6DFFAE3BD8591C0A00FE3E2F371CEF700BFFDF6BDB0737EBCF87CDE9FF7E7CC3377FCFD679D15EF993307AEBA2ABEFFA2A930754A740EFFC56FA1B2095ECD83C60F7857CB75B9F0CB81F0662F387D32DC392AA65E9F7E1A1E7D14468E8C161ADBDBA0B94D2613D3871B36444D5C4E679833052AEF876F35F9412569FFE3E7960E4C39B0AC379C7F3B9C3E0BEEBB23FEE12E2B8BDAACCB2F8FD60EDBD3D6217CFC7878F8E118D11A3A345E1B3B16DE78037EFA73787E192CCD83EA6E1DF7687B5B0BF0973E30B718BA0F81D2C970E9C762C470E64C58B0004E3B2D82D58EDA2EB459B83056134E9E1C5B1FADF92BDC590A67AE841DB4C492A47D9A014B07B4BA9E30BB1E5E381B6EB904264D88D1ACBBEF869C9CD8BB2F2F6FFBDF9F9D1D216BFCF8D86EE79A6B22985D78217CEF3BD0D00073E7C26F1E8365EB615937A8EBDE71CFD791FED6131E29860DC5306C1CDC7676F4135BBD3A6AA56A6A60E244B8E082F69D6FEDDAF8391417C7E8625613FC6202AC79046E6A821DFC5824699F67C0D2812F0FAAFAC0D41930630ECCF8365C7B6DD4FBDC78239C78228C1BB7F3D30C1D1AC7AA553063466C483C7A74741E3FFF7C58BF1E663D0873CA60C57A58990BF5F9ECB79BE36DCE86F2BE30EF70A83B0A068F856BCE89360BCDCDF0D453312278C411B1FAB2A8A87DE76D6C847BEE8177DF8D29D8430F85D7EE83E957C3A4B5F0C53DFA5492D4310C58FAC068380AFED808C77F01C60D811FDE1C2327F3E645F3D1B3CE8AA9AD9DE9D123B6DCC964E0C92763E561972E51B7F5A52FC0D4C9B071233CF914FCFA5158BA1AFED10835DD8102F6D9A5254DC04B47C0B33D60D921D0B51F0C3F036E18015DBBC6F33EF34CD4A13536C2A85151B8DE9E694088503673265454C44AC27EFD606D05DC38098E5A04DFC60F2449070E3FCFF4C1D2196A3E0AF7AE803F9C015796C257BF0423464451F61557C434D7C927EFFC54D9D9D1D2E18C3322503DF6588CC8E4E6462FADD347C3F8D691B1CA4A98FB1494FD0556D5C25B9BA026075AF28143E8F08DF49A80A5B9F06A8FD822687D3E742E864F0D87734F8E6D85209E6BDEBC38B66C81534E8951BF1D4DAB6E2B9381D9B363556669694CAF36AD837BC6C29ADFC3558D7068FA4794A4BD2A8B8B71F1B33EB0B2D6C0319BE11B5F86CF4F886EF0B367C748CDA851119E76B6026E5B9B37C39FFE1447434334303DE9241838307A4241B48C78E679282B879717C1DA3AA8A983DA0668C803BA035D81DC388A17435539FCF8C711FEFAF7FFEF6BAE5C098F3F1E3565D37AC19D2BA08638FE79302C2F80E579B0F920201FB20F87634E8001C7C1273F19D37E1085EA1515505E0E2B564407F5112360D8B0088EBBA2A1011E78203AB64F9C187F07CD7530F36258F8304CDD049FD8B5534AD27EC38025019D5642BF66B8E90A386F6C04ADB2B2980E1B3000264D8A69C0DD515919FDA05E7925A6D60E3B2C7A6EF5EFBF75A4A8CDA64D50F11A2C5C044BAB60D51A78BB1AD6AD84579E6F5FC01A311806F585822238BC048EEC05BD7BC7B1EDC8D3F2E511805E7A296AA23A758A7B3BE594FFBDB7F65AB70EEEBD17DE7E3B0ADE8F3B0E329B60D63458300B4AEBE1D3BB776A49DA6F38452801CD47C322E07377C337EF824B27C1B40BA388BDA2223692CECB8B29AE638ED9B5739794C4D1A6B63602CD830F46306A69FD2F4E51D1D62034710C14166EFD9E69D3DA7FBD4F0C863B7EB4F5CFD5D55055151B262F5F0E6FBD15D7CCCA8A157C0306441B8AFCFC5D7BAE6D3DF75CF40EEBDE3DB62BEAD9131ADE86E9E7C1DF9F84F3EAE133FFDF252469BFE10896F43EB256C1D1F530E134F8D6D763F46ADDBAE8D7B478319C70029C7B6E4CA1A5D0D2026BD64400AAAC8C405453135F6B6E8E51A679F3DA3782357C788C1AB54D6D16146C0D6E25253BEEFFB5ABDE79077EF52B58B66CEB6ACC2E5DA076214CBF02AA17C0055BE0B8749794A4FD822358D2FB68E9012B80EF56C07DA7C2A012B8F96BB17D0B4433CD5B6F8D29BD61C360CC985D2BFCDE5656568C60151545ADD2B6766504EBD863E1AEBB76FF5E76A6B6161E7A085E7E3946D94A4BA3CE8C6678F67678E867D0AD12A6B440CF3D771B92B44F3360493B5200350550B605FE7825947C08C68F86EBA6C52856261305E137DD14C5ED830645D87AEFF4DE81E0CD37A325C592253195386E1C4C99125FAB5E00775D0295CFC2D07AB815D8CD7235493A6018B0A4F6C881A67EB004B86D3EFCE041E89B0F13CF842BBF182BED321978F1C568A2595D1D4164F870183C38DD546247A9AD8D9594F3E74703D57EFD22385E7659EBD72B60FA4478B91C0AABA114E8B357EF5892F62D062C695715425D2154B440C51370DBFDD0271F468F80CB26C1F5D7C7DB6A6B6374EB965B62742B2707860C89FAA89292F637E8DCD31A1BE1F5D7634FC0B6958E0505315579C30DD1649416A8FA1DFCE46A786D01E4BF05E380297BFBE625691F65C09276571650041B8A5AC3D67CF8EE1C28CA85FE7DE133E7C084D3A3181EA25EEBC517E18927A290BDA929FA621D7D7404AE5EBDE2D7EE7B682FC3B56BA388BEAD907EF5EAA8FDEADC3946A88E3F3EDA2AB4F5EADAB018CA6F81F2DF41FD9BD06B238C01BEB2676E4F920E28062C29852CA0101A0BA3387EC56678ECFB30F56638F220283E02C69C1A81EBF2F77489CF6462C5605515BCF002CC9A051B36C4AAC29696E84BD5D2024B97B6FF56162F8E8EF4994C04A8ECECF87D616184B8DEBDA3CFD57B5713B66C81AAA761D60FA162016C5A0507AF8793801B889EA792A4F63360497B422ED0071A802AA0AA11FE3C17AE9D0E0767A0A01B7CE4C330B03F0C1A00270E849123B7DF35FEA28BDA7FE9BE7DB7BF8AB0693DAC9C0FAFFF1C1E7E0196BC01CD6B21BB167A656008301E8BD425E9FF65C0923A4267A0471CFF228EE51998BF08782E5EC8D902DD73E1905CC8ED0C5D73E1B002F8C8E1B07255FB2F55FD06FC6822D4BC0335EF021B215317D7E8BC315A27F4064E052E063AA57D524912062C69EFC9060E6B3D802D6CDD3F10800CB019A884E2D617EBEAE19AEBE0D0D6DD91739B6276B27E231C7B7CEB6B2B6064799CB6A0F53292A48E65C092F655D944F15357D8B80CBE7A2DFCA10C5EFB28FF298A6AB9277EFD27F0D925D0A5063A6D848FEF9D3B9624B572AB1C697F90011A89E1AA9CAD2FB7052C80F5AD6FEBF6DF6F9124ED058E6049FB836C765A797E4887DC8824A93D2CCF9024494ACC802549929498014B92242931039624495262062C4992A4C40C589224498919B02449921233604992242566C09224494ACC802549929498014B92242931039624495262062C4992A4C40C589224498919B02449921233604992242566C09224494ACC802549929498014B92242931039624495262062C4992A4C40C589224498919B02449921233604992242566C09224494ACC802549929498014B92242931039624495262062C4992A4C40C589224498919B02449921233604992242566C09224494ACC802549929498014B92242931039624495262062C4992A4C40C589224498919B02449921233604992242566C09224494ACC802549929498014B92242931039624495262062C4992A4C40C589224498919B02449921233604992242566C09224494ACC802549929498014B92242931039624495262062C4992A4C40C589224498919B02449921233604992242566C09224494ACC802549929498014B92242931039624495262062C4992A4C40C589224498919B02449921233604992242566C09224494ACC802549929498014B92242931039624495262062C4992A4C40C589224498919B02449921233604992242566C09224494ACC802549929498014B92242931039624495262062C4992A4C40C589224498919B02449921233604992242566C09224494ACC802549929498014B92242931039624495262062C4992A4C40C589224498919B02449921233604992242566C09224494ACC802549929498014B92242931039624495262062C4992A4C40C589224498919B02449921233604992242566C09224494AECDF19B7171890F5228B0000000049454E44AE426082');
/*Brazil*/INSERT INTO "Flags" VALUES('Portuguese', 1, X'89504E470D0A1A0A0000000D49484452000002D0000001F808060000006340DA5A00000006624B474400FF00FF00FFA0BDA7930000200049444154789CECDD777CD375FE07F0575693B469BA17DD834E4A1905DA8A28E3445114F5C413D7E9B1C4BDEE4E3DEFF4709F1BF5182A0EDCC8391041FD09C892D94D5BE8A27B8F246DD3A4497E7F142AB52D90D2F69B26AFE7E3E1034848F2A242FBEA279FEFFB23C2BA340B8888888888E89C88850E4044444444349AB04013111111115981059A88888888C80A2CD044444444445660812622222222B2020B3411111111911558A08988888888ACC0024D444444446405166822222222222BB04013111111115981059A88888888C80A2CD044444444445660812622222222B2020B3411111111911558A08988888888ACC0024D444444446405166822222222222BB04013111111115981059A88888888C80A2CD044444444445660812622222222B2020B3411111111911558A08988888888ACC0024D444444446405166822222222222BB04013111111115981059A88888888C80A2CD044444444445660812622222222B2020B3411111111911558A08988888888ACC0024D444444446405166822222222222BB04013111111115981059A88888888C80A2CD044444444445660812622222222B2020B3411111111911558A08988888888ACC0024D444444446405166822222222222BB04013111111115981059A88888888C80A2CD044444444445660812622222222B2020B3411111111911558A08988888888ACC0024D444444446405166822222222222BB04013111111115981059A88888888C80A2CD044444444445660812622222222B2020B3411111111911558A08988888888ACC0024D444444446405166822222222222BB04013111111115981059A88888888C80A2CD0444444444456900A1D8088887A93892CF86B582500E085D240182D2281131111D1E958A089886CC834372DD6C6152151D50E0058E8D780A57991D8DFEA2A703222223A855B3888886C804A62C22BD125D8939CDD539E012051D58E3DC9D97825BA042A8949C0844444748A08EBD22C428720227264F3BC9BF1666C3142159D67FC7D27F472DC991F812D0D1E23948C8888FAC31568222281F83A19B161DC316C9E9077D6F20C00A18A4E6C9E90870DE38EC1D7C93802098988A83F2CD04444234C04E0D6803AE4A6A663917F83D58F5FE4DF80DCD474DC1A50075E5E484434F2B885838868044528F5581D5784399EAD43F27C3F35B961795E248A3B1443F27C444474765C8126221A015291050F8554212B2563C8CA3300CCF16C45564A061E0AA98254C4F51022A291C0156822A2613649DD86B5B18598A46E1BD6D739A271C1D2FC281CD1B80CEBEB1011393AAE4013110D13A5C48C17A24BF1EB94AC612FCF407751FF754A165E882E8552621EF6D7232272545C8126221A06733C5BB13AAE08114ABD20AF5FDCA1C0F2BC48FCD4E426C8EB1311D933AE4013110D212F5917D6271462DBA45CC1CA33D07DB1E2B649B9589F50082F599760398888EC110B3411D110B9C1C6C6CB9D3E2EEF86418CCB2322A2FEB14013119DA753079C7C64A3079CF83A19F1911507B61011D199B14013110D925804DC135C8DECD40CCCF36E163ACE59CDF36E46766A06EE09AE86D81696C8898846295E444844340889AA76AC8D2BC23437ADD05106657FAB2B96E645225BE72C741422A251872BD04444565088CD5819598643D332476D790680696E5A1C9A9689959165508839F28E88C81A5C8126223A4733DC3558135F8418E70EA1A30CA9827625961D8DC42F2D6AA1A310118D0A5C8126223A0B776917D6C415617B728EDD9567008871EEC0F6E41CAC892B82BB9423EF8888CE862BD0444467708D6F2356C59420406E103ACA88A8EE74C2DD05E1D854E725741422229BC5156822A27E042A0CD894948F8DE30B1CA63C034080DC808DE30BB029291F810AC7F97313115983059A88E83462117047500D7252D2B1C0A749E8388259E0D3849C9474DC1154C391774444BFC32D1C444427C5BA74606D5C11A6BB6B848E625376B7A8B1342F12F96D4AA1A31011D904AE401391C3731259F0CFF072A44FCB6479EEC774770DD2A765E29FE1E5701271CD8588882BD044E4D052DDB4581B57840455BBD05146855C9D3396E645625FABABD051888804C31568227248AE12135E8F2DC1AEE46C96672B24A8DAB12B391BAFC796C05562123A0E119120B8024D440E67BE7713DE8C2B4690034DD7180E159D4EB8332F02DF36780A1D8588684471059A881C869F93119F241EC3D713F2599E874090DC80AF27E4E393C463F073320A1D878868C4B0401391DD1301B87D4C1D8EA6A6E37ABF06A1E3D89DEBFD1A7034351DB78FA90327DE119123E0160E22B26B514A3DD6C41761A647ABD0511CC2F666372C3B1A89C20E85D0518888860D57A089C82E494516FC3DAC129929192CCF2368A6472B325332F0F7B04A4839F28E88EC1457A089C8EE24BBEAB02EA10849AA36A1A338B44C9D0B96E446E2905625741422A221C5156822B21B2E12135E1C5B8A7D53B3599E6D4092AA0DFBA666E3C5B1A570E1C83B22B2235C812622BB30D7AB056FC516235CA9173A0AF5A3A4438115F911D8D6E82E741422A2F3C61568221AD5BC65467C30EE38BE9F7894E5D986852BF5F87EE2517C30EE38BC651C794744A31B0B34118D5A37F9D723372D0337F9D70B1D85CE11FF9F11913DE0160E221A75C2957ABC155B8CB95E2D4247A1F3B0ADD11D2BF22350C291774434CA70059A88460D89C882FB43AA909592C9F26C07E67AB5202B2513F7875441C2917744348A70059A88468524551BD6251421D9552774141A0687B42A2CC98D44A6CE45E828444467C5156822B2694A8919CF449DC0C169592CCF762CD9558783D3B2F04CD409282566A1E310119D1157A089C866CDF468C5EAB8228C75E6740D4772BC5D81E57991D8DEEC26741422A27E71059A886C8E87AC0B6FC717E2A7C9B92CCF0E68ACB31E3F4DCEC5DBF185F09075091D8788A80F166822B2290BFD1A7034351DB78FA98348E83024181180DBC7D4E1686A3A16FA35081D8788A817166822B209417203BE9E908F4F138FC1CF89076D50373F27233E4D3C86AF27E423486E103A0E11110016682212985804DC15548DDCB474CCF76E123A0ED9A8F9DE4DC84D4BC75D41D510F3AD092212182F222422C124A8DAB126B60869EE5AA1A3D028B2B7C515CBF22391AB73163A0A113928AE4013D188938BCD7822B21C87A765B23C93D5D2DCB5383C2D134F4496432EE6C83B221A795C8126A21135DD5D833571458873E9103A0AD981BC362596E54562778B5AE82844E440B8024D4423C24D6AC29BB1C5D8313987E599864C9C4B07764CCEC19BB1C570939A848E43440E822BD04434EC16F83461554C3102159CA240C3A752EF84BB0B22F055BDA7D05188C8CE71059A88864D80DC802F120BB029299FE599865DA0C2804D49F9F822B100011C794744C388059A88869C08C092C05AE4A666E05ABF46A1E39083B9D6AF11B9A919581258CBC378886858700B07110DA968E70EAC8D2FC20C778DD05188F04B8B1A4B8F46E258BB52E828446447B8024D44434226B2E0B1F00A64A464B23C93CD98E1AE41464A261E0BAF804CC4F522221A1A5C8126A2F336CD4D8BB571454854B50B1D856840D93A672CCD8BC4FE5657A1A310D128C71568221A3495C48457A24BB027399BE5996C5EA2AA1D7B92B3F14A740954128EBC23A2C1E30A34110DCA3CEF66BC195B8C5045A7D05188AC76422FC79DF911D8D2E0217414221A85B8024D4456F1753262C3B863D83C218FE59946AD504527364FC8C38671C7E0EB64143A0E118D322CD044744E44006E0DA8436E6A3A16F937081D8768482CF26F406E6A3A6E0DA8E3C83B223A67DCC241446715A1D463755C11E678B60A1D8568D8FCD4E486E5799128EE50081D85886C1C57A08968405291050F8554212B2583E599ECDE1CCF5664A564E0A1902A4839F28E88CE802BD044D4AF49EA36AC8D2DC424759BD0518846DC118D0B96E647E188C645E828446483B8024D44BD282566BC105D8A5FA764B13C93C39AA46EC3AF53B2F04274299412B3D07188C8C670059A887ACCF16CC5EAB8224428F5424721B219C51D0A2CCF8BC44F4D6E424721221BC11568228297AC0BEB130AB16D522ECB33D1EF4428F5D8362917EB130AE125EB123A0E11D900AE401339B81BFC1BF04A740967E10E834EA304A5B56E28A9714355A30A8D5A251A5A9CD1A855A251A340A3468946AD129D46092C16115A74720080A14B8236BD0C00E0A230C249DA7D6A9EBBAA132291057299095EAE1DF05277C04BAD87B7BA1DDEEE1DF072ED40A0B716617E1A84FAB6422EE3697B43ADCE20C3FDC7C2F1498DB7D0518848402CD0440E2A54D18937638B31CFBB59E828A39AD92C4271AD3B328B7C9053EA83C22A8F9ED25CDDA48245A0CFB0221110E0A943B87F2BC2FC5A1135A619E3C2EA9114598F08BF1688C5FCD47F3EB63478E0CEFC089CD0CB858E42440260812672306211705750359E8A2A834AC2154A6B984C22E49CF0C1AEDC206417FB20B3D817B927BC7B568B470B95C28084B0468C0FAFC384C83AA4C557625C683D24127E39B086CE24C13F0A43F0464500CCFCD01139141668220792A86AC7DAB8224C73D30A1D6554D07638617F7E00F6E406614F6E10F6E70740DBE12474AC61E1AA342035AE0A690915488BAFC4B4D86AB82A0D42C71A15F6B7BA62695E24B275CE424721A211C2024DE4001462331E0BAFC05FC32A21E3011103B258808C223F6C3D1C8E6D87C2B13737105D66C7BCD6DA496AC2F47115989B5C824B934B9018562F74249B66B488F04269209E2E0982DE41FFCE1039121668223B37C35D8335F1458871EE103A8A4D6AEF94E1FB83E1F86E7F14B61E0A474D330FCEE84F90B716972697E0D229C5B82CB9184A39A751F4A7A05D89654723F14B8B5AE82844348C58A089EC94BBB40BCF8F3D81C581B510091DC6C6E80D527C7F301C5FEC8AC5B7BF468DBA3DCC4253290C989F52848517E563EEE412289C58A64F6701F076A51FFE763C142D5D52A1E310D130608126B243D7F83662554C0902E4DCC37A8AC924C2B6C3E1F864473CBEFD350A9A76FBDCCB3CD2D4CE065C957A1CD75F94874B934B38DDE334D59D4EB8BB201C9BEABC848E4244438C059AC88E042A0C5815538C053E4D4247B11965F56AACDF968877B78D4779BDABD071EC5A888F06B7CDCDC66D73B311E2A3113A8ECDF8AADE13771744A052CF6FDA88EC050B34911D108B806581357826EA04DCA41C4DD76516E3DB7D9178675B12B61E0A87D9CC4D2C234922B160EEE4122CBE341357A414412A360B1D4970AD5D123C5A188A3595FE1C7947640758A08946B958970EAC8D2BC27477AEF869DA9DF0CED6F178FDAB649CA8E3455CB620D457837BAF3E84BF5C9AC5B1780076B7A8B1342F12F96D4AA1A310D1796081261AA59C4416FC3DAC028F845742EEE02B7CE5F5AE58F5D564ACFD7E02F736DB2877552796CDCBC09D571E4190B763CF21EF348BF16C49209E2B0D82C1C277478846231668A25128D54D8BB571454850B50B1D455005159E78E693547CBA230E461367EF8E0632891937CCCCC3A337EC4374A063EFD5CFD53963695E24F6B5726F3ED168C3024D348AB84A4C787A6C1956045643ECC00B57C5D5EE58F9511A3EFA39DE610F3A19EDA462336E9E938BC76FDC8B30BF56A1E308C66C01DEAA0CC063C743A03549848E4344E788059A689498EFDD8437E38A11E4C0A3E9CAEAD578E6E354ACFF21912BCE76C2496AC26D9764E3B145FB1C7A6B4745A713EECC8BC0B70D9E424721A273C0024D64E3FC9C8C7835A604D7FB35081D45302D3A399EFE240DABBE9E04431757E9EC915C66C25D571EC16337EC85BBAA53E83882F9ACD61BF71584A3D6C0C37D886C190B34918D1201B86D4C1DFE33B6141E32C73CE9CD6C1661CD9609F8D707D3D1A0E1D40247E0E7DE86A76FFB057FFE438EC31ECAD26C94E2E1E361585FE50BC7FC0810D93E1668221B14A5D4634D7C11667A38EEDED01D59217870ED4CA417FA091D85043031AA162F2DDD8E8BC797091D4530DB9BDDB0EC68240A3B14424721A2DF618126B2215291050F8556E1F1F07228258E399AAEA6D905F7BE35075FEC8A113A0AD9803F5D9C875797FF1F7CDD1D73E24C87498C9525C178F1C4187471E41D91CD608126B211C9AE3AAC4B284292AA4DE82882B05880F53F24E2E17533D1ACE38A1BFDC6D3558F9796FD8C5B66E740E4A01D3253E78225B99138A455091D8588C0024D24381789094F4694E3DE906A48448EF9CFB1A8CA1DCB5E9F8B9F3342858E4236EC0F134BF1DF7B7E4044408BD0510461B288F05A5900FE551C8C368EBC2312140B349180E67AB5E0ADD862842BF542471184D92CC2ABFF4BC6E31F5C888E4EA9D071681470961BF1D49F77E1DE05871C7635BAA4438115F911D8D6E82E74142287C5024D24006F99112FC794E226FF7AA1A308A6A2C115B7BD340FFF97CE5567B2DE9C8927F0FEC3DF21C053277414C16CA8F1C1030561683072E41DD1486381261A6137F9D7E3A59852F8C88C424711CCA63DD158FAEAA568D272AF330D9EB7BA036BEFDB8A0569C7858E22987AA30C0F168461438D8FD051881C0A0B34D1080957EAF1566C31E67A39E6FE4D00D0E99D70FFEA597867EB78A1A3901D597259265E59FE339CE58EFB4DE9B64677ACC88F400947DE118D081668A261261159704F7035FE1D590E178949E83882C92BF3C2B52B1720BFDC4BE8286487E2431BF1E5E3FF434C5093D05104D36692E09F45C178BD3C00268EBC231A562CD044C32849D586750945487675DC7D9A00F0E5EE68DCFED23C683B9C848E42764CED6CC0FB0F7F87AB521D774B07001CD2AAB0243712993A17A1A310D92D09AE0C7E42E81044F6462931E3DF9165782FA110417283D07104633289F0C8BB17E3FE35B3D169E4D82D1A5E9D46093EFF250EC62E092E4A2C83582C7422618C911BB038B00E4A89197B5BD53C8085681870059A6888CDF468C5EAB8228C7576CCD174A7346894B8E1D92B39658304F18789A5F8E4D16FE0E9EAD8FF0E8FB72BB03C2F12DB9BDD848E42645758A089868887AC0BFF195B8ADBC6D4C1D1D77B8E5779E0F2C7FE88C26A0FA1A390038B0E6CC2772B3722728CE35EB80B001600EBAB7CF1F0F130341B396F9D6828B040130D81857E0D782DA6047E4E8E3B05E094DDB941B8FAC9ABD1A8510A1D85083E6EEDF8EA894D488DAB123A8AE06A0D32DC5B108ECF6BBD858E4234EAB140139D8720B9016FC61563BEB7E35EF97FBACF76C6E2B697E6416FE02A17D90EA5BC0BEF3FFC1DFE38BD40E82836E1DB064FDC9917818A4E5ED44B3458BC88906810C4226045700D3625E52351D52E741C9BF0FCE7D3B0E28DB9E83239E8955B64B3BA4C627CB93B062E0A23D2E2B9121DE3DC81C541B5D09AA438AC5581AB6844D6638126B25282AA1D9BC6E76359502DE4627EE9018047DEBD084F6EB840E8184403B25844F8F148380C4609664F3C21741CC1C9C516CCF36EC61CCF16ECD7B8A2DEC0E3C089ACC1024D748EE462331E8FA8C087E38E234CD929741C9B60B100F7FC770E5ED93445E82844E764776E109AB50ACC4D2E81C8D1AFF60510AC306071602DA462605FAB2B0F60213A472CD044E760BABB069B27E4E18FBE8D90F0EB0B80EE19CF4B5EBD0C6BB74C103A0A9155F6178C4165A32B2E9F52E4B0B3A24F27110117796870AD6F23B2742E28D3CB858E4464F358A089CEC04D6AC2CBD1A57823A618BE4E5D42C7B11946931837BF301F1B7E4E103A0AD1A0A417FAA1B0CA1357A61642C2AD5800001FA72EDC1A50073FB9117B5AD4E834F3BB0BA281B040130D60814F13364FC8C32CCF56BED57B1A9349849B5F988FCF76C60A1D85E8BCE494FAA0B0CA030B528F7325FA24910898A2D6E166FF7A94742890DFCE719444FDE1A70CA2DF09901BF04562013625E52350E1B8C770F7C7620196BE7629CB33D98D4F77C461F9AAB9B07011BA974085019B92F2F145620102E4FC3C48F47B5C81263A49046049602DFE97548049EA36A1E3D8A47BDF9A83B5DF73CF33D997F4423FB4E814B8744A89D0516C4EBCAA037F09AC4393518A74AD4AE838443683059A0840B47307BE4C2AC05DC1355088CD42C7B1497F7BFB62BCFA55B2D0318886C5FE8231307649306B0247DCFD9E426CC67C9F66CCF46CC5DE1657341A39F28E88059A1C9A4C64C123E195F838F13822957AA1E3D8ACE73E4BC1CA8FD3848E4134AC76E504412E3361FAB80AA1A3D8A45045271607D601007E6D758519BC38841C170B3439ACA96A1D364FCCC39FFC1B20157103E4403EFA391E77BFF507A163108D889F3343111FDA8084D046A1A3D824A9C882599EAD58E0DB84231A152A791C3839285E44480E472531E195E812EC9D92C563B8CFE2D7FC31F8CBCB97F1022B7218160B70DB8BF3B03F3F40E828362D51D58EBD53B2F04A7409541293D07188469C08EBD2F8A5911CC63CEF66BC195B8C50054F123C9BC26A0F5C70DF8DA86F75163A0AD188F3716BC79E573F425440B3D0516CDE09BD1C77E647604B8387D05188460C57A0C921F83A19B161DC316C9E90C7F27C0EEA5B9D31EFD13FB23C93C33AF56FA041C339C86713AAE8C4E60979D830EE187C9D8C42C7211A112CD064D744006E0DA8436E6A3A16F937081D675430994458F4DC7C14567335891C5B61B5076E7A6E3E4C265E2C772E16F9372037351DB706D4F1F242B27BBC8890EC5684528FCFC617E081D06A384B389AEE5C3DBAFE226CF83F1ED14D040045D5EE309939DEEE5C394BCC58E0DB840BDC35D8D3A246739754E84844C382059AEC8E5464C10321D5F86C7C01625C389ACE1A1B77C7E0FE35B3858E41645376E7062129A20EB1C14D4247193522949D581C580B83598C031A1547DE91DDE14584645726A9DBB036B69027090E425E991752EEBD19DA0E8EA522FA3D37974EFCFADA8788096289B6D6118D0B96E647E188C645E8284443867BA0C92E282566BC105D8A5FA764B13C0F824EEF846B572E6079261A406B9B1CD7AEBC1A6D7A9EC267AD49EA36FC3A250B2F449742C9ED74642758A069D49BE3D98AEC940C3C1452C5035106E9FED5B3905FEE25740C229B76F484171E5C334BE818A3925464C1432155C84EC9C01CCF56A1E3109D3716681AB5BC645D589F50886D937211C163B807EDCBDDD17867EB78A163108D0A6BBF4FC2D7FBC60A1D63D48A50EAB16D522ED62714C24BD625741CA2416381A651E9068E4B1A12950D2A2C7BED52A163108D2A8B5FB914D54D2AA1638C5AA78F17BD81E34569946281A651E5D4C0FE8F38B0FFBC592CC09F5FBA1C4D5A85D051884695468D12B7BD388F47DC9F275F27233EE20157344A718C1D8D0A6211707770353626152041D52E741CBBF0F2A62958F3DD04A163108D4A45D5EE7057752225AE4AE828A3DE58673D1607D6A1CD24C141AD2BF87D098D061C6347362F51D58EB5714598E6A6153A8ADD28AA72C7F83B6E4747270F39201A2C17851159ABDF45B83F2F8A1B2AFB5B5DB1342F12D93A67A1A3109D11B77090CD5288CD5819598643D332599E8790C5022C7B7D2ECB33D1796AD3CB70C7EB73858E6157A6B96971685A265646964121E6C83BB25D2CD0649366B86B909E9289C7C22B20E368BA21B5FE8744FC9C112A740C22BBF0C391307CF05382D031EC8A4C64C163E115484FC9C40C778DD07188FAC5024D36C55DDA85357145D89E9C8318E70EA1E3D89D9A66173CBC6EA6D03188ECCA436B67A1BE955B0E865A8C7307B627E7604D5C11DCA51C7947B685059A6CC635BE8DC84DCDC092C05A8EA61B26F7FD77369A759CBA4134941A344A3CC00356868508C092C05AE4A666E01ADF46A1E310F5608126C1052A0CD894948F8DE30B102037081DC76E6DCF0CC1E7BFC40A1D83C82E7DBC3D1EBB7282848E61B702E4066C1C5F804D49F90854F0EB04098F059A042316017704D52027251D0B7C9A848E63D74C261157C8888691C5023CB86616CC66BE7F369C16F8342127251D7704D540CC0F350988059A0411EBD2811D9373F0666C31DCA426A1E3D8BDB7B72521B3D857E8184476EDD0717FBCF7E338A163D83D37A9096FC61663C7E41CC4BAF05A1912060B348D28279105FF0C2F47FAB44C4CE7D5D523A24527C73FDF9F2E740C2287F08FF76640D3EE24740C8730DD5D83F46999F86778399C38AD8946180B348D9854372D0E4FCBC41391E59073BEE78879FA93344E08201A2135CD2E78F6D354A163380CB9D88C2722CB71785A2652795E008D2016681A76AE12135E8F2DC1AEE46C1EC33DC2CAEAD578E39B4942C7207228AF7D3519950D2AA163389404553B762567E3F5D812B84AB82D90861F0B340DABF9DE4DC84D4BC75D41D5BCE043004F7F9C8A4EA344E818440E456F90E2D9CFB80A3DD2C422E0AEA06AE4A6A563BE372F4CA7E1C5024DC3C2CFC9884F128FE1EB09F908E2683A411457BBE3BD1F12858E41E490DEFE7E3C4A6BDD848EE19082E4067C3D211F9F241E839F9351E83864A758A069488900DC3EA60E4753D371BD5F83D0711CDACA8FD26034F19F3891100C5D123CF30957A18574BD5F038EA6A6E3F631753C9C8B861CBFBAD2908952EAF1D3E45CBC1D5F080F198F5D15524185273EFA395EE818440EEDBD1FC6A1B0DA43E8180ECD43D685B7E30BF1D3E45C4429F542C7213BC2024DE74D2AB2E0EF6195C84CC9C04C8F56A1E31080673F4D459799FFBC8984D46516E3998FB90A6D0B667AB4223325037F0FAB849423EF680888B02E8D7F9368D0925D755897508424559BD051E8A4B27A35A26E5D7ADE055A2197C2C753050FB512EE6A05DC5D9570572BE1EEAAE8F9D1C5D9091E6A25A412315C5DE450C865502A6450393B412695C05DAD8048D4FBCDD353F79DCED86582AEBDF75E798BC582168DBEE7BE0EBD11FA4E23B46D9DE83299D1ACE9405BBB012D5A3D5A341DA7FDD881168D1ECD9A0ED435EAD069E0BB21241C27A909251FAC4180A74EE8287452A6CE054B72237148CB4929347852A103D0E8E42231E1C98872DC1B520D09BF9BB7296F7C35E98CE559AD5220D8DF0D2163DC11E4EF86001F357C3C5D10E0E30A5F4F157CBD54F0F776859BAB62C432CBA41278A8957D6EF7743BFFF9D5AD5A3DAAEBB5A86FD2A1AE4977F2E76DA8AED7A0A2A61565552D28AF698546C7B77769E819BA2478FDABC978F6F69D4247A19392546DD837351BAF9505E05FC5C16833715211598F2BD064B5B95E2D782BB618E1DC4F6673747A27C42FBD0FBEDE81880AF54244B0272282BC1074B23007FBBB41AD1AB9623C9A68747A94F714EA16945434A1F044238ACB9B5058D6C8824D83E6AEEA44D986FF42A5E044225B53D2A1C08AFC086C6B74173A0A8D322CD074CEBC6546BC1C538A9BFCEB858E4203F8BFA2173067F6C343F25C9D26239A3A3568EAD4A0B9538BA64E0D5A8D3AF828DC316BCC64388965FD3E6ED9EE17F053E54118CC5D6833CB46720000200049444154EBEAE8B95D269662BC671456C45D8DABC32E1AF07513BFBC19277435908A2550CB5C201189E12E778518A29E1FDD9C54B879ECA5981F72419FC76FADF81501CEDEF0557820C0D9EBFC3F1027D535EA5058D688A2B2461C3FD180FCE27AE41CAF41E1894618BB7870039DD96B2B7EC2DD571E113A060D60438D0F1E28084383B1FFCF6B44BFC7024DE7E426FF7ABC14530A1F19676ADAAA2E8B13EA9DAB31C6CFF3BC9EE79B13BBB168FBBFD0D635F08A6B943A089FCC7A12C9DEB17DEEBB71FB93F8B8E88733BEC6D2D8ABB07AFAC310F5335C2AF4D36B50A6AB3D6BCEB72E780877C45DDDEBB6F62E3D5CDE9BDDF3EBE2EB3722DC35A0E7D7471A0AF0DEF12DF051B823D133120B42679CF575CEC6D865C2B1D2061C2DAC455E511D728ED722E7780D8E9536C064E291F5D42DC44783C2F7D7422AE6DF095B556F94E1C182306CA8F1113A0A8D02DC034D6714AED4E3ADD862CCF56A113A0A9DC5E1F2A54899D1B73CEFAC4EC787855B7142570BB5CC1997044DC52D5197412995F7FB3C0AA9539FF22C82089E7235543225CADBEA50A8A9C0D53F3E829C6B3F849B53FF17E25C1238158B63E7C355E60CA94882126D353E2CDC8A5D3599589BFF35C67B46E2CEF86BFB3CCE60EABEE8EF8DB407E0ABF480C6D00E93C58456431BCC16339A0D5A582C168CF388E8F3D8EAF6C65EBF3ED250D0AB40BF9CF3293E2AEC2EF79706A50C49819649254888F24342945FAFDBDBF54664E65721FD6815324EFE9855500D8391ABD58EA8AC5E8D2D072270654AA1D05168003E32233E18771C3706D463457E044A3AB8DD8D06C6024DFD92882CB827B81AFF8E2C878B845FF0470389DB6DBD7E6D8105CB77FF076BF3BFEE75FBA6D29D782DE70B7C73C9F3885207F5791EB5CC0500E0AFF4C2AEF96FC153AE86A75CDD73FF8EEA74CCFCEE2E54B4D56163C90EFC25E68A7EF344AA03715DF8AC5EB72D8E9D8F5B773C850F0BB7E2F9CC0D58117F4D9F55E80E532700607EC87484A87A97D2B369D0F71EA378B8211FD7865F0C0068EED46253E96F1772F93B9FDF4AFDD9382B64489D108AD409A13DB719BB4C385A58870359E5F835B30C07B2CA71B4A8166633DF087404EBBE4F62811E05E67AB5202B2513FF2C0AC6EBE5013059780C0BF5C5024D7D24A9DAB02EA108C9AE1CBB345A54B5C66372E2C45EB73D95FE5E4F799E193009B3039351ACA9C20785DF23AFA5147FF8FE3E645CFD5E9F1564B5537781D675B5F75BB02F0E98082FB91B1A3B5B51D156D7E77E5759F7E40C83B9EF761F11447829E56E6C28DC86F2B63A9CD0D620ECB41562003DFBA60FD41FC5B1D632B839A9201689E17EF2470FB92BDC0758F5AEE9E85E819689A5309ABB70B8A1A0E7BE4F8A7E44475767CFAF7D1483BF68A8C5D0FD6F63A01C03914925488A0D40526C00962C9C0AA0FBE2C583D915F835B30CFB33CBB02FA30C0DCD1C0B698FB61E8A4045832B82BCB54247A1B3709198F05274296E0868C092DC4864EA5C848E443686059A7A2825663C1E5E8E8742AB38687E9439DEFA2002C5BFAD92D47634E1998C0F000077C55F8B55690FF4DCB72CEE2ACCFCEE6E946AABF14CC607787EEA8A5ECFA53E598075C60E18CD5D90897FFB34D16AD0E1ED826FD1D8D9BDD23BDE33B24F16F1C9B9CF1D5DFD4F1CF051B823423D06459A4AD4EB5B7A15680B2CE83277BFE371DDFFFDA3DFC707387BA16AD137FDDE776A05FA02BF44ECA84EC791C6DF0AF4BA826F7A1E5FDDDE087FE5E02F307CB760331EDCBF0AC12EBE88F708C778CF48C4BB8723D1331271EEA170969EFB5BBF6A9502B353A3303B350A40F7FCEBA34575D8B1BF18BB0E97E09783C5A8AE67E1B207269308EF6E4BC43F6FDC2B74143A47C9AE3A1C9C9685174F8CC1CA926074987840157563812600DDA734AD8E2BC258678EEA1A6D4C2629A2637B5F4CF7CD89DDD09B0C707752E185A977F6BA6FAA4F3C1E9D700BFE71682DDE3BBE05CF4DBDA3D7368A532BD00070E1E63BA031B4F74CE3309ABB7A3DCF55A1170E2AB344D4FD45A8D3D47B955A63F86DE5F502BFF1D09B3AD1DED5894E9301BAAEEE427FA6727A6A053ADE231CA5BA1A946AAB51AAAD4653A706198DC711E8E283F19E91A86E6F848F72F02BD0B9CD250080F2B63A94B7D5615BC5FE9EFBC42231225CC70C7891E5D98844A29E3DD577DED87D8ADDB1D206FC72B0183B0F16E3A7BD85A86910B6508BC52204F8A85159CB9347ADB57EDB78FCE3867D108BB948315A9C3A6DF75ADF462CCF8BC4F66637A123910D608176701EB22EFC676C296E1B53D7CF3C041A0DD2AB6EC1940B3D7ADD96DBD25DF0D2FC12FBBD58F0BAF059F8C7A1B5A8EB6846B1A60A91EAC09EFB4EED810680FD7547FBBEA008F05378E2FD8BFE01B1A8EF6A8C42E204A07B35B93F3A63078AB55500000FB96BAFFB0C270BBA935886DDF3FFDBEFE3CFA45EDF7DB1ABAFC20393BCA251AAADC691C663F8A9F22000E0CF63E7E187CA0300705E2BD039CDC500809753EE81975C8D9CE662E4341723B7B90465BA5A146A2ACE6B8BC8EF458779233ACC1B8BAF9B0A8BC5829CE3B5F871CF71FCB0E718761D2A41BB7E64A7E35C72413466A544E2AFFFD932A2AF6B0F4ED4A9F1637A18E64E2E113A0A5969ACB31E3F4DCEC5FA2A5F3C7C3C0CCD46562847C6FFFB0E6CA15F035E8B29819F1347D38D6606F9CD7D6E335BBA4765C94F96D9DF3BFDA2C0F67EC6D5B939A9D06AD0E18EB8AB31C93B061E4EAEF054A8E12A73C6DFF6BF859FAB0FE3D1436BB069CE337D1E7BEA354F5F4D3EDD3F0FAF4397D9042FB91B62DD437BDD776A8FF2401342CEA6E6E4140E3FA527267BC76253E94EECAEC9C4C7453F420411FE12331F1B0AB70118FC1E680B2CC83D59A01784CEE835E503E8DEE692D35C6CF50590A7CB6A2AC4E6B2BD9835663292BD632115FF76529A48244262B43F12A3FDF1C06D1742DFD985BDE927F0E3DE63D8B2B3005905D5837EDD7375EB82C9181F1BC0023D489F6E8F63811EA544006E1F5387CBBD9B716F41383EAFF5163A12098405DA0105C90D7833AE18F3BD9B848E42E7496F54617C424A9FDB63DC4200007B6AB360B698FBAC1417692A7B7EEEA7EC3B8D422D7346AB4187CB8253FB1C56F2D6F48710FBC50DF8E6C42EE88C1D50C9FA1EC10D7417F3626D152C160B5A0C3A54B6D5E383C2EFF165C90E00C0BDE3AEEBD9CA71CAA90B086562098AB5559088C450CB5C20154B7A2E4E3C939E1568A5474FB15D9DFF153ABA3A317B4C32C25D0350DBD1FDF77EB053384AB5353D63FE2EDABCA2DF3DD017F88D1FD4739FF245C9763C95FE1E80EE770466044CC0AC3193316BCC648CF78CECB5E546219762564A2466A544E2D9072EC389AA667CB7231FDF6ECFC38E0345D077760DF02A8323128930272D0A9E6ECEF0727746634BFB903EBF23F86ADF58AC364A209771C2D168E5E764C4A789C770634003EECC8B404567FF8B1564BF58A01D885804DC11548367A24EC095A3E9EC4266F52D4819DB774FF0E5C169B847F42AEA3A9AF1C6D12F714FC275BDEE7F39E7130040A267247C951E7D1EAF767201DA80E64E4D9FFB62DC4210EB1E8AFC9613D85797833F044EE975FFA952BCBDFA08223FBBAECFE301E0CAD0E97874C2AD7D6E3FB5C7BA41DFDAEF639DC432B8C814908B9DF0E7E8797876CAF25EF79F2AC77E4A0FC4B875AF6E9F5AD5FE4BCC15D018DBA037755FDCE82D1FDC0A74765351CFCFFBDB03FDE8845BF074F2B2413DF7293F541CE8F9B9C6D886CD657BB0B96C0F80EE8B201F4CBC010F26DED0EF6343C77860C5A254AC58948A76BD113FEE398ECD3BF2B0797BDEA0F74E3FB67C166E9C3F115D270F86F1F6E8DEE6F3EB6777A2ADC300855C869D078B71F7CAAF39E7FA1CB4B6C9B1ED703847DAD981F9DE4DB838AD158F1686E2BF15FEE0444AC7C102ED201254ED58135B8434775ECD6F4FCCCE7FEAF7F630D700DC163D0FEF146CC6C3FBDF4473A7164B62AF84D1DC8567323EC0E7C53F03001E1AA0849D1A6DD7D44F810680048F70E4B79C40B1B61240EF023DD08AB4542C41827B3896C52DC0D2D8ABFAAC3E0380C670E6D54C83D9084367F796A35643DF318BA7EF81F656B82144E587325D2D3CE56A5C1D7611CA4F9E70E8AD70EBB52DC21A474FEE2FBF39EA52DC3B6E21724FEE7F3EB5073AC1237C50CF7B4A53A706871BF201008716BC8B424D057EAE3A8CEDD54770BCB51CD5ED8D7868FF1B3059CCF8EBF81BCFF85CCE0A19AE9A1D8FAB66C7C36CB660CF91527CB1351BFFFB29071535E77E01E0D3AB7F46B3A603AF3C321F4EB2DF3E6E51A1DE305B2C78FD833D78E885EF78F2A215BEF8259605DA4EB84A4C5815538C1BFCEAB12C3F12B9BAB3BF5B46A31F0BB49D938BCD7824BC127F0FAB801347D3D99576A31B9212A60D78FF4BD3EE466E73097EADCBC51347DEC11347DEE975FFCD5197E2E6B197F6FBD85317129E5AADFDBDDBA3AFC0057EE331CD27A1CF7DCBE3AEC6C288D970124BE122FDAD4CBBCA9CCF5A5AA7FB8F8765F11EB41874305BCC6831E860329BA031B6A3CB6C82D6D80683B90B6D5D1D883EB94DA5D7E3FDC6A3B6A3197E27B767247BC7A24C578B9BA2E6422171429DBE1900E07D1E17F8653775EF7F9EEC1DD3F3DF50FAA9F2104C1633C6BA05F73CFFF511DDC793976AAB71E7DE97B0A57C1F9E4A7F0F77C55FDB672A890516ACCDFF1A9705A5F6DA872D168B706172382E4C0EC76B8FCDC7FEAC726CFA21075FFE908DE2F2B36FE77AEBE37DF871CF71E46C7EA0A7445B2CC0BC25EF62DBEE6343F811700CDFEC8B82DE2085C26968B7D89070D2DCB5383C2D13CF9506E1D99240749A39F2CE9EB140DBB1E9EE1AAC892B429C4B87D05168186455DF82D4B103EFBB737352E1E779ABB0327D3DDECAFB5FCF8AADBFD20B7F4BBA11F78E5BD8E714C053BE98FD145C648A01EF9F179C8A79C1A9FDDEE7EEA4B2FA8091FE9E03E87DB1E3B9F8F27717357E34F309D4EB5BA03A59E4835DFCF0EC94E5E7B49F7A20D9CDDD5B38E41227749A8C904B64837EAEFEFC78724AC8AC80C97DEE0B730DC0BF272FC196F27DD01ADB91D1781C697E89BD7ECF81BA3C2CDFFD1F00DD257F41E80C2C089BD1EBE87391488494A410A42485E08587E7E1706E253EDE9C8ECFB6649D71349DB352D66B055A2402BC3DB8DA3618DA0E276C3D148E0569C7858E4243C84964C13FC3CB719D6F0396E54562778B759FC368F410615D1A9725ED8C9BD48467A24E6059600DC49C4D67B7F6D46CC3F4944BCEE9F776994D38A629871822C4B8870C588CE9CCBACC26A8DE9FDD33BF5A2212234A1D84719E1118E71181048F70247A449ED7C738F4D36B50A6AB85B354810BFC12316BCC64CC0C988C649F58484462BC9CFD291EDCBF0A0070F48F1F21CE3DACD7E31FDAFF065ECAFEA4CFF346A983704DD84558117F0D4255FEFDBEB6D96CC1CE83C5F8787306BEDC968D664DEF6FBE573F710DFE72DD14DCF3D4D728A968C6C6D76F42CEF15AA42C7C63507F5647B7F8D22CACBD6FABD0316898982DC09A4A7F3C5A188AD6AEC16D1923DBC5026D6716F83461554C310215FDBFF54EF6C16211A1DEB5197EDEC33BD05FD76E4075BD06CDAD1D68D176A045A3FFED474DF76DAD5A3D8C5D66B4683A60EC3241DBD6097D67173A3A8DD0B51B60FCDD4565DAB6CE9E8BD14E914AC47075E93DBA4E269340E5EC04A55C06855C0AB54A01A9440C77B51232A9186EAE0AB8BB2AE1AE56C25DAD80875AD9739B879B12013E6AA89C87F6CA788DB10D4F1E7917394DDD7B9EABDA1BFAFC1E17A9029A5B7FEC7746F6D9E4B79C40DCC645FDDEA796B920C0D90B05AD65008014DF04ECBB726DAFDF638105119F5D87526D359E4A5E0AADB11DFF2BDD8963ADE5BDF2FD7CF92A4CF5893F63964E4317BEFFA5001F6FCEC0373F1F45A7A10B3B3F5C8EBB567E85EC633500007F6F576C7CFD26CC5BB21E9A361EC264AD601F2D4E7C68FDBC731A5D2AF54EB8BB20025FD50F6EF20FD92616683B112037E0F5E8125CEBD72874141A01C7EA662266EACF837EBC46A747794D2BCAAA5A505ED3828A9A5654D76B51D7A8435DA30E350D5AD436EAD031C207740C35A542063F2F15027CD4F0F174819F77F7CF83FCDC10E4EF869031EE08F677835A75EE476F9FAEB9538BECE6221C6D2E455653218EB694422E9661DB65AF0CEAF956E56EC43DFB5EC1388F08AC4C5E829FAB0EE3E7AAC33D271F9E32DE330A5BE6BE8840179F5EB71FACCFC3D4AF17432995A3FEA62D7039B93FFA684B29FE57BA13AB7237A2B6A30961AE01285AF8F93997FCA6D6766CF8E6083EFE3603FBB3CA7BDD271289E0EA228746C7023D1899ABD72331AC5EE8183402BEACF5C23DC7C251CD917776817BA047391180C581B5787EEC09B84B79318AA3A8EEB80E67BA74ADD3D085E2F2261C3FD180A2B246149537A2B8BCE964616E7598B2D3A137A2B4B219A595CD67FC7D6A9502C1270B7544B027A242BC1115EA85C8602F44047B42EED4FFA74A0FB92B66F84FC00CFF094392F7D438BC398153BAF72E87CE00D03D9E6F6775064A75D548F28CC29CC029FD4E31F9A2A4FB9BAA4B02A7F694670088770F43FC84305CE0371E33BFBB0BA5DA6A1C6E28C0149FB873CAE5E9E68C7B6E9E8E7B6E9E8EC3B995786FD3217CBC39034DADEDB0582C0EF3F769386C3D14CE02ED20AEF56BC46CAF56FCED7828DEAEF41BE0AC561A2D58A047B168E70EAC8D2FC20CF7FE478D91FDF2F0990900A86BD421E7782DF28BEB907DAC060525F5282E6F42794D0BCC1C487ACE343A3D720BF5C82DACED739F582C42B0BF3BA242BD1013EE8384283FC445FA62DC587FF878BAF4F36C8363301BB1B3261D00306B4CEF0B08FD949E581831EBACCFB1B1643B80EE95E887F7BF89ABC36620C537A167A5F9F452AD31F67F52E4297A93012D062DBCE5EEBDA6A74C4E08C4E48440BCF8B7CBF1BF1F73B1FAD35FB1F360F1B9FD21A98FAD0723F0F01F0F9CFD37925D709776614D5C116E0CA8C7D2A39138D6DEFFD84FB27DDCC2310AC94416FC35AC128F85574021E6DC5547A3EB74C1554FBF80AC63F53C054E605EEECE488CF6476C842F92620330316E0C126302E0ACB07E32C7AE9A4CCCD8BC021291184DB76CED192578AE0E35E463CA577FE973BBBFD20B57864E47943A08EB0ABEC1F1D672A8644A542EFABADFD7F8A526034F1C7E07BB6A33BB2F9A9429B1307C369E99B2ACDF532B01E068612DD67CB61FEF7F7518AD5AAE465BC3496A42E3C6D7E1A218DDDBA5C87A7AB3184F9704E185D240182DBCB07BB461811E65A6AA7558175F8844158B93A3FA313D0C731F5928740C1A804422466CB80F26C68FC184B83198141F8849F18170733DFB3EEBE3ADE5C86E2EC635611759FDBA7F3BF0165EC8FA08537DE27155E885F85FE94E1C6E2880E5776F144B4462AC9EFE572C8E99DFE7395EC9F90C0FFEBAAACF63002044E5873DF35723C8C577C00C6D1D067CFA5D26567FFA2B0EE55458FD6770543F3DF719664D3821740C1248B6CE194B8E46E180E6FCC67FD2C862811E25541213564696E1EEE06A8EA673704F6EB8004F6EB840E8186405B15884D8085FA42485605A5230A68D0FC1B8B17E904886EEA08588CFFE88126D355E4BBDAFE7E8F6F2B63A7C75E217FCEBF0DBD018DA302360021E9B702B668F49EEF3F82DE5FB70C5B687618105D37CE3F168D2AD88F708C3EE9A2C3CB87F159A3A35981B340D5B2F7DF99CF2ECCF2CC32BEFEFC6A61F7260ECE2F1DE67F2E42DBBF1F8A2BD42C72001992DC0AAF2003C5E14029D8923EF4603EE811E05E67937E3CDD862842A3A858E4236606F6EA0D011C84A66B305470B6B71B4B016EF7E791000A0727642F2B8204C9F1C8E0B93C39036316CD063F70E35E4A3445B0D11443D171E0240B08B2FEE8EFF231462272CDDFD3C3C9C5CFB2DCF668B190FED7F0316587051C0446CBDF4652824DD59A2D4417097AB70F58F8F605BC57EE4B594F6993DDD9F694921F8F4E545A8A869C59B1FEFC5BACF0F70CBD100F86F9AC422E0DE906A2CF06DC29DF911D8D2E02174243A0B16681BE6EB64C4CBD12558E4DF77D62C39269349847D796386ECF9D42A05FE342F096B3FDF3F64CF49E746D76EC08E03C5D871A0FB023CA9448C490981B8684A04664C09C7F4496170579FDB0546DF97EF03004CF28EEE757CF729A7F62ED7EB5BFA7DFCC1FA7CE4B5940200DE487BA0A73C9FB2207406025D7C50D9568F3DB5D9E754A04F09F277C3B30F5C86C757CCC1866F8EE0F50FF6F47BB1A623FB357F0CCC6611C462BE21ECE842159DD83C210F1FD778E38163E1A8330CED49A7347458A06D9008C02D01757831BA145E328EA6A3DF6495F842A71FBA19A28BAE48C22D574D6681B6015D26330E6495E3405639FEF3CE4E88C5224C8A0FC41FD2C6624EDA585C302974C0717AFF98F8675C169C0AADB1FF15DE525D35000CB87F39BDF11880EE15EBD38FFC3E5DA07377816EEA3CF3D49FBA8E6694EAAA11A2F283BFD2ABE77667850C4B174EC392EBA6E2FB5F0AF0DCBA1DD875A8E40CCFE4385ADBE4C82EF54152449DD051C8462CF26FC05CAF163C742C0C1F54FB72E49D0D6281B631114A3D56C715618E67ABD051C8060DE5EA3300DC70C5444C4A0884DC498A4E03BF59B32566B30587722A7028A702CFAEDD0E67850C33A644E0920BBA0B7562F46FC7718B2042B277EC80CFB5A7360B00062CC7ED5DDD93333CE5EA7EEFB7C08263274F40F41F6012C7B1D6723CB87F15B694EF83D9D23D1D28D0C507EFCE781497044EFD2DAB48847917C562DE45B1D89B7E02CFAFDB816FB7E7C16271EC8AB0F768200B34F5E225EBC2FA8442DC18508FE5799128EE18DC814F343C58A06D845464C17DC1D57822B20CCE128EA6A3FE6514F57D7BDE1A575C1C07B1588476BD110A2729D22684422A15E3C1DB67E0405639A412317CBD5CF0F9F7D9D07772AC962D69D71BB1755701B6EE2A00000407B8E3F28B62317F661C66A54441211FF8D3F9E5C16968EED4625E706ABFF787BB0600008E6B2AA031B6F5196FF749D18F6831E820820817074CEAF3F8424D0552BE5982E64E2D00402E91A1D36444655B3DE67E7F3F96C65E8535D3FFDAE771691343F1F55BB7E268612D9E7F7B273ED99CE1B0171C66160D3CDD841CDB1CCF5664A564E089A210BC5A1E802E8EBCB3099CC2610326A9DBB036B61093D4673ED88028E5DE9B71A02060D08F8F0DF7C5F76FDF8EE00077487E37CEC562E91E43B6FC5F9BF0D1B7E9E71B954690B3428639696371C5C571B8FCE2588CF1ED7F2579201A631B823E5E00ADB11DCBE316E0BF173CDC73DFFEBAA398FFC3C3A8D7B7E0DAF08BB171F6D3BD1E6BB69811F2E935A86CAB47A08B0F56A5DE8FCB8253A13719B0327D3D5ECEFE1400F0C365AFE20F8153CE98A3ACBA05CFADDD8E77361E84C1E858453A35AE0A7B5ED920740CB27147342E589A1F85239AA13BC4890687055A404A89194F4696E1BEE06A4845FCDF406766368BE076CD7D68D39FDF45255289184FDD37177F5D72314EAFD03B0F9660E17D1B50D7A83BBFA0242891488469E38371CD25E370ED25898808EE7FCBC5EF3D97F9211E39B81A0090E69788E97EE371ACB51C5BCAF7C16036C24FE989F4ABDF4380B357AFC7FD50790073BFBF1F2A991259D77CD8B39A7DCA8CCD2BB0AB26130B2366E1B3592BCF294B454D2B9E5BB71D6F7F71D061B616B92A0D68D9F42A445C5CA4B3E8B288F06A7900FE5514820ED3D08DC224EBB0400B648E672B56C7152142C953BBE8DC14567B20FAB62543F25C7227293487FF0D27D96FF346FF70DBDBF869DFF121797EB21D13E3C7E09A3F7497E9B8C881B7095860C17DFB5EC3EBB95FF4B92FC1231C5FCE7906316E217DEE9BFAF5621CACCFC33F26FE192B27F7FDFBF95DF95ECCDFF65744A8C7A070E1E7FDBEF6CEEA748CF78C8287DCB5D7ED95B5AD787EDD4EACFB623FF49DF65FA48BDE5B83707F5EFF42E7A6B84381E57991F8A9C94DE8280E49822B839F103A8423F19475E1ADB862BC185D0A4F4ED8202B6CCF0CC117BF0C7CA19835AE9C19873F5D3E0155751AE41CAB4550803B9C9C24F8725BF6903C3FD98E9A7A2DB6EF2FC29B1FEFC3C6ADD968D1762038C0BDCF883C1144B82C38057383A6412991C34BE1860BFC12F1F0F81BF17ADA7DFD1EE36DB29871C7EEFF000056262F41A8CABFCFEF89760BC6C28859E8329B3027B0EF0CEA16830E69DF2EC32BD99FA1C3D48924AF2828A57200DD63162F9B1183DBAF9D02A3D18C8CBC2A98CCF6BBE6336B421962829A848E41A38487AC0B3705D4235CD9895D2D6A7498B91A3D92B8023D826EF06FC02BD125F075E2C55964BD273E9C8E7F7F943624CFF5F3FB4BA1377461E1BD1BD0D661C4C37F9981FB6EBD1041173D0DB31D1714EA261289903A21048BAE9888EB2E4D84AFD7E08E106EEFD2C3E5BDD900805D57FC17D3FDC703E82EC5177CB30CB78CBD0C3745CD45A08B0FCC1633C4A2BE5FE01F3FBC0E4FA5BFD7F36BB5CC05F78CBB0EF78FBBBECF5490D2CA663CB1EA477CF8CD11BBFC7BFAEF5B77E11F37EC133A068D42750619EE3F168E4F6ABC858EE230B8023D0242159DF868DC71FC3DAC122E9CB04183F4F6D6F1C82EF51992E7329B2DF8DB8B5B7A2ED4DA73E4040E6497432E95A0B195A7C53982F29A566CF9251FAFBEBF1BFB32CA2012016343BD21939EFB31C232B114EF166C86C6D8862875102EF44F02001CA83F8A770A36E3DBB23D7825E733BC96F3052EF01FDF6785BA5EDF8245DB9F80C16CC4A2C84B50D5DE80168316BFD4646075DE57D09B3A91E29B0099B87BC288BB5A8905731270DDDC4454D5695050625F874C05FBE8B0208DDBA8C87A2E1233AEF56DC414B50E7B5AD468EDE290B5E1C6023D8CC422E0EEE06A6C4C2A40828AA584CECFCB9BA6A0BCDEBAE90A03C92AA8EE735B59550BCBB303325B2C282C6BC4A61F73F0C6477B5152D10C7F6F5704FA9DDBDFB5AAF646ECADCBC69186025C12381501CEDE0855F9E3B2E0147C5BB6071A631BF4A64EDC93701DFC7F7701E21387DFC18EEA2318EF19851FE6BD8215F1D7402573466663215A0C5AECACC9C0F6EA23B875EC65BD56AF7D3C55F8D3BC245C7A61348A2B9A5052D13CA41F13A1B8B974E2CF97E4081D8346B1B1CE7A2C0EAC439B4982835A571EC0328CB885639824AADAB136AE08D3DCB44247213B1174E30A54350EEEAD76226B2546FBE3B66B9271E3FC8967DCE2D1DCA945D2A65B50DE5607A95882A93EF1305BCC38589F07D3C90355668E998C9FE7BDDEEB71D5ED8D88FCFC3A74747562E3ECA7716DF8C53DF7698DED7821EB233C9DFE3E2CB060EDF4BF6149EC950366D8BAAB000F3EFF1D8E8EF223C283BCB528DBF05FA163909DD8DFEA8AA57991C8D6390B1DC52E71057A8829C466FC2BA21CEF8F3B8E1045A7D071C84E741A2578E4DD8B858E410EA4AE51876DBB8FE1B50FF620E7780DBC3D5C1016E801D1EFE6778A28A80000200049444154AC29A572FC39FA72643615E2586B39CADBEA50D1560F0B2C50C9943098BBB069CE337DC6DF3D727035F6D6765FB4EAE7EC8924AFB17095757FA1974B649835663276D766A1585B0557994BAF82FD7B51A1DE5876FD34F87BBBE2405639DAF5A3F33A139DDE097FBF7E3F2462AE6BD1F90B5218B038B01672B105FB5A5D7900CB10E30AF4109AE1AEC19AF822C43877081D85EC4C418527E2162F163A0639B8D8081F2CFF530A6E5D30B9CF140F00A8E968C4F7E5BFA2A2AD0E212EFE58BCFB594CF349C0EEF9BD57554FE86A10FDF99F6030FF56741512272C8DBD0A7F1D7F23025D7C60B29891B4E916E43697E08FE133F1C5ECA7FABC5E5E4B2962DC427A6DEFD0B51BF0DCDAED78F9BD5DE8188545FAD8FA75880AB08F2D29643B0ADA9558763412BFB40CCD36400238F36408B84BBBB026AE08DB9373589E695894D672CE27092FBFB81EF73DF32D02673C8DBF3CB611478E56F6BADF5FE985DBA22FC7E3136F834C22811862DC93705D9FE75999BE1E06B311899E915895F600025D7CA03719F07AEE1788FA7C21FEF8FFECDD676053E5DBC7F16F9236DD7B2F3A81D2415B28531450648A0C514011C5012A4E703C0EFCBB27B8514144718B0B178AA22822A5C85E2D744307A57BB769C6F302052BABD071D2E4FABCD2243DE757A0CD95FBDCE7BA7E7990FE5FDFC0DE8A1CE0E828F2FFAAD4D572FEB7B790BCEA7A7E2B3A3E39D3D951CB13778E22FD87BB993E2EF1841573739773587ED645FBEBE9D8C0BAE43D2CE99585BB8DB4D06D0FB285A38D26FB96F15D623A433DAAE95ABFA64557B27E7708DF6CEAAE740C210068D61BD99E56C8D24F5359979A859B8B3D3DC2BC51FF6B3C7CBC672437F41C4FB277748B15E28CAA43CCDEF02C469389C583E7736D8FB1CC8DB90C3F474FB6951EA04A574B5A652E45F565004C091FCE13C9379E50083FF0D79BFC5AB495C30D65ACC858CDAEF22CFA7AF73CD6FACECDC59ECB46C5336C4004DBD30A292EED1A13362F4CCC2331F288D231840552017D5DEB981950426EA31D6975B237BA2D6405FA1C05D9EBF832219DCF7BEF27C04EA7741C61E1CA6B4FBC5C2E843958FF570E97DDF63EDD473DCF0BEFFC4155CDF1E9AA018E5ED8A85BB6C57B74FB72F44603F19E914C0E1B0A1CDDF37C6BCC65E44DFB82588F70D42A3557445CC457173FCD67173D7142FFE88CAA43BCB6EF0B0092BD8F0E17FA2AF777623F9FC1DDA9AF51A93B5E2C0FED17C1962F6EE7B505134FBAEDC4DC94559B7F46D1B505D8E9F8BCF77EBE4C4827C85EEA97732505F459520137071F66CFC0ED4CF4918951A2739454C84A81306F39F9E5CC7FF63B42863DC5ED4F7C435EE1C9F7F15EE09F4888932F0B92AE3DA130B6D3D812EF1989D164E4A2C0BE4C0CBDE0A4C7B867F3629A8D7A2E0B1FC65F13DFE6CB114F11E51A8CCED8CCA2DD1FD37DE515BCBEEF4BF4C6A37DCE6D346AE65E35888C35F770C3E5FD5BAC949B1B29A0456799E853CE9E81DBB939F8B05C413F0752409F8568A7067E4FDEC3E2E86CDC6C0C4AC71156A4BCD65EE908C28ACD9CD8B7D5AFADA96BE2D50FFE24EAE2E7B8FADE4FD87DE0708BE767474F2073EA4A2E0B1B76D2AF3F5075080077ADCB499F5F57B48DAFF3FE00E0AEB8A9004C0A1BCADE291FB070C0ADB86B9D296DAC62EEC645247C39933D15D9C7BED6DBC389B71EBF8CD495B7D23736A8D5DF53672AAD920FCBA2F3B8D918581C9DCDEFC97B8876927BB8CE8614D0ADA055997838FC10DB07EC64887BB5D2718415925529A19484E800EE9F3DFCACBF4E6F30F2C137DB4998F01297DCF40E7F6CC939F69C566D7BD2B1DE99D5F96C2F3D80ADDA868B83FA9DF0BCD16464DEA6E3FDA447FF388F2777ACA041DF84566DCBFCF8E9645CB1925B622663A3D650DC5041A0E389A38D93E382D9B4F2565EBC7F3CCE8EDAB3FEDE3A52798D7C58169D6F887B35DB07ECE4E1F0436855D29CAD35E426C23318E456C37789695CE15F868DFCA3120A79FDDB3E1C3C22ED8744E7B0B151F3D0CD173179641CD74FE94F524C106E2EF64CBE388E9AFA26F20ACEAECD5A466E29EF7CB9859FFFCC20D0D795EEA12716B5008B767FCC1F877732BEDB79CCEA31EE84E7971FF89EA5E95FE363EF4E7F9F5E1CA83AC4AF855B793FF347FC1D3C89F38CC0C9C69E71218399123E9CF3FD1348F43AF9CDB76AB58A8189DDB8FAD23E64E797B33FA7E4ACBEA78EE2EB5E2FD30885226C542686795633C9B79C1D354EE437D9291DC9AC49017D0A2E1A030B7BE6F14674167E765DAF97A8B02C2F7D99CC914A27A563082B61349AC8CC2B65C1DC8B488E0B46A5828109DDF861FD7E567CB5F59C8F7BE870151F7EBB9D1FD6EF27D0C7951E612D0BE9F3FD130875F66772D830829D7C5B3C57DBDCC0A49FEFA756DFC0C201B7F2DAE0F9F4F1EAC9AEF24C32AB0BF822F737D6E4A712E71141B0932F3EF6EEF474EF76C64C6E2EF64C1B974852AF20366CCBA5BA56D90158AE8E3A6EBE6487A2198475F3D536332BF008DE767A3654B8A233C966859391412A2731DEBB9CC5BDB20996EE1AC24C84CFBC893C5981169DAC57A42F7BBF9B874AA5E2406E293D473FDFAEC74F8E0BE67FB78E60DCD0E833F66B7E68CB529EDCB182588F70764C5A71ACBB87DE686069FAD7FC6FDB324A1BAB18153C801F47BF704E796AEB75FCDFA2D5BCFED1264C2665DE1A23032BC958BE5491730BF15FF94D5AE6A645F06DA9A7D251CC8E7CACF8173F6D331FC71FE0EBC474299E855951E8BD5C58B93B670E61F5EFFB193673090EF636F87AB6EF55902D7BF2197FD3BBF49BF22ADFFF967ECAD71DAC2D66D1EE8F01683234B3B6F0AF63CFD9A835DC1233998C2B56323F7E3A0B07DC7ADA73BEBC67253D3E9B46E04797327DDDFF4E18C2F2DA8289FCF6DE1CA2BA799DE6281DA7B959DE9685F908B6D3F175623A1FC71FC04F2B57E3FF4D56A039DA9A6E56E0119EEF9E8B87AD4CE811E6C76FEAAD94C8DDF9A2939DD727943FB7E501E0E1E640A08F2B7B338B3BEC7C43FA86F1F4BC310CE91BD6E2F1B2A62A1EDEBA8CA5E95F1F6B4D373A78208B06DE468C7BD889073A8557F67EC61D292F9DF0F8E8E081BC71DEDD84B9041C7BACBEB199052FAFE1A5151B301A3BEF6DD2DFA38EC28F1777DAF98468AD8A661BEEC908E39D425FACBE70440A68A21C1A591293C5708F2AA5A308714A1E97DD41559DDCD021ACC3B861D13C71C728127B05B6787C5F652EF337BDCA8FF99B80A3ABCFB3A327F0689F1BF0B63FF308ECC08F2EA5A8BE0C5BB50D2F0EBC1D7B8D1DCFEFFA90FD5507F1B677E3FB510BE9EF13D3E26B5276E471DD039F919EDD393719BA393551F1C5CB9D722E21CEC5BA0A37E6EC8B24B3C1BA3BC6586D016DA332717768210BC20FE1A0312A1D4788D3729D7827B58DE6D56E4B888EA456ABB8624C6F1EBF63D409DB297ECCDFC4FC4DAFB2AF32170077AD330F255DCB6DB153D0AA6D4F79CC7F0AE89E6EDD48BBFC2354A8A8D73772E5BA47F83AEF0F429C7CD93179C5B171E0FF686CD2B3E0E535BCF0EE1F1DBE1AEDE2A0A3EAAB1357C98530270D06358FE784B0302F10BDC93AC7B05865178E64975ABE4D4AE72AFF126CD556F9F94174310FBE7BF2896C42582A9309F66414B3E4934D54D534D2BF7708F676478BE328D760E6444FC4DFC193CD25FB286FAAE1A782CD7C93B78139D1134E7943624D733DBF176DA7ACA90A675B0706FBC563ABB66144503F16EDFE982A5D2D018E5E0CF48D6BF17536366A469ED78361FD2358979ADD625C797BD3E935FC6FC69F1D767C21DA83ADDAC4459E555CEA5BC1D62A670A75D6B7C023772B08212C929DD6063BAD8DD231441BE99A0D2C7A673DE1239E65D13BEBD135FF3D9EFB3F370F6AD5B64C0E1B7AC28096CCEA7C726B8A00F8BF84AB19E07B748BC6BDA9AFF3EADECF8FBDEE9F92FB50DD91536619DA2F825DDFDCC9B59392DBF13B1442744556B9025DA8D3F276811F0D460D83DD6A64155A98BD459FF743A7D7281DA34B99313E89B8EEFEEC4C2F523A8A68078D4D7A7EFA33834FBEDF4188BF1BBD228FF689B6D7681919DC9FE99123181D3C005B75CB0F4DFFDBBA8CD91B9EC5C1C69EC17EF14C0A1BCA37791B286DAAE2C7FC54FC1C3CB92020911141FDD85CB28F6BBA8FA1D7696E4CB4D3DA3071442C093D03F835358BFA86F6ED4CE0E2A0E3FE699BDAF59842B4B706839AFF657763D6DE28AB1DB862B52BD07A938A67728348D894C8BA8A33DF7C228492341AF99077B6A68D4D60DAB804A56388769679B08CC9B7BDCFF0994B5A7C388A720DC6D1E6C49B9A4A9BAAA8D337F2C4F67751013EF6EEAC1DFB3291AE41983071EBC645FC70681383FDE2D93A69391342CF6F558E4917C7B1FBDB798C1D1ADD5EDF1A006A59D011666E5D851B099B12792637C86AF73F831517D0FFC86CB067C4D6586ED8174545B35CEE15E6496B63503A82D97372D0326D6C0223067767E4901E0C1B10C9B0FE918C1CD2831183BB336D5C024E0ED6B74FCF52FDB6399BE4CB5EE1D6C7575159DD70CAD70D0FE8034095AE96FCBAA39D34829D7CF965EC2B78DAB962301999BDE159EAF58D68D5B6276C01F9475A652E7F16EFA2B6F9F8B9FCBC9CF9EECD6B5974DF25EDB65DC8412BAD548579AA68B6E1867D518CD81A6BF51D38400A68004CC0F2425F625292F8B4D8FB8CAF17A2B3C99BEA99D535E8F0F67062D5E299AC59763DF67636D8DBD9B066D9F5AC5A3C136F0F27EA1A64409225D11B8C2CFE3085EEA39E67D9679B4FDA21E3DA1E6319E41B87C164E4D29FEEE560EDD13ED6A1CEFECC899E00407EDD11FE38BCF3A4E7A8D73732E1E7FB88F9FC2A867C7B33411F4DE0BECDAF53DE540D804AA562DEACF3F9F3E35BE81EDAF6F70FF9B02CCCD1A7C5DEC4A424B15C7A401F2305F4BF14EB6C99BEBB0713764493DF242B55C27C9C61CAB1F8DB6B1F6E2466EC224A2AEA8E3D56525E4BCCD845BCF6C1460593898E545A51C78D0BBE60C015AFB179D7A116CF69D5B67C31E229A2DD43D9599E49DC1733B86FF3EB7C92B596EF0E1DFF3771B2ED1F00F76C5ECC37791B8EFD7F75731DCFEDFA90B82F66F073C1F189887D6383D8F6D51DCC9CD8B74DDF8BADADB45515E623BF49CB841DD14CDFDD8362DDA95B445A2329A04FE2DB524F623726F15A7E009D38804A885372756C523A4297915F5C859DEDD11B2E4D26135AAD0DF9C53228C91A6CD993CFA0698BB9F5F1552D5ACD05387A913AE12D66448DA24EDFC873BB3E64FABAFFB1BB3C0B808B029319E2DFFBA4C7FCE1500A006E5A67F65CF60105577ECDCCEE6328AA2F63DC9ABBF92AF7F763AF7576D4B2E2992B78FFB969383B9EDB228CA38C4B1666C06882D7F20388DD98C4B7A59E4AC7314B52409F428D41C3EDE9E19CBF259EBDB532425928CBDD590AE8D6BA706014CD7A2343AF7E9361572F45AF3772E18028A563894E62349A58FC610ABDC62EE4B31F771D7BDCD5D689F7873DCCD689CBB92D760ABDDCC3E8EE16C22D3193F9EAE2A75171F2CB3CE12EC7A72106387A11E8E8CD8AA10F716FEFAB6836EAB9E18F6738D250D1E26B665C9AC45F9FDF4E5C77FFB3CEEFE57AEAFDDC427486BDB58E9CBF259EDBD3C3A93148F7A7539102FA0C52AA5CE89B9AC02359213419E58F4B2843DE545BCFC7C389E8D10B59FF570EEBB764133D66213E5E4E4AC7129DACA8A4862BEEFC907173DE2127BFFCD8E3895EDD7965D05DEC9BF221072EFF84C583E7E362DB7291C4603ABE8D6241D22CE0E84D88B3D63F79ECB98792AE05A0BCA99ACF727E3DE1FCD1113E6C5A3997ABC6279D556E4F978E1BD222C4E93419D53C921542DFD40452AA5C948E63F6A4226C059D49C563392124A526B0A1D2F5CC5F20443B9302BAF53EFE7E07A595C7F7409756D4F1F1773B144C2494B4FAF774E22E798145EFACC76068DDFEE207B72CE1A60DCF53AF6F6458401277C75F09C037791BB86DE30B009436561DEB39FDCF0D85FFE5E4A0E583E7A7F1E6A3935BDDA5430A68A1840D95AE24A526F0584E083A2B6E4D7736A4803E0BE9750E0CDD12C7DCF408AA64A885E8449ECEF2A62AC4B9AA6F6CE6EE67BF67C8956FB02FB3F88CAF5F5BF0174BD2573162F51D003CD3FF662E0D1D02C01B695FF1DCAE0F097709E0CFF16FD2C32D84B121834F7BBC395307B0E1A39B090F3EF35E521FB7FA567C4742B48F2ABD86B9E9110CDD12477A9D83D271BA1429A0CF92097823DF9FB84D49AC2A918DF5A273F878C89BAA106DB569E741FA4C7E85A796FC8AFE34ABD13EF61E00683547BB0E68546A3E1EFEE8B131E00FFCF5267F16EFA29F4F2F765FF63E7DBD7B9EF1DCC971C16CFDF276460DE971DAD779CAD526D14956957812B7298937F2FDA535DD399002FA1C15346A99BC339A29BB7A52242DEF4407F37496375521DA43934ECF832FAE61C0E5AFB16BFFC9C7BCDF187D29001B8B77B3AD743F70B4CDDD67173D899DC61683C9C87D9BDF008EB6C96B2D0F5707BE5F328BFB6E1C86EA14BD2965BB96E868454D5AA6ECEAC9E49DD114344AFD72AEA4806EA32F8F78119B92C85B057EF2094E749820EF5AA523086151B6ED2BA0DF945779F2CD1357A327870D6546D4289A8D7A2EFEE14EBEFFBB5F7488932FBD3D8F7674D958BC9B26C3E95BCE15D697B2B5747F8B2E1D1A8D9A67E68FE1A385D371B43FB1F8969F75D1514CC05B057EC4A624F2E5112FA5E374792ADE1A2C755F3BB9C0BD9A253159F474941504D1BEF6E77BD2EB861B948E2184451A9418CA7BCF4D25AADBF1A2A2D1A063E66F8F1FEBB031C037062F3B3756FFDD173ADC2580ECA99F9FF478EF65FCC0D33BDF27BD32EFD863E7F9F5E68581B7D1DF27E6D8633BD38B98387705B905C70BEC03EFBC455440CBB67842B4D5FE7A07E6EC8B64BD344268375240B7337BB59107C3F3B937AC005B95FCD18AF6D1D4ACC1F1D2F998E49F94D5B0B1397AA3B25E2FA39D3B8393839645FF7709B3AFE87F6C7B8509134BD3BFE6C1BF9652D6747C188F566DCB77A39EE7E2A07E2D8E613019B9E6F7C7F930F3A7939EC35EA3E5FB510BB930F0F8B4C2D28A3AAEB8F343D6A566A1D198A8FBFA0519E72DDA4DB349C573B9413C99134CA3B4E26D575240779078E77A96F6CA62805B8DD251848508BEEA160ACB9C958E213AC915A37B830A56FEB0EBCC2F16ED66ECD068963D3185009FE37D70AB74B5ACCCFE95ED650770B675E0DA1EE388710F3BE16BEFFFEB4D9ED9F93E0057445CC8BDBD6710E112485A652EB7FCB9909DE599043BF9923575658BBDD3CD7A03B73FF10DAB7FF989DCF7DFECF0EF515887D42A1766A745B25B86C1750829A03B905A05B70617F144D4419C35B2A220DA66C8BCABD8B82F48E918A293AC7AFD1A30C1C4B92B948E6275BCDC1D59FED4E55C7A61CC995FFCB7CCEA7CA23F9B8EC164647EFC74160EB8B5C5F3057525847F3A8566A39EAF2F7EF6585BBC7F7BE9ED77B9E3A2596DCE2FAC5BAD41C34399DD782D3F00A354781D46D6F33B90D104AF1C0A203E2591D5A51E4AC7115D5C985FD5995F24BA2C7BAD2D31517E4484781215EAC5850322183E3092A8502F22423C8989F2C5DEAEF51D1FC4B92BABAC67E2DCF7B8E3C96F68D2E95BF5351F66FE84C16424CC25802793E79CF07C90930F495E475BD8ED2CCF38E931FAC5753BF7D04200AB4B3D884F49E49543523C773429A03B415EA31D97ECE8C5557B7A7044276F80E2DC4405562A1D4174A0465D33D74CECCBCEAFEF2263CDBDB838D9E3EA6447C69A7BD9F9F55D5C333199C6A6D3777D10EDC76432F1CAFB7F3270EA62D2B34BCEF8FAED65070018133C103BCDC97FCFEB4D47AF449EAAF55D7363E639A615D6EE88CE96ABF6F4E0921DBDC86BB4533A8E559002BA137D7CD89B9894245614F94ACB3B71D61222CE3C41CDDC5C3BA9EF995F248EB96FE16A065EF11AD5B5C7274F56D53432F08AD7B86FE16A059359AF1D6985245FF60AEF7CB9E5B4AF6BD03701E0AA753AE9F385F5A5ECABC80120D623FCA4AF71506F6B4352618D4CC08A225F625292F8F8B0B7D271AC8A14D09DACBCD986597BA318B52D96EC067BA5E3882E243EA254E908AD96141344DFD8209E9A3786D1E7F76448DFB0530E8E102DEDCD2CA6597FBC2FB1DE60646F2BC64F8B8E53D7A0E3BA073E63C63D9F505BAF3BE96B7ABA1FDD7EF16BE1D6139E33988CDCB5E9651A0D3A7CECDDB938A8FF498F11E09CD27EA185C5CB6EB067D4B65866ED8DA2BCD946E93856470A6885AC2D77237E53220B0F06A237496121CE2CC2AF1227FBAE71095FAF37F0E56B3309F071E1CB57AF2634D00393F4E06B95C17D42B1B55173F91D1F70F91D1F606BA3667052A8D2B104F0E1B7DB19748A2D1D57458E42858ABF4AD2B873D3CBD434D703B0B72287C96BEF6765F6D17ED24FF7BBF9A45B3C6AEB9A0876DFDDB1DF80B0087A938A85070389DF94C8DA7237A5E3582DE9C26106FAB8D6B1343A933EAE754A4711666EE01D57B3797F80D2315AE5ED27A730F1A2384A2A6A891EB350E9385DC60D97F7E7D74D59641F2A032022C4930B0746B1ECB3CD0A2713FF7076D4B2EC89294C1D9BD0E2F13B525EE295BD9F0147F7393BD9DA53D174BC95E9BCF8692C1A70DB498FB9677F26B176DD3B2EB4B008DBAA9D989D1EC5B6EA936F15129D47C3A5218F281DC2DA153569595EE8478DDE86F3DCABB155CB671A71725B0E04B035D35FE918AD626F67C3B5F7AFA4E07015790595278C4B1627B76D5F0115D5C7A799565437B06D5F818289C47FE99A0D7CBE66376515F58C18DC1D8DE6E8C5DCD12103B0D368492DD94B83A18946C3D1ED1E91AE41BC3EF86EE6C74F3FE531F7676CA29BCB479D925F743DF506350F668672435A14054D5AA5E3086405DAEC443834F266AF2C46784ACB3271A2D7BF4DE2D6C5172B726E954AC5FC59E7B370F97A45CE2F84391A98D08DCF5F994190DFF14BE90DFA26FE2A4DA3B2A99630177FE23D235171FAAD7AEB7F7F92F3431FEAE8B8A20B5A5BEEC64D699172DF9499913DD066E6DF370594C94D01E23F06C728B71239A0770873AF1AACD8F98530479B761E24F9B257F9735BEEB1C71C6CECB8C03F914B4387D0DB33EA8CC533809FE3CF1D9852744565D274C0AC49016D86FE694B139B92C447D29646FC4B7C5809AE8E27EF02D0D1AE99944C589007DD02DC1539BF68BDEB2FEBA77404AB72B8B4860BAF59CA924F53CFE9EBAB6B1B89F2DAD0CEA94457F6D1616F62A5EDAD59933DD066ACCEA0E1CB235EFC55EDCC79EE35B8DBC838706BA756C3BA1DDDC83EDCF145EC25C37A31AC7F0411215EC446F9F17FB387E160678BA79B23B6B61A127A06306250143905E5D49DA2B59738EEDE1B86B558A5EC286AB58A558B67F2CE575B696C6ADD143DD17606A389EF7E4BA3E8480DA386F438B62FBA3576A7EF21C8FE8D0E4C27BA8ABC463B66ECE9C1B3B9C1D419344AC711A7212BD05DC03FA3395F3E28A339059C1797DF29E7F9737B2ED74EEAC7C72F5CC9CA97AEC2C3D501806B26F565E54B57F1CED397A3524171696DA7E4E9CA926202997BD5A04E39D7C0846E04FABA72E985319D723ED1D2D295A90C9FB984C3A535677EF1DF6A2BA5C38AB5339AE0E58301C4A724B2BAD443E938A215E426C22EA6BF6B2D6FC56412EF5CAF7414A190B5DB431979FFD44E3BDFF553FAB3E4D1492D56D4F6661633FEA677C9C92FEFB41C5D8D46A3E6C93B4791D82B90D0400FA2237CF8E9CF03188DF0CAFB1BF861FDFE763BD7F081912C7E78227E5E2ED86B35383A68D1E9F4D4D6EBA8AA6DE2E197D7F0C1B7DBDBED7CE2CCBA05B8F3DD9259C4F73873D79CED7F4E2331E8D34E4825CCD1EE5A476EDC17C5E66A67A5A388B3202BD05DCCE66A679253135890D58D46A3FCF559A381BD8AB0D5745E4BB8B73FDF4C7159CB55E6A59FA44AF17C06068391C716AFA5B1494F74840F00170D8CE2F335BBDAB5780658B7298B8B672DE36061058E0E475B5C69B536D4373633E19677A57856C0C1A24A064F5BCCB7EBD24EFBBA269D9E1EBE3F76522A614E1A8D6A166475233935418AE72E482AB02EA8D9A4E2C99C60123725B0BED255E938A29339DBEB18D249DB380062A3FCF0F771A1A2BA9E556BF70270C315271F452C5AAA6F6CE681177FC46834613299385C5AC3DB9FFFD521E72A28AE62CEFFBE6CF1D8032FFEC8EE03873BE47CE2CC6AEB754CBAF53D5E7CF78F53BE665FC67E1C6DA56DA9B5595FE94AE2A6049ECC09A659A61177495240776107EA1D18BE258E39699154EAA5E59D35B9B84F6EA79DEBAE6B87B06D6F013D472F64D2ADEF31E1961504F8B8E2E72D2B26AD71C7CCF378E7CB2D445DFC1C55358DF40CF7E9B073DD3C6D208D4DCD3CF8C28F54543530F7CACED9772D4ECD603032EF99EFB8F991AF4E3A4CA8AA74AD02A984522AF536CC498B64F896380ED43B281D47B481EC81B61001763A5EE991C3657E654A47119D6077AE0F0937CDEA94734D1D9BC0CA1F7661321DFF55D12DD083B02077D6FF95D32919BAB2EEA1DE64E4950260A351131AE841D6A18EF939FD6EC92C6E79F42B0E1656E2EEEAC0870BA731EDAE8FA8A96BEA90F389B373F1E0EE7CF1EAD5B838D91D7B2C63CB0544799F7A855A588E2F8ABDB8FD4038453249D02248016D6126FA94F36ACF6C82ECA5AD982533992064C62D1496C92AB0384AAD56A356ABD0EB5BB6BBB4D7DAD0A8937676E622B15720AB975E47808F0B85C5E5043478291D4974B082462DB7ED8F605589A7D251443B922D1C1666558927719B927823DF5F5ADE5930950AC6F6CB563A86302346A3F184E21990E2D9CCEC482B64F0B4C5A4651D212BFBDC06AF88AEC1688237F2FD89DB9424C5B3059202DA0255E935CC4D8F60D8D638D2EA648F95A51A957CF605F4B8A1D1D86965BFBC39B197BF0FAB935B50C1902BDF80BAF7958E223A485A9D03C3B6C631373D822ABD0C44B14452405BB00D95AEF4494DE0B19C10747297AFC519DB2F1BE7B3DCAA73FBCC218C1FDEAB8312B59FC4E800A523749A57174C40AD969F4F25D8D828F716A86FAE24B9DB678A9D5F740C9D49C5633921F4494D608374C9B26852405BB826A39A47B242E89B9AC0C64A17A5E38876E460A767FCC0AC56BF5EAD563128B11B3327F6E9C054ED63E9E35350A92CBBA89C382296952FCD60E6C43EAC79FB7A1EBF63146AB5FC4AEE2C1A8D9AC76F1FA5D8F92F1D9881BD56B6D758928D952EF44D4DE091AC109A644E83C593BF612BB1B7D6910BB6C673DBFE086A0C7239C9525C7E41FA699FF7F572E6BB25B3485B3D9F7DDFCFC7C5C98EB11744B363D59DA4ADBE9B17FEEF92161306CD41EF9E01C4F7F0A75F7CB0D2513AD4D7BFECA3D960406B6B439F9860162EFF1DA3B1F306E458BB61FDC3B966525FC5CE7FC5B0D3FFEC8AAEA3C6A0E1B6FD115CB0359EBDB58E4AC7119D4436DF5911A309161FF2E7EB239E2CEE95CD786F9924D7D58DE9978DABA38EEAFA93B7453A5256CB8C7B3EE1F3976770D1A028E0E8CA5BEF9E317C49DD0000200049444154FE3CF9E6AF3CFCCACF2DDAD32965CC05D15C373999CA9A0662A2FCB0B7B3E1D50513D8995684879B03EFADDA7AC6896E5D8DC96442658297DEDBC005C9E154D74AABB9CE34734232013E2EF408F3E6406EE9391F47AD569FF5071F77E7262E4ECA3DE7730AF3F16DA92773D322C897D6745647DAD859B12BFC4A79B9670E7EDA66A5A38836B8E6F971BCFF4BEC695FA352A9A8DAF2E8B1FEB3DFFF9ECE2573DEE98C78AD76CFF54379EAAED12DF6A51A0C461E796D2D4FBCF18B82C93A4EA09F2B85C5D5B839DBD3AC3752DF28ED273BCAF471899CD7378C2365B5E89AF52CB865048EF6B6ACD9708075A95978B83AE0E8A0E599A5BF5178A4F593011FBB63244F2F59474363EB7F8F5E7BF11E96CF5F7D2EDF863013C53A5BEED81FCECA626FA5A30885C80AB4155B59ECCDCFE5EE3CDF3D97598147B0EC1DA7966BDAB0B43316D0FDE243B0D7DAF0F3C60CBA77F3666872386AB50AA319F53A7CFEEDDFD9937198D54BAF3BF6D8D4BB3EE48B9FF62898AA63151657035055DBA87012CBF7F99ADD8C1FDEEB84E98CA386F460E4793DA8A96BE4AA7B3E39ABE21960E6843EEC3E7098CF7ED8D5EAAF99367CDF599D43980F13F04EA12FF7648451D12C25943533AFCD8FA2D35534DB70C3BE28466C8D25A3DE5EE938E21C8CEA9B43379FEAD3BE66D6E464EE5DB89A91D72D237AEC427EDA98C1A5C3633A2961EB5D38300AA3C9445AD6114C2613C306442A1D49588866BD812BEFFE9891D72DA3B1A9E5CD7BBFA566117ED1B37CD7CA6D42C971C1FCF6DE1CB67E711BA1811EBCFEF044FEFAFC365E796802B6B6A7BFC724CCAF8A118979E7FC7D08E564D4DB33626B2C37EC8B92E25948012D8E5A57E146626A22CFE406A19796775D8A5A6D62D6A8DDA77DCD832FFEC04B2B3600D0A4D373D96DEFF3DB66F31BC432627077AEBEF75362C62DE28A3B3F6458FF08A523090BB3362593DAFA96FBCD7FFC633FE555F5AD3EC6963DF9CC7FF63BBA87F900E0EDE1445AD611EE7EF63B9A9B4F1C66F36FB346ED46AD369F2B3FE2CCF42615CFE40691989AC8BA0A37A5E308332105B438A6C1A0E681CC50FAA5F6664B8D8C88EE4AAE1BB5EBB46FCAE5550D273C565973E2634AD2DA6A9876D7877CF4ED76E0E825F7C9B7BE8FA3BDADC2C98425498E0BC6C3CD91EC43E52C5CBE1E83D1C4EC6903CEFA385BF7165054528DDE60C46834F2C54FBBD19DA178B6511B9935F2F41F768579D952E34CBFD4DE3C90194A83414A26719CFC6B1027D859EBC4A0CDF1CC3F10469DB4BCEB12427C6A189D9CA3748C36D1351BD89F53D2E2B18CBC52EACFE2E62C21CEE4AE6B86F0EDAFFB88BD6411F73CF73D03AF780D3BAD0DE12167376A39C8CF8DCA9A46822F78929BFEF715332E3D737FF5D1C939047BD79C6B74D189EA0C1AE61F0863D0E67876D63A291D479821E9C2214E2BDCA191D7A3B319E555A974147106AB367667F26393948E2184591B362092DF525B0E207273B1A77BA8375BF6E4B7FA383E1E4E9456D61F6B03E9EBE5CC91B2DAD37ECDAA47BEE4D28199671F5A74AA3565EEDC921E414E83DC17244E4D0A68D12A33FC4B58D433171F5B590D34577AA39AA86B6673B044C6C70A616E427DABC9787729366A199663AE4A9A6D99BF3F8C0F0EFB281D457401B28543B4CA07877D88DD9828BF58CC988DDAC8ED13B72A1D43882EADA3C6A9CF9BB2598A673326EF71E26C49012D5AADB4D996997BBA33667B8C5CDA3253B3C7EDC4DDB9EB4DB4B3D34A4BA8FF8A8EF0213A42DECC3BDB23B78E68F763BA3B37316BA4E5F633EFCA721AEC19B33D86997BBA53DA2C372C8BD693025A9CB53565EEF4DE94C00B798118A4E59D5971B6D771C3A89D4AC7386B4FDD355A8AE8FFB87E4A7FAE9FD24FE9185625C8CF8D9BA60D447B865ECE67EB964BB6E36C2F5326CD89C1A4E285BC407A6F4A604D99BBD27144172405B4382775060D7767C81DCAE6E8F6495BD1DA9CBE9D96B9B9727C226387462B1DC3AC8C1B1ACDB8A1BD948E6155268F88C5CBC3910B0746B5DB31B53606E65EBAADDD8E27DAEE9F4E53776748A72971EEE42642D166362A13778716B220FC100E1AD9E3670E662D1CCB8AB5714AC738ADC17D4279F1FFC6E3E5E14464882755358D1C2EA9E1A73F33B8EB996F3118ACE7DF924AA5C2DBDD11FDDFDFB38FA713E93FDC0398881EB39092F23A006C34EA169D1F44DB5D3EBA372FDC7F0941BE6EA8FE7541CD68349179B094EB1FFC9C0D5B73CFF9F8B346EEE6ED793FB43DA868B306839AC773425898172803C3449B49012DDA4D9443234B62B218EE51A57414AB9751E841EC0DD7A3379AF745A698485F523EBD1557673B009E7BFB77EE5FF40346A3F5FD5A5A70CB45CCBBF67CDC5D1D4EFA7C6575032FBCF3078FBFF14B2727B37C5EEE8E7CF5DA4CCE4F0E3FF6D8FB5F6F63F6C35F9C30F6FB6CD86A8CA42D5B464480B40155DABA0A37E6EC8B2453EEDF11EDC4BCDF5D459792D960CF88ADB1DCB02F8A8A66D9CFAAA4EE81155C3D62AFD231CE685FD611AA6B1B69D2E931188D6CD89A6395C533C0E3AFFF42FFCB5F233DFBC809CFA5671FA1FFE5AF49F1DC41CA2AEBF96475CB7B07DEFD6A4B9B8A67806B47EE96E2596115CD36DCB02F8A115B63A57816ED4A0A68D1AE4CC0F2425F625292F8B4D85BE93856EDA12B379AFD5EE898283F0EE496E03BF871AEFDBF954C1B9BA874244565E495327CE6D2165B344C2613C3672E2523AF54C16496EFE6E983D89371988B672DA3A8A4863BAF39BF4DC7B3B335F0E09529ED944E9C8B4F8BBD8949496279A12FD6F9B15C742429A0458728D6D9327D770F26EC8826BF49AB741CAB14EE5FC5AC91BB958E715A8547AAB9E8DAB7A8AE6DE4836FB673CB235F291D4971E32F8C01A0B6AE899ABAA6BF1F939B093B9287AB03BFA5669138F165D6A6641075F1B31C2EA96E534FE81BC6ECA49B4F753BA614AD95DFA465C28E68A6EFEE41B14E5AD3898E217BA0458773D11878B2FB416E092A422DF76D74AAFC5217BACF9A4D53B3DC69DE556CFFEA0EF4062397CC790780EF96CCC2C6464DD2C497154E265ACBC14E4FC6F2A5047A9D7EB4B7685F4613BC5E10C08319DDA891EE1AA28369B834E411A54308CBA633A9F9A1D4839FCBDD19E8568BAF56C681771657471DD575766C4C0B523A8A680557277BFCBC5D983EFF636AEB75D435E858F6D95F8404B8B1654F014DBAB6EDC9159DE39E299B99383843E91856656FAD23937745F356811F3A935C5C171D4F56A045A7D2AA4CFC5F583EF787176027636D3B4575BD969ED7DD4871A575F4EB8E0CF122EB5099D23184999A7BD5605EFF28A5C35A010678D6B27FF932199CD2499A8C6A9ECE09E299DC6074D29A4E7422F998263A95CEA4E2B19C10925213D850E9AA741CABE0EAA8E3F16BFF503A46A750AB552C7DFC32A563083336EFDAF3498EEBB82B324F5DB75E8AE74EB2A1D295A4D4041ECB0991E259743A29A08522D2EB1C18B6358EB9E91154E965AF5A47BB6EE46E12234F6C8F66690627853228A91B013E2E4A47116628C8CF8D88104F664EECDB21C74FEE7E989917EDE990638BE3AAF41AE6A647306C6B1CE97527EF9B2E444793025A28C6688237F2FD89DB94C4AA124FA5E35834B5DAC44B37597E0FE12B46F7C6C1CE96C923CD7B0AA3E83C713DFCD9F6E51DD4EF7882ECB5F70130F7CA41D4EF7C82E23F1770FFECE1ED721E950A5E99BBB6C53443D1FE56957812B7298937F2FDB1D296F1C24CC81E68613626FB96F16ACF1C02ECE4F26747B9F299F17CF29BE5B4443BBF6F18AF2E988897BB230D4DCD8407796263A3A6AE5EC7E1D21AECED6CC92BAC60D6FD9F7120B744E9B8A295341A75BB8E7277B4B765D91353987EC9F13EE3A595758C9BFD0E9B771D6A9773CC1CB19777EFFEBE5D8E254E54D4A4E5B6FDE17C79C44BE9284200B2022DCCC89747BC884D49E4AD023F697ADF415EBAE9173C5D1A958ED16EFED89ACBC4B92BA8AD6FA27BA8373636477FA539396A89ECE645D6C1522EBDF95D299EBB98A7E78D6ED7E3D5373673D7D3DFF2EFFB06DFFF6A5BBB15CF3E6EF52C9CFD6BBB1C4BB46402DE2AF0233625518A676156A4801666A5526FC39CB448866F89637FBDEC6D6B6FBEEEF52C9A63596FF4B90515C48F7F914D3BF25A3CFEE1B7DB197AF512CA2AEB154AD6B5CC9A9C8C46A3FC5B829DD686EB2EEB47B700F7763DEEB59393D135EB99F7F477EC3970986997B4DFD4CB176FFA156FD786763B9E386A7FBD03C3B7C431272D924ABD8DD271846841F9DF96429CC4FA4A57923625F0644E30CD727775BB9A79D11E2E4ECA553A46BBD21B8C84057B1EFB6F80F0600F25237539F3665DC0D07EE18A9DFF8A31BD49F9742EDBBEBC1D2F7747D6BD3787CD9FDDCABC6B5B3752FBC28191A77D3EAEBB1F0997BEC88B2BFE2071D2CB7CFF5B1A7D62DADE8D6374720E570EDFD7E6E388E39A4D2A9ECC0926695302EBA55B933053B2075A98BD78E77A96F6CA62805B8DD2512C4676913B0937CFA2AED132C6DCF6890D22E593B97CBA7A270FBCF823EF3F37958109A1049CFF0495D5B232782AC971C1CC993A80DA7A1D77CC3C8F9DE945FCB13597AADA461E5BBC96E66643A7E6993A36810F174E43A356633299F8BF453FF0DCB2DF5BF5B5BBBEB98BC1D316535B7FF27B286C6CD4E8F52DF755ABD56A8CC673DF6BED6CAF63F7D2E584FACAC8EEF6925AE5C2ECB44876D73A2A1D4588D3924984C2EC1DD1D9F24E911FE5CD360CF1A841AB96CF7C6DE5E1D2888356CF4F5B955B716C4FF7DE3094155F6D65C1CB3F515DDBC47BABB6E1ECA4253CC8B3DDF6B95AA2C223D584067AF0BFB917A356ABF0F771C1D951CBBCA7BFA3A2AAED1F3CAE18D39BBD99C5AD7EFD819C52EEBB61E8D1EE0A269875FFCA5316C40017248793141344FFDE21DC78797F4C267074D012D7DD8FF4EC96FBDE8D2769D9D0D6612ACFDDF81BA3FAE6B6E918E2A85A83867B33C2B8293D92629D657CB017964D56A04597126ADFC4E2E86CC67A57281DA5CB339960D4035359BB3D54E9286DE6686F4B7DE38923E29D1CB4D43548579733D9F2C5EDF48D0DC264323174C69BFCB135B7CDC7D468D41C58730F316317B57A04F9D4B1095C794922D3E77FC4F3F78CA3ACB29E875FF9E994AFF7F170E28765D7D3272610954A85C964A2A0B89AF137BFCB8EB4C2367F0FA7333A3987EF1FFF4CDAD6B583D5A51ECC4D8F20AFD14EE92842B49A14D0A24B9AEE5FCA8B3D72F0D59E583489D62B2A77A6F74DB328AB961B36AD95B3A31D7BBEBB8B99F77DCAF597F5C3DECE96A9777D78CEC7BB727C12DDBB79E1E9E6C8DC198379F3E3144ACAEBC8C9AFE0BDAFB79EF66BFDBC5D282E3DBE55CBDBC391D28A33DF045A92F230DE1E4E188D263CFB3F42556DC7769AF171AB67E79BEFE0EF51D7A1E7B1744774B6DC75209C8F0F7B2B1D4588B3265B384497B4A7D691770AFDF0B36B26C1A50E59043A372E0E3A7A0455F0E9EF96D31B5A9C9D6E01EEBCF2FE46D2B28EB06AED5E0E16565270E4DCF7F4E6165470DF8DC3993A3601B55A45BFF8106C6C34FCEFD59FCEB8125DF79FED1A27BBAAF05FE1411ECC9E3A907B9EFD9E3EB1411497D5B27D5FC7AD3EAB54F0D1FDDFD237AAF55B53444B26E0BD225F26EEECC5E66A67A5E308714E64055A7479233CAB78B35716110E96D3DFB8B3DDF4F22896FE90A0740C6121D46A15F53B9EC04E6B43B3DE8063C243C7BAA3B4B751437AB02FEB08878A2AB1B7B361D2C5717CFCDD8E0E3917C0CD976C67F1AD3F77D8F12D5D76833D37A545B2B6DC4DE92842B489B4B1135DDEDA7237E23725B2F060207A6979774E16CDF99598D032A563080B317A484F8A4A6A1831EB2D0E15553171446C879D6BCD86031C2AAA04A0B149DFA1C573EFF0129EBFF1B70E3BBE25D39B542C3C1848FCA644299E85459015686151FAB8D6B1343A933EAEB237F16CEDCFF764E01D5753552737F288B6193E20928DDBF368D2E9B1B5D130A46F18EB52B3948ED5266E4E4DFCF5DA7B4405C80DCC676B5BB513B3D3A3D856EDA4741421DA8DEC811616A5A849CBF2423F6AF4369CE75E8DADB4BC6B356FD706A243CA59B95EF6438BB6C92DA8C0F0F7960DA3D1446EC1D9159D0EF6B624F50AA2B00D7BB1DB934A052B1FFA9A81D11DDBD9C3D2D41BD43C9819CA0D6951143469958E2344BB922D1CC2E2FC73A9B0B75C2A3C6B13076770FFD44D4AC710566EFAB8446EB97290D2318E5970E5462EE9DFB557D03BDBDA72377ACBD63A61C1A48016162BBBC19E51DB6299B5378AB2661BA5E374198F5EFD0723FBE42A1D4358B1A9637B33625094D23180A3FD9E175CF9A7D231BA8CB2661B66ED8D62D4B658B21BEC958E234487913DD0C22AF86A9B79A1470E57FA972A1DA54B28AD7660F01D33C82CF2503A8A303389D101EC482F6AD7636A346A16DE3B8EB81EFE54D73432E1A218341A35DFFD968ED6564D49791D731F5DD5E1FD9DFFAB475039A9AFBC8F9B5353A79EB7ABFAE8B037F30E84734426090A2B202BD0C22A1CD1D932634F0F2ED9D14BA65DB582B76B03AB9FFA1C1FB7330FB110D6E5C5072EC5DFDBA55D8F69301879F0C51F696C6C66F2C838349AA36F4D970C8BC6D7CB997B9E5BDDE9C5B38F5B3DDF3DF18514CFAD90D768C7253B7A31634F0F299E85D590025A5895D5A51EC4A724F2F2C1008C72EDE5B4A2022AF8E6D12F70B493698FE2287B3B1BCE4B0A65EAD8F6EF195EDFD8CCF89BDFE5CF6DB9C71E2B2EABA5EFE457282AE9DC9B091DED9AF9E6D12FA4E3C619184DF0F2C100E25312595D2A57AB8475912D1CC26A0D70AB6169AF2CE29D6595F574BED8D0832B9E9C88497E5358A598483F16DC72218D3A3DEE2E0E4C1C114B514935ABD6EEC3DBC3913FB7E7F1F28A0DED722E1B8D9AAAAD8F51D7A0A3AABA81B0204FC2473C43FEE1AA76397E6B683426BE58F015970ECCECB4737645BB6B1D999D16496A55FB5E8D10A2AB903676C26A1534D9F176811F3A939AC1EE35D8A8A4423C99986E65D8D91AF86547A8D25184024A2AEA68D2E979E8E68B48880E04C0C5C98E7EF1C1EC482B64C14B6B30B4D3E59C29A3E309F47161F0B4D77969C506C2823D898DF2636D4AE715B30B6F5CC7B517EFE9B4F375358D46358F668770CDDEEE1C94ED70C28AC90AB410400FC70696C6647181BB79F49D35470B569CCF931F9B4F6B31D1B9FCBD9DC95FFF101AF5D196642FAED8C0BCA7BF6DD7738405799CD0333A34D083BCC2CED94AB1E0CA8D3C3AB37D56D32DD1FA4A5766EF8BE440BD83D25184509CEC8116023850EFC0F02D71CC498BA4522F2DEF4EE6F16BFEE0F6095B958E2114921C1F022613D987CA30188C0CED17DEEEE738D9C095CE2A9EEF9CB4458AE753A8D4DB30272D92E15BE2A47816E26F52400BF13713F056811FB129897C51ECA5741CB3F4E24DBF70FDE85D4AC7100A983375002FBCF30751239FA7CFE4577073B6C7C3CD328AA91B46EF62D1EC5F958E6196BE28F622362591B70AFC90CBD5421C275B38843885893EE5BCDA339B207B9DD251CC8AC1A0E2EAE72FE193DF64E4B73589EBEECF9E8CC3C7FEDFC5C90E1F0F27B2F3CB154CD576D387A5F1DE3DDFA1D1C85BE1BF15346AB96D7F04AB4A3C958E22845992025A88D370B331F054541E73820EA39669B4C7341BD45CFBFC383E96225A7461D387A5B1E2DEEFB1511B958E62368C265852E0CF0399A154E9354AC711C26C49170E214EA3C9A86675A907BF56B831D0AD061FAD5EE9486641A3363171500685E52E6CCFF4533A8EB03036366A8C1DDCA87DF6989D2CBBEB076C64E5F998B43A07A6EC8AE6CD7C7F9A8CB2C35388D391025A885638D868C7DB857E185131C8BD068DAC46A356C3F8019954D438B0797F80D27184059933752055358D9457754C8FF63B276DE1955BD6A2961A11009D49C593B9215CBDA73B390DF64AC711A24B90025A8856329854FC56E1C657255E243AD711227BA351A9604CBF6C74CD1A36EC0D563A8EB010CFDD33167F6F17D66ECC68F7633F343D8567AEFF1D957C08066063A50BE377F6E2B3626F0C26F94311A2B5640FB410E740AD829B830FF354541E2E1A83D271CCC2A22FFA71EFB2E132B1509C93A86E5EBCBA6002EE2E0EF4EF1D42A3AE99DDFB0F935B50C1CD8F7C454575439B8EAF569B5878E33AEE9CB4A59D12776D35060D0F6486F246BE3F1DBC5B46088B2405B4106D106CA76371AF6CC67B77ED4E04EDE5F30D3D99F9DC381A75D24B5B9CBDA86E5EACFFF066027C8E8E87DEBCEB10636E5CDEE6AD1C0E767A3EB8F75B269DD7FE2BDA5DD1B7A59ECC4D8B20BF49AB741421BA2CD90126441BE4376999B0239A69BB7B50ACB3553A8EE2A60CD9CF2FCF7E82B76BDB560B8575CA3C58C65FBB0F61329930994C7CFDCBBE3617CFBEEEF5AC7BEE63299E81629D2DD376F760C28E68299E85682329A08568072B8BBD8949496279A1AFD50F1B18D4AB909497DEA77B60E74C90B3541A8D1A8DC6BA7E45ABD52ABA05789030E12526CE7D8F8BCFEBDEA6E345879491F2D2FBF4EF59D44E09BB2613B0BCD09798942456167B2B1D47088B205B38846867C33DAA78B35716DD1D1B958EA2A8F21A7BA63F75293F6F0F533A4A973479641C005FFEB447E1249DC7CDD91EBDC1485DC3D11B74037D5D292AA9C1740E1BEBC7F4CBE683FBBEC3C3D9BA7F0E33EAEDB9292D9275156E4A4711C2A248170E21DA596EA33D6F17FAA1519918E8566BB503581CECF45C397C1F06A374E8385B170E8CE2CB57AFE6B291F16CDC9E474EBE75ACE637E9F434EB8FDF945B53D774D6C750A98E76DA587AC71A1CEDACB76FBBDEA4E2B9BC20AEDCD3938C7ACB18B92E8439911568213A5082731D6FC56691EC52AB7414457D9DD29D6B9E1F4775BDECBB6C0D954AC53B4F5F0E2698F5C067E7B4026B8DDC9D9B5871CFF78C1F90A97414456DA971E6C6BD91ECAC75523A8A10164B0A68213A984665E2F690221E8B3C849315B7BCDB9FEFC9658F4F625F9E97D25184058A0F2BE1F3875759F5DEFB3A838687B34278E55080F47416A28349012D4427097768E4F5E86C4679552A1D4531F54DB6CC7BF34296FE90A074146121542AB869DC769EBFF1371CED9A958EA3983565EEDC921E21930485E82452400BD1C966F897B0A8672E3EB6D6FB66BF6A637766BF349AD26AD99B29CE9D8F5B3DCBE6FD68D55B364A9A6D99BF3F8C0F0EFB281D4508AB2205B4100AF0B66DE6859EB9CCF02F513A8A628ACA9D99B5702C3F6D0B533A8AE8824627E7B07CFE6AFC3DEA948EA2980F0EFB306F7F18A5CDD2835E88CE2605B4100A1AE555C9EBD1D9843B5867AB2D93095E5E95CC8215E753D72845803833677B1D4F5EB79E5BC76F4365A5DB7C731AECB9253D823565EE4A4711C26A49012D84C29C34061E8D38C41DDD8AD0A8ACF3C731E7B01B37BF324A56A3C5698D4ECEE1F5DB7E22CCAF4AE9288A309854BC7C3080FF65875067D0281D4708AB2605B4106622D9A596B762B34870B6DE4BD2EFFF12CBBC251752267BA3C5BFF8B8D5F3C29C5FB9EAC27D4A4751CCCE5A276EDC1BC9961A67A5A3082190025A08B362A332717768210BC20FE1A0312A1D471125558ECC5F329C0FD7C522ED8FAD9B4A05332EDCCB0B737EC5CBB541E9388A6830A8793C2784857981E8A5359D1066430A6821CC509443234B62B218EE619D97AA01FEDC1BC4ED6F8C607BA69FD2518402064417F1E24DBF3030BA50E9288A5957E1C69C7D91644A6B3A21CC8E14D042982915302BF008CF77CFC5C3D63A47121B8D2ADEFD398E052BCEA7A85C2E5D5B8300CF5A1EBFE60FAEBD780F6AB575BE3D5534DB704F4618EF14FA629D7F0242983F29A08530737EDA665EEA99C354BF52A5A328A6B651CBE31F0CE6D56FFAD0A8B3513A8EE8000E767AE64DFE8BFBA6A6E26CAF533A8E623E2DF6E6CEFDE114EBA42B8D10E64C0A6821BA88F1DEE52CEE954DB09DF5161705A5CE3CF5C920DEFEB1373ABD7421B0045A1B03B3C7ECE4FFA66D22D0AB56E9388AC96FD232372D826F4B3D958E2284680529A085E8425C34069EEC7E905B828A505BF1FD4479475C79E2A3C1ACF8290EBD51AD741C710E6C3546668DDCCD0357A6D0CDA75AE9388A319AE0F582001ECCE8468DB4A613A2CB90025A882E68905B0D4B7B6511EB5CAF7414456515BAF3E4C783F9685D2F5991EE22EC6C0DCCB8682FF74FDD444440A5D27114B5B7D691D96991A454B9281D45087196A48016A28BD2AA4CFC5F583EF7871760A7B6CE9677FF282C73E6D5AFFBB264752295B5764AC71127E1E9D2C84DE37670EB84AD563D7E1BA0C9A8E6E99C209EC90D4627ADE984E892A48016A28B8B766A6069AF2C86B85BEF65F07FD4346879FBC7DEBCFC553279475C958E238088804AEE98B485EB46EEC6C9BE59E9388ADB50E9CAECB448D2EB645890105D9914D0425800B50AE6041DE6A9A83CDC6C0C4AC7519CDEA8E6FBD44896FDD89B1FB7446030C82A5F67D2684C8CE99BCDF563767149FF4C341A799BA9D26B782033942505FE18E58F43882E4F0A68212C4890BD8E577B6633D1A75CE9286623BFD485777E8AE7ED1F7A73B04456A53B52985F15B346EDE6BA91BB08F2B6DE8E1AFFB5AAC493DBF64750D0A8553A8A10A29D48012D84059AEC5BC6AB3D7308B0E29677FF6534AAF8797B181FAF8BE1EB9428AAEA64AF747B70776E62E2A00CAEBC702F17261CB4DAE1272753D4A4E5B6FDE17C79C44BE9284288762605B41016CADD46CFB3DDF3B821A818D9C0D05253B3869FB685B3F2F768BE4989A2A6415606CF86ABA38E0983329872C17E46F6C9C1CE56B60DFD9B095856E0C77D19A154EA65F08F1096480A68212CDC05EED52C89C9A2A76383D251CC5243930D3F6E09E787BF22F9714B38F9A5D252EC6482BD6B189D9CC3D8FE598C4ECEC15E6B9DE3E5CF647FBD0373F645B2BE52B60B0961C9A48016C20AD8AB8D3C189ECFBD6105D8AAE447FE7476E7FAF0E39670D66C0967C39E60ABED2FADB53130242E9F51C9398C4ECE213EAC44E94866ADD9A4E2B9DC209ECC09A65186FB0861F1A48016C28AC43BD7B3B4571603DC6A948ED225D435DAB2797F007FEC0966535A1029698116BB77DACDA98941BD0A191C9BCF90D802FAF52892B673AD945AE5C2ECB44876D73A2A1D4508D149A48016C2CAA855706B70114F441DC459237B57CF86C1A0624F9E0F1BF705B12BDB875D39BEECC9F5EE727BA85D1D75C48696D23BFC08BD234A1812974F6CB752B901F02CD51A343C94D98DD7F203A4359D1056460A6821AC54A87D138BA3B319EB5DA174942ECD64829CC3EEECCEF5614FAE3719059EE41C7623E7B01B85E5CE188DCADCC2A9569B08F2AA25DCBF9230BF6ABA0795131776B4680EF3AB42257796B6C9EA520FE6A64790D7689957248410A72705B410566EBA7F292FF6C8C1572B97EBDB9B4EAFE160892BB9875DC92F75A1ACDA81F26A074AAA1C29AB71A0ACDA9EB26A071A74473B3554D5D96134AA68D6ABA9FDBB67497F707C00000B1649444154B0B3BD0E5B1B236AB50937A726001CB57A3C5D1BF0726DC4CBA5011FB7FABFFFBF8160EF1AC2FCABE9E6538D5686EAB4BB233A5BEE3A10CEC787BD958E2284509014D04208BC6CF52CEC91CBCC8023D2F24E88933001EF15F972F78130CA9AA5359D10D64E0A6821C431233CAB78B35716110E8D4A4711C26C6437D873535A246BCBDD948E22843013D26B470871CCDA7237E23725B2F060207A93AC450BEBA637A958783090F84D89523C0B215A90156821C449F571AD636974267D5CEB948E2244A7DB56EDC4ECF428B6553B291D4508618664055A087152DBAA9D18F8576FEE3D1046BD417E5508EB506F5073EF813006FED55B8A6721C429C90AB410E28C221C1A79B35716233CAB948E224487595BEEC64D69916437D82B1D450861E6645949087146D90DF68CDA16CBACBD51D28140589CB2661B66ED8D62D4B658299E8510AD2205B410A2554CC08A225F625392F8487AE00A0BF1D1616F6253925851E48B5C8E1542B4966CE110429C93B1DE152C8ECE26D4BE49E928429CB5BC463BE6A647B0BAD443E92842882E4856A08510E76475A907F12989BC7C3000A37C0C175D84D1042F1F0C203E25518A6721C43993156821449B0D70AB6169AF2CE29DEB958E22C429EDAE7564765A24A9552E4A4711427471B2022D8468B3D42A179253135890D58D46A3FC5A11E6A5D1A866415637925313A4781642B40B59811642B4AB1E8E0D2C8DC9E202F76AA5A308C1FA4A5766EF8BE440BD83D25184101644968A8410EDEA40BD03C3B7C431272D924ABDB4BC13CAA8D4DB30272D92E15BE2A4781642B43B598116427498003B1DAFF4C8E132BF32A5A3082BF245B117B71F08A7A849AB7414218485921568214487296AD272F9EE9E4CDE194D41A31433A26315346A99BC339ACB77F794E25908D1A1A480164274B855259EC46D4AE28D7C7F697927DA9DD1046FE4FB13B7298955259E4AC711425801D9C22184E85443DCAB59D22B8B5E4E0D4A47111620ADCE813969916CA874553A8A10C28AC80AB410A2536DA874A54F6A028FE584A033A9948E23BA289D49C5633921F4494D90E25908D1E964055A08A19858E77A96446731D8BD46E928A20BD958E9C29CF448F6D63A2A1D450861A564055A08A198BDB58E5CB0359EDBD3C3A93168948E23CC5C8D41C3EDE9E15CB0355E8A672184A264055A08611682ED742CEE95CD78EF72A5A30833F46DA92773D322C897EE1A420833202BD04208B390DFA465C28E68A6EDEE41B1CE56E938C24C14EB6C99B6BB071376444BF12C84301B52400B21CCCACA626F625292585EE88B5C1EB35E266079A12F312949AC2CF6563A8E1042B4205B388410666BB847156FF6CAA2BB63A3D2514427CAA8B7E7A6B448D655B8291D4508214E4A56A08510666B5D851B89A9893C931B845E5ADE593CBD49C533B94124A6264AF12C84306BB2022D84E812129CEB782B368B64975AA5A3880EB0A5C6991BF746B2B3D649E92842087146B2022D84E81276D63A3168733CF30F8451272DEF2C469D41C3FC03610CDA1C2FC5B310A2CB90156821449713EED0C8EBD1D98CF2AA543A8A68833565EEDC921E414E83BDD2518410E2ACC80AB410A2CBC969B067CCF61866EEE94E49B3B4BCEB6A4A9A6D99B9A73B63B6C748F12C84E892A480164274591F1CF6216E63221F1CF6513A8A6825F93B13425802D9C22184B008A3BC2A793D3A9B70076979678E721AECB9253D823565EE4A47114288369315682184455853E64EEF4D09BC901788415ADE990D8349C50B7981F4DE9420C5B310C262C80AB410C2E224BBD4F2566C1609CE754A47B16A3B6B9DB8716F245B6A9C958E228410ED4A56A0851016674B8D33FD527BF34066280DFFDFDEDD855659C7011CFFF9BE4DDD742DC35E50B7A1679EA65B114545140841044574135D05A181045D79D15537DD443751411A04DD14DD441078250411CE510E6BE96678568ACBB4E55E9C7B753BDD144499F59FDB79B6733E9FEBF13CBFAB872FBFF3ECFFCC78CC95DAF8CCF278F5CC96B8AF73977806CA920D3450D69AAB27E2E0CE423CB67138EB512AC2178375B1EF54539C71BA0650C6AC6680B27666BC2AF61CCFC78BA79A63707A65D6E394ADC1E995F1E2A9E6D8733C2F9E81B227A081B2578C880F7EDE143B3BDAE3938B0D598F53763EB9D8103B3BDAE3839F37859F34814A20A0818A71716A553CD7BD3D9E3A918BF393ABB31E67C93B3FB93A9E3A918BE7BAB7C7C5291FB4012A8780062ACEE703F5913FDA1EEF9CDF1CB356A6C9668B11EF9CDF1CF9A3EDF1F9407DD6E300949C7F22042ADA831BAEC4C15C21F2EBC6B21E654938395A13FB7A9BE2E8D0FAAC4701C88C0D3450D18E0EAD8F7B3B77C76B85BB6272D623F1DF4CCE2E8FD70A77C5BD9DBBC53350F16CA001FE905B3B1E875A0AF1F08691AC475954BE1AAA8DBD3D4DD17BB53AEB51001605EB16803FF45EAD8E478FDF1DFB7B1B63F8DA8AACC7C9DCF0B515B1BFB7311E3D7EB77806F80B1B6880EBB8A36A2ADEDED1174FDF7A39EB5132F1D9AFF5F1F2E9C6E89F705A09C0DFD940035C47FFC4EA78E6DB5C3CFBDD8EB8504147DE5D985C1DCF7EB7239EF936279E01FE858006B8814F2FDD12F98EB678BFFFB6B2FE48483122DEEFBF2DF21D6DF1E9A55BB21E076051F30A07C0FFF4C8869138B8B3103B6AC6B31E655E9D1EAB8E7DA79AE2CBA1DAAC470158126CA001FEA72F876AA3FDD8EE78FDC73B63BAB82CEB716EDA747159BCFEE39DD17E6CB778064860030D3007ADEBC6E2504B21EEAFBB92F52873D239BC3EF6F63445F7684DD6A3002C3936D00073D03D5A130F7DD31AAF9CDE16A3334BE7C8BBD19915F1CAE96DF1D037ADE219608E6CA0016ED296AAC97837D7174F340C663DCA0D1D1ED818FB7B1BE3ECC49AAC470158D26CA0016ED2D98935F1E4899678FEFBED71696A55D6E3FCC3A5A955F1FCF7DBE3C9132DE219601E08688079F2F12F0D91EF688F0F2F6C5A1447DE1523E2C30B9B22DFD11E1FFFD290F5380065C32B1C000B604FFD70BCD75288C6EA894CEEDF375E152FF534C591CB7599DC1FA09CD940032C802397EBA2F5585BBC79EEF6B856C223EFAE1597C59BE76E8FD6636DE2196081D840032CB07B6AAFC6A1DC99B8A7F6EA82DEA76B646DECED6D8EAE91B50B7A1F804A67030DB0C0BA46D6C6035FEF8A033F6C8DB199F97FEC8ECD2C8F033F6C8D07BEDE259E014AC0061AA0841AAB27E2BD9642ECA91F9E97EB1DB95C172FF53445DF78D5BC5C0F80FF66030D50427DE355F178573E5E38D91CBF4DAF9CF3757E9B5E192F9C6C8EC7BBF2E219A0C404344089FDF578B98FE670BCDC478BECB83C804AE3150E808C3DD13018EFE6FA624BD5E40DFFEEECC49AD8DFDB1887073696683200AEC7061A2063870736466B475BBC756E73CC5E67A5315B8C78EBDCE668ED6813CF008B800D34C022727FDD9538D45288D675631111D13D5A137B7B9AA273787DC69301F027010DB0C8AC5A568C035BFB2322E28D9FEE88E9127E880580FF26A00100208177A0010020818006008004021A000012086800004820A0010020818006008004021A000012086800004820A0010020818006008004021A000012086800004820A0010020818006008004021A000012086800004820A0010020818006008004021A000012086800004820A0010020818006008004021A000012086800004820A0010020818006008004021A000012086800004820A0010020818006008004021A000012086800004820A0010020818006008004021A000012086800004820A0010020818006008004021A000012086800004820A0010020818006008004021A000012086800004820A0010020818006008004021A000012086800004820A0010020818006008004021A000012086800004820A0010020818006008004021A000012086800004820A0010020818006008004021A0000120868000048F03B6FFFE42205ACA32C0000000049454E44AE426082');
INSERT INTO "SpeakLocales" VALUES('Portuguese',0,'pt-pt');
INSERT INTO "SpeakLanguages" VALUES('Portuguese','English',0,'Portugal');
INSERT INTO "SpeakLocales" VALUES('Portuguese',1,'pt-br');
INSERT INTO "SpeakLanguages" VALUES('Portuguese','English',1,'Brazil');



/* ru   Russian,              */
INSERT INTO "Locales" VALUES('Russian','ru');
INSERT INTO "Languages" VALUES('Russian','English','Russian');
/*Russia*/INSERT INTO "Flags" VALUES('Russian', 0, X'89504E470D0A1A0A0000000D4948445200000140000000D50806000000264C29EE00000006624B474400FF00FF00FFA0BDA793000002DB49444154789CEDD6B111C0400CC3307FF6DFD919C305810954F1F476770720E8BB1E00704500812C0104B20410C81240204B00812C0104B20410C81240204B00812C0104B20410C81240204B00812C0104B20410C81240204B00812C0104B20410C81240204B00812C0104B20410C81240204B00812C0104B20410C81240204B00812C0104B20410C81240204B00812C0104B20410C81240204B00812C0104B20410C81240204B00812C0104B20410C81240204B00812C0104B20410C81240204B00812C0104B20410C81240204B00812C0104B20410C81240204B00812C0104B20410C81240204B00812C0104B20410C81240204B00812C0104B20410C81240204B0081AC37B37B3D02E0820708640920902580409600025902086409209025804096000259020864092090258040960002590208640920902580409600025902086409209025804096000259020864092090258040960002590208640920902580409600025902086409209025804096000259020864092090258040960002590208640920902580409600025902086409209025804096000259020864092090258040960002590208640920902580409600025902086409209025804096000259020864092090258040960002590208640920902580409600025902086409209025804096000259020864092090F57666AF47005CF000812C0104B20410C81240204B00812C0104B20410C81240204B00812C0104B20410C81240204B00812C0104B20410C81240204B00812C0104B20410C81240204B00812C0104B20410C81240204B00812C0104B20410C81240204B00812C0104B20410C81240204B00812C0104B20410C81240204B00812C0104B20410C81240204B00812C0104B20410C81240204B00812C0104B20410C81240204B00812C0104B20410C81240204B00812C0104B20410C81240204B00812C0104B20410C81240204B00812C0104B20410C81240204B00812C0104B20410C81240204B00812C0104B27E649709A01732272A0000000049454E44AE426082');
INSERT INTO "SpeakLocales" VALUES('Russian',0,'ru');
INSERT INTO "SpeakLanguages" VALUES('Russian','English',0,'Russian');
/*Solo pongo ru, tambin hay ru-ru, pero debera ser lo mismo.*/



/* es   Spanish,              */
INSERT INTO "Locales" VALUES('Spanish','es');
INSERT INTO "Languages" VALUES('Spanish','English','Spanish');
/*Spain */INSERT INTO "Flags" VALUES('Spanish', 0, X'89504E470D0A1A0A0000000D494844520000007D000000530806000000B226086300000006624B474400FF00FF00FFA0BDA7930000000774494D4507DB040311133AE91F1E0500000A4E49444154789CED9C796C1CD51D80BF397766F6F6AE37711C63721F7542AEE620694A201C690AAD1A090555AAAA820415542A6A2A51A95211E2AFD256A8ADD45385AA220524904A2094A6D040D224E4760E726362273ED6B7BDC7CCCED53F0C495C680B54ACE3CC7CFFACB46F67DFFBE9DBDF9BDF7B6F77855DD1EB7C42028538D60308A93EA1F400124A0F20A1F400124A0F20A1F400124A0F20A1F400124A0F20A1F400124A0F20A1F400124A0F20A1F400124A0F20A1F400124A0F20A1F400124A0F207272A139D66308A93282BF93F08B9101239CDE0348283D8084D203C8B8903E581EEB115C5B8C0BE927BAA15819EB515C3B5CF5D28B1591ED5D4BD9D33163AC8772CD208FF500AEC4F7C1F3044A6E8A733D512A0E4882C9707F043FA5B0B7258720FAD4D74498605C044092C215E727E5AA905E74D29CEBD629573C2A9E4EBEAFC42D732E9032A07B10964F3983EA76B27406546CD87E42E5883C9574B4822840634D895CAC77ACC318378CF9F46E3A71B6356BD4EAED2C6BECE4BA94493ADA8BD52573FC1583437F8EA22597D27F56E5D07351F22715664CAC204B16CB1ADB9837B18D1DC72DF2C5FAB10E65DC30E6993E644511850E060FE8BCF396C6708F4FFBE2C9F46E2D23B92256CCC55C7002E16004F7508C16E0C26A87BAC1087F2DD550BBD062D2E22217FB62E4A2631DCDF860CCA52BB247DF8514C79ED6117D7081C8BC2E8666A844CFE808B32CBC1DED44B23E15C3C589B9C46A0B14F7826446387F26C2A0E9B0F2AED0F8C765CCA5A72379A63618B4DE65E1B7285486659CBC8C9C7129FB09A46113C713508B12C54969F44C3B43FB55D26B0A14F7C671E616494C73C8196D631DCAB8614C0E5C4A6530F4D1CF3DBF59C56A8B60AB191CAB8748CC43507C8AB28728FA7880E1497865013C01BF4BC68E2630A67671FB1A9BDC84B08AFFB854557A5FB7C8E97D2A6F77BBAC9E030B97DAA3DA4FB70BBCB15D61E26C9DE3A68A265ACCCE0874BF6D5233DDA56844D9D59FE2B69A61FACE0F93ABF158BBCC45912EBF47A10C9DBDB0EF1CDC321F72E96A45377EA8AAF4D75FD4D9D1E7E0CB3E4287CAC30F9649264677FFF25E8163A745FA4FC9C803127245A4415691541F5FF528690EDEF5368946878DCB7D3463F4F5CF3EA371222FE0C80EB5A2CA771E282249845C4155A5F794E1F54332711992198F450D1EBA0AFB5ED6B03B2E9717A50A144CB00A228E0DA5589CC60D77214A3E62C4271EF58928205FB1E06C1037138F1478B7170E9C94886902C9B4CB92061F55A95684E383AA1672AD7940761806CAFD50A9035D85CE66157BFF48F55D913C061614489E8C12294A288037432233EF5E9C4A055955B14D8BDD6F3E4DBC7E3A13B237909C90C1ECFB0BF14881B61EF0149721174A03E086CBF70F51D5CD9909098554F64E6235EB892516923446B75B4987CE2543B4476CF2B38A9472974F59CC6291B3CF6E63B0ED02CDCF6FE1CBDDAB514A650ADB4F8EEE23992095BD93687A3DE9F86CF44835221B5F5435D37545253BF747140A0594A1578043A3DA8BB536A5691609112A8243B7058D791500511489D5D7A1EFCAB350998AEF0A484C21BD3085200897DE231DCF52BC7EA40F63F06960F48722E42AD886BD92A2EE50F23C065C8F61D7A318F12EB5A9BA8E54A3E3C922C5DE41DEB1F34C5E341BD30ACF5C3F2955CD74DB81DEA3C728B69C421C38CA91B88656E3E33823ED89AE082F4D7C8415991FB2A7FF71BE36F8C4A8EBCDFE214A8B1B304AB5D4EECD3374B015656422A0A345A2AB4363A060319C7A9E8A92C29F58864C35231C1F544D7AF3169D8B676584F27791F332A2EAD35E17A1F4964169B2C907B7F7A6E41F70DD9147DF07D3F7290ED874EEDDC7949B97D17DF65D068E76A24474740B224BA70070E4374972B30BB8BD25107E87A6FB0C5D54D83E23CEE28D45E235DE7F1E5CC0901EFD168F7ED69DF83EFCF3C7692A32884BEEC55BB51E695E8AB9B30E109F6DD2D72623F62A1C5BDA4726D7CBCEBE27999F7D819E928B9D9FC4DFD2B7D0B9733FF196662A5A8A869A895C4CDBF86D03449AEA11040179E819A6CD1B20D294C55CF20425631AB6DB82DB5342D43C7253DCCF3ACC714355EEE98200D9B505ECB33293366C24357F216E5F890B67449A6EB5D0132359983EAFA31C3168B40EA21E37A8391C67EBCD37F2C6EC751C5E3D8B1DCD79A2491561D5548CEB6BE9C978978AB81BD6990809870B6FD9A4E7CC21FD85B5A87A16BB24306D85558D30C70D559BDE576F2C7372BE4409B04B25868F5EC0EDD2E12B16676D9958BD40C2D650F32A9FEF7915C58B72CE8DD230E922037D7B5896DAC689DA55E45FDA8CDBBA0F800870E1856600920B3CAC1695C2199FFE932751264F26BEB29EA577EF42D3AA15E5F8A06AD20501B4289C7AEA8F98DBFE8E6C1698FE8D919F5469733DD40325E2EB0A149F4D927AB08F819F65C8C55D7E7EF63E364CFB2DCF756DE2A6816D686233DAB9C3080278968098F429BD6ED053E7336BBECDE957A17FD323D88B16905CEE62CC0C0F62FE9DAA2DD9F66C8EB2FFFB51CC57B6E22F5A48F6B13B69BAE3C3BFA3AB5C516F25160D71DFF15FD3D3AA30FBDC6E6E32FF41320D92EAE3154584988F9475C01E99E2D3135D963FA6137DE8DBF85D79CC5F1C66CBA60C43BD57D5CA74CCA95AA60F764A24D7D9C4BEF914B6E7BDBF39F3DF492DB2683A7C90A94704E23ED42EB2882FAE601DD590EB1D44C343343C84ECE5224D1461C21DB7135DB592E2EE9F507E7117B61766FB95542D0566AC2D13C909440CE37FBFF80AE209109A5C329A80EC4A988734DE9D9EA23F6A5039AB62B72AB8031F7D8C969995C5986E91A90DA55F49D5327DEA7C9BC45493F39FF27A31EA23AA3E62D4235AB151650741F191321EA2F0D15245096E7FA0F8E9077D8D52D51D3949F0B0064FE1942D24BBEFD2F3BA2202A3374FAC0FA6E48A80224B08B28FEF825CE7903B53440084AC07AE0FB28F617C501FD897FAC01B420CCFD23F4455A59FEE28931FFE3A00C33E0C462119034D32B0288C7AADFBBE73DF11906A1A296CCF33E9AB5DF4FC348DB1CCA4D2292348A02F2B316CD4D034B30B8093AD6DF49B237D94002B0591F03C7D1455BBA7F79735CE9B7528F118B1A486104FB2B77D12005FBCB1877E27F591D715942CF139EB11EFFE127DBF4C937D6800A5DE41FF9C89B1BCCCC09FD24CBF474614E1E260820E3B472411259AD4F062490EB4D7552BC47143D5327D4FEB2CB69D5B038023C918A28BE398DC3AF357D4654D367C6F90AD6F667019A9C42B3E74B4D551FFF00FD04EBF46CD6D2BE9484EA0F5F7CF11D7FA700B1285442DF5F70BAC58730480D7DE5BC1EE9699B88288AA698815936864881B1B9FAA5698E382AA4917A9903206F17D81614B25A997B0CCCB0558C3A47EEEBF074EAD9A40F37B2B98F3F85A94DC62B6B49E675868C0682991BEAE96D54F6EC26DDD494C6866DDAC2368EAE55A2042999AF810155701D143D5FB89AB4EB5421C375CD5FF39633BD05D48E1A183EFA049436413E13EFAFFCB552D3DE4B321DC9F0C20A1F400124A0F20C2F155B9F09E1E30E4C143E1370C824638BD0790507A0009A50790507A0009A50790507A0009A50790507A0009A50790507A0009A50790507A0009A50790507A0009A50790507A0009A50790507A0009A507907F010090D2EC7E2F5EFE0000000049454E44AE426082');
/*Mexico*/INSERT INTO "Flags" VALUES('Spanish', 1, X'89504E470D0A1A0A0000000D494844520000007D0000004708060000002A6148EE00000006624B474400FF00FF00FFA0BDA7930000000774494D4507DB0404142D2B5976DFD800000A1949444154789CEDD9F97394F501C7F1F7933DB25776B39B3B61B30949B8138E2408E12A2206A55469AB8396B156AD566B1551AA4E3B537FE9E578F518EB358EE258AD68E978A01C012CA0284712203764736E36C7EE66EF7BB73F50A7FDCD7112BACD3ECFEB2FF87EE63DCFCEF7D947E0278D49FECFDD5ABF9E37EF7834D5C7F85A7D773F82EBDD0F527D8CAF9591EA0348FEF7A4E8222445172129BA0849D145488A2E4252741192A28B90145D84A4E8222445172129BA0849D145488A2E4252741192A28B90145D84A4E8222445172129BA08C9537D8054700CF7D0BAEFAFF81C03C8330D182D35545EB59EBC124BAA8FF63F21AAE891909FB0DFCFB1971FC0DA314499A510AF27C848EB315ADE7E06D38206D6DCBE8BE2B28A541FF58A4AEBE8C96412411008B81D4CDA2FD1D9F406B316ACA2E2AA1B89F1319DED17C90C4439698F12110456253FE7F0D37752B0B8918D773D9EEAE35F31691BFDECD97F204F06A9A9BD859E63BB09D8BB211863B8FD536419093A8366E6968EE1F408144FDA6871447146921C3B3DCAFCFE7750AA34ACDBFE60AA675C116979910B85BC8C8E75A335943174EE23E2B64E5A0F9DE25C6B373ED70481913E621D47B14E84404852A08268128A4C5A12A120B6710FEFBDF60227DE7B3DD553AE88B48CAE526521932971DACE609077915F1967F36D6696AE5888321122BF249B393573F1C4742413A0CC800C92740EBA99AF83602044C01BE0C02B4F3272A92BD573A65D5A460730972C461E8FE318EA274E10FD827B29AB5E81B1C842F7301C6D3A8DD71F47194F600B436DB9115728418F3741995E4E221E65321AE1D8EEE7523D65DAA56DF4F90BD6B374FD83242A6EE554BF8150548667B80D95328A510E8505F96832640CF5D9B914C840ADC9245711A722574542A32157ABA4D8A8E1FCF14FB0B6B5A47ACEB44AAB8B5C60643F21F7253465DB51A9F49C3DF33E43432DE4942E61C225D0DA39882C1A606822C4898B3694C43128E5D45718094762549A7308446268B354B826BD04124994C66CDE7BEE97EC787E2F728522D513A7455A3DE9324D29E1489073E7F7D1673DC3E0C0592C96E5ACDF7037DDA7F6631282E018A244EEA2344B863EA790884A4F3C10C49C2DA367C8492C1A24E8F1A0550B90481276BBE8E9B1A64D7048B3E89986F914D53C4C241AA4B7F74B0C32258B976C02A0B2FE3A22F128D9A57928F38CF8156A0C8A08B355212AAA17B168C3760A8C6A82A871FB62F4597DB826C338E399C42301E2F1788AD74D9FB4FA790770BBC710326494962EA1F7F81B741F7D0A532E980B6A38299FCD44570BCD9D8394E6EBA828CE262F278B7DAD362C8DD5DCBCE349267D5E4E1EFA88BC50089F3F40302930D0D14A4646FA3C1F337EC947FBFFC4B8A31F00AFED283A9D11ADDA807DB40B4BED8D4C5807084CDA71773CC386C6AD04C331CA8BB2985BA2A7B0248F7D2D76FAACFD34ED7D9BB96B1AD11496B3B0E11A122A1D2A951A83DE80AE60168220904C26B0F637E3F7BB523B7A8A6674F48F0F3E8FB5EF34B1681880446B0BB1C3075930FF5A82C149E4DA6CE6D697F045EB20679BE3247C2758BFA6162143C37832933FBCDB8C73D4CD4273013D6D2D3CFBF37BA8A89AC3DA2D37B16EDB8F89C8944493602CBAFC21E642FB113E3DFE26EFEF7B2A95B3A76CC6468FC763B4771C2333538D566B0440D6E2034712598612B5DAC4C06033A3034728D0FBA85B9145DCDD8A56E5A7765E01FD13992CAB9A4D418E8944D04B321AA3B7EB1C4FDC763543BDDDD4D52F67EB3D3B295DB61A419B0D80CFEF62727208877390783C9ACAF9533263A3CB6472B66D7D885C93195CC701D0FC7407A74F9D65E30B2FE054CF254B9B8B5BFF003955779057F72241D94A86AD2E32D485AC5DBB86A47F02D7C418BD610D32B5865830443098E0D9FBB7B0FFED57319757505E358F9AE5AB00A8AE58845CAE62F3A68790C966EE6D7E465FE48CCA10950526E49A2A0032F43A1E29D6D2EB74F2EC89D3FC65EB16F2952AE4AFFC1A6579034B6ED8C9921B7602904C2450E69AD9F7D6CBE8950A8A2D7319E96C259988A0541878E7A5A7B83868E7F6FB1E243BFBF2931EF7595957B70A436208589AAAD95336A3A36B0AD62277C185BE8B54C972301A8BD8B9BA815FED3F88DDEFE7B747FF497CD2C3637336E2F5F9E8EA38422401553926965756724D839ECAAC852482C354AE68E4C3A66AECD65E4CC5A5D4AF5C45A9BB8FC8E82754577F8F8BBDA7696EF9826FADBD1D836956AAA74FC98C8E0E601FEDA6ADE338AD179AB8EB877FE4A6AB56B0B96631873ADAF9C5FE837822519A3C1EEA5C63B4DB6DC4C2212CF979947DF8011B73CFB360569813BE6C46BF7815AD6A29B7EE78943DE72E1068EF47E6B6A35F771F7EFF24079A5EC4EB1943A5D6B1E5BA87533D7B4A667CF4D9B3EB191DEF6560B08BB07F1495AE10B53CC8F5B3E394FFE016767FF619CE7014738E89CF876D080A157D4E37D6CC4CAC6D39E4FA8BB1A9F2C80E25A95340CB97A778ED54334B05257B1FDB01402211C7EB9D402657B06CC9664048EDE8299AF1D12DE6C59014D06A0EE1E9DB8B6AD1BD08320D61CF79768F64717543238A50144196C1B2C2028E5AFB119249B45A1D368B85A6BE01E6C8A3642AE41C187732346847A35030ABAA942849849093D8F8112CE685CC9FB79692A2F9A99E3C65333E3A4071BE19A559C12557928FDFDCC577AEDF89B1F44E36C7C679C2EA2041923C859C5DA3C7B977E20C0965167F9FCCE77377361B0317F9FDB59B30D67F97D611071EDB61EA2B9792A9AFC0E3196364F422B1A09CAB172FC2545A97EAA9D362C6BEB2FD3785CA4851F5CF28B6ACC2E31BE3CF2FDD85CFEFC21308F340A9919B8B0C788036AF1B4B6E80EC848D959E16AEE93BCAE36576F65C6863E3E12E0E8E0698575C8C4A5F86D7E7E0F5B71EE5FD7D4F639B18217FCE36E42A53AAA74E8BB478D2BF929363A6A4680E5EAF834F0E3CCFE686D5A8736B098F1DE0CCF87CBCB14CBCBE3811858A822CD8B538845E2530195590AB5690178B93D4D5E2193AC8C9EE7E20863A538331BB38D5D3A6555A45D7694DD42EFD3615E575B89C971819EDA728AB86704609BFAB5291307F9F770F65111DEF471BF51089C9881B7259BB7A155B4D0E0606CF238437E00B073064195952BD89CA8AE5141756A57ADAB44AABE870F96237ABB082C97E1B6DB62847F63CC184639040C04B4DF506D634AC64CC5F4E41C2845A08A22829A1AFAF99BFEDD98D9021D03FD0C2F58DF73347388BB1627BAAE75C1169171D40A6D09153F923961539D166E533EEB0E2748DA056ABF07827689F8C903B3C414C0DF68493FEC17368345AD46A3D65961A749A5C74F9DB523DE38A49CBE85FB9FC73BF059FDF892008A8D506F6B79D619DDDCEA8BB078D328F2A878E1537FF06877308833E1FB95C99EA635F71691DFD2B3AED7F6EDDD72DAA2756E262E1962D5C1A1F2127AF08809C19FED7EA379116AF6CDF94DC78F9536CC5BF838B8D28A38B9D145D84A4E8222445172129BA0849D145488A2E4252741192A28B90145D84A4E8222445172129BA0849D145488A2E4252741192A28B90145D84A4E822244517A17F019158CD12163950880000000049454E44AE426082');
/*Argentina*/INSERT INTO "Flags" VALUES('Spanish', 2, X'89504E470D0A1A0A0000000D49484452000000C80000007D0806000000E75F2C5800000006624B474400FF00FF00FFA0BDA7930000000774494D4507DB08140E1522B36D47BF00000DF949444154789CEDDC79709BE59DC0F1EFAB57922DC9F225DB497CC68E0F723A380984044820E130B06D68488172B4E5CA519832D32DCBC26E6796D9294B67A7A50572962D470A0408D05D20A4D0408024E4BE6C121FF1111F717CC996641DAFA4F7DD3F9C099B9DCE3B9D5DDB629CDF67C633BAE779647FFDBE7A0F297FFF76B38110E2AFB2247A00427C9B492042989040843021810861420211C2840422840909440813128810262410214C482042989040843021810861420211C2840422840909440813128810262410214C482042989040843021810861420211C2840422840909440813128810262410214C482042989040843021810861420211C2840422840909440813128810262410214C482042989040843021810861420211C284042284090944081312881026ACB3F25D891E8310DF5A8A611846A20721C4B795AC620961420211C284049260EDFBDE22D0DD0640C7D14FA9DFBE0E00438F53F7D1DA440E4D208124C4F1779F3D7FB9E58B5750ACC900C44203189A1F80A64F9E2716683FFFB8DAFF7A616C0729000964CC847DDEF39723836D74D57C068027378733FB5E05400B0C60B50D6F333102B5383CC50004FBBBE8ADDB35B6031680043266F66F5A793E928A1B1FA161FB7300B8CB6E25D0B80543D7515583B81602408F4530B44100EA3FF82553AEB91B808E035BF9F4E9E518BA9E80595C7C249031923BF34A6A5F7B805824887BE2641422785B6BC9ABAA8678808E233B201644B59C5B82847B4075A005FDF4341E21BFAA9AA19E769AB63FCD82877F8F62915FDD58907779149DDEBF8D5D2FAC01A064E9C3D81C6E6A5E5A4E343C446EE5CD9CF96A2D8A4525C9E52632D04A3C16C6D083F4371F2336508BA76209AD3BD751387B21280A1DBBD731A1BC8A24770600273F7C9EA6CFDF4CE414C73D09641415CEAB267BCA54763FFF23C060C65D9BB0D92DD4BDFB180557FE90BEFADD04BD67891B4E0CCD8742142DE4A7E7D8DBE09A4A6A6E293D47B7925375377DA70EA0B5BF83BB7C050027DFFF157DCDC728B9FAFB099DE37827818C82DEC6BDF8BB9A0028BFF11132F2CBD8B7EE07188641FAAC35A803DB890CF6E2993297D61DCFA2E9E928F141A2437E144327D079087BCE1534EFFC038E8C0C2C1695BE1D0FA2642D6552E5757CFDCE2FF0B61C63E19A0D0004BDBD68417F22A73C6E4920A340B52573F8A50768F9F235E25A84A9CB9EC49553CCC18D2BC899BE98A03185D64FFF8DD48A6578EBDEC39651C660D34E6291205A709078F00CD6943C7A8FBE822B7F090DEFAE26A49632EDB6DF50B3E567F83B6A98BFE665F4788CE3AFAD66CFEF96D3FED55B899EF6B824818C828CA24ACA6EFC3981FACD1C7EEE72EADFFF25336E7B9AE4F4028E6C5C46F6BC47F0357C8811F511D7EDF49E6A22D25F8316E82138E0231EE8A4BFAD9E487F2B016F378AEE63EA1D2F72F4D55544FA4E3077D51B68C1005FBF762F46B083C54F7C4CC9B5F7257ADAE3921CAC3882A2E120ADBBDFA6E4EA3BB1586D00741EFE00DF8127D192AB987EFB3A8EBC723F315F134AEA1CF4AEF7503D0B397BF220683D589DA94483412C8A8635AD14677A16D6681DD9731FA5BFF14B54A39FD2E52FD2B5771DB1AE6DC4ED975071FBEF494A4907A0BB7E1F198533B0253B13F9368C2B12C80832749D868F37D0B4EB3F995052C8A479773371FA55F4351FA2ED839560CD26F7DA5F70EAC37FC512E9A0AF57C3A6F731B924485E9182A29C7B1D03DA9B0D1A4EAAB8B2F2B1BAB2B1AB0152A6ACC077E23F7065E5E2AEF8214557DE4DD8EFA575E7065A0F7E415A5E2997DDF7EBF3718AFF3F096494741CDAC699BD9B8806FBC99ABA948C8AEFD0BAE319B4333B71E65D4DCFA95A526CCD545EA698BECEF143567CC10C9233A6A2860F9333FFE7145FB39AD63D6F12687E9FDED6760A2E5F41F135AB50ED496334BB8B87043282DA0E6CA3606EF505B7F5361EA47BFF7AFAEA3EC39D3F83A1B007AD7B376AFC0CF316FC6D7BC3F7EE047B6A16E93357131B6C20D0B60757762E69D3EEA168C19D28160BF1A8466FC3015C5905A4E4148CC6F42E4A12C808DAB7F12182676B713943D86C068EF4492819F3C9B9F476AC36074D1F3F83B76E1B03DD835C531DC5661B5E7A78FB0D9292149CE74EEE0C0D4128049959C3D7A39AC1E73BD2484D8DE29EBC0077E90AAC4976C2FDCDD8ED2AF1A116BC8D9F634F2B21187630EFA18DF23964844820232CEC1B20ECF7121E3883AF7927B1EE4F18E8A8C3E6CCC1501C607511EA3ACE650B83E83AB4B718E83AA82AC434B0A8C33F7A1C1415F20A15541576ED5050D32B49B687880F7592949A495AB607540786B382CC9977915D3637D1D31F77AC891EC078939C9A4E726A3AE4159353310F2DB89AC1CE663A8FFE9960D70906DA6BC84A0900162C164051387640A77CA685B4344081905FA7F6A8C18C2A15F5DC867877BA41CC6EE099760B13AAEE202DAF3C81B3BC78C8126484B41FDA4EDDF617D1827E6C7683E8D02036BB818500C4E318F1000A71A2118DFC428D92F2E1D52B4D33F0F682D5A660510D30C03014A29A4146A6827DF854119AEA0DDA4FDBB125D9315051D41450557452886A0A36571A514DC1EE745371C3FDE457DD90C07763FC9040C6C8C0E9139C3DF2067D2776608D1E63E6A517DE1F0E41240C8A02361B38FED797CD1C3DA8D3E72B27AD70068EAC72F22EAD263DAF04BBD3259B754791AC628D829E867DF41FFB239650037A2CC4606F0F51FF0016672EE188136350012EFCBF14D50C06FA0D144521351D1CAE0B37FF46C229E4146783760ABDEB384D5BD6935E5886356729294557E2CC2C20D99D31BC7A27468C043242A2E120FB363E88333944D4D74CFA9445E86957635892995051484C8BE2ABDF42B465373ECD4D541BC466FF26022DAA108F0D2F41302E8C23AA1978FB3450EBC9A8A8A6E4BA7F201E0BD37DE44DE27DBBE86EDE8A168150D8816BE274E63EB0618C673F7EC92AD6080A74B731D4DB4656D95C549B1D43D739BDE775066A5F65A8A79394822BB0A64D61E0E85A22012FF3175DF8FC964683584CA1F4920B6FDFFFA54ADC3A01FB8485B892FBF0B7D7E0A9584CCEBC556495CEB9E0B17F6D5F8CF8BF934046415C8BD0FCE97ADAF6BE4556513E29C5B750387F052D9F6DA07BEFAF8839E610E9AB25D5E9656655EC9BE7C5870F33B1FE8FE5FAA1AF0C42F162B24BA733D4B693A4498B99BCF471FA4FFE89DE139F60736632E9F20787CF4C14234E0219417A2CCABE3FFC8CC1F6068AE65C45D1A29524BB3368F9E2557C5FBF44D0DB45FACC87F0D7BF8E164F211E3CCB50EF194A2B62E4175F782C56DB2983B676279AE1C1936D474FCE674AF53FD1B9E35F50623DE4DFBC014F71155DB55F7066FF66CE369DA664E17729BBEE21391D7704492023281A0EE26DA921E792CB0088F8BDD4BD791FAAD688756235132F5F45E3D6FB892B99644E59C8D9FDBFC3705430D4DF436CB091B861C7EE74100BFA511C39649756A1F7EFC232711986EF20D6D41266DFFB22B55B56630F1DC45DF5147973BF0B0CC7D9F4C51B145DB15CF6A28F20096494C4A31AB52FDF86624FA562F95A547B3247362D4375E632EDFBBFE6D80B5761CDBB09DF893FE22ABB8348F3662C6995D81C1944CFFE9970D212D4E849262F7D9CF6BF3C41DEF5CF7176CF6F49F25430EB07CFD1B0ED19FCF55BB0BB27E099F35326CD9655ACD120CBE25170EA2F9BD8F9F4F528AE0266DCFD3236878B03EBEF20C93395CA7BD673F2F5FB21290B67BA87A4CC22320B4AB1B9F270A4A6624FC9C19E3983ACC9C5A8160DC5964A6A49357D079F67F643EF111E68A3E6ED7FA4ECA6C7A95CF3152915F7D2B8FDDFF1B61E4BF4B4C72559828C022D1820A64570A67BC030D8F3C23DA4E59630ED7B4F51BBE5116CBE5D4CA87E9DA60F7E4A6AD972F4A136FC1D8771A44F026B1676878DC1F61A1C59E518915E0A97FC336DEF5C8B7BDEB34CAABC9E031BEF21356F1653973D0980BFAB096DA807CF94CB133CF3F1479620A3C0EE4C198E03D8B5762519936731ED7B4FD179E423E8DB8167C926F4788C90D74BF1A21FA375EFC3953B0743B16073B931D474ECAA97A26B1FA5EFD40192D2B2303C3732707C1D8AC5C265AB5FC3DBDE40FD47E7BE7C6E6289C4314A249051D4B4730B9EE2595C72CB6300F8EBB762CD5F8EA7640EDD8736935DB99CC1B63AF4C009B2672DC7EE70636043B1A7A22A1ACE8C0978CA17D0F6E5CB947DE719629A4ECDE6070085050FBF44CFA9139CDEBF2DB1931CE724905154B2E8762EB9E96100C2BE7ECED61D267FE12A300C4E1FD945D1A2D5F4D7EFC0EE9949E6E499281627AA3599A4F4422281010C5D67D2FC35741EFD005BB28B193FDA4A34E4A3E993E70158F893B514CE930FE7A34902190386AEF3D5FA9594563F89CB934BFBA16D6497CEC6EE74831E01DBF09951715D01AB93BCD94B4075D171E843328AA6639084BFAB056B929369776EE2CCD7BB133CA38B87043206148B85C58FBD45EEDC5B0138F5E966CA6F7E62F8BEA4341475F8685CD5EE201E57502C16DC6577E06FFC130065373C42DDB9CF1B8E340F73EF5F9F80595C9C249004C8AA588833732200A1BE66D4B44A00625105FBB9AFF09938EF2E7ADB3A872FCF584C52DA37E79927BBE588DDB12247F326C0F4BFFBC9F9CB367701254B569EBB9282D531FCC7AF4743142FFAF1F9C7CDBCF5D1311DA31826FB41843021AB58429890408430617D756F4FA2C720C4B796F558FB50A2C720C4B796AC620961420211C2840422840909440813128810262410214C482042989040843021810861420211C2840422840909440813128810262410214C482042989040843021810861420211C2840422840909440813128810262410214C482042989040843021810861420211C2840422840909440813128810262410214C482042989040843021810861420211C2840422840909440813128810262410214C4820429890408430F1DFD6B81C4057837B820000000049454E44AE426082');
INSERT INTO "SpeakLocales" VALUES('Spanish',0,'es-es');
INSERT INTO "SpeakLanguages" VALUES('Spanish','English',0,'Spain');
INSERT INTO "SpeakLocales" VALUES('Spanish',1,'es-mx');
INSERT INTO "SpeakLanguages" VALUES('Spanish','English',1,'Mexico');


/* sv   Swedish,              */
INSERT INTO "Locales" VALUES('Swedish','sv');
INSERT INTO "Languages" VALUES('Swedish','English','Swedish');
/*Sweden */INSERT INTO "Flags" VALUES('Swedish', 0, X'89504E470D0A1A0A0000000D4948445200000140000000C80806000000990438AB00000006624B474400FF00FF00FFA0BDA793000002D849444154789CEDD6C10D8200144441A044FBB0002AB000CAB227F0E88D93C937793315ECE965D7E5715C0B7FE3DC9FD3136E6DAF637A02FCCC363D00608A00025902086409209025804096000259020864092090258040960002590208640920902580409600025902086409209025804096000259020864092090258040960002590208640920902580409600025902086409209025804096000259020864092090258040960002590208640920902580409600025902086409209025804096000259020864092090258040960002590208640920902580409600025902086409209025804096000259020864092090258040960002590208640920902580409600025902086409209025804096000259020864092090258040960002590208640920902580409600025902086409209025804096000259020864ADE77BB9A647004CF000812C0104B20410C81240204B00812C0104B20410C81240204B00812C0104B20410C81240204B00812C0104B20410C81240204B00812C0104B20410C81240204B00812C0104B20410C81240204B00812C0104B20410C81240204B00812C0104B20410C81240204B00812C0104B20410C81240204B00812C0104B20410C85A97C7714D8FE0EBDC9FD3136E6DAF637A02FC8C07086409209025804096000259020864092090258040960002590208640920902580409600025902086409209025804096000259020864092090258040960002590208640920902580409600025902086409209025804096000259020864092090258040960002590208640920902580409600025902086409209025804096000259020864092090258040960002590208640920902580409600025902086409209025804096000259020864092090258040960002590208640920902580409600025902086409209025804096000259020864092090258040960002590208640920902580409600025902086409209025804096000259020864092090258040D60761BF0E1E2822D3530000000049454E44AE426082');
INSERT INTO "SpeakLocales" VALUES('Swedish',0,'sv');
INSERT INTO "SpeakLanguages" VALUES('Swedish','English',0,'Swedish');
/*Solo pongo sv, tambin hay sv-se, pero debera ser lo mismo.*/


/* th   Thai,                 */
INSERT INTO "Locales" VALUES('Thai','th');
INSERT INTO "Languages" VALUES('Thai','English','Thai');
/*Thailand */INSERT INTO "Flags" VALUES('Thai', 0, X'89504E470D0A1A0A0000000D4948445200000140000000D50806000000264C29EE00000006624B474400FF00FF00FFA0BDA7930000030149444154789CEDD7317103500C05C1FC8C99B84CE1716B16E953185A0A43309D605160A8B85D04AFBA91CEFBFE980F80A0CFED01005B0410C81240204B00812C0104B20410C81240204B00812C0104B20410C81240204B00812C0104B20410C81240204B00812C0104B20410C81240204B00812C0104B20410C81240204B00812C0104B20410C81240204B00812C0104B20410C81240204B00812C0104B20410C8BA5C9F3FDB1B00569C9999ED11001BBCC040960002590208640920902580409600025902086409209025804096000259020864092090258040960002590208640920902580409600025902086409209025804096000259020864092090258040960002590208640920902580409600025902086409209025804096000259E7EBF63DDB230036B800812C0104B20410C81240204B00812C0104B20410C81240204B00812C0104B20410C81240204B00812C0104B20410C81240204B00812C0104B20410C81240204B00812C0104B20410C81240204B00812C0104B20410C81240204B00812C0104B20410C81240204B00812C0104B20410C81240204B00812C0104B20410C81240204B00812C0104B20410C81240204B00812C0104B20410C81240204B00812C0104B20410C81240204B00812C0104B20410C81240204B00812C0104B20410C81240204B00812C0104B20410C81240204B00812C0104B20410C81240204B00812C0104B2CECCCCF608800D2E40204B00812C0104B20410C81240204B00812C0104B20410C81240204B00812C0104B20410C81240204B00812C0104B20410C81240204B00812C0104B20410C81240204B00812C0104B20410C81240204B00812C0104B20410C81240204B00812C0104B20410C81240204B0081ACCBDFEF6B7B03C08AF3BE3F667B04C0062F30902580409600025902086409209025804096000259020864092090258040960002590208640920902580409600025902086409209025804096000259020864092090258040960002590208640920902580409600025902086409209025804096000259020864092090258040D63FF8851288F94E1A040000000049454E44AE426082');



/*    */
/*    */